:020000040C00EE
:10E000004200DEC04200DEC0000000000000000050
:10E010000000000000000000000000000000000000
:020000040C01ED
:1000000048690430810D010CA947010C95B0010C21
:1000100095B0010C95B0010C95B0010C95B0010C98
:10002000000000000000000000000000750C010C42
:10003000770C010C00000000790C010C7B0C010C0A
:100040007D0C010C7F0C010C810C010C830C010C4C
:10005000850C010C95B0010C870C010C890C010C6E
:100060008B0C010C8D0C010C8F0C010C910C010CF4
:10007000930C010C950C010C970C010C990C010CC4
:100080009B0C010C9D0C010C9F0C010CA10C010C94
:10009000A30C010CA50C010CA70C010CA90C010C64
:1000A000AB0C010CAD0C010CAF0C010CB10C010C34
:1000B000B30C010CB50C010CB70C010CB90C010C04
:1000C000BB0C010CBD0C010CBF0C010CC10C010CD4
:1000D000C30C010CC50C010CC70C010CC90C010CA4
:1000E000CB0C010CCD0C010CCF0C010CD10C010C74
:1000F000D30C010CD50C010CD70C010CD90C010C44
:10010000DB0C010CDD0C010CDF0C010CE10C010C13
:10011000E30C010CE50C010CE70C010CE90C010CE3
:10012000EB0C010CED0C010CEF0C010CF10C010CB3
:10013000F30C010CF50C010CF70C010CF90C010C83
:10014000FB0C010CFD0C010CFF0C010C010D010C52
:10015000030D010C050D010C070D010C090D010C1F
:100160000B0D010C0D0D010C0F0D010C110D010CEF
:10017000130D010C150D010C170D010C190D010CBF
:100180001B0D010C1D0D010C1F0D010C210D010C8F
:10019000230D010C250D010C270D010C290D010C5F
:1001A0002B0D010C2D0D010C2F0D010C310D010C2F
:1001B000330D010C350D010C370D010C390D010CFF
:1001C0003B0D010C3D0D010C3F0D010C410D010CCF
:1001D000430D010C450D010C470D010C490D010C9F
:1001E0004B0D010C4D0D010C4F0D010C510D010C6F
:1001F000530D010C550D010C570D010C590D010C3F
:100200005B0D010C5D0D010C5F0D010C610D010C0E
:10021000630D010C650D010C670D010C690D010CDE
:100220006B0D010C6D0D010C6F0D010C710D010CAE
:10023000730D010C750D010C770D010C790D010C7E
:100240007B0D010C7D0D010C7F0D010C40B152188E
:1002500005D2C068904234BF0020012070470020C2
:10026000704700000B4B30B51A6800230A4C9342CC
:1002700003DB06D14FF0FF3008E01D01655D8542CC
:1002800005D10020044A02EB03130B6030BD01339B
:10029000EDE700BF40A1010C44A1010C7047000034
:1002A0002DE9F74317461A4680460C461E46FFF7CF
:1002B000CDFF002870D00093D8F804305B689847D1
:1002C000374BC0F3410013F82090C9F1000303EA53
:1002D000040534EA030326D0D8E9013001225B6922
:1002E00001A928449847002812DB0022A3195B1BB0
:1002F0004B4524BF2E1B4E44631BD5B2AE4202F1C8
:10030000010208D8009B9B1B0093009B6BB9002047
:1003100003B0BDE8F08305F108016944194411F800
:10032000041C7955E9E70025EFE7009B4B45B3FB3B
:10033000F9F61DD209FB06F6D8F808303019184432
:10034000D8F8043001225B6901A9284498470028A5
:10035000DEDB002237440099D3B2994202F1010258
:10036000D5D9F91808336B4413F8043C4B55F2E720
:10037000D8F80800D8F80430204432465B6979196F
:10038000284498470028C3DB009B09FB16330093E1
:10039000009B002BCED1BAE74FF0FF30B8E700BF8B
:1003A00034A1010C2DE9F04F8DB002921A4605469A
:1003B0000F461E4621F00F0A01F00F08FFF746FF17
:1003C00028B94FF0FF3318460DB0BDE8F08F6B68C9
:1003D0000DF1200B5B689847584BC0F3410053F870
:1003E00020305A460093514643462846FFF758FFAF
:1003F0000028E6D106F10F03434423F00F03AAEBD4
:100400000709A9EB06091A46514628460193994463
:10041000FFF71CFF0028D4D04B46284604AAB91980
:10042000FFF73EFF03460028CBD1B8F1000F63D1A0
:100430004446B442C7D2A6EB040A3AF00F0A10D0E1
:10044000A86869689DF800203844D1F818B0BAFB54
:10045000F2F2029920440393D8470028B1DB039BB2
:100460005444B9F1000FAED008A82246002301463B
:1004700096420AD9DDF808C001331CF802C0102BDF
:1004800000F801CB02F10102F2D1964299D100228B
:1004900004A8102B01D04A4549D108F11008102BAF
:1004A000A0448ED14A458CD1019A424589D1A86891
:1004B0009DF800206D683844B3FBF2F2AD6920442A
:1004C000A847C3177FE7029A125D01340BF8012099
:1004D00001310F2913D8B442F5D1002204A80DF13F
:1004E000200C0F2920D84A450BD010F801EB01321F
:1004F00001F80CE00131F4E741460446E9E7B44273
:10050000EBD0102903937FF45CAFD5E901309DF85F
:100510000020D3F818B0B1FBF2F2504408A9D84734
:100520000028039B85DA4CE74A45EAD049E710F8F2
:10053000016B0132CE540133ABE700BF34A1010C93
:100540002DE9F04105460E469046FFF77FFEA8B123
:100550006B689B6A98470468074664B10020BDE851
:10056000F081D5E90130DB69304498470028F6D1A5
:10057000BB681C441E444445F3D3EFE74FF0FF3003
:10058000EDE708B543689B6A9847006908BD0021FC
:1005900008B5084600F018F9FEE70346002030B51C
:1005A000013A00D230BD1D780C78A54202D008B9BE
:1005B000281BF5E701330131F2E7F0B505460C04DD
:1005C00044EA01640C4344EA012462B91346561913
:1005D000032A0ED823F003022A4403F00303134432
:1005E0009A420AD1F0BDAB07F0D005F8011B013AE1
:1005F000EBE7B71A3C60043AEAE702F8011BEFE7C1
:10060000034670B56AB900241519032D13D822F0DA
:10061000030421441C44002302F003029A4210D137
:1006200070BD41EA0304A407EDD011F8014B013A73
:1006300003F8014BE6E70D1B2E681D1B2E60043CE2
:10064000E2E7CD5CE5540133E8E7000010B505F0C2
:100650007BFE28B1034B1C6800F068FD204610BDEE
:10066000014BF8E7100004301400043037B50C4695
:1006700031B900F05BFD0E4B1D68284603B030BD5C
:10068000031DF6D8C31C052B184628BF0520042BD4
:10069000EFD8042101AA05F059FE30B1044B1D68C2
:1006A000019B236000F042FDE7E7024BF7E700BF44
:1006B0001000043014000430031D08D8C31C052B9F
:1006C000184628BF0520042B01D805F047BE4AF282
:1006D000C53070477FB50E46054618B94FF0FF305C
:1006E00004B070BD0029F9D0012001A9FFF7BAFDBF
:1006F000044610B9019B9E4209D0022001A9FFF7D0
:10070000B1FD0028EAD1019B9E42E7D1012468692E
:10071000A96902AB03C3082202ABA101022000F0C9
:100720003BFCDDE707B508216A46022006F0AEF87B
:10073000082200216846FFF740FF03B05DF804FB84
:1007400013B5044668B10421072001AA06F09EF8FB
:1007500028B9019B012B8CBF00230123237002B019
:1007600010BD4AF2C530FAE708B520210C20084A2E
:1007700006F030F918B14CF25A32904206D1BDE879
:10078000084020210D20034A06F024B908BD00BF0F
:1007900088A1010CA8A1010C07B50421072001AA1A
:1007A00006F074F848B9019B3BB906F08AF920B904
:1007B000FFF7DAFF08B906F086F903B05DF804FB2D
:1007C000002070477047FEE72DE9F3414FF40051D8
:1007D0004D4802F08BF905F0DFFC03F0DBFB04462B
:1007E00028B14A4806F07EF9204605F0AFFC06F035
:1007F00017F8044608B14648F4E70DF10300FFF787
:100800009FFF044608B14348ECE79DF803302BB145
:10081000FFF7C2FF044608B13F48E3E7FFF782FF56
:1008200000F07CFC0546FFF711FF0446284600F067
:1008300099FC3A4E3368A34201D03948D2E705F01B
:1008400083FC044608B13748CCE701F0EFFE0446CC
:1008500020B10146344806F045F9C5E70124204699
:1008600005F07BFC002838D0204605F072FC0546D8
:10087000F0B9DFF8B8800C2200212D48FFF79DFE6B
:1008800000F04CFC21460746294800F0E5FF0546EC
:10089000384600F067FC3368AB420FD1204605F0C4
:1008A0005AFC0546C8B12146224803E00024D6E799
:1008B0002146214806F016F9284696E71F4806F01B
:1008C00011F9204605F04BFC336818B1D8F8000048
:1008D00083428AD1AB42CED1E0E7002CE6D1144D61
:1008E00001A9287903F034FB2B681A691C89920648
:1008F0005BBFAB68019A5B689B181C4405F068FC01
:1009000020460AF079FB00BFC4000430C8A1010CE6
:10091000DFA1010C02A2010C27A2010C140004307B
:100920003DA2010C6DA2010C89A2010C1000043043
:10093000B8000430F9A2010CB5A2010CD9A2010C37
:100940000020704708B501F06DFF002008BD0129A7
:1009500009D002290CD069B978B1012808BF02205A
:1009600018BFFF20704750B1012808BF0420F7E7E7
:10097000052070474FF0FF3070470120704703207B
:10098000704708B543689B6A9847007D08BD436877
:1009900070B59B6A16460D46044698478368B5FBBA
:1009A000F3F563689B6A984783686B4333606368B9
:1009B0009B6A984783680020736070BD2DE9F341FE
:1009C000D1F8008006460D46C0B201A91746FFF7D0
:1009D00049FC044688BB2B68CBB103464FF400505A
:1009E000019AD1682B6009B1984506D8984510D274
:1009F0003146134806F076F809E0B1F5005F0FD2F2
:100A00004FF400533146D2680E4806F06BF84FF0B1
:100A1000FF340198FFF742FC204602B0BDE8F081A8
:100A20004FEA433C47F833C02B68A1F5005107EB70
:100A3000C30358602B680133D4E74FF0FF34EBE772
:100A400054A3010C1EA3010C05F0B5BC054B0020FE
:100A50001A684FF0E023013A5A61052298611A6141
:100A6000704700BF240004304FF0E02130B50E483D
:100A70000E4C8A690568236893422B444FF47A75BB
:100A80003CBF49695B180A499B1A09680360B1FBBE
:100A9000F5F19942074B04D2002519680560013130
:100AA00019601868226030BDCC200430D02004309A
:100AB00024000430C820043038B570B30368190727
:100AC00001D4002038BD8369154C9BB1D4F8F030B7
:100AD00043F08063C4F8F030FFF7C6FF0546D4F852
:100AE000F0301A01EDD4FFF7BFFF401B0228F6D902
:100AF0000320E7E7D4F8F03023F08063C4F8F03047
:100B0000FFF7B2FF0546D4F8F0301B01D9D5FFF747
:100B1000ABFF401B0228F6D9EAE70120D2E700BF6D
:100B2000000C0254F8B50368054698014FD5314CC6
:100B3000636A43F001036362FFF796FF0646636A48
:100B4000D90746D52C4CD4F8F03013F4407320D09C
:100B5000D5F8F82093421CD0D4F8F020D4F8F03027
:100B600022F4407143F48033C4F8F030D4F8F0300C
:100B7000D20723F48033C4F8F030C4F8F01008D55D
:100B8000FFF772FF41F288370646D4F8F0309B0732
:100B900026D5D5F8F830184903F44072B2F5407FF5
:100BA00024D1C869154A20F47C5002EA131202438A
:100BB000CA61114AC3F30B03D2F8F01021F440715B
:100BC000C2F8F010D2F8F0100B43C2F8F030002059
:100BD00005E0FFF749FF801B0228B0D90320F8BDCC
:100BE000FFF742FF801BB842CFD9F7E7CA6922F46A
:100BF0007C52DDE700080254000C0254CFFFFF00D6
:100C000013B5194C04F04CFAD4F8F030174843F0FF
:100C10001803C4F8F030FFF74FFF08B10AF03AFAB2
:100C20001348FFF77FFF08B10AF034FA0421D4F823
:100C3000F030084643F40043C4F8F030D4F8A8304C
:100C4000002243F40013C4F8A830D4F8A83003F409
:100C500000130193019B04F03FFB042002B0BDE8A8
:100C6000104004F069BB00BF000C025498AA010CAC
:100C700090A9010CFEE7FEE7FEE7FEE7FEE7FEE7D0
:100C8000FEE7FEE7FEE7FEE7FEE7FEE7FEE7FEE73C
:100C9000FEE7FEE7FEE7FEE7FEE7FEE7FEE7FEE72C
:100CA000FEE7FEE7FEE7FEE7FEE7FEE7FEE7FEE71C
:100CB000FEE7FEE7FEE7FEE7FEE7FEE7FEE7FEE70C
:100CC000FEE7FEE7FEE7FEE7FEE7FEE7FEE7FEE7FC
:100CD000FEE7FEE7FEE7FEE7FEE7FEE7FEE7FEE7EC
:100CE000FEE7FEE7FEE7FEE7FEE7FEE7FEE7FEE7DC
:100CF000FEE7FEE7FEE7FEE7FEE7FEE7FEE7FEE7CC
:100D0000FEE7FEE7FEE7FEE7FEE7FEE7FEE7FEE7BB
:100D1000FEE7FEE7FEE7FEE7FEE7FEE7FEE7FEE7AB
:100D2000FEE7FEE7FEE7FEE7FEE7FEE7FEE7FEE79B
:100D3000FEE7FEE7FEE7FEE7FEE7FEE7FEE7FEE78B
:100D4000FEE7FEE7FEE7FEE7FEE7FEE7FEE7FEE77B
:100D5000FEE7FEE7FEE7FEE7FEE7FEE7FEE7FEE76B
:100D6000FEE7FEE7FEE7FEE7FEE7FEE7FEE7FEE75B
:100D7000FEE7FEE7FEE7FEE7FEE7FEE7FEE7FEE74B
:100D800007B52C4B83F30A8803F04EF804F088F97A
:100D9000294B2A49D3F8F02042F40042C3F8F0204E
:100DA000D3F8A82042F40012C3F8A820D3F8A82052
:100DB00002F400120192019A0A6B8AB1D3F8F02072
:100DC00042F48032C3F8F020D3F8F02022F48032CD
:100DD000C3F8F0200B6B002BFCD10122184B1A60DA
:100DE000154A1849136843F480531360164B8B421D
:100DF00012D30020154B16498B4218D3FFF7C7FBBF
:100E0000186850F82240586840F82240013298682B
:100E10008242F5D30C33EAE70022F8E71C6844F875
:100E2000220001325C68A242F8D30833E4E70022D2
:100E3000F8E700BF48490430000C0254007C00541D
:100E4000D420043024A1010C0CA1010C24A1010C1C
:100E500034A1010C002337B50446019368B1012881
:100E600014BFFF20042001A9FFF7FCF938B1214687
:100E70000B4805F037FE03B030BD0320F3E7019BBC
:100E8000D3E9020104F0DEFF05460198FFF706FAF8
:100E9000002DF0D02A462146024805F023FEEAE75D
:100EA0007AA3010CA9A3010C30B50D46044693B0FA
:100EB00018B94FF0FF3013B030BD202300210AAA2B
:100EC000FFF7EEF90028F4D1104B0A9A9A42F0D1BC
:100ED0001023009022460AA90DEB030000F078FDD4
:100EE0000028E6D10DF10A0302AA03A904A800F024
:100EF000BBFD0028DDD1BDF80830202BD9D12A4612
:100F000020460399FFF7CCF9D5E700BF3DB8F3962B
:100F10000120704708B500F009F9014B186808BDB9
:100F2000080004300120704708B5FFF793FF002048
:100F300008BD002330B593B014460546019398B11F
:100F4000012814BFFF20022001A9FFF78BF938B94F
:100F5000204602A9FFF7A8FF40B10198FFF79EF9CC
:100F60000124204613B030BD0120EDE701980AA905
:100F7000FFF79AFF0028F0D10198FFF78FF92022A0
:100F80000AA902A8FFF709FB04460028E8D1284671
:100F9000FFF760FFE5E700002DE9F74F91460022DB
:100FA00082460C46984601921BB9032003B0BDE867
:100FB000F08F05F08BFD2F4F054697F800B0BBF181
:100FC000000F10D105F082FD064605F083FD59465D
:100FD00002463046FFF7F1FA42F216032B80042353
:100FE0006B8001233B7005F071FD6F88074405F0AD
:100FF0006DFD061DBE4225D3C4F30B031FFA89F411
:101000006E88ADF806400434A4B2264443EA0A30A0
:10101000B6F5803FADF80400C7DA05F05BFDB6B267
:10102000864225D8042238460DEB0201FFF7E8FA84
:101030004A464146381DFFF7E3FA6B8800201C44FE
:101040006C80B3E7042231460DEB0200FFF7D8FABB
:10105000BDF80430BAEB133F03D1C3F30B039C423A
:1010600004D0BDF8063004331E44C3E702209DE7D8
:1010700001209BE7D82004300023F0B5B5B00093E1
:1010800005464FF6FF7305A8174600F0A1FC04467D
:1010900018B14FF0FF3035B0F0BD06460DF10E032C
:1010A00003AA04A905A800F0DFFC0028F1D1BDF8CF
:1010B0000E30602B0ED1BDF80C30842BE9D83846A9
:1010C000049913AAFFF7ECF80028E2D10124BDF837
:1010D0000C60E3E7102BE1D1BDF80C30202BD8D801
:1010E000384604990BAAFFF7DBF80028D1D1002C71
:1010F000CFD01F2ECDD9A6F1200013AC04900BA9A0
:1011000020222044FFF77CFAA9012346324641F011
:101110003F010120FFF740FFBDE70000024B1868C8
:10112000421C1A60704700BFDC200430024A13687A
:10113000013B1360704700BFDC200430FFF7FEBFA7
:10114000FFF7FCBFFFF7FABFFFF7F8BFFFF7F6BFE7
:10115000FFF7F4BFFFF7F2BFFFF7F0BFFFF7EEBFF7
:10116000FEE7000008B5034B1B68834201D0FFF780
:10117000E5FF08BDDC2004302DE9F8434FF05809A5
:101180002C2390F8BC40054609FB04F403FB014402
:1011900004440E461746D4F8208000F081FD18B9AB
:1011A000246914F0100406D02A4B1C68FFF7BEFF18
:1011B0002046BDE8F883CEB195F8BC0009FB00F0ED
:1011C00000F1140140302944284400F0F1FD0028CA
:1011D0000CDA2146284600F063FD38B91E4805F0B8
:1011E00081FC0121404600F056FDDDE731462846EE
:1011F00000F062FD80B9194B1C68194B1B68A342B3
:10120000D4D01849184B1948002E18BF194605F0BC
:1012100069FC002EC8D0E4E7FFF780FF3146814625
:1012200095F8BC00FFF776FE04464846FFF79AFFA4
:101230000F4B1B689C42E0D1FFF770FF324681469E
:101240003946284600F08CFD04464846FFF78AFFE1
:10125000D3E700BF0C000430E6A3010C10000430FB
:1012600014000430D4A3010CDCA3010C0FA4010C66
:101270000800043000487047E02404304379012B13
:1012800007D10368012B04D10079431E584258410D
:1012900070470020704700002DE9F8430E46904645
:1012A00099460024099FBC4201D300200EE03D1B5B
:1012B000B5F5806F28BF4FF4806530462B460A4A4B
:1012C00004EB0901FEF7ECFF10B10120BDE8F88343
:1012D00008992B464046044A6118FFF763F8002836
:1012E000F3D12C44DFE700BFE02004302DE9F04FBC
:1012F00095B004460E4600F0D9FD002800F00481A8
:10130000834805F0EFFBFFF719FF231893F8BD1092
:1013100000294BD1204600F03BFC002835D10022AB
:101320002046114600F0EEFC00285BD1204600F07C
:1013300001FB002808DD012194F8BC20754B03F85F
:10134000321003EBC2035860204600F0AFFA94F865
:10135000BC20002800F0D48000236F490AA8CDE902
:101360000B130A950D93FFF789FF002850D1002A2F
:101370003ED100222046114600F0C4FC012294F820
:10138000BC30234483F8B02006E094F8BC30012838
:10139000234483F8B050C2D194F8BC00231893F8CA
:1013A000B030023B022B98BF47F001070130C0B2BA
:1013B000012884F8BC00A8D9002F00F00381002385
:1013C0002C274FF0580884F8BC30E21892F8BD1072
:1013D000002900F0A9800133DBB2012B84F8BC3076
:1013E000F3D9EFE094F8BC30234483F8B050D3E74E
:1013F00094F8B030042B08BF84F8B050012AB8D05C
:1014000094F8B130042BB4D1012384F8B130B0E7A3
:10141000104600F047FE831E022B814617D8FFF7C7
:101420007DFE012182460AAA2046FFF7A5FE8046DE
:101430005046FFF797FE394B1B68984507D0384B4D
:101440001868804514BF4FF005094FF0010994F862
:10145000BC305FFA89F0E21882F8B000002B39D175
:1014600092F8B030012B97D1FFF758FE002181464A
:101470000AAA2046FFF780FE80464846FFF772FE24
:101480000021204600F00CFC18B9244B1B6898453D
:1014900082D0582294F8BC3002FB0343D3F82CA02E
:1014A000FFF73CFE012181460AAA2046FFF764FEB1
:1014B00080464846FFF756FE1A4B9A457FF46CAFBC
:1014C000164B1B6898457FF467AF94F8BC30042234
:1014D000234457E70128C7D004283FF45DAF94F8B0
:1014E000B010042904BF012184F8B010012BB7D03B
:1014F00094F8B130042BB3D1012384F8B130AFE7B5
:10150000224482F8B05047E70746012550E700BF64
:1015100034A4010CE0240430010100011400043063
:101520000C0004303DB8F39692F8B0200EA802F0FB
:10153000FB02012A14BF0121002108FB03F207FB73
:10154000012214BF2C2100215B4203F058031944EF
:1015500001232244156A214400932A46402300F0C7
:1015600037FA58BB00230DF1160206A90EA800F0A9
:101570007BFA002822DB40F06081BDF816300C2B8E
:101580001CD12846069907AAFEF78AFEB0B99DF835
:101590001C30012B12D8E21892F8B0205B42023ABC
:1015A000022A94BF2C20002003F05803143318445F
:1015B00008A9204400F0FCFB0028D3DA40F2011314
:1015C000A4F8B030002040F2011B012884F8BC00D0
:1015D00024D900239A4D9B4FDFF86C820793012B8F
:1015E00084F8BC3040F2AE80079A022A7FF48BAEBA
:1015F000002384F8BC3094F8BD30002B00F00F813C
:10160000012394F8BE1084F8BC30002900F0078153
:1016100084F8BC208B4BD3F80090B0E0221892F8ED
:10162000BD50002D40F08B8001230A9392F8B0301A
:10163000CDE90C55042BADF82CB08DF82E508DF85B
:101640002F3007D8012B07D840D04FF0FF3382F856
:10165000B0303BE0052BF7E74FF0580909FB00439A
:10166000414201EA09012C31DA6C2144FFF761FCA7
:1016700001282BD12F4694F8BC3009FB0343D3F843
:1016800020A0D3F84C809B6A0293029BBB4226D1D8
:10169000002352464146204601950093FFF7FCFD8A
:1016A000A0B9582794F8BC002A4607FB0043196AE2
:1016B000FFF73AFC014648B90122204600F08EFBB4
:1016C0000546F0B10146614805F00CFA94F8BC00FB
:1016D000231893F8B030FF2B31D15D4811E694F810
:1016E000BC30294609FB03435B6A504603EBC70342
:1016F0005A680023039200F087FA039A01371544D1
:10170000C3E794F8BC30014607FB03431A6D034658
:101710005268404600F0B7FA94F8BC3007FB034328
:10172000D3E91423013B52F83300116802EBC307DD
:10173000411A2B4640467A6800F0A5FAC6E7013008
:10174000C0B242E7234493F8BD208DF818209DF8DD
:10175000181001F0FF0239B1079B0133079394F889
:10176000BC300133DBB23AE793F8B030012B14D030
:101770001146204600F0C6FA78B1D5F80090102244
:1017800000210AA8FEF719FF204600F06FFBFFF7C3
:10179000CDFC484615B0BDE8F08FFFF7BFFC002236
:1017A000814611462046FFF7E7FC82464846FFF790
:1017B000D9FC3B68D5F800909A45E0D1CA45DED007
:1017C000D8F800309A45DAD094F8BC30BBB1012B80
:1017D00014BFFF2002200EA900F050FC0028CCD13D
:1017E0009DF83830012B0CD19DF83B30012B08D0EF
:1017F0000021204600F00AFB0028ADD0BDE7012003
:10180000E9E700222046114600F0E8FA02460028E7
:10181000EED094F8BC100F4805F064F9ADE75822FB
:1018200002FB0342126A5B42517803F058033171A4
:1018300092682344B2603360ECE694F8BC30CAE5A9
:1018400010000430140004300C00043062A4010CB9
:101850009BA4010CA4A4010C0129F8B506460C4672
:1018600005D9FFF763FC0E4B1C682046F8BD022229
:1018700001210C48FEF7A1FE00230B4F3C4484F8E5
:10188000BD30FFF74BFC314605463846FFF72EFDCD
:1018900004462846FFF766FCFFF748FCE5E700BF73
:1018A00010000430AD250430F02404305822F0B587
:1018B00090F8BC3002FB0303D3F828C0BCF5807F4E
:1018C00036D85E6DB6F5807F32D8002108460A46CC
:1018D0000D460C46624507D3B04205D3624527D179
:1018E000831B58425841F0BDAC420CD15F6A07EBF4
:1018F000C2077F6801323C441F6D07EBC0077F6859
:1019000001303D44E6E709D25F6A022907EBC207CE
:101910007F683C440CD001210132DBE71F6D0129B7
:1019200007EBC0077F683D4402D002210130D1E7B8
:101930000020D8E75822F0B590F8BC3002FB030332
:1019400000221146144615461046D3F828C05F6D94
:10195000644505D3B94203D3A84228BF2846F0BD49
:10196000A8420CD15E6A06EBC406766801343044A6
:101970001E6D06EBC106766801313544E8E709D2F1
:101980005E6A022A06EBC406766830440CD0012257
:101990000134DDE71E6D012A06EBC1067668354489
:1019A00002D002220131D3E70020D8E710B5582435
:1019B00090F8BC3063432C2404FB0133184400210D
:1019C0002023006AFEF76CFC003818BF012010BD10
:1019D0002DE9F7430E4617469946044628B94FF0BD
:1019E000FF38404603B0BDE8F0830029F7D0002A55
:1019F000F5D0CB680D8938461D44042329460DEBEC
:101A00000302FEF74DFC80460028E8D146F6081296
:101A1000BDF804107389914223D1BDF80610994294
:101A2000DDD1042338460DEB03022944FEF738FCD0
:101A30000028D4D146F60713BDF804209A42CED12F
:101A40009DF82830C4E90067A4F80890A372738950
:101A5000BDF806202B44E36004351344636125611F
:101A6000BFE7002BE6D0BAE72DE9F7430F469046D3
:101A70001E46044620B94FF0FF3003B0BDE8F083A6
:101A80000368002BF7D04368002BF4D04FF6FF79A2
:101A9000D4E90413994215D223685B8923B1E36822
:101AA0008B4204BF04312161042360680DEB030203
:101AB000FEF7F6FB0028DED1A37A256923B1E3689F
:101AC000AB4201D80120D8E72189BDF8062049455D
:101AD00002F1040303D0BDF804C08C450BD116B14C
:101AE000BDF80410318004353D60A8F8002022695B
:101AF0001A442261C1E72B442361C9E738B50023AA
:101B0000934201D1064B04E0C55CCC5CA54205D0F4
:101B1000044B1C68FFF70AFB204638BD0133EFE792
:101B20001400043010000430084600F007BA37B53E
:101B30004FF480730546019395F8BC300846BBB15D
:101B4000012B11D1022901D0042214E05822534361
:101B5000EA18526A28331D4401A9FEF72FFF08B97D
:101B6000019B2B6003B030BDFF29EFD00120F9E7C6
:101B70000129EBD003228242F8D1582202FB035202
:101B80005C4204F058045434126D2544E4E700002C
:101B900058221C4B70B5002918BF0B4690F8BC505A
:101BA000044602FB050203EBC52101F58053516297
:101BB0001365FDB1012D14BFFF2102212046FFF75F
:101BC000B6FFD8B9C5B1012D14BFFF2104212046AD
:101BD000FFF7ADFF054698B9582394F8BC6003FBA6
:101BE0000643186AFEF7CDFC04EB8604C4F8B40083
:101BF000284670BD0121E1E70321E8E70125F7E769
:101C00000925F5E7B02504302DE9F3411E46C368E8
:101C1000054699420C46174630D25B1A93422DD3A3
:101C2000EEB16A46FEF7B3FE002829DB013FDDF87E
:101C300000803C446A4621462846FEF7A8FE00285C
:101C40001EDBDDE9004728463A462146FEF778FCD0
:101C5000002815DB6EB1444512D9013CEAE7511E5C
:101C600021446A46FEF793FE002809DBDDF8008078
:101C7000E0E73C44444503D80134DBE74FF0FF3054
:101C800002B0BDE8F08110B412B110BCFFF7BCBFC8
:101C9000104610BC70470023C2681946FFF7F3BF17
:101CA000582290F8BC3053432C2202FB0133C11858
:101CB0000422086A00F056B9582290F8BC30534309
:101CC0002C2202FB01310E4B42184158994206D199
:101CD000D16813895B1802D25189C91801D3002039
:101CE0007047136ADB689942F9D2106920F4F970E1
:101CF00020F001000005000DB0FA80F040097047A7
:101D00003DB8F3962DE9F84304460E4617460025E4
:101D10004FF0580894F8BC00C5F1000909F02C09EF
:101D200008FB009229462244FFF7F2F8012809D166
:101D300094F8BC30294608FB039220463B462244D7
:101D4000FFF734FE28B115B1002E08BF0020BDE812
:101D5000F8836B1C022B4FF00105F8D0DAE7000086
:101D60005823F0B590F8BC4085B05C432C2303FBAE
:101D7000024404440546276AFFF7D0F90023CDE961
:101D8000023301934FF48073214606463A4600938E
:101D90002846064B00F0E2F904463046FFF7E2F928
:101DA000FFF7C4F9204605B0F0BD00BFB0450430D0
:101DB00002780B789A420FD80BD342784B789A422C
:101DC0000AD806D342884B889A4205D860EB0000B7
:101DD00070474FF0FF3070470120704737B55825E6
:101DE0000B46114690F8BC2004466A432C2505FB9F
:101DF00003220244126A01AB00F04CFB20B90199A6
:101E000094F8BC00FEF758FC03B030BD2DE9F0415A
:101E10002C264FF0580804464E4390F8BC000F465D
:101E200008FB006121440A6AFFF726F9054628B13C
:101E30000C4804F057FE2846BDE8F08194F8BC3009
:101E400008FB03663444256AFFF714FA2946034663
:101E50003A462046FEF73EFC05460028EBD00248F5
:101E6000E7E700BFE3A4010C0DA5010C38B504465B
:101E700000235825012B84F8BC3000D938BDE21866
:101E800092F8BD206AB905FB0343D86C08B1FEF790
:101E900005FA94F8BC3005FB0343186A08B1FEF755
:101EA000FDF994F8BC300133DBB2E3E72DE9F743E9
:101EB000064600244FF05809012C86F8BC4001D991
:101EC00000252DE0331993F8BD80B8F1000F2DD116
:101ED00041462046FEF73BFD96F8BC10074609FB3D
:101EE0000161C0B22031FEF7BDF90546E0B901211C
:101EF0002046FEF72CFD96F8BC10074609FB016151
:101F0000C0B24C31FEF7AEF9054678B101230A485C
:101F100022463946009504F0E5FD3046FFF7A6FF5E
:101F2000284603B0BDE8F0834346F0E796F8BC408E
:101F30000134E4B2C0E700BF39A5010CC068203805
:101F400020F00F0020387047042809D0052803D15D
:101F5000481E18BF01207047431A58425841704725
:101F60000120704738B515460C4661B15AB1FEF7ED
:101F700008FD2146254411F8013B834203D1A942C3
:101F8000F9D1012038BD0020FCE738B50C4601230B
:101F9000114622460546FEF783F900280FDB012291
:101FA00021462846FFF7DEFF18B1032300202370E7
:101FB00038BD2378012B14BF02230123F6E701204B
:101FC000F6E7C268203A22F00F02FFF7DEBF0000FA
:101FD00030B50D46C16887B0102302AA10390446F7
:101FE000FEF75EF9002802DA012007B030BD1022AA
:101FF000204602A9FFF7B6FF00283AD110221E4959
:1020000002A8FEF7CAFA00280CBF012302232B7096
:102010002046FFF793FF012301460DF107022046FA
:10202000FEF73EF90028DFDB9DF80730204603F07D
:102030000F021B096A702B7101220DF10701FFF7D6
:1020400091FF10B96B78042B03D901236B70002327
:102050002B71E2682046203A22F00F02103AA91CA8
:10206000FFF793FF0028BFD12046E91CFFF7A9FF27
:10207000BBE70323CBE700BFFAAA010C13B50C465C
:10208000C0B201A9FEF7EEF850B921460198FFF75A
:102090009FFF04460198FEF701F9204602B010BDEB
:1020A0000124FAE77FB569460446FEF73BFF0128A5
:1020B00007D11CB1012C14BFFF2002206946FFF795
:1020C000DDFF002837D1002C37D0012C14BFFF20B2
:1020D000042002A9FFF7D2FF012808BF03234FF015
:1020E000000408BF8DF808309DF800509DF8086086
:1020F000194A08BF8DF80B3029461078FFF724FFE6
:1021000008B331465078FFF71FFFE0B19378042BF6
:1021100003D09DF80310994215D1D378042B03D036
:102120009DF80B1099420ED11379042B07D15079E9
:10213000831E022B0DD9FF200BE00320C9E79DF879
:1021400002109942F3D00134032C02F10602D3D1DC
:10215000012004B070BD00BFE8AA010C2DE9F04FCA
:10216000DFB00E46154604466B9F18B390F8BC20AE
:1021700005926FF000410022DFF8C091CDE908120E
:102180006A9AD9F800800392699A0DF1400A029286
:10219000689A3146009220462A46CDF804A000F005
:1021A00029F948B1D9F80060FEF7C0FF30465FB0AA
:1021B000BDE8F08F0590DCE727B120225146384674
:1021C000FEF71EFA00230AAF00932A464FF6FF736C
:1021D00031463846FFF7FCFB82460028E2D129460B
:1021E00020460F9EFFF7A0FCB042DBD346464FF0DF
:1021F000FF3401E04FF0010A06AF0DF11C0B3A4627
:1022000059460DF11A030AA8FFF72EFC0028C9DB76
:1022100040F08A80BDF81A30222B62D024D8022BDD
:102220004BD0102BE8D1B7F800A0BAF1200FB9D1EC
:1022300053462846DBF8001018AAFEF731F80028AC
:10224000B0D1FEF76BFF5246074618A910A8FFF75A
:1022500055FC82463846FEF785FF394B1B685345CF
:10226000C8D09FE79846C7E7502BC5D13B88042BC1
:1022700098D12846DBF8001009AAFEF711F80028CB
:1022800090D1FEF74BFF08A907460598FEF7EEF937
:1022900083463846FEF766FF294BD3F80080D845C1
:1022A00080D1DDE908218A42A6D9D9F800309845C5
:1022B000D8D0244804F016FC74E73B88982B3FF6EE
:1022C00071AF2846DBF8001038AAFDF7E9FF0028B7
:1022D0007FF468AF3A88059838A900F037F80446CB
:1022E0008AE7002C83DB184B1B68A3427FF77FAF84
:1022F0003B88802B3FF656AF2846DBF8001018AA23
:10230000FDF7CEFF00287FF44DAFFEF707FF0094E6
:10231000834620213B8818AA10A800F0F1F8064651
:102320005846FEF71FFF62E7BAF1010F7FF43AAF9C
:10233000034B1B6843457FF435AF35E7100004308D
:102340001400043073A5010C8CA9010C2DE9F04197
:102350004FF020080E461546C2B0044670220021F8
:1023600026A8CDF80480FEF728F9702226A90AA82D
:10237000FEF746F91B490AA800F074F92A463146CF
:102380000AA800F08AF90023424602A926930AA867
:1023900026AB00F09EF901AF0AA800F049F92046EB
:1023A0003A4626A9FEF750FB044628B14FF0FF3409
:1023B000204642B0BDE8F081FEF7B0FE3A688046A4
:1023C00026A902A8FFF79AFB07464046FEF7CAFE79
:1023D000054B1B68BB42E9D1044B1E60044B1D60DA
:1023E000E6E700BF090000021400043000000430DA
:1023F000C42004302DE9F04792467022B8B00DEBAE
:1024000002000C46DDE9425700219946409EFEF746
:10241000D4F8702268460DEB0201FEF7F1F8684629
:102420001B4900F01FF935B1002F04DD3A4629465B
:10243000684600F032F9002563892289D4F80C80BF
:1024400013449844454508D3002420226846419906
:102450001CAB1C9400F03DF90CE0A8EB0507B7425B
:1024600028BF37464A463B4629465046FDF718FFE7
:10247000044630B1684600F0DBF8204638B0BDE8CD
:10248000F0873A464946684600F007F93D44D9E7E7
:102490000900000270B514461D468AB058B390F882
:1024A000BC3042B33DB3582673432C2606FB0131A2
:1024B00001444B8913B903200AB070BD012304A85D
:1024C00000935023FFF784FA0028F5D103460DF15D
:1024D0000A0203A904A8FFF7C7FA70B9BDF80A30C9
:1024E000042BE8D12A4620460399FDF7D9FE00388F
:1024F00018BF0120E0E70720DEE74FF0FF30DBE701
:102500002DE9F047894600219EB0414B1646269A98
:10251000DFF800A153F8324006AF18228046384653
:10252000CDE903110591DAF80050FEF746F80922CB
:102530003949201DFEF731F8002854D10A223749C5
:1025400004F10D00FEF729F800284CD120224FF4A9
:102550002050334BCDE90423E3780733E118314BA6
:1025600011F8022CCDE9080344F212133846ADF8F5
:102570001830013A03AB00F0CFF80146002832D101
:1025800060223846FEF719F8F578049C0436AC4210
:1025900033D82B1B1E44224631463846FEF730F80E
:1025A00005F0FE0573195A78023594429ABF131B41
:1025B0002246C2EB440406EB05019ABFC918B818BD
:1025C0003819FEF71DF8049B9DF814105B00CDE947
:1025D000007342464B46039841F0062100F0EEF8A6
:1025E00090B9114B1D68039808B100F0C3F8FEF7CD
:1025F0009DFD28461EB0BDE8F087601B2A46314687
:102600003844FDF7FDFFCDE7DAF80050EBE700BFF7
:10261000000004301000043014AB010C0AAB010CB4
:10262000090000020906000614000430002070476B
:1026300070B50546FEF772FD2C68064634B9FEF704
:1026400075FD3046FEF78EFD204670BD012C06D18B
:10265000281D00F07DFA044600232B60EFE76FF0A1
:102660008804F9E7F8B505460C46FEF757FD2F1D1F
:102670006C22002106463846FDF79FFF214638466A
:1026800000F078FA044608B901232B60FEF74EFDEE
:102690003046FEF767FD2046F8BDF8B505460F4603
:1026A0001446FEF73BFD064634B9FEF73FFD3046C3
:1026B000FEF758FD2046F8BD2B68012B06D12246B7
:1026C0003946281D00F082FA0446EEE76FF08804D0
:1026D000EBE72DE9F04104460F4690461D46FEF714
:1026E0001DFD00232B6023680646012B11D12B46CC
:1026F00042463946201D00F07BFA05462046FFF78A
:1027000097FFFEF713FD3046FEF72CFD2846BDE887
:10271000F0816FF08805F1E770B51E46038803F479
:102720004F44B4F5824F17D1551E6D08ED00104C83
:10273000C4E900120146182204F10800FDF760FF09
:102740000123226A6581013242F0004222620020A8
:10275000326084F8243070BD03F4E043B3F5805F49
:1027600002D0B3F5005F01D1D500E0E70025DEE738
:10277000B0460430F0B5002887B004DB44220021C5
:102780000C48FDF71AFF00266C460B4F3146182205
:10279000684607F10805C7E90066FDF70EFF0FCC94
:1027A0000FC594E8030085E80300304687F82460ED
:1027B00007B0F0BDD8460430B046043030B500282C
:1027C00085B02ADA1648C468240A26D1048904F49C
:1027D0004F45B5F5824F1CD121F4FF7525F0010559
:1027E000B5F1062F19D1E4B2122C12D14489B4F5F7
:1027F000807F0ED1099C00920394089CCDE901349E
:102800000B46426850F8081B00F098FE10F1860F46
:1028100001D16FF0850005B030BD6FF08600FAE79A
:10282000B04604307047002818BF6FF0830070472F
:1028300010B514461846FDF7E3FE039B00201C600C
:1028400010BD000001680E4A0346914215D1C169CE
:10285000A2F11022A2F1EF1291420ED18268012A58
:102860000BD8C26812B101698A4206D0586928B1F2
:102870009B691B1A5842584170470120704700BF9E
:1028800055AA00FF0E4B70B59E68B6B13046FFF7F3
:10289000D9FF044618B9F3687BB935690DB92046EC
:1028A00070BD2846FFF7CEFF28B9EB68B34204D1CC
:1028B0002E462D69F2E70446F1E70124EFE700BF59
:1028C0001C4704302DE9F843404E3468D4B1B46855
:1028D000C4B1002877D0002975D001FB00F5B5FB05
:1028E000F0F088426FD1281D6DD8A9070DD025F0D2
:1028F00003070437F46803E06368BB4207D2A469A6
:10290000002CF9D12046BDE8F8832F46F2E7A368F2
:102910001BB12F4B01201B689847D4E90520616843
:1029200004F12008C91B23291CD80123A360BAB1D4
:102930009061A36903B15A610023C4E90533336987
:10294000DA0706D5FFF79EFF18B10120204B1B6860
:1029500098472A46002140464446FDF72EFED1E71F
:10296000F060E6E707F1200C04EB0C032039596016
:102970000021DFF860E0C3E902142169196144F81D
:102980000CE0DFF854C0C3F81CC001B1CB60C3E950
:102990000520B2B193619A6902B1536123610023AA
:1029A0004FF00109C4E905333369C4E90179DB0754
:1029B000CFD5FFF767FF0028CBD0054B48461B68F3
:1029C000C6E7F360E7E700249CE700BF1C4704303C
:1029D0001800043055AA00FF669911EE2DE9F04168
:1029E000054600287CD03F4F3B68002B78D0BA6862
:1029F000002A75D0834203D87A681344984203D3DF
:102A0000394B01201B689847A5F120042046FFF7A9
:102A100019FF18B1344B01201B68984755F8183C32
:102A2000012B03D0304B01201B689847002355F839
:102A3000146C45F8183CAEB1B26892B955F81C3C1C
:102A400003F1200273681344736055F8103C33613E
:102A500003B1DE60204620220021FDF7AEFD2346B3
:102A600034461E462069002832D08368002B2FD1BF
:102A7000636842682033134463600369D4E9052125
:102A80002361DAB901BB426981696261A161EAB17E
:102A90009461A26902B1546103B1DC60202200217B
:102AA000FDF78BFD3B699B071AD5FFF7EBFEB8B12D
:102AB000BDE8F0410C4B01201B6818479161A169EA
:102AC0000029E0D04A61DEE7F960F8E7FC60E0E762
:102AD000002EE7D1FB68A36103B15C61FC60E1E714
:102AE000BDE8F0811C4704301800043038B50D46AD
:102AF0001422002104461248FDF75FFD11491248D7
:102B000001F07CF9232D1AD914F003031FBF043DF3
:102B1000ED18C3F10403E4182A4600212046FDF70E
:102B20004CFD074B094AC3E900459C602260A2F1B5
:102B30001022203DA2F1EF126560E261DC6038BD39
:102B40001C470430DD29010CC528010C55AA00FFE3
:102B5000036810B504462BB1054A934205D10430F1
:102B600000F0DEFB0020206010BD6FF08800FBE766
:102B700009000002F8B5076805460C4607BB124B72
:102B8000994213D1061D304600F0C6FB3046394647
:102B900000F0CCFB064628B92C603046BDE8F84072
:102BA000FFF741BE2846FFF7D3FFF6E701F0FE44EA
:102BB000B4F1007F14BF6FF086006FF08500F8BDA0
:102BC0006FF08800FBE700BF0900000210B5074B5B
:102BD00004689C4206D1043000F0D6FBBDE81040EA
:102BE000FFF721BE6FF0880010BD00BF0900000292
:102BF0002DE9F0411F460478064644F0007404F1C4
:102C00007E44033C102C98BF104B884615468CBF61
:102C100000241C5D3A601AB121214046FDF7CDFC2D
:102C2000AC420DD832680A4B9A420CD14146301D55
:102C300000F0EAFBFFF7F7FD00B93C60BDE8F0816A
:102C40006FF08900FAE76FF08800F7E71DAB010C21
:102C5000090000022DE9F04F0D46D5B000F1440304
:102C600004934BAB059300F164030693DDE9043252
:102C700053F8041F42F8041F06999942F8D1002422
:102C80000BAE09AF291904223846FDF7B9FC3B68A1
:102C900004341BBA402C46F8043FF3D197490DF198
:102CA000280A5546DDE951EBDDE94C76DDE94E3287
:102CB0008C46DDF84C81DDF840910191A868DCF884
:102CC00000104FEAF92484EAB91401448BEA0E009B
:102CD00084EA796400EA090080EA0B002144014497
:102CE00041444FEA773888EAB70888EAB7580A4477
:102CF000884447EA060107EA060019400143884470
:102D0000E868DCF804104FEA7834014489EA0E00E0
:102D1000104080EA0E00594401444FEAF22080EA54
:102D2000B21080EA726084EAB804014484EAB854BC
:102D30000B440C4448EA070108EA0700314001430C
:102D40000C442869DCF808102035014482EA0900A7
:102D5000184080EA0900714401444FEAF32080EAF8
:102D6000B31080EA736001444FEA743080EAB40023
:102D700080EAB45001EB060E084448EA040108EA70
:102D8000040639403143084455F80C6CDCF80C104B
:102D90000CF1200C0E444E4482EA030909EA0E09A4
:102DA0004FEAFE2189EA020981EABE1181EA7E61C9
:102DB0004E440E444FEA703181EAB00181EAB051CD
:102DC00006EB0709314444EA000604EA000706EA74
:102DD00008063E43314455F8087C5CF8106C3E44CC
:102DE000164483EA0E0202EA09025A4016444FEAE8
:102DF000F92282EAB91282EA796216444FEA713204
:102E000082EAB10282EAB152B044324440EA010699
:102E100000EA010726403E43324455F8047C5CF842
:102E20000C6C3E441E448EEA090303EA080383EA5D
:102E30000E031E444FEAF82383EAB81383EA78634B
:102E40001E444FEA723383EAB20304EB060B83EAB3
:102E5000B25341EA02043344044001EA0206344317
:102E600023442E685CF8084C344489EA080606EAD4
:102E70000B0686EA0906744434444FEAFB2686EAC8
:102E8000BB1686EA7B66344400EB040E4FEA7330CF
:102E900080EAB30080EAB350204442EA03040C40C5
:102EA00002EA0306344306196C685CF8040C2044FB
:102EB00088EA0B0404EA0E04484484EA0804204427
:102EC0004FEAFE2484EABE1484EA7E64204401EBC7
:102ED00000094FEA763181EAB60181EAB651014430
:102EE00043EA0600104003EA060420430F181AA91B
:102EF000A9427FF4E3AE3AA9079101E030AB010C9F
:102F0000DAF84010DAF80C404FEAF14585EA7145ED
:102F1000DAF8080085EA9125DAF82C100AF1200A7F
:102F200001444FEAB44080EAF41080EAD400294416
:102F3000014403918BEA0E004FEAF92181EAB911AD
:102F400000EA090081EA796180EA0B0008440199EE
:102F500007EA0605096C0844039908444044024402
:102F60000292CAF8281047EA06024FEA773181EA4E
:102F7000B7011A402A4381EAB7511144DAF82420F4
:102F800001444FEAF24585EA72455AF8100C85EA89
:102F90009225DAF81020DDF808C014444FEAB04258
:102FA00082EAF01282EAD0022C441444029A89EA9E
:102FB0000E051540019A85EA0E05526CCAF82C40A0
:102FC0005A4422441544029A4FEAF22282EABC1281
:102FD00082EA7C622A4403EB020B47EA01054FEACE
:102FE000713307EA010C83EAB103354045EA0C0569
:102FF00083EAB1532B441344039A5AF80CCC4FEA9A
:10300000F24585EA724585EA9225DAF8142000EB4C
:1030100002084FEABC4282EAFC1282EADC02A844BF
:103020009044029A4FEA733589EA0200019A00EA55
:103030000B00926C80EA09007244424410444FEA4B
:10304000FB2282EABB1282EA7B62024441EA03006D
:1030500006EB020E85EAB30501EA03063840304369
:1030600085EAB355054415445AF8086CDAF8182077
:103070004FEAF44080EA744080EA94200CEB0204AA
:103080004FEAB64282EAF61282EAD60204441444B7
:10309000029A03EA050C82EA0B0000EA0E00504097
:1030A000019ACAF83080D26CCAF834404A442244AB
:1030B00010444FEAFE2282EABE1282EA7E62024495
:1030C00007EB02094FEA753043EA050780EAB500CD
:1030D0000F4047EA0C0780EAB550384410445AF8CC
:1030E000047CDAF81C204FEAF84C8CEA784C164441
:1030F0004FEAB7428CEA982C82EAF71282EAD702AA
:1031000066441644019ADDF808C0126DCAF83860AA
:10311000324462448BEA0E0C0CEA090C8CEA0B0C6C
:1031200062444FEAF92C8CEAB91C8CEA796C94441D
:103130004FEA703282EAB00201EB0C0882EAB05228
:1031400045EA00010292194005EA00021143029A81
:103150000A444FEAF44181EA744181EA9421DAF8A1
:1031600020406244DAF800C03C440C444FEABC41C1
:1031700081EAFC1181EADC010C4401998EEA09071D
:10318000496D07EA08072144594487EA0E070F44AE
:103190004FEAF82181EAB81181EA7861394403EBFA
:1031A000010B4FEA723383EAB20383EAB25340EA77
:1031B000020702932F4000EA02031F43029BCAF852
:1031C0003C403B440B444FEAF64181EA764181EAB8
:1031D0009621DAF82460DAF80470664431444FEA44
:1031E000B74686EAF71686EAD70631440291019976
:1031F000DDF808C0896D89EA0806614406EA0B0615
:10320000714486EA09060E444FEAFB2181EABB11AC
:1032100081EA7B61314405EB010E42EA03064FEA85
:103220007335CAF840C0064002EA030C85EAB305CC
:1032300046EA0C0685EAB35535446E18DAF80810EC
:10324000039D4FEAF44C3D444FEAB14787EAF1173A
:1032500087EAD1078CEA744C01998CEA942C654476
:10326000C96D3D4488EA0B0707EA0E072944494423
:1032700087EA08070F444FEAFE2181EABE1181EA7E
:103280007E61394443EA060703EA0609174047EA24
:10329000090700EB010901984FEA763C20308CEADF
:1032A000B60C019007988CEAB65CCAF84450BC444E
:1032B000504501EB0C077FF423AE0AA8C0F810318B
:1032C000C0E9001C029BC0F82481C0F80031C0F89E
:1032D0001421C0F8FC40C0F820B1C0F81CE1C0F8CF
:1032E0000C61C0F80451C0F81891C0F80871049A34
:1032F000059952F8043F049251F8042F1344049A9C
:1033000005911360069B9342F1D14FF4947100F044
:103310007FFD55B0BDE8F08F68220021FDF74DB963
:1033200010B1682100F074BD7047000003460846E4
:10333000C1B9C3E910110D4A0D49DFF838C0C3E91E
:1033400012120D4A0D49C3E914C20D4AC3E91612FF
:103350000C4A1A6602F17452A2F52302A2F69242B6
:103360005A6670476FF08600704700BF85AE67BB36
:1033700067E6096A72F36E3C3AF54FA57F520E512B
:103380008C68059BABD9831F2DE9F04105460E469D
:10339000144612B3036C03F03F079B18036422BF6B
:1033A000436C013343647FB1C7F1400842450FD3FA
:1033B00042463844FDF724F929462846FFF74AFCDF
:1033C00027444644A7F140043F2C09D82CB10027DC
:1033D00022463146E819FDF713F90020BDE8F081D7
:1033E000374606EB0408394628464037FFF732FCDB
:1033F000A8EB07033F2BF6D8A4F1400323F03F03CB
:1034000040331E44E41ADFE773B50D468021036C98
:10341000044603F03F035A1C382AC154104474D8A0
:103420000021C2F13802FDF7C8F8D4E91062730F29
:1034300043EAC20304221BBA0DEB020104F1380077
:103440000193FDF7DDF80422F6000DEB020136BA18
:1034500004F13C000196FDF7D3F821462046FFF722
:10346000F9FB0422A36C0DEB02011BBA2846019361
:10347000FDF7C6F80422E36C0DEB02011BBAA81895
:103480000193FDF7BDF80422236D0DEB02011BBA79
:1034900005F108000193FDF7B3F80422636D0DEB0D
:1034A00002011BBA05F10C000193FDF7A9F80422F3
:1034B000A36D0DEB02011BBA05F110000193FDF79E
:1034C0009FF80422E36D0DEB02011BBA05F1140015
:1034D0000193FDF795F80422236E0DEB02011BBA50
:1034E00005F118000193FDF78BF80422636E0DEBD4
:1034F00002011BBA05F11C000193FDF781F820467B
:10350000FFF70EFF002002B070BDC2F140020021A3
:10351000FDF753F821462046FFF79CFB3822002197
:10352000204680E7043004289ABF034B33F910008B
:103530006FF08300704700BF30AC010C4123F0B541
:1035400095B00DF1080CCDE9003CDDE91A56DDE936
:103550001C47029303ABFFF76BF998B99DF80C3049
:10356000042B0DD1402F0FD133462A4620460DF1B2
:103570000D0100F08DFB15B0BDE8F040FFF7D2BFA4
:103580006FF0860015B0F0BD6FF09400FAE70022EE
:10359000016000F11C0340F8042F9842FBD17047F2
:1035A000F0B5002405462646204652F8247051F80E
:1035B0002430DB1946EB06071B1845F8243004F1CC
:1035C000010447F10000082CEFD1F0BD002370B5D5
:1035D0000646184652F8235051F82340641B65EB09
:1035E0000505241A46F8234003F1010365F100059F
:1035F000082BC5F10000EDD170BD70B504395642FD
:10360000041F013A1C3054F8043F51F8045F134082
:1036100035402B4384422360F5D170BD002330B583
:103620000446184654F8232051F8235001336A40C9
:10363000082B40EA0200F5D130BD021F00F11C0347
:10364000002052F8041F9A4240EA0100F9D1704765
:103650002DE9F047002506468946AA46171FA0F126
:10366000040C02F11C0857F8043F5CF804EF4C46C8
:10367000200C1A0CA4B29BB21100414362435C437C
:10368000434318041B0C24184B411004120C24183B
:103690005341704600222418534164195341474551
:1036A0001D46CCF80040DED1336A5A195B193262EC
:1036B0004AEB0A00BDE8F08710B50438A1F12002FA
:1036C0004B7F0C7F1B0443EA0463CC7F0439234304
:1036D00091F822408A4243EA042340F8043FEFD1A4
:1036E00010BD70B588B01E460446FFF759FF32463C
:1036F000054621466846FFF769FFC0F101026946A9
:1037000020462A43FFF779FF08B070BD2DE9F04F3E
:103710009846D3F840A00023074618468BB0914640
:1037200001AA0133092B42F8040BFAD1A1F1040BD1
:1037300001F11C06D9F800305BF8041F019D4A46D0
:1037400001A803FB0155FFF783FF0AFB05F50446BB
:103750004246294601A8FFF77BFF0823044401AA3B
:103760005168013B42F8041BFAD1B3450994E1D1F9
:10377000424601A93846FFF729FFC0F10102224362
:103780003846C2F10102FFF738FF0BB0BDE8F08FF9
:10379000014BFFF7BBBF00BFE0AC010C0B4601F1D2
:1037A00020020146FFF7B2BF30B504460D4689B08E
:1037B00068460121FFF7EBFE2B466A46214620466C
:1037C000FFF7A4FF09B030BD38B504461546FFF732
:1037D000DEFE29462046BDE83840FFF7DFBF2DE971
:1037E000F04314460646274689B001226846FFF793
:1037F00004FF224601213046FFF7E6FF256804F169
:103800001C09023D4FF02008EB0705D523466A4608
:1038100031463046FFF77AFF23466A4669466846D6
:10382000FFF774FFB8F101084FEA5505ECD14F4599
:1038300002D057F8045FE5E709B0BDE8F083000067
:1038400070B5144606460D4688B0214620460C4AFF
:10385000FFF7C5FF224621466846FFF799FF6A46F3
:1038600031463046FFF794FF224669466846FFF727
:103870008FFF6A4629462846FFF78AFF08B070BDC9
:10388000E0AC010C30B5044689B0FFF715FF0C4AD7
:1038900021466846FFF79AFE054601216846FFF774
:1038A00076FE6A4621466846FFF790FE2DB1003845
:1038B00018BF0120404209B030BD4FF0FF30FAE799
:1038C0009CAC010C10B588B004460146054A684618
:1038D000FFF77CFE6946C0F101022046FFF78DFE2E
:1038E00008B010BD9CAC010C70B51F2A04460B46F5
:1038F00088B00FD800206D46694606460130202862
:1039000005F8016BFAD1C2F11F0008441A44934232
:103910000CD12046FFF7D0FE2046FFF7D3FF20460C
:10392000054908B0BDE87040FFF738BF13F8015BE8
:1039300000F8015FEBE700BF9CAC010C30B589B02B
:103940000446FFF743FE054621466846044AFFF752
:1039500027FE2A4669462046FFF74FFE09B030BDD4
:10396000E0AC010CF0B516461F4604460D4699B072
:1039700011466846FFF70CFF3246694608A8FFF774
:1039800007FF3A4669466846FFF702FF08A908465E
:103990001E9AFFF7FDFE224669466846FFF7CEFFF6
:1039A00008A92A460846FFF7C9FF6A46314630464D
:1039B000FFF7EEFE6A46694610A8FFF7E9FE6A4681
:1039C000684610A9FFF7E4FE10A922460846FFF753
:1039D000DFFE08AA11462046FFF7DAFE2146204600
:1039E00010AAFFF7ABFF2146204610AAFFF7A6FF5B
:1039F0006A4621462046FFF7A1FF10A92246084645
:103A0000FFF79CFF10A9084608AAFFF7C1FE2A4647
:103A100069466846FFF7BCFE6A46284610A9FFF7CC
:103A20008DFF19B0F0BD000070B5044690B00D4692
:103A300011461646FFF740FE2146234A08A8FFF725
:103A4000C5FD012803D04FF0FF3010B070BD114606
:103A50002046FFF7A3FE284606F12001FFF72CFEC3
:103A60002946194A08A8FFF7B1FD0128EBD11146F4
:103A70002846FFF793FE2A4629466846FFF788FE48
:103A80002246214608A8FFF783FE08A922460846D9
:103A9000FFF77EFE08A922460846FFF74FFF08A958
:103AA00022460846FFF74AFF08A922460846FFF7C4
:103AB00045FF08A90846044B044AFFF712FE684672
:103AC00008A9FFF7ABFDC0E7E0AC010C7CAC010C32
:103AD00070B504460D46164698B0114608A8FFF783
:103AE00057FE344B2146684608AAFFF7FAFD2146E7
:103AF00008AA10A8FFF722FF694610AA08A8FFF736
:103B000047FE08AA114668462A4BFFF7EAFD6946B8
:103B10006846284B08AAFFF7E4FD2A46294610A864
:103B2000FFF736FE10AA11461046224BFFF7D9FDCB
:103B3000214610AA08A8FFF72BFE08AA1146104636
:103B40001C4BFFF7CEFD10AA11461046FFF720FED2
:103B500010AA184B11461046FFF7C3FD6A46694686
:103B60002046FFF715FE2146204608AAFFF7E6FE8D
:103B70002146204608AAFFF7E1FE32462946304694
:103B8000FFF706FE0B4B324631463046FFF7A9FDE4
:103B90002246284608A9FFF7D1FE6A46294628464C
:103BA000FFF7F6FD2946284610AAFFF7C7FE18B012
:103BB00070BD00BFE0AC010C2DE9F04F9946054601
:103BC00092460C46A3B02C9E2F49324602A8FFF71E
:103BD000FDFCD6F800B031460BF0010202A80DF151
:103BE0004808FFF70AFD00214046FFF7D0FC4A468F
:103BF00041460AA8FFF7A2FE012251462846FFF7D8
:103C0000FCFC012249462046FFF7F7FC01211F4A30
:103C10001AA8FFF7D9FD6FEA0B02204602F0010255
:103C20000AA9FFF7EAFCFF277B0922AA02EB83031C
:103C300053F8806C07F01F02D64086EA0B06F24369
:103C40004946404602F00102FFF7D7FC404606F025
:103C500001020AA9FFF7D1FC214628461AAAFFF75C
:103C600037FF534621462846CDF800801AAAFFF7B1
:103C700079FE013FD8D1214628461AAAFFF7E0FD78
:103C800023B0BDE8F08F00BF9CAC010CE0AC010C90
:103C90002DE9F041C2B004460F46014602A8154680
:103CA0009846FFF7EFFD28B16FF00307384642B0A2
:103CB000BDE8F0810AAE304604F12001FFF7E2FDD5
:103CC0000028F1D14246294612A8FFF70DFE3046E2
:103CD0004649FFF763FD1AAC31463046434AFFF7C9
:103CE0007EFD424B3246204612A9FFF70FFD22AD62
:103CF00020463E49FFF758FD0122284602A9FFF75A
:103D00007CFC28463949FFF749FD3246374B2946A6
:103D10002846FFF7FBFC28463449FFF745FD3A46A5
:103D200032A92AA8FFF780FE074600285BD112A817
:103D30003146009532AB2AAAFFF73EFF2046FFF737
:103D40007CFC90B90122204612A9FFF756FC2849B5
:103D50002046FFF729FD2046FFF7B4FD204602A9C3
:103D6000FFF75CFC0028A1D09EE7224B224A32A933
:103D70002AA80094FFF720FF012220462AA9FFF776
:103D80003CFC0122284632A9FFF737FC01213AA862
:103D9000174AFFF719FD12A92AA8FFF73FFC60B1E7
:103DA0000B462046294600963AAAFFF7DBFD294636
:103DB00020463AAAFFF744FDC9E7314632A8FFF78B
:103DC0002DFC28B9294620463AAAFFF781FEEEE7E6
:103DD00039462046064AFFF7F7FC39462846044A8A
:103DE000FFF7F2FCB3E76FF001075FE79CAC010C53
:103DF000E0AC010C3CAC010C5CAC010C024B18605B
:103E0000024B002019607047200004301C00043071
:103E100010B50A46044619B1024B00211B689847A9
:103E200010BD00BF24AD010C464A136B23F4807310
:103E300023F0010343F480731363136943F03003E9
:103E4000136153691807FCD53F4B1A6922F4FE022F
:103E500042F480021A611A6822F018021A601A6885
:103E600042F001021A601A689107FCD537490A68C6
:103E700022F00F0242F005020A609A6A22F0030261
:103E800042F001029A629A6A42F480329A629A6A15
:103E900042F400329A629A6A42F480229A629A6AE2
:103EA00022F010029A629A6A22F00C0242F0080292
:103EB0009A629A6A22F020029A629A6A22F47C52EA
:103EC00042F400629A625A6B6FF3080242F03B02BE
:103ED0005A635A6B22F47E4242F400725A635A6B60
:103EE00022F4FE0242F480325A635A6B22F0FE4200
:103EF00042F080725A631A6842F080721A60124B64
:103F00001A689201FCD51A6A22F00F021A621A6A24
:103F100022F070021A621A6A22F4E0621A621A6AC5
:103F200022F4E0421A62DA6942F00302DA61064BD7
:103F3000DA6902F01802182AFAD11A6842F480529B
:103F40001A60704700080254000C0254002002500E
:103F5000642810B50C460AD065280DD001466422AD
:103F6000064802F0BFFD4FF0FF33184602E04FF065
:103F700040630020236010BD0023F6E7B3A5010CC9
:103F800008B501F0F1FB18B1BDE8084007F082B8B0
:103F900008BD00001FB5214B1B680193204B5B68D7
:103FA0000293204B5B680393019B029B039B00F0F1
:103FB00013FC02F0F1F8FFF7E3FF01F02FFC20B152
:103FC000194802F08FFD07F065F8FCF7B9FC20B145
:103FD000164802F087FD07F05DF8002400F032F883
:103FE00000F00AF9124B1C6000F02CF800F004F904
:103FF000104B20469B68984720B10F4802F072FD95
:1040000007F048F80D4B00209B68984710B10C480A
:1040100002F068FD002004B010BD00BF0080020C5B
:1040200000E0020C00E0000C03A6010C25A6010C28
:104030003447043080AD010C52A6010CC8AD010C10
:104040007DA6010CF7B5624C236883B9614BD3F8A8
:10405000882042F08072C3F888204FF40022D3F801
:10406000883003F080730193019B5B4B9A61206859
:1040700000286DD1594B5A49D3F8D02022F00102C3
:10408000C3F8D0200A680130C3F8D8204A6810313C
:1040900022F01F02C3F8DC2011F8045C51F8082C50
:1040A000003D18BF012522F01F0242EA450242F0FE
:1040B00001020428C3F8E020E4D1BFF34F8FBFF31F
:1040C0006F8FD3F8D02042F00102C3F8D0202368CC
:1040D000D3B94022434844497F25C0E90012F92260
:1040E000C0E90433C0E90252C0E90633036201F0BB
:1040F000C1FA08B106F0CEFFFF213A4801F010FBEB
:104100003A49384801F022FB2368002B4FD10120A7
:1041100000F032FF2268002A50D12E4B0520D3F840
:10412000881041F40031C3F88810D3F88830114664
:1041300003F400330093009B01F0CEF8052001F05A
:10414000FBF82B4A536C43F00203536403B0F0BDF9
:104150000027234D214E2B68C6F8D830D6F8D8005A
:10416000D6F8DC208342D6F8E01011D16B6823F03A
:104170001F0393420CD12A7BAB68003A18BF01227F
:1041800023F01F0343EA420343F001038B4201D0B3
:1041900006F080FF0137042F05F11005DBD10F4B2E
:1041A000D3F8D030DE0792D406F074FF8FE700F02A
:1041B000EDFE0128AED006F06DFFABE70C4B5B6C5B
:1041C0009B07C3D403B0BDE8F04006F063BF00BF57
:1041D00034470430000C02540024035000ED00E08A
:1041E00040AD010CC0470430007800540000FF5D72
:1041F000006002507047000070B501230226654C34
:10420000654D20466361266200F04AFE28466E61D5
:1042100000F046FE002323602B60236903F07F43F8
:10422000B3F1344F04D05D4802F05CFC06F032FF7D
:10423000E368002B04DA5A4802F054FC06F02AFF27
:10424000E36803F07F53B3F1345F04D0554802F0C4
:1042500049FC06F01FFF626A534B9A4204D0534850
:1042600002F040FC06F016FFE36B13B9236C7F2BC2
:104270000BD04F4802F036FC7F234FF0000CC4E90E
:104280000FC3236843F400732360D5E90F329A42C9
:1042900006D300237F26C5E90F634FF400732B601C
:1042A000A369012B02D1E3691C2B0AD01C23012036
:1042B000C4E906033F4802F015FC236843F00103FC
:1042C0002360236B13B9636B132B0AD03A4802F0B7
:1042D00009FC13230021C4E90C13236843F04003B5
:1042E000236023691A0704D5344802F0FBFB06F06B
:1042F000D1FE23695B0604D5314802F0F3FB06F0DA
:10430000C9FE23682A68134323D000F00FFB00F096
:104310002FFB236843B11F4800F032FC20B129482D
:1043200002F0E0FB06F0B6FE2B6843B11A4800F03D
:1043300027FC20B1234802F0D5FB06F0ABFE00F0CD
:10434000D3FB20B1204802F0CDFB06F0A3FE01F024
:1043500001F8A36AC32B04D01C4802F0C3FB06F08B
:1043600099FE6368B3F56D4F12D0B3F5B85F0FD007
:10437000B3F5385F0CD0B3F5464F09D0B3F5E44F31
:1043800006D0B3F5B84F03D0BDE8704006F082BE4A
:1043900070BD00BF7C47043038470430B3A6010C21
:1043A000CFA6010CFEA6010C0000010C2CA7010CED
:1043B00054A7010C8FA7010CC2A7010CF4A7010C94
:1043C00020A8010C41A8010C67A8010C89A8010CC8
:1043D000042A09DB0B68036000F1040001F1040109
:1043E000A2F10402042AF5DA002A09D00B7803703E
:1043F00000F1010001F10101A2F10102012AF5DA47
:1044000070470000044B82B0186883B26FF30F004E
:10441000184302B0704700BFC4AD010C0C207047B8
:1044200000207047012805D902280CBF00206FF03A
:10443000040070476FF0030070476FF0030070478F
:10444000014B1868704700BFF047043000487047C0
:10445000ACAD010C08B54FF47A7000F09BFA002067
:1044600008BD00000C4B70B55A6992B11C6900235D
:1044700001390144151DA34201D1002070BD52F83D
:104480003360864203D855F83360B14201D9013315
:10449000F1E70120F2E700BF440004302DE9F041CC
:1044A0001446204B96001A78074622F002021A7032
:1044B000421E02EB8402B2F5001F0D4611D31A4AC8
:1044C00094693CB16FF004001A7842F002021A704D
:1044D000BDE8F0813246FF212846FCF76EF8204601
:1044E000F6E70023DFF844803146C8F80030FFF7D4
:1044F000B9FF324690B107F140612846FFF768FFE7
:10450000D8F8003023B1324600212846FCF755F890
:10451000002324F04040C8F80030D9E707F10061DB
:10452000EBE700BFF047043044000430F4470430A8
:1045300038B50E4D6B68DC0709D40C4B5A689007F0
:1045400011D45A68520744BF0422DA6038BDFCF720
:104550008BFA04466B689907EFD4FCF785FA001BC9
:104560000128F7D9E9E70222DA60EAE700040350FC
:104570000B4A10B5D36823F00203D36001F0FEF8B4
:10458000FCF772FA044601F015F940B1FCF76CFA39
:10459000001B0128F7D901F00DF90028F3D010BD58
:1045A000000403502DE9F04F454F87B03B784FEAA8
:1045B0008208019123F002034146064615463B70EE
:1045C000FFF750FFF0B14FF0020B4FF0406A721E40
:1045D0004244B2F5001F0CD248EA060414F00F045E
:1045E00007D1384BD3E90201234601F1040E83427F
:1045F0000DD16FF004003B7843F002033B7007B02D
:10460000BDE8F08F4FF0006ADFF8BCB0DFE751F88B
:1046100033C0664503D35EF833C0624544D90133E5
:10462000E5E700F06FF93B7843F001033B70019B35
:104630001022191902A8FBF7E3FF029B049A0599BF
:104640001A40039B0B40B3F1FF3F08BFB2F1FF3F9D
:1046500024D00AEB0601584602AA214400F0E6F9EC
:1046600081461034A04502D0B9F1000FDFD03B786D
:10467000414623F0010330193B70FFF7F3FE80B190
:1046800000F06AF9FFF754FF01F06EF8B9F1000F7E
:1046900025F0404018BF4FF0FF30B0E74FF0000961
:1046A000DFE700F04DF9EDE7FFF762FF41463046E6
:1046B000FFF7D8FE0028B4D100F010F9B3E700BF2F
:1046C000F0470430440004300200008070B5B0F5BB
:1046D000001F044686B008D2C0F30C032BB92F4A42
:1046E000D2E90012101D8B4208D16FF004002C4A51
:1046F000137843F00203137006B070BD52F83350C4
:10470000AC4203D350F83350AC4207D90133EAE747
:1047100000F0E4F824E000F013F936E0042120462C
:10472000FFF7A0FE00281F4B18BF0423B4F5801F1D
:10473000029334BF0123022303930123184E0593F0
:10474000630B0493FFF714FF3378042123F0020373
:1047500020463370FFF786FE0028D9D000F0D2F84B
:10476000337801A943F0010302A8337000F03CFC48
:104770003378054623F00103042120463370FFF708
:1047800071FE0028C7D000F0E7F8FFF7D1FE00F077
:10479000EBFF281E18BF01204042ADE74400043063
:1047A000F047043004000080084BD3F80421002AAD
:1047B0000ADAD3F8042142F00042C3F80421044A83
:1047C0001368013313607047FEE700BF00200250FA
:1047D000F44704307047000010B5032000F06AFD74
:1047E00000F066FC094B0A4A1B6A03F00F03D35C16
:1047F000D840084B18600F20FCF728F9044618B978
:10480000FFF7E8FF204610BD0124FBE7000C02542F
:1048100030AD010C240004300C4B10B50C4A9C68E0
:104820000C4B13EA240338BF13461A6842F0020205
:104830001A60EFF3108272B60023CC58C4500433D0
:10484000102BFAD182F3108810BD00BF280004306D
:104850002C2002502820024030B50F4DAB68002BB1
:10486000AABF0E4B0E4B0F4A1C68B8BF0E4A44F04D
:1048700002041C60AB68146803F004032343136054
:10488000EFF3108272B60023CC58C4500433102BBF
:10489000FAD182F3108830BD280004302C20025059
:1048A000282002404420025040200240084B10B50E
:1048B000084A9C68084B13EA240338BF13461A6859
:1048C00042F002021A600B889BB2038010BD00BF49
:1048D000280004302C20025028200240074B9A6AFE
:1048E000D20741BF064A5A6002F188325A6046BF79
:1048F000986A00F001000120704700BF00200250BC
:1049000023016745074BDA6AD20741BF064A9A601E
:1049100002F188329A6046BFD86A00F00100012097
:10492000704700BF002002502301674508B5FFF71C
:10493000D5FF18B9BDE80840FFF7E4BF08BD000087
:10494000044B9A6A42F001029A62986AC04300F0EE
:104950000100704700200250044BDA6A42F0010265
:10496000DA62D86AC04300F00100704700200250AC
:10497000064BD86910F0010007D0054ADA6002F151
:104980004432DA60D86900F001007047002002501C
:104990003B2A1908F8B50546FCF766F81D4E1E4C73
:1049A000B2681E4B074614EA220438BF1C4623682F
:1049B00013F00B0F1AD1B168194B1A4A1A4812EAB0
:1049C000210238BF1A462168036A01F47E0103F40C
:1049D00000030B4315D071681943716013601A020C
:1049E00002D54FF40003036301200EE0691CDED002
:1049F000FCF73AF8C01BA84201D8002DD7D10320FC
:104A000003E02368DB0301D40020F8BD4FF48033BA
:104A10001360F9E7280004302020024024200250CF
:104A20003420025030200240002002502DE9F04195
:104A3000264D04462B780E46012B174644D0012301
:104A40002B7000234FF47A706B60FFF7A3FF50BB0D
:104A50001F4B204AAC6012EA240838BF984624F065
:104A60000043022B23D139463046FFF7D5FE4FF4E1
:104A70007A70FFF78FFFD8F8003024F0304222F030
:104A8000040223EA0203C8F80030134B9C420AD107
:104A9000A968124A124B13EA210338BF13461A6859
:104AA00022F004021A6000232B70BDE8F0810D4B48
:104AB00024F004029A423946304602D1FFF7CCFE78
:104AC000D5E7FFF7F3FED2E70220EEE72800043037
:104AD0002C200250282002400600001044200250E2
:104AE0004020024002000010044A4FF47A70D3695B
:104AF00043F00203D361FFF74DBF00BF0020025017
:104B0000124B134A9968134B13EA210338BF13461B
:104B100000F00302032A06D11A6842F4004242F070
:104B200020021A607047C10707D51A6822F00042B8
:104B300022F0280242F028021A608207F2D51A6891
:104B400042F0004242F02802EBE700BF28000430A8
:104B50002C20025028200240064B074A9968074B38
:104B600013EA210338BF13461A6842F008021A609C
:104B7000704700BF2800043044200250402002400B
:104B80002DE9F041DFF8A882044698F80030012BA7
:104B900000F081810123002088F800304FF080234D
:104BA000C8E901034FF47A70FFF7F4FE002840F0E3
:104BB00039812768F90719D5A5696369012D03F0C3
:104BC0000101E26903F0020340F0368131B1994DF1
:104BD000D5F8EC1021EA0201C5F8EC1033B1954983
:104BE000D1F8EC3123EA0203C1F8EC31BA0706D55B
:104BF000904A6168536D23F47F430B4353657B07F1
:104C000040F1AE80D4E9021511F001030EBF1A463F
:104C1000032205F003038E0742BF05F00406334369
:104C200042F004024E0742BF05F00806334342F04B
:104C300008020E0742BF05F01006334342F010028F
:104C4000CE0642BF05F04006334342F040028E06D6
:104C500042BF05F08006334342F080024E0642BF59
:104C600005F48036334342F480320E0642BF05F429
:104C70000036334342F40032CE0542BF05F48016BD
:104C8000334342F480128E0542BF05F400163343CD
:104C900042F400124E0542BF05F07F56334342F006
:104CA0007F520E0542BF05F000452B4342F0004203
:104CB00011F4805518BF0426D4F810C00CBF2E463E
:104CC0000CF0040511F4005F1EBF0CF0080E45EA5D
:104CD0000E0546F0080611F4804F1EBF0CF0100EB2
:104CE00045EA0E0546F0100611F4004F1EBF0CF009
:104CF000200E45EA0E0546F0200611F4803F1EBF47
:104D00000CF0400E45EA0E0546F0400611F4802FE7
:104D10001EBF0CF4004E45EA0E0546F4004611F4A1
:104D2000002F1CBF0CF07F4C45EA0C05C1F30B0CA7
:104D300018BF46F07F46BCF1000F08D0DFF8F4E062
:104D4000DEF854C02CEA02021343CEF8543011F4BA
:104D50007F2F05D0374A536F23EA06032B4353674F
:104D6000B90510D5D4E90F316569EA0742BF314E64
:104D700043EA0142C6F8E420AE0742BF2D4A43EAA7
:104D80000143C2F8E4313D070AD5D4E90831012BCB
:104D900061D1284AD2F88430DBB20B43C2F88430A8
:104DA000F9060BD5236AA16A012B5ED1214AD2F8FC
:104DB000843023F0FF030B43C2F88430BA0606D5D3
:104DC0001C4AE16AD2F894300B43C2F894307B0657
:104DD00010D5D4E90C316569EE0742BF154E43EAA0
:104DE0000142C6F8FC20AA0742BF124A43EA014327
:104DF000C2F8FC313B0615D56269A36B02F00101D4
:104E000002F00202002B3BD029B10A4C591E41F49A
:104E10000041C4F8F4102AB1064A013B43F40043B0
:104E2000C2F8F431002388F80030BDE8F08100BFFB
:104E3000280004300020025029B1184DD5F8EC109C
:104E40001143C5F8EC10002B3FF4D0AE1349D1F854
:104E5000EC311343C8E6022BA2D1104AD2F88C30B1
:104E6000DBB20B43C2F88C309AE7022BA6D10B4A77
:104E7000D2F88C3023F0FF030B43C2F88C309DE74F
:104E800011B10649C1F8F430002ACBD00022034BFF
:104E9000C3F8F421C6E70220C7E700BF0020025094
:104EA00006230360334B1A6D02F47F4242601A6D91
:104EB00022F47F42C2601A6F02614269511E0129C9
:104EC00032D8012A0CBFD3F8E830D3F8E831DB43FD
:104ED000C361003B18BF01238361264B012A0CBF2D
:104EE000D3F8E030D3F8E031012A03F07F01C3F3B7
:104EF000064303641F4BC1630CBFD3F8F830D3F8EB
:104F0000F831012A03F07F01C3F30643436340F203
:104F1000C7230360174B01630CBFD3F8F030D3F8FD
:104F2000F03103F003038363026A531E012B17D889
:104F30000368012A43F0180303600E4B0BBFD3F83C
:104F40008020D3F8882022F0FF0222F0FF020BBF5E
:104F500042624262D3F88030D3F88830DBB2836299
:104F6000036843F020030360024BD3F89030C36220
:104F7000704700BF00200250034AD36B23F00303A5
:104F80000343D363704700BF00200250024BD86B2D
:104F900000F00300704700BF002002500F4B104A82
:104FA00010B59C680F4B800113EA240338BF1346E9
:104FB000C9071A680AD522F0004222F4FE521A608C
:104FC0001A68024342F024021A6010BD22F4FE5215
:104FD0001A601A68024342F00042F3E728000430E6
:104FE0002C200250282002402DE9F843294E054686
:104FF00033788946012B4AD00123337000234FF4C4
:105000007A707360FFF7C6FC0446F0B92B6822493A
:10501000224AB36011EA230838BF904648F20802DA
:1050200023F00041914215D16868FFF769FD4FF404
:105030007A70FFF7AFFC04462A68D8F8003022F0F7
:10504000004223EA0203C8F80030002333702046F0
:10505000BDE8F883082B02D1FFF77EFDE7E74FF0AC
:10506000FF33C9F80030AF68D5E902231344BB42CF
:10507000E2D938466968FFF791FF4FF47A70FFF77D
:1050800089FC10B1C9F80070D5E70137ECE70224BC
:10509000DDE700BF28000430282002402C20025009
:1050A000024A536A43F001035362704700080254F6
:1050B0002DE9F041524CE36903F01803082B00F08E
:1050C0009980E36913F0180F0AD123684D4813F053
:1050D000200F03D02368C3F3C103D840BDE8F0819B
:1050E000E36903F01803102B00F08680E36903F0F6
:1050F0001803182B40F08280A76AA36AA66A13F4EB
:105100007C5FD4F83880C3F30520E7D004F076FC48
:10511000C6F300160546C8F3CC00704304F06EFCDD
:105120004FF0645104F0C2FC07F00303012B064664
:1051300011D0032B4ED0606BC0F3080004F05EFC6E
:10514000314604F0ABFB4FF07E5104F0A7FB29463B
:1051500004462D483BE023689B0629D5236829484F
:10516000C3F3C103D84004F049FC294604F052FDC2
:10517000676B0446C7F3080004F040FC314604F0B6
:105180008DFB4FF07E5104F089FB0146204604F070
:105190008DFC1B4B0446586BC0F34620013004F0D5
:1051A0002DFC0146204604F035FD04F0CFFD95E7C7
:1051B000606BC0F3080004F021FC314604F06EFB84
:1051C0004FF07E5104F06AFB294604460F4804F074
:1051D00021FDDAE7606BC0F3080004F00FFC3146F4
:1051E00004F05CFB4FF07E5104F058FB2946044666
:1051F0000748ECE7074871E707486FE701486DE7A4
:10520000000C02540090D0030024744A0024744C13
:1052100020BCBE4B00093D0040787D0108B5FFF77A
:1052200047FF064B064A1B6A03F00F03D35C03F0EB
:105230001F03D840034B186008BD00BF000C025488
:1052400030AD010C2400043008B5FFF7E7FF054B33
:10525000054A1B6AC3F30213D35C03F01F03D84053
:1052600008BD00BF000C025428AD010C08B5FFF7C3
:10527000D5FF054B054A1B6AC3F30223D35C03F039
:105280001F03D84008BD00BF000C025428AD010C1C
:1052900008B5FFF7C3FF054B054A1B6AC3F302338A
:1052A000D35C03F01F03D84008BD00BF000C0254BC
:1052B00028AD010C07490302CA6803F4E06322F435
:1052C000E0621204120C134343F0BF6343F4003353
:1052D000CB60704700ED00E0154B30B5DC68C4F3DF
:1052E0000224C4F10703251D042B28BF0423062D27
:1052F0004FF0FF3594BF0024033C05FA03F321EA85
:105300000303A54022EA0502A340002843EA020362
:10531000ACBF00F16040074A4FEA0313DBB2ABBFFA
:1053200000F5614000F00F0080F80033135430BDE9
:1053300000ED00E014ED00E0002807DB0123410947
:10534000034A00F01F00834042F82130704700BF3D
:1053500000E100E0BFF34F8F0549064BCA6802F435
:10536000E0621343CB60BFF34F8F00BFFDE700BF88
:1053700000ED00E00400FA052DE9F04F00234FF0A6
:105380000F094A4A4A4D02EA90280A6832FA03F4A1
:1053900001D1BDE8F08F012404FA03FA1AEA0202EF
:1053A00070D04C6824F01007022F16D14FEAD30CAE
:1053B00000EB8C0C03F0070EDCF820604FEA8E0E39
:1053C00009FA0EFB26EA0B0B0E6906F00F0606FA29
:1053D0000EF646EA0B06CCF820600326D0F800B0A3
:1053E0004FEA430E06FA0EFC2BEA0C0B6FEA0C0692
:1053F00004F0030C0CFA0EFC013F4CEA0B0C012FDD
:10540000C0F800C040D9032C3CD0C76837408E6834
:1054100006FA0EF63E43C660E60033D523F00307D6
:1054200007F1A84707F5083703F00306D7F860C06F
:10543000F60009FA06FE2CEA0E0C08FA06F646EA11
:105440000C063E66D743D5F8806014F4803F0CBF4D
:105450003E401643C5F88060D5F8846014F4003FE0
:105460000CBF3E401643C5F884602E6814F4801FBC
:105470000CBF3E4016432E606E68A40254BF3E40EF
:1054800016436E60013380E7876806EA070CCF6831
:1054900007FA0EF747EA0C078760476827EA0A0C05
:1054A00027099F4047EA0C074760AEE77F7F2B0044
:1054B000002002542DE9F04F00234FF001084FF077
:1054C0000F0E4FF003092D4F2D4A07EA902731FAAE
:1054D00003F401D1BDE8F08F08FA03FC1CEA0106D1
:1054E00049D023F0030404F1A84404F5083403F080
:1054F0000305ED00D4F860A00EFA05FB0BEA0A0ADA
:1055000007FA05F5554517D1D2F8805025EA06056A
:10551000C2F88050D2F8845025EA0605C2F88450BB
:10552000156825EA06051560556825EA06055560E3
:10553000256E25EA0B05256605685C0009FA04F46A
:105540002543DE08056000EB860603F00705D6F864
:1055500020A0AD000EFA05F52AEA0505356285683A
:1055600025EA04058560456825EA0C054560C5689F
:1055700025EA0404C4600133A9E700BF7F7F2B0044
:10558000002002540AB1816170478162704770B592
:1055900000240126036B51FA04F501D1036370BDA9
:1055A00006FA04F529421EBFAB4302FA04F52B4369
:1055B0000134F0E738B50A4CE36823F02003E360D8
:1055C000FBF752FA0546E3689B0601D5002038BD7B
:1055D000FBF74AFA401BB0F57A7FF4D90320F6E7CF
:1055E00000780054F8B5114D0646EC6814F04004FC
:1055F0001AD1EB6843F08003EB60FBF735FA2346E2
:105600000746EC6814F0400401D1032B01D1184681
:10561000F8BDFBF729FAC01BB0F57A7F234684BF9B
:10562000032386F82D30ECE70023F0E700780054E0
:1056300038B50F4C0546E36823F08003E360A369A7
:105640009B0606D4FFF7B6FF10B1032085F82D00A6
:1056500038BDA36923F02003A361FFF7ABFF10B1AE
:10566000032085F82D00A36943F02003A361EFE731
:105670000078005438B5044600284CD090F82D30FE
:1056800003F0FF021BB980F82C20FBF7B9FA0223C4
:10569000224D84F82D30EB68DB0637D4CA236B62C9
:1056A000532320466B62FFF79DFF18B1FF230320B1
:1056B0006B6238BDAB69204623F08E6323F0400354
:1056C000AB6121696368AA690B431343A269134361
:1056D000AB61D4E9022343EA02432B61EA68D4E9CF
:1056E000093122F4F8520B431343EB60FFF7A0FF9C
:1056F0000028DBD1D4E90713AA690B4322F06042EA
:10570000134362691343AB61FF236B6201230020E3
:1057100084F82D30CDE70120CBE700BF007800549E
:10572000094B1A6822EA01021A60D9630A04586810
:1057300042EA01620A4320EA02025A60DA6A002061
:1057400022EA0102DA627047007C0054054B002017
:105750001A6822EA01021A60DA6A22EA0102DA62AF
:10576000D9637047007C0054034A0020136843F05B
:1057700001031360704700BF0004035038B50223D3
:105780000B4CE360236823F001032360FBF76CF903
:105790000546206810F0010000D138BDFBF764F920
:1057A000401B0128F5D92368DB07F2D50320F4E775
:1057B00000040350024B186800F00100704700BF5E
:1057C0000004035038B50C4C6368D90704D400209A
:1057D0000222094BDA6038BDFBF746F905466368DB
:1057E0009B07F4D4FBF740F9401B0128F7D9636805
:1057F0009A07F4D40320EBE700040350064B5A68E1
:10580000D20707D40222DA601A6842F002021A6054
:10581000FFF7D8BF012070470004035037B51A497D
:10582000D1E84F3F0133DBB2C1E8423F002AF7D154
:10583000012B23D8154B164DD3F8E810284621F03C
:105840003001C3F8E810D3F88C1041F48021C3F87C
:105850008C10D3F88C302A7203F480230193019BBF
:105860000C4B6A722B6002F0CCF8044648B96946CA
:10587000284602F09CF9204603B030BD4FF0FF30BF
:10588000FAE76FF00100F7E7F8470430000C025424
:10589000FC47043000080C5208B5074802F009F92B
:1058A000064AD2F88C3023F48023C2F88C300022D0
:1058B000034B1A7008BD00BFFC470430000C0254B3
:1058C000F8470430431E072B9DBF800200F1A4401F
:1058D00000F5003000487047000002528AB00828E6
:1058E00013D8DFE800F0051422303E4C5A687600E9
:1058F0003F4BD3F88C2042F00102C3F88C20D3F840
:105900008C3003F001030193019B0AB07047384BC0
:10591000D3F88C2042F00202C3F88C20D3F88C30EC
:1059200003F002030293029BEFE7314BD3F88C2084
:1059300042F00402C3F88C20D3F88C3003F0040347
:105940000393039BE1E72A4BD3F88C2042F0080233
:10595000C3F88C20D3F88C3003F008030493049B25
:10596000D3E7234BD3F88C2042F01002C3F88C20ED
:10597000D3F88C3003F010030593059BC5E71C4B4F
:10598000D3F88C2042F02002C3F88C20D3F88C305E
:1059900003F020030693069BB7E7154BD3F88C2042
:1059A00042F04002C3F88C20D3F88C3003F040035F
:1059B0000793079BA9E70E4BD3F88C2042F0800297
:1059C000C3F88C20D3F88C3003F080030893089B35
:1059D0009BE7074BD3F88C2042F48072C3F88C20ED
:1059E000D3F88C3003F480730993099B8DE700BFD3
:1059F000000C0254184A2DE9F043B2F800C0174ACF
:105A00000346D2F800E0164A00201768154A4FEA0C
:105A10000C45B2F80080144A4FEA0841D2F80090D1
:105A2000124A148808221E064CBFCEF818C0CEF8C1
:105A30001850C7F81880D9F8106040002642C0B24C
:105A40004FEA430318BF40F00100013ADBB2B961ED
:105A5000E9D1BDE8F08300BF124804301C4804308F
:105A600024480430164804302048043014480430D8
:105A7000044B82B0186883B26FF30F00184302B072
:105A8000704700BF1CAE010C002070470020014B86
:105A90001870704728480430002070476FF00300EA
:105AA00070470000014B1868704700BF2C48043055
:105AB0000048704704AE010C0020704738B502461C
:105AC000FFF700FF04460D461046FFF707FF20468C
:105AD000FFF7F0FC29462046BDE838400122FFF7D9
:105AE00056BDDAB11379834202D1D3888B4213D0E9
:105AF000137A834202D153898B420DD0137B8342A8
:105B000002D1D3898B4207D0137C834206D1528ABB
:105B1000531A58425841704701207047002070477F
:105B200070B50D46044648B306790A46C18830462A
:105B3000FFF7D7FF10B93046FFF7C0FF267A2A4695
:105B400030466189FFF7CDFF10B93046FFF7B6FF49
:105B5000267B2A463046E189FFF7C3FF10B930465D
:105B6000FFF7ACFF267C2A463046618AFFF7B9FF73
:105B700020B93046BDE87040FFF7A0BF70BD0000FF
:105B80002DE9F04F1E468DB0204F0C469146DFF8B0
:105B900080800A4601466846FAF732FD3B88D8F80D
:105BA00000201B04936146B304AD22466946284693
:105BB00004EB060A2C44FAF723FD3246FF21204667
:105BC000FAF7FBFC4FF0000B2878FFF713FF0BF1FF
:105BD000010BDA4505F8010BF6D1B9F1000F04D03D
:105BE000324621464846FAF70BFD0020D8F800302F
:105BF0003A889A610DB0BDE8F08F6D466C4415F897
:105C0000010BFFF7F7FEA542F9D1EEE7104804308B
:105C100018480430F7B52C4B04461B780F46002B70
:105C200049D0B4FBF2F602FB1646002E43D1B4F580
:105C3000801F40D353429C423DD8501E2044B0F5B3
:105C4000201F38D2214D32462B78012143F0010329
:105C50002B70062301A88DF804303346FFF790FF20
:105C60000421230C8DF8053064BA334632460DEB1F
:105C70000100ADF806408DF80470FFF781FF0523A1
:105C8000134C8DF8023001230DF1030219460DF17A
:105C90000200FFF775FF9DF8030010F001000ED021
:105CA000013CF0D12B784FF0FF3023F0030343F099
:105CB00002032B7001E06FF0040003B0F0BD2B78FD
:105CC00060F300032B70F8E7284804302C480430B8
:105CD00080C3C9014FF480522021FFF79BBF000011
:105CE0002DE9F04F82468B4617460024C7B005AE1B
:105CF000BC4203D3002047B0BDE8F08F03233D1B17
:105D0000B5F5807F28BF4FF48075B1464FF000088D
:105D1000337004EB0A031A0C72701A0AFF21B27076
:105D200006A82A46F370FAF748FC104B1A88104B65
:105D300011041B689961291D99F80000CDE902231F
:105D40000191FFF757FEDDE90223019908F10108EF
:105D5000414509F8010BEFD89A610BEB04002A4684
:105D600006A9FAF74DFC2C44C2E700BF10480430E6
:105D7000184804302DE9F04F07461546894687B08C
:105D8000002952D0002A50D0294B1B78002B4CD030
:105D900002EB000ABAF5800F47D8DFF8988002AC12
:105DA00098F8003043F0010388F80030FFF798FFBF
:105DB000214B0FCB84E80F006B429F4206D86368EB
:105DC0000F2B0DD8083406AB9C42F8D1284698F822
:105DD000003023F0010388F8003007B0BDE8F08FF1
:105DE000206803EB000BABF11006B245EAD95F4522
:105DF000E8D204220DEB0201FFF772FF019A0F4B6C
:105E00009A42DFD1BE42334638BF3B46DA4551465F
:105E100028BF59460A4AA9EB0700A2EB0B02994298
:105E2000D0D9D65CC6540133F9E76FF00400D4E74B
:105E3000284804302C4804305CAE010C3DB8F39681
:105E400004AE010C38B505460C4669B341EA0003BF
:105E5000C3F30B0343BBB0F5801F25D34B429842DD
:105E600022D8431E0B44B3F5201F1DD2ABB28BB911
:105E7000B4F5803F0ED34FF48032D8212846FFF787
:105E8000C9FE30B905F58035A4F58034002CEDD17C
:105E9000204638BD2846FFF71DFF0028F9D105F53B
:105EA0008055A4F58054F1E76FF00400F1E79F23DB
:105EB00007B502468DF8073048B1032301210DF1E3
:105EC0000700FFF75DFE002003B05DF804FB6FF0F4
:105ED0000400F9E700232DE9F04F8FB0ADF818303A
:105EE0008DF81A30894B1A78002A40F00B819346BE
:105EF0008749884C0B7823F003030B701422002190
:105F000009A8FAF75AFB22791046FFF7DBFC237A3F
:105F1000074618460593FFF7D5FC237B02901846E9
:105F20000493FFF7CFFC217C06460846FFF7CAFC26
:105F30000546794B79481F60029BB4F806A00360C0
:105F40007748638906607748B4F80E900560764814
:105F5000B4F81280A0F800A074480393038074483A
:105F6000A0F800907348A0F800801046FFF7B6FC38
:105F7000059B1846FFF7B2FC0498FFF7AFFC0846F4
:105F8000FFF7ACFC514601223846FFF700FBDDE984
:105F900002010122FFF7FBFA304601224946FFF7D2
:105FA000F6FA284601224146FFF7F1FA00220123C2
:105FB000CDE90A320323384609A9CDE90C32CDF8E0
:105FC00024A0FFF7D9F9002251463846FFF7DAFA44
:105FD000304609A9CDF82490FFF7CEF930460022CB
:105FE0004946FFF7CFFA01260022039B029809A930
:105FF000CDE90A260993FFF7BFF9284609A9CDE99B
:106000000A66CDF82480FFF7B7F9284632464146A4
:10601000FFF7B8FA1025FF20FFF7ECFC013DFAD19D
:10602000AB232A468DF8243001212B4609A8FFF71F
:10603000A7FD4FF4FA530893089D002D41D1662324
:106040002A4601218DF8243009A82B46FFF798FD38
:1060500099232A468DF8243001212B4609A8FFF701
:106060008FFD49F640430793079B6BBB06A8FFF7DC
:106070001EFF60B39DF81A709DF818509DF81960C6
:106080000097216833462A462B4800F02BFD0BF180
:10609000010B20460021FFF743FDBBF1030F04F184
:1060A00014047FF42BAF1A4A24481378294643F08E
:1060B000020313703B46324600F014FD4FF0FF30F0
:1060C00021E0089B013BB6E7079B013BCBE79DF82E
:1060D0001830EF2BCED19DF81930402BCAD19DF846
:1060E0001A30162BC6D121460A48FFF719FD214662
:1060F0001348FFF715FD21461248FFF711FD012255
:10610000024B1A7000200FB0BDE8F08F2848043011
:106110002C48043020AE010C2448043020480430C0
:106120001C48043018480430164804301448043021
:106130001248043010480430AEA8010CE3A8010C4A
:1061400034AE010C48AE010C0020704708B5FAF7D8
:10615000F5FF0020704700207047012070470120A4
:10616000704700000A4B37B51B786BB1094C636967
:10617000984748B9E56AA847C307FCD4236A019346
:1061800003B0BDE830401847002003B030BD00BF69
:10619000304804301CAF010C10B50B4C0020A36834
:1061A000984780B902202369984760B94FF4E131DC
:1061B0000120A46AA04730B901211520A04710B9D9
:1061C0000122024B1A7010BD1CAF010C3048043084
:1061D00010B5064C00202369984708B1043004D15B
:1061E000E368984708B9024B187010BD1CAF010C4A
:1061F0003048043037B50422BD3084000D462046B7
:106200000DEB020100F052F958B9019B5A1C0AD05B
:10621000AB420BD8042220460DEB0201019500F0A1
:1062200085F903B030BD45F2A350FAE74AF2C53014
:10623000F7E770B5A2B00D4601A9064600F0F2FAE4
:10624000044610BB019B802B28BF8023B5EBC30FF6
:10625000019321D80146802202A8FAF7AEF9FF2166
:10626000EA0802ABA24213D104F188030DEB030448
:10627000012305F00705AB40013B3046019902AA16
:1062800004F8803C00F0A6FB0446204622B070BD16
:1062900003F8011B0134E5E745F2A354F5E7F0B537
:1062A000A3B00D466946064600F0BCFA0446C8B9DC
:1062B00000993046802928BF802102AA009100F071
:1062C000E5FA044670B901460246009F019002AB10
:1062D000B8420AD102B10191042228460DEB020115
:1062E000FAF78EF9204623B0F0BD002213F801CB57
:1062F0004CFA02F6013206F00106082A3144F7D1C1
:1063000001220130E4E706281BD8DFE800F0040989
:106310000D111416180004224FF43D7000F0C6B899
:1063200004224FF43E70F9E704224FF43F70F5E782
:106330001020FFF7B4BF1120FBE71220F9E713206C
:10634000F7E74CF25A30704700F0C4B9042902D183
:106350001146FFF7D8BF43F65C20704737B50546B6
:106360000C46062824D8DFE800F0041517191D1F75
:1063700021000020FFF73EFF50B9284601A9FFF792
:10638000C2FF28B943F65C23019AA24218BF1846FF
:1063900003B030BD0120EDE70220EBE71020FFF74E
:1063A00048FFE9E71120FAE71220F8E71320F6E7A3
:1063B0004CF25A30ECE7012837B5154610D800F1F9
:1063C0000C040A462046296800F060FA30B92046DD
:1063D00001A900F027FA08B9019B2B6003B030BD7A
:1063E0004AF2C530FAE7000070B50446074E45187A
:1063F000A54201D8002070BD2046F369984710B926
:1064000004F50054F4E743F65C20F4E780AD010C9A
:106410002DE9F84FDFF85CA00746DAF8043088462B
:10642000154698470024144BC0F3410013F8209000
:1064300004F18003AB4294BF80262E1BB6FBF9FB10
:10644000DAF814305A460D493819984700280EDBFF
:106450005A46DAF81830094908EB04009847002832
:1064600005DB3444A542E3D80020BDE8F88F43F6AD
:106470005C20FAE780AD010C6CAE010C31480430B1
:1064800008B54FF400514FF42830FFF7ADFF48B97D
:10649000BDE808404FF400524FF428314FF420304B
:1064A000FFF7B6BF43F65C2008BD00002DE9F347B7
:1064B000DFF870900546D9F80430884614469847AE
:1064C000194BC0F3410013F820A0B5FBFAF70AFB03
:1064D000175727BBA4B9384602B0BDE8F0870AFBBE
:1064E00006F6A41BF7D0012201A9A819C847002865
:1064F00012DB224601A908EB0600FAF781F8EAE769
:10650000B4FBFAF605F52035324641462846D9F85F
:106510001490C8470028E2DA43F65C27DBE74AF22A
:10652000C537D8E780AD010C6CAE010C2DE9F04FFA
:1065300086187542C5F30C05354485B0B5F5005F86
:106540000446019104D943F65C2005B0BDE8F08F04
:10655000DFF86C81D8F8043098470422594BC0F317
:10656000410053F82070D8F8143057480093FBB21C
:10657000B2FBF3F203A9009B9847039A531C023223
:1065800008BF01230393002D34D024F4FF5B2BF0CC
:106590001F0BA5EB0B010BF52030FFF725FF0028A3
:1065A000D1D1B5F5407FAA4628BF4FF4407ADA45ED
:1065B00029D8B5F5407F5ED3FBB21027B7FBF3F7C0
:1065C000424D3A4629464048009B9847B6F5407FE1
:1065D0005CD8042203A93D48FAF712F8384B3A4632
:1065E0003A493B489B69984708B18742ABD1FFF7CE
:1065F00047FFAAE74FF400514FF42030FFF7F4FEB5
:106600000028C2D09FE70BF180039A452CBF4FF0C2
:106610008009AAEB0B095FFA87F8B9FBF8F82B4958
:106620004246009B0BF5283098475E4516D909EB8A
:106630000B039C4212D2A3455A4638BF2246111B77
:10664000A2EB0B009E4294BFC2EB0602C2EB030218
:10665000019B19441D4B1844F9F7D2FF184B4246D1
:106660009B691A490BF52030984710B180457FF49B
:106670006AAFCB449BE74FF440724FF420314FF4A4
:106680002830FFF7C5FE002896D05CE7B4F5447FBC
:106690009FD2B4F5407F224638BF4FF44072019B31
:1066A000111BA2F540700B44B6F5447F94BFC2EBBA
:1066B0000602C2F5447219462844F9F7A1FF88E79B
:1066C00080AD010C6CAE010C00A302003148043017
:1066D000008302002DE9F0414D4F86B00020BB68D9
:1066E000984700286BD104226946FFF7DFFE044675
:1066F00000283FD104224FF440700DEB0201FFF758
:10670000D5FE0446002835D1424E009BB34203D14A
:10671000019B013B03335ED97B6898473E4BC0F336
:10672000410053F8205004224FF4005004A9FFF711
:10673000BDFE0446F0B904224FF40C5005A9FFF742
:10674000B5FE0446B0B9049B4FF40051B3424FF478
:10675000203013D1059B013B03330FD8FFF744FED4
:1067600068BB4FF400524FF420314FF42830FFF74C
:106770004FFE20BB204606B0BDE8F081FFF734FE97
:106780000146E0B94FF08008EDB280222348F9F7C6
:1067900014FFB8FBF5F84FF42035BF692846424690
:1067A0001E498035B847B5F5283FF7D1FFF768FE99
:1067B00028B9042202A90296FFF7B8FE10B143F6E9
:1067C0005C24D7E70123042203A94FF4407003930C
:1067D000FFF7ACFECDE704224FF40C5005A9FFF7FC
:1067E00065FE04460028C5D1059B5A1E033206D813
:1067F000019A934203D30233BCD1012ABAD1FFF7E5
:106800003FFE43F65C23002818BF1C46B2E700BFDA
:1068100080AD010C1281DEC06CAE010C3148043039
:10682000FFF758BF1E280BD8012303FA00F00A4BCC
:10683000034043B9094B18420BD110F0980F06D111
:106840004CF25A307047202300200B60704704231D
:10685000FAE74023F8E700BF65FF004000000F2083
:1068600037B50C4601A91D46FFF7DCFF50B9019B67
:1068700029469A4228BF1A46204603B0BDE8304058
:10688000FFF714BE4CF25A3003B030BD13461E2839
:1068900070D8DFE800F0106F15191D2125292D3162
:1068A00035393D42474C51565B606F6F6F6F6F6F6C
:1068B0006F6F6F656A000A4600200421FFF7D0BFA2
:1068C0000A4602202421F9E70A4603204421F5E77D
:1068D0000A4604204821F1E70A4605204C21EDE74D
:1068E0000A4606206C21E9E70A4607208C21E5E7E5
:1068F0000A4608209021E1E70A460920B021DDE799
:106900000A460A20D021D9E70A460B20F021D5E714
:106910000A460C204FF48871D0E70A460D204FF448
:106920009871CBE70A460E204FF41471C6E70A4669
:106930000F204FF41C71C1E70A4610204FF4A871D4
:10694000BCE70A4611204FF4C871B7E70A46122087
:106950004FF4E871B2E70A4613204FF40471ADE733
:106960000A461D204FF42571A8E70A461E204FF461
:106970003571A3E74CF25A307047F0B593B00E462C
:1069800001A915461C46FFF74DFF00BB019B934232
:1069900003D24AF2C53013B0F0BD402BF9D83046CF
:1069A00002A9FFF783FD0028F5D1224602AB281982
:1069B000824205D12A4621463046FFF7B7FDEAE775
:1069C00013F8011B12F8017BB943F1D0E1E74CF257
:1069D0005A30E0E713461E2870D8DFE800F0106F49
:1069E00015191D2125292D3135393D42474C515668
:1069F0005B606F6F6F6F6F6F6F6F6F656A000A46D6
:106A000000200421FFF7B9BF0A4602202421F9E73C
:106A10000A4603204421F5E70A4604204821F1E70D
:106A20000A4605204C21EDE70A4606206C21E9E7DD
:106A30000A4607208C21E5E70A4608209021E1E775
:106A40000A460920B021DDE70A460A20D021D9E70D
:106A50000A460B20F021D5E70A460C204FF4887136
:106A6000D0E70A460D204FF49871CBE70A460E2076
:106A70004FF41471C6E70A460F204FF41C71C1E7AA
:106A80000A4610204FF4A871BCE70A4611204FF4C3
:106A9000C871B7E70A4612204FF4E871B2E70A4618
:106AA00013204FF40471ADE70A461D204FF4257101
:106AB000A8E70A461E204FF43571A3E74CF25A307E
:106AC0007047002070470020704700000048704762
:106AD00000FC04304FF48060704708461146FFF711
:106AE00041BB00000FB41FB5012106AB53F8042BC6
:106AF000054800910021039300F0B0F805B05DF85F
:106B000004EB04B0704700BFDB6A010C07B5034615
:106B10008DF80720084601220DF10701984703B0C0
:106B20005DF804FB2DE9F84F1D46074688461646DA
:106B3000BDF828409DF82CA09DF830909DF8343089
:106B40007AB333B113461D4613F8012B002AFAD14C
:106B5000AD1BAC428ABF641B0024A4B2BAF1000F83
:106B600014D02A4631464046B847BAF1000F18D033
:106B7000002513E04A4641463846FFF7C7FF0BF1B0
:106B8000010B1FFA8BF39C42F4D8EAE7D346F8E7EF
:106B90004A4641463846FFF7B9FF0135ABB29C4241
:106BA000F6D8BDE8F88F2DE9F04F002489B09DF8A4
:106BB00048C006469DF85800A4450F469DF854105D
:106BC0000CBF4FF0200A4FF0300AA0429846CDE9A2
:106BD00005440CBF612041209DF85030CDF81B408A
:106BE00019B1A242ACBF214652420DF11E04A1468A
:106BF0000A38B2FBF3FB03FB1B2B5FFA8BF5BBF1EF
:106C0000090F94BF30352D18A646EDB2934204F11A
:106C1000FF346570B2FBF3F518D931B1BCF1000F48
:106C200016D12D232370AEF102040023CDE902A377
:106C30009DF84C303946CDE900833046A9EB04037A
:106C4000621CFFF76FFF09B0BDE8F08F2A46D0E75E
:106C50002D2239463046FFF759FFE6E72DE9F04F80
:106C600089B01C469DF8483006460F469246F3B15F
:106C700012783C2A19D00A3AD2B2282A98BF624B1D
:106C80004FF0010098BF53F822204FF0000388BF57
:106C90000022CDE90230CDE900333046FFF742FF54
:106CA000202239463046FFF731FF0AF1010A4FF042
:106CB0000009CB46C846002511E0BDB9252B00F0E0
:106CC0009B800A2B06D10D22394630460793FFF7E9
:106CD0001DFF079B1A4639463046FFF717FF1AF883
:106CE000013B002BE9D109B0BDE8F08F7A2B08D821
:106CF000682B0ED8302B74D036D8252B76D02D2B80
:106D00007FD000230122CDE90033CDE902323F4A92
:106D100062E0693B112BF4D801A252F823F000BFC6
:106D20008B6D010C036D010C036D010CDF6C010C0C
:106D3000036D010C036D010C036D010C036D010C5F
:106D4000036D010C036D010CC76D010C036D010C8B
:106D5000956D010C036D010C036D010CB56D010CFB
:106D6000036D010CDF6C010C582B28D00BD8A3F15C
:106D70003102082AC5D808EB8808303B03EB4803EA
:106D80001FFA83F8ABE7642BBBD101230025CDE9C3
:106D9000033502E00025CDE903550A23CDE901932F
:106DA000CDF800B043463946304654F8042BFFF77F
:106DB000FAFE94E70025049510230395EEE70123DE
:106DC00000250493F8E720230121CDE902310023B7
:106DD000CDE9008954F8042B39463046FFF7A2FE6E
:106DE00069E7B8F1000FC6D1AB4678E71A463946D5
:106DF0003046FFF78BFE5EE7A946AB46A846012565
:106E00006DE7A9466BE700BF78AE010C5DA9010CE8
:106E1000044B82B0186883B26FF30F00184302B0BE
:106E2000704700BF54AF010C01207047002070472D
:106E3000002070476FF0030070470020704700206B
:106E40007047002070476FF00300704700207047C4
:106E500010B50C46014630B12CB10448A2B200F086
:106E6000A1FD204610BD6FF00400FBE7B4480430DC
:106E70000A4608B5014640B13AB14FF47A73044866
:106E800092B200F046FC002008BD6FF00400FBE762
:106E9000B448043010B52B4B88B0D3F88C200724AD
:106EA00042F00102C3F88C20D3F88C2003A902F031
:106EB00001020092009AD3F88C20234842F001028C
:106EC000C3F88C20D3F88C2002F001020192019AC1
:106ED000D3F8A42042F48042C3F8A420D3F8A4300D
:106EE0004FF4007203F480430293029B0223CDE926
:106EF00003230693012307940593FEF73DFA4FF40D
:106F0000806303A9104803930794FEF735FA0F49ED
:106F10000F4B0C220B6000234FF4E130C1E9052335
:106F20004FF40042C1E901030846C1E90333C1E956
:106F300007234B6200F07CFC003818BF0120404260
:106F400008B010BD000C025400000252B4480430D6
:106F500000380150002070477047704770477047F5
:106F6000D0F88C2008B5222A036845D15B6AB0F8B6
:106F70006010826D0B401370836D01338365B0F830
:106F80005E30013B9BB2A0F85E30B0F85E309BB241
:106F900073BB026852E8003F23F4907342E800316B
:106FA00003680029F5D103F1080252E8001F944656
:106FB00021F001014CE80012002AF4D12021C0F890
:106FC0008C100267C16E4267012912D1C26653E874
:106FD000002F22F0100243E800210029F7D1DA69DE
:106FE000B0F85C10D20644BF10221A62FFF7B7FF58
:106FF00008BDFFF7B2FFFBE79A6942F008029A6109
:10700000F6E7D0F88C2008B5222A036842D1596AE5
:10701000B0F860201140826D22F8021B8265B0F842
:107020005E20013A92B2A0F85E20B0F85E2092B2E3
:1070300062BB53E8002F22F4907243E8002100293C
:10704000F7D103F1080252E8001F944621F0010134
:107050004CE80012002AF4D12021C0F88C100267FD
:10706000C16E4267012912D1C26653E8002F22F097
:10707000100243E800210029F7D1DA69B0F85C106A
:10708000D20644BF10221A62FFF769FF08BDFFF75E
:1070900064FFFBE79A6942F008029A61F6E7000094
:1070A00003682DE9F047DD69D3F800909F68D0F8B8
:1070B0008C200446222A40F0A980B0F868303BB901
:1070C000B4F85E309BB2002B40F08380BDE8F087BF
:1070D0004FF0000AB0F860804F4E07F00107AB0692
:1070E000EED52368A26D5B6A03EA08031370A36DF3
:1070F0000133A365B4F85E30013B9BB2A4F85E3067
:107100002368DD6969072AD0EA070AD519F4807F68
:1071100007D001221A62D4F8902042F00102C4F88C
:107120009020A80708D53FB102221A62D4F8902017
:1071300042F00402C4F89020690708D53FB1042248
:107140001A62D4F8903043F00203C4F89030D4F8B7
:10715000903023B12046FFF701FFC4F890A0B4F8A7
:107160005E309BB2002BBAD1226852E8003F23F474
:10717000807342E8003123680029F5D103F1080249
:1071800052E8001F1046314040E80012002AF5D1B5
:107190002021C4F88C102267E16E6267012914D1A6
:1071A000E26653E8002F22F0100243E80021002994
:1071B000F7D1DA692046D20648BF1022B4F85C1035
:1071C00048BF1A62FFF7CBFE89E72046FFF7C5FEEE
:1071D00085E7B4F868209A427FF678AF226802F11A
:1071E000080353E8003F23F08053083242E800319F
:1071F00022680029F2D1094B636752E8003F43F04F
:10720000200342E800310029F7D15FE79A6942F094
:1072100008029A615AE700BFFEFFFFEF616F010CA1
:1072200003682DE9F047DD69D3F800909F68D0F836
:107230008C200446222A40F0A780B0F868303BB981
:10724000B4F85E309BB2002B40F08180BDE8F0873F
:107250004FF0000AB0F860804E4E07F00107AB0611
:10726000EED52368A26D596A08EA010122F8021BD3
:10727000A265B4F85E20013A92B2A4F85E20DD69FE
:1072800069072AD0EA070AD519F4807F07D00122BE
:107290001A62D4F8902042F00102C4F89020A807A6
:1072A00008D53FB102221A62D4F8902042F00402BD
:1072B000C4F89020690708D53FB104221A62D4F8B7
:1072C000903043F00203C4F89030D4F8903023B1EA
:1072D0002046FFF743FEC4F890A0B4F85E309BB29E
:1072E000002BBCD1226852E8003F23F4807342E8AF
:1072F000003123680029F5D103F1080252E8001F8C
:107300001046314040E80012002AF5D12021C4F88F
:107310008C102267E16E6267012914D1E26653E89E
:10732000002F22F0100243E800210029F7D1DA698A
:107330002046D20648BF1022B4F85C1048BF1A623B
:10734000FFF70DFE8BE72046FFF707FE87E7B4F84F
:1073500068209A427FF67AAF226802F1080353E868
:10736000003F23F08053083242E8003122680029B0
:10737000F2D1094B636752E8003F43F0200342E833
:1073800000310029F7D161E79A6942F008029A6159
:107390005CE700BFFEFFFFEF0370010CF8B5044689
:1073A0000368C169826800691D680243606902431D
:1073B00075480A43284002431A605A68E06822F47C
:1073C000405202435A60714AA069934205D002F1CB
:1073D000805293421CBF226A10439A6822F06E4288
:1073E00022F4306202439A60DA6A606A22F00F0285
:1073F0000243DA62664A93426ED0A2F57442934227
:1074000000F08F8002F58062934200F08C8002F5DC
:107410008062934200F08980B3F1502F00F08780A2
:1074200002F5C052934200F0848002F5A0529342CC
:1074300000F0818002F5806293427ED002F5806286
:1074400093427CD0A2F5C05293427BD002F5806279
:1074500093427AD002F5C052934279D04D4A93427A
:107460001CD002F1704293424FF0000035D1002150
:1074700000F0B2FD70B3616A474A656832F81120C6
:1074800005EB4501B0FBF2F399420AD901204FF018
:107490000113A3660023C4E91D33F8BD4FF48050E7
:1074A000E5E7B3EB053FF1D80023194602F06EFC87
:1074B0000023064619464FF4807768082A46E6FB03
:1074C000070102F063FC354BA0F540729A42DDD80B
:1074D0002368D8600020DAE70120B1F5004F4FF0B3
:1074E000000138D100F078FD0028F3D0616A2A4B02
:1074F000626833F81130B0FBF3F0530803EB40033C
:10750000B3FBF2F34FF6EF72A3F110019142BDD835
:1075100023F00F02216892B2C3F342031343CB60FE
:10752000D8E70220D9E70420D7E70820D5E71020C4
:10753000D3E72020D1E74020CFE78020CDE74FF4EC
:107540008070CAE74FF40070C7E74FF48060C4E76B
:107550004FF40060C1E700F03FFD0028BAD0616A37
:107560000D4B626833F81130B0FBF3F303EB5203B9
:10757000B3FBF2F34FF6EF72A3F11001914285D8FD
:107580002268D360A6E700BFF369FFCF0024004460
:10759000003801500024005458AF010CFFFC0F00CC
:1075A000836A10B5DA0706D50168C46A4A6822F40E
:1075B000003222434A609C0706D50168046B4A6882
:1075C00022F4803222434A60590706D50168446B91
:1075D0004A6822F4802222434A601A0706D50168CD
:1075E000846B4A6822F4004222434A60DC0606D5D6
:1075F0000168C46B8A6822F4805222438A6099062B
:1076000006D50168046C8A6822F4005222438A601D
:107610005A0610D50168446C4A68B4F5801F22F4FC
:10762000801242EA04024A6005D14A68846C22F45E
:10763000C00222434A601B0606D50268C16C53682B
:1076400023F400230B43536010BD2DE9F843054696
:107650000F4616469846DDF820902A68D36937EA27
:1076600003030CBF01230023B34201D0002029E013
:10767000B9F1FF3FF2D0F9F7F7F9A0EB0800484560
:107680002C6802D8B9F1000F1ED154E8003F23F452
:10769000D07344E80032002AF7D104F1080353E81C
:1076A000003F23F0010304F1080141E80032002A01
:1076B000F3D12023C5F88830C5F88C30002303208F
:1076C00085F88430BDE8F88323685A07C5D5E36997
:1076D0001B05C2D54FF40063236254E8003F23F436
:1076E000D07344E80032002AF7D104F1080353E8CC
:1076F000003F23F0010304F1080141E80032002AB1
:10770000F3D12023C5F88830C5F88C30C5F8903007
:10771000D4E72DE9F7439846D0F888300446202B6B
:107720000E4617464BD100294BD0002A49D003689A
:1077300000259A68120642BF9A6822F080029A6079
:107740002123C0F89050C0F88830F9F78DF9A3686C
:107750008146B3F5805FA4F85470A4F8567003D145
:1077600023690BB935461E46B4F856204B4692B2F3
:10777000CDF8008042B940212046FFF766FF48B9A6
:107780002023C4F8883006E0002280212046FFF73D
:107790005CFF18B1032003B0BDE8F08322685EB936
:1077A00035F8023BC3F308039362B4F85620013A5C
:1077B00092B2A4F85620D7E716F8013BF4E702206E
:1077C000E9E70120E7E773B500260446C0F89060BA
:1077D000F9F74AF9236805461B681A0719D4236884
:1077E0001B685B070AD56FF07E43002200934FF4BD
:1077F00080012B462046FFF728FFB0B90020202348
:1078000084F88400C4F88830C4F88C30E0662067BF
:107810000CE06FF07E43324600934FF400110346B4
:107820002046FFF712FF0028D9D0032002B070BD18
:1078300010B5044650B3D0F888301BB980F88430B6
:10784000FFF78AFB24232268C4F888301368204697
:1078500023F001031360FFF7A1FD012816D0A36AEE
:1078600013B12046FFF79CFE23682046BDE8104078
:107870005A6822F490425A609A6822F02A029A606A
:107880001A6842F001021A60FFF79DBF012010BD87
:10789000002330B581658168A0F85C20B1F5805F78
:1078A000A0F85E20436731D10369002B40F2FF133B
:1078B00018BFFF23A0F860300023C0F890302223C7
:1078C000C0F88C30016801F1080353E8003F43F031
:1078D0000103083141E800340368002CF2D1456E01
:1078E0008468B5F1005F016935D1B0F86850954200
:1078F00031D8B4F5805F29D1C1B1264A426753E837
:10790000002F42F4807243E8002121E029B9036985
:10791000002B0CBFFF237F23CCE7B1F1805FC9D1DF
:107920000369002B0CBF7F233F23C3E71A4A42673A
:1079300003F1080252E8002F42F0805203F10800E0
:1079400040E800210029F3D1002030BD114A4267F0
:107950000029D4D1ECE7B4F5805F16D151B10F4ABC
:10796000426753E8002F42F4907243E80021002957
:10797000F7D1E9E70A4A426753E8002F42F02002B4
:1079800043E800210029F7D1DEE7044A42670029D5
:10799000E7D1F1E7A170010C2172010C616F010CBC
:1079A0000370010C38B5D0F88C30202B21D111B3E5
:1079B0000AB30023C36603689C68650642BF9C68DF
:1079C00024F040049C600D4CA3420ED004F180547E
:1079D000A3420AD05C68240207D553E8004F44F064
:1079E000806443E80045002DF7D1FFF751FF0020E8
:1079F00038BD0220FCE70120FAE700BF0024004464
:107A0000704738B50446002839D0437A03F0FF02A6
:107A100013B90272FFF7F4FF02232268637213683E
:107A2000616823F004031360136823F0804323F09C
:107A300020030B4343F080431360136823F080431B
:107A40001360F9F711F8054623681A68510009D444
:107A50001A6842F004021A605B685A0611D50423C2
:107A600063720CE0F9F700F8401B0428ECD9236896
:107A70001B685800E8D5012363720223E3600120EC
:107A800038BDF8F7F1FF05462368586810F0040088
:107A900003D101236372E060F2E7F8F7E5FF401BD2
:107AA0000428F1D923685B685B07EDD50423E3E77D
:107AB000704770B50446002833D00268136823F07D
:107AC000804323F0200343F080431360136823F0C6
:107AD00080431360F8F7C8FF064623681D6815F059
:107AE00080450FD11A68204622F00C021A605A68AD
:107AF00022F060025A60FFF7DBFF65722846E560FE
:107B000025720FE0F8F7B0FF801B0428E5D9236841
:107B10001B685B00E1D5012363720223E36000234D
:107B20002372012070BD7047002307B501930368DD
:107B30005A68510709D45A6822F040025A60C36853
:107B400023F00803C360002018E01A6842F0804266
:107B50001A601A6822F080421A6004220192019A87
:107B6000013A0192019A62B901234372C368027219
:107B700043F00203C360FFF7D6FF012003B05DF8B6
:107B800004FB1A685200EAD45A68510642BF5A6888
:107B900022F040025A6004220192019A013A0192B5
:107BA000019A002AE0D05A685207F6D4C7E7F8B520
:107BB000037A0446012B0E4643D00123427A037216
:107BC0009A42D5B239D10223437203685B685F06DB
:107BD0001BD4F8F749FF074623685A68D0071CD51D
:107BE0009A6859682261490642BF0822E2605A68D1
:107BF0004FF0000544BF22F001025A604FF001032C
:107C000058BF32606372002315E00823C360FFF79A
:107C10008BFF0128DDD12846F8BDF8F725FFC01BF2
:107C20000428D9D923685B6813F00103D4D1012259
:107C300062720222E2602372EDE704221D46C260F6
:107C4000E1E70225E7E700002DE9F0474A4C054649
:107C5000D4F83490D4F82880A36AD4F828A013F478
:107C60007C5FA66BC3F3052000F0818001F0C6FEA7
:107C7000C6F3CC0607460AF01000704301F0BEFEC2
:107C80004FF0645101F012FF0646C9F3080001F0FD
:107C9000B5FE0146304601F001FE4FF07E5101F085
:107CA000FDFD08F00303022B06465AD0032B5BD0E0
:107CB00023683248C3F3C103D84001F09FFE394620
:107CC00001F0A8FF314601F0F1FE2B4A044610688E
:107CD00010F0007012D0906A10F480300ED0506B0B
:107CE000C0F3462001F08AFE4FF07E5101F0D6FD30
:107CF0000146204601F08EFF02F028F81E4A286057
:107D0000106810F0007012D0906A10F400300ED09D
:107D1000506BC0F3064001F071FE4FF07E5101F050
:107D2000BDFD0146204601F075FF02F00FF8124B31
:107D300068601A6891011CD59A6A520319D5586B6C
:107D4000C0F3066001F05AFE4FF07E5101F0A6FD2F
:107D50000146204601F05EFF01F0F8FFA860BDE893
:107D6000F08739460648ABE739460648A8E7C5E933
:107D700000000020F2E700BF000C02540090D00386
:107D80000024744A20BCBE4B2DE9F047444C054604
:107D9000D4F83C90D4F82C80E36AD4F82CA013F4E7
:107DA0007C5F266CC3F3052077D001F027FEC6F375
:107DB000CC0607460AF01000704301F01FFE4FF09A
:107DC000645101F073FE0646C9F3080001F016FE87
:107DD0000146304601F062FD4FF07E5101F05EFD3C
:107DE00008F00303022B064641D0032B42D0236840
:107DF0002C48C3F3C103D84001F000FE394601F01E
:107E000009FF314601F052FE254B0446D86A10F4B2
:107E100080300ED0D86BC0F3462001F0EFFD4FF05C
:107E20007E5101F03BFD0146204601F0F3FE01F0DA
:107E30008DFF1B4B2860D86A10F400300ED0D86B31
:107E4000C0F3064001F0DAFD4FF07E5101F026FD4F
:107E50000146204601F0DEFE01F078FF104B68601D
:107E6000DA6A520309D40020A860BDE8F0873946D9
:107E70000D48C4E739460D48C1E7D86BC0F306602A
:107E800001F0BCFD4FF07E5101F008FD0146204697
:107E900001F0C0FE01F05AFFE6E7C5E90000E2E7A5
:107EA000000C02540090D0030024744A20BCBE4B46
:107EB0002DE9F047444C0546D4F84490D4F830807E
:107EC000236BD4F830A013F47C5FA66CC3F30520B9
:107ED00077D001F093FDC6F3CC0607460AF01000F8
:107EE000704301F08BFD4FF0645101F0DFFD064659
:107EF000C9F3080001F082FD0146304601F0CEFCD6
:107F00004FF07E5101F0CAFC08F00303022B064635
:107F100041D0032B42D023682C48C3F3C103D8407F
:107F200001F06CFD394601F075FE314601F0BEFDF1
:107F3000254B0446186B10F480300ED0586CC0F3FB
:107F4000462001F05BFD4FF07E5101F0A7FC014699
:107F5000204601F05FFE01F0F9FE1B4B2860186B14
:107F600010F400300ED0586CC0F3064001F046FD0E
:107F70004FF07E5101F092FC0146204601F04AFE8E
:107F800001F0E4FE104B68601A6B520309D4002024
:107F9000A860BDE8F08739460D48C4E739460D486A
:107FA000C1E7586CC0F3066001F028FD4FF07E5128
:107FB00001F074FC0146204601F02CFE01F0C6FEE3
:107FC000E6E7C5E90000E2E7000C02540090D003A8
:107FD0000024744A20BCBE4B7FB500F17E420A43A8
:107FE00003462DD1B54AD2F8F030D2F8F01003F4A0
:107FF0004073890703D5B3F5807F01F08A83D2F8F7
:10800000F020120103D5B3F5007F01F08683AB4A5F
:10801000106810F4003010D0B3F5407F41F0818338
:10802000D36903F47C53B3F5007FC1F07D83D3693A
:10803000A348C3F30523B0FBF3F007B05DF804FBDE
:10804000A0F580120A4300F0C3819E4A904271F16C
:10805000000280F09C80A0F580620A4300F0CB848F
:1080600040F20142904271F100024AD2A0F1200296
:108070000A4300F06483212871F1000223D2092809
:1080800071F1000218D250EA010201F05083431E40
:1080900041F1FF31082B71F1000181F04B83072B77
:1080A00001F24883DFE813F0FF014302460B890227
:1080B000460B460B460BC702A0F110030B4300F022
:1080C000FC820020B9E7A0F580720A4300F0078423
:1080D00040F20112904271F100020BD2A0F1400275
:1080E0000A4300F06E83A0F180030B4300F0B183DC
:1080F0000020A2E7A0F500730B4300F036840020B7
:108100009BE7A0F500420A4300F0E48548F2010233
:10811000904271F100021DD2A0F500520A4300F016
:10812000858542F20102904271F100020BD2A0F566
:1081300000620A4300F0A084A0F580530B4300F0D6
:10814000E184002079E7A0F580430B4300F0988597
:10815000002072E7A0F580220A4300F095865A4A73
:10816000904271F100020BD2A0F580320A4300F078
:108170000B86A0F500330B4300F0268600205CE759
:10818000A0F500230B4300F0DA80002055E7002221
:108190000220814208BF934201F023829A42884123
:1081A00049D303F17040084301F0AA804748834255
:1081B00071F1000021D2A3F500020A4300F06281B0
:1081C000434A934271F100020BD2A3F500120A4315
:1081D00000F0DB84A3F580030B4300F04281002014
:1081E0002BE703F17C420A4301F03F8203F178431D
:1081F0000B4301F03A8000201FE74FF0004091420E
:1082000008BF834201F06381984272EB01000BD3F7
:1082100003F160420A4301F0C88003F140430B437D
:1082200001F01081002008E7012908BF934201F006
:108230009381002001E74020814208BF934200F073
:10824000E3869A42884145D31020814208BF934279
:1082500001F038829A42884129D3042908BF934209
:1082600000F0E1870020082908BF83427FF4E5AED3
:10827000124AD2F8E830D2F8F01003F0C0038907B0
:1082800002D5002B01F0CC82D2F8F020100102D5EB
:10829000402B01F0C982094A106810F400703FF4C5
:1082A000CCAE802B48F2120018BF0020C5E6202972
:1082B00008BF934200F048860020BEE6000C02543E
:1082C00040787D0101001000010004000100001051
:1082D000010080004FF40070814208BF934200F01B
:1082E0008C849A42884122D3802908BF934200F0AF
:1082F000F1860020B1F5807F08BF83427FF49DAEF8
:108300009B4AD2F8DC3003F0E043B3F1405F00F069
:10831000658700F23F87B3F1805F00F05187B3F1CA
:10832000005F00F05587002B00F0F28385E6B1F581
:10833000806F08BF934200F0F68400207DE68C4AEF
:10834000D2F8E83003F4E023B3F5003F18D007D8A3
:108350007BB9002303A80493FFF776FC04986CE62E
:10836000B3F5403F01F0E981B3F5802F0FD0002035
:1083700063E6002368460093FFF706FD00985CE67D
:10838000002303A80393FFF793FD039855E6D2F863
:10839000E830116803F04043880706D52BB913680D
:1083A0007448C3F3C103D84047E6714A1168890590
:1083B00003D5B3F1804F01F0C381106810F4003091
:1083C0003FF43BAEB3F1004F6B4818BF002034E6DA
:1083D000674AD2F8E83003F46013B3F5801F18D071
:1083E00007D87BB9002303A80493FFF72DFC04985A
:1083F00023E6B3F5C01F01F0A681B3F5001F0FD02F
:1084000000201AE6002368460093FFF7BDFC0098A1
:1084100013E6002303A80393FFF74AFD03980CE635
:10842000D2F8E830116803F04043880706D52BB92D
:1084300013685048C3F3C103D840FEE54C4A1168A5
:10844000890503D5B3F1804F01F08081106810F4E5
:1084500000303FF4F2ADB3F1004F474818BF0020A1
:10846000EBE5434BD3F8E4305B0606D4002303A8C6
:108470000493FFF7E9FB0498DFE56846FFF784FC07
:108480000298DAE53A4BD3F8E430180606D4002314
:1084900003A80493FFF7D8FB0498CEE56846FFF7DE
:1084A00073FC0298C9E5324AD2F8D83013F00703BA
:1084B00004D107B05DF804EBFCF7D8BE11680901E0
:1084C00008D5012B06D1002368460193FFF75CFC19
:1084D0000198B2E51268900008D5022B06D100235E
:1084E00003A80493FFF7E4FC0498A6E5204A11686A
:1084F000890707D5032B05D113681E48C3F3C103B1
:10850000D8409AE51268920502D5042B01F021812A
:10851000174AD2F8F00010F002003FF48EADA3F13C
:10852000050CDCF1000343EB0C03D80385E5104A8E
:10853000D2F8D83013F0380304D107B05DF804EB5B
:10854000FCF782BE1268100108D5082B06D1002363
:1085500068460193FFF718FC01986EE5102B0DD1CA
:10856000002303A80493FFF7A3FC049865E500BF6C
:10857000000C02540090D00340787D019B4A1168A2
:10858000890707D5182B05D113689948C3F3C10390
:10859000D84052E51268920502D5202B01F0DC800C
:1085A000924AD2F8F00010F002003FF446ADA3F179
:1085B000280043424341D8033FE58C4AD2F8D830E3
:1085C00013F4E073B9D01168090108D5402B06D126
:1085D000002368460193FFF7D7FB01982DE5126849
:1085E000900008D5802B06D1002303A80493FFF741
:1085F0005FFC049821E57D4A1168890707D5C02BE7
:1086000005D113687A48C3F3C103D84015E5126851
:10861000920503D5B3F5807F01F0A180734AD2F8AB
:10862000F00010F002003FF408ADA3F5A070434243
:108630004341D80301E56D4AD2F8D83013F46063A2
:108640003FF47BAF1168090109D5B3F5007F06D16E
:10865000002368460193FFF797FB0198EDE4126849
:10866000900009D5B3F5806F06D1002303A80493C9
:10867000FFF71EFC0498E0E45C4A1168890708D5FE
:10868000B3F5C06F05D113685948C3F3C103D8408F
:10869000D3E41268920503D5B3F5006F01F0628050
:1086A000524AD2F8F00010F002003FF4C6ACA3F535
:1086B000206043424341D803BFE44C4AD2F8D8304B
:1086C00013F4E0433FF439AF1168090109D5B3F55C
:1086D000805F06D1002368460193FFF755FB0198A0
:1086E000ABE41268900009D5B3F5005F06D1002312
:1086F00003A80493FFF7DCFB04989EE43B4A11684F
:10870000890708D5B3F5405F05D113683848C3F32E
:10871000C103D84091E41268920503D5B3F5804FA8
:1087200001F02380314AD2F8F00010F002003FF44B
:1087300084ACA3F5A04043424341D8037DE42B4AD7
:10874000D2F8D83013F460333FF4F7AE1168090162
:1087500009D5B3F5004F06D1002368460193FFF712
:1087600013FB019869E41268900009D5B3F5803FC6
:1087700006D1002303A80493FFF79AFB04985CE456
:108780001A4A1168890708D5B3F5C03F05D11368A7
:108790001748C3F3C103D8404FE41268920503D5CC
:1087A000B3F5003F00F0E487104AD2F8F00010F073
:1087B00002003FF442ACA3F5203043424341D803CA
:1087C0003BE40A4AD2F8D83013F4E0133FF4B5AED4
:1087D000116809010ED5B3F5802F0BD1002368462F
:1087E0000193FFF7D1FA019827E400BF000C02546F
:1087F0000090D0031268900009D5B3F5002F06D180
:10880000002303A80493FFF753FB049815E4A44A3C
:108810001168890708D5B3F5402F05D11368A14821
:10882000C3F3C103D84008E41268920503D5B3F539
:10883000801F00F0A0879A4AD2F8F00010F00200E2
:108840003FF4FBABA3F5A01043424341D803FFF72D
:10885000F4BB934AD2F8D83013F460033FF46DAE02
:10886000116809010AD5B3F5001F07D10023684636
:108870000193FFF789FA0198FFF7DFBB12689000B8
:108880000AD5B3F5800F07D1002303A80493FFF79F
:108890000FFB0498FFF7D1BB814A1168890709D5FE
:1088A000B3F5C00F06D113687E48C3F3C103D840A7
:1088B000FFF7C3BB1268920503D5B3F5000F00F0B4
:1088C0005D87774AD2F8F00010F002003FF4B5ABB4
:1088D000A3F5200043424341D803FFF7AEBB704AE3
:1088E000D2F8D83013F0E0633FF427AE11680901E5
:1088F0000AD5B3F1807F07D1002368460193FFF7C3
:1089000043FA0198FFF799BB126890000AD5B3F1BA
:10891000007F07D1002303A80493FFF7C9FA049846
:10892000FFF78BBB5E4A1168890709D5B3F1407F19
:1089300006D113685B48C3F3C103D840FFF77DBB82
:108940001268920503D5B3F1806F00F01A87544A7C
:10895000D2F8F00010F002003FF46FAB03F17B405F
:1089600043424341D803FFF768BB4D4AD2F8D830A1
:1089700013F060533FF4E1AD116809010AD5B3F17A
:10898000006F07D1002368460193FFF7FDF90198B6
:10899000FFF753BB126890000AD5B3F1805F07D18F
:1089A000002303A80493FFF783FA0498FFF745BB5D
:1089B0003B4A1168890709D5B3F1C05F06D1136836
:1089C0003848C3F3C103D840FFF737BB126892059C
:1089D00003D5B3F1005F00F0D786314AD2F8F0003A
:1089E00010F002003FF429AB03F1584043424341E9
:1089F000D803FFF722BB2A4AD2F8DC3013F0070372
:108A00003FF49BAD1168090109D5012B07D1002363
:108A100068460193FFF7B8F90198FFF70EBB12689B
:108A2000900009D5022B07D1002303A80493FFF778
:108A30003FFA0498FFF701BB194A1168890708D566
:108A4000032B06D113681748C3F3C103D840FFF7BF
:108A5000F4BA1268920502D5042B00F09886104AE9
:108A6000D2F8F00010F002003FF4E7AA581F43428A
:108A70004341D803FFF7E1BA094AD2F8DC3013F0DA
:108A800070033FF45AAD116809010DD5102B0BD1BD
:108A9000002368460193FFF777F90198FFF7CDBAF5
:108AA000000C02540090D0031268900009D5202BCE
:108AB00007D1002303A80493FFF7FAF90498FFF7FE
:108AC000BCBAAE4A1168890708D5302B06D11368A5
:108AD000AB48C3F3C103D840FFF7AFBA12689205A1
:108AE00002D5402B00F05686A44AD2F8F00010F0D0
:108AF00002003FF4A2AAA3F1500043424341D8032D
:108B0000FFF79BBA9D4AD2F8E03013F0E06304D13E
:108B100007B05DF804EBFCF7BBBBB3F1807F07D176
:108B2000002368460193FFF72FF90198FFF785BAF4
:108B3000B3F1007F07D1002303A80493FFF7B8F92E
:108B40000498FFF77ABA1168890709D5B3F1407F15
:108B500006D113688A48C3F3C103D840FFF76DBA42
:108B6000864A1168880503D5B3F1806F00F0158639
:108B7000D2F8F00010F002003FF45FAA03F17B414D
:108B80004B424B41D803FFF758BA7C4AD2F8E83041
:108B900013F0070304D107B05DF804EBFCF73EBB0C
:108BA000012B04D107B05DF804EBFCF781BA022B6E
:108BB00005D16846FFF7E8F80298FFF73EBA126859
:108BC000920302D5032B00F0EB856C4A11688807ED
:108BD00008D5042B06D113686948C3F3C103D840F4
:108BE000FFF72BBA106810F400703FF426AA052B8B
:108BF000644818BF0020FFF720BA604AD2F8E83076
:108C0000D2F8F01003F00803890702D5002B00F01A
:108C1000CA85D2F8F00010F000603FF40EAA002BD5
:108C200014BF4FF4FA400020FFF707BA534AD2F8B6
:108C3000E43013F440333FF480ACB3F5803F05D10A
:108C400003A8FFF735F90598FFF7F7B9116888070A
:108C500009D5B3F5003F06D113684948C3F3C103F2
:108C6000D840FFF7EAB9454A106810F400703FF4A5
:108C7000E4A9B3F5403F434818BF0020FFF7DDB932
:108C80003E4AD2F8E43013F440233FF456ACB3F537
:108C9000802F05D103A8FFF70BF90598FFF7CDB991
:108CA0001168890709D5B3F5002F06D11368344838
:108CB000C3F3C103D840FFF7C0B9304A106810F4BD
:108CC00000703FF4BAA9B3F5402F2E4818BF00201A
:108CD000FFF7B3B9294AD2F8E43013F440133FF454
:108CE00017AFB3F5801F05D103A8FFF7E1F805988A
:108CF000FFF7A3B91168880709D5B3F5001F06D19E
:108D000013681F48C3F3C103D840FFF796B9106832
:108D100010F400703FF491A9B3F5401F194818BF33
:108D20000020FFF78AB9154AD2F8E43013F4400363
:108D30003FF4EEAEB3F5800F05D103A8FFF7B8F806
:108D40000598FFF77AB91168890709D5B3F5000FBF
:108D500006D113680A48C3F3C103D840FFF76DB9C1
:108D6000064A106810F400703FF467A9B3F5400F8D
:108D7000044818BF0020FFF760B900BF000C025480
:108D80000090D00300093D00B24AD2F8E43013F05D
:108D900040733FF4D2ABB3F1807F05D103A8FFF756
:108DA00087F80598FFF749B9106810F002003FF402
:108DB00044A9B3F1007F40F0FA841368A648C3F3D6
:108DC000C103D840FFF739B9A24AD2F8DC3003F426
:108DD000E063B3F5407F23D00BD8B3F5807F11D08B
:108DE000B3F5007F16D0002B3FF492AE0020FFF7C2
:108DF00024B9B3F5806F1AD0B3F5A06F21D000204D
:108E0000FFF71BB9002368460093FEF7BDFF0098EB
:108E1000FFF713B903A8FFF74BF80598FFF70DB953
:108E2000D2F8F000C0F34000C003FFF706B9D2F853
:108E3000F03013F0006F14BF4FF4FA400020FFF73A
:108E4000FCB8D2F8E830116803F04043880707D532
:108E500033B913688048C3F3C103D840FFF7EDB8B6
:108E60007C4A1168890503D5B3F1804F00F0A284D4
:108E7000106810F400303FF4E0A8B3F1004F7748D9
:108E800018BF0020FFF7D9B8724AD2F8DC3003F4DB
:108E9000E043B3F5405F23D00BD8B3F5805F11D02A
:108EA000B3F5005F16D0002B3FF447AB0020FFF76F
:108EB000C4B8B3F5804F1AD0B3F5A04F21D000202D
:108EC000FFF7BBB8002368460093FEF75DFF0098EC
:108ED000FFF7B3B803A8FEF7EBFF0598FFF7ADB8AF
:108EE000D2F8F000C0F34000C003FFF7A6B8D2F8F4
:108EF000F03013F0006F14BF4FF4FA400020FFF77A
:108F00009CB8D2F8E830116803F04043880707D5D1
:108F100033B913685048C3F3C103D840FFF78DB885
:108F20004C4A1168890503D5B3F1804F00F04584A0
:108F3000106810F400303FF480A8B3F1004F4748A8
:108F400018BF0020FFF779B8424AD2F8DC3003F4AA
:108F5000E023B3F5403F23D00BD8B3F5803F11D0C9
:108F6000B3F5003F16D0002B3FF4D2AD0020FFF741
:108F700064B8B3F5802F1AD0B3F5A02F21D000200C
:108F8000FFF75BB8002368460093FEF7FDFE0098EC
:108F9000FFF753B803A8FEF78BFF0598FFF74DB80E
:108FA000D2F8F000C0F34000C003FFF746B8D2F893
:108FB000F03013F0006F14BF4FF4FA400020FFF7B9
:108FC0003CB8D2F8E830116803F04043880707D571
:108FD00033B913682048C3F3C103D840FFF72DB855
:108FE0001C4A1168890503D5B3F1804F00F0E8836E
:108FF000106810F400303FF420A8B3F1004F174878
:1090000018BF0020FFF719B8124AD2F8DC3003F479
:10901000E003B3F5401F29D00BD8B3F5801F11D062
:10902000B3F5001F1CD0002B3FF472AD0020FFF7FA
:1090300004B8B3F5800F20D0B3F5A00F27D00020DF
:10904000FEF7FBBF002368460093FEF79DFE0098E5
:10905000FEF7F3BF000C02540090D00340787D016E
:1090600003A8FEF725FF0598FEF7E7BFD2F8F0004A
:10907000C0F34000C003FEF7E0BFD2F8F03013F0B9
:10908000006F14BF4FF4FA400020FEF7D6BFD2F8AD
:10909000E830116803F04043880707D533B91368F7
:1090A000AC48C3F3C103D840FEF7C7BFAA4A116852
:1090B000890503D5B3F1804F00F08583106810F463
:1090C00000303EF4BAAFB3F1004FA44818BF0020FF
:1090D000FEF7B3BFA04AD2F8DC3003F0E063B3F18F
:1090E000407F23D00BD8B3F1807F11D0B3F1007F44
:1090F00016D0002B3FF40CAD0020FEF79EBFB3F15D
:10910000806F1AD0B3F1A06F21D00020FEF795BF79
:10911000002368460093FEF737FE0098FEF78DBFE8
:1091200003A8FEF7C5FE0598FEF787BFD2F8F0004A
:10913000C0F34000C003FEF780BFD2F8F03013F058
:10914000006F14BF4FF4FA400020FEF776BFD2F84C
:10915000E830116803F04043880707D533B9136836
:109160007C48C3F3C103D840FEF767BF7A4A116851
:10917000890503D5B3F1804F00F02883106810F4FF
:1091800000303EF45AAFB3F1004F744818BF0020CE
:10919000FEF753BFB3F1804F27D0B3F1A04F7EF459
:1091A0004CAFD2F8E830116803F04043880726D569
:1091B0002BBB13686748C3F3C103D840FEF73DBF1C
:1091C000002368460093FEF7DFFD0098FEF735BFE9
:1091D00003A8FEF76DFE0598FEF72FBFD2F8F0004A
:1091E000C0F34000C003FEF728BFD2F8F03013F000
:1091F000006F14BF4FF4FA400020FEF71EBF564A1E
:109200001168890503D5B3F1804F00F0E282106840
:1092100010F400303EF411AFB3F1004F4F4818BFC7
:109220000020FEF70ABF4C4AD2F8E830126803F477
:109230004073900302D5002B00F0CE82B3F5807FFF
:1092400007D1002303A80493FEF7FEFC0498FEF761
:10925000F4BEB3F5007F40F0C2820023684601935C
:10926000FEF792FD0198FEF7E8BE3B4AD2F8E030E7
:1092700003F00703042B00F2B582DFE803F0060ECB
:1092800016031E003648FEF7D8BE002303A8049339
:10929000FEF7DAFC0498FEF7D0BE00236846009380
:1092A000FEF772FD0098FEF7C8BE002303A80393E3
:1092B000FEF7FEFD0398FEF7C0BED2F8E830116855
:1092C00003F04043890707D533B913682148C3F336
:1092D000C103D840FEF7B1BE1F4A1168880503D507
:1092E000B3F1804F00F08182106810F400303EF43A
:1092F000A4AEB3F1004F194818BF0020FEF79DBE81
:10930000154AD2F8E03003F03803102B19D008D8F2
:109310007BB9002303A80493FEF796FC0498FEF79C
:109320008CBE182B00F06482202B1BD00020FEF78F
:1093300084BE002368460093FEF726FD0098FEF7E2
:109340007CBE002303A80393FEF7B2FD0398FEF74B
:1093500074BE00BF0090D003000C025440787D0121
:109360000080BB00D2F8E830116803F04043890761
:1093700007D533B91368A548C3F3C103D840FEF736
:109380005CBEA34A1168880503D5B3F1804F00F095
:109390003282106810F400303EF44FAEB3F1004F4B
:1093A0009C4818BF0020FEF748BE994AD2F8E0302A
:1093B00003F4E073802B1AD008D883B9002303A8E4
:1093C0000493FEF741FC0498FEF737BEC02B00F073
:1093D0001582B3F5807F12D00020FEF72EBE002349
:1093E00068460093FEF7D0FC0098FEF726BE0023E7
:1093F00003A80393FEF75CFD0398FEF71EBED2F8A8
:10940000E830116803F04043890707D533B9136882
:109410007E48C3F3C103D840FEF70FBE7C4A1168F3
:10942000880503D5B3F1804F00F0EB81106810F48C
:1094300000303EF402AEB3F1004F764818BF002072
:10944000FEF7FBBD724AD2F8E03013F460633FF4DC
:1094500030A8116809010AD5B3F5007F07D10023B0
:1094600068460193FEF790FC0198FEF7E6BD12688E
:1094700090000AD5B3F5806F07D1002303A80493A9
:10948000FEF716FD0498FEF7D8BD614A11688907FA
:1094900009D5B3F5C06F06D113685C48C3F3C103A7
:1094A000D840FEF7CABD1268900503D5B3F5006F2A
:1094B00000F0AA81564A106810F400303EF4BDADA9
:1094C000B3F5206F534818BF0020FEF7B6BD504AD1
:1094D000D2F8E03013F4E0433FF41AAB116809010D
:1094E0000AD5B3F5805F07D1002368460193FEF7E4
:1094F0004BFC0198FEF7A1BD126890000AD5B3F5A8
:10950000005F07D1002303A80493FEF7D1FC049861
:10951000FEF793BD3E4A1168890709D5B3F5405F50
:1095200006D113683948C3F3C103D840FEF785BD9F
:109530001268900503D5B3F5804F00F06881344A76
:10954000106810F400303EF478ADB3F5A04F314808
:1095500018BF0020FEF771BD2D4AD2F8E03013F499
:1095600060333EF4A6AF116809010AD5B3F5004F88
:1095700007D1002368460193FEF706FC0198FEF729
:109580005CBD126890000AD5B3F5803F07D1002377
:1095900003A80493FEF78CFC0498FEF74EBD1C4A0A
:1095A0001168890709D5B3F5C03F06D1136817487C
:1095B000C3F3C103D840FEF740BD1268900503D540
:1095C000B3F5003F00F02681114A106810F4003016
:1095D0003EF433ADB3F5203F0E4818BF0020FEF730
:1095E0002CBD0B4AD2F8E43003F00303022B13D056
:1095F000032B17D0012B7FF4CEAA002303A80493DA
:10960000FEF722FB0498FEF718BD00BF0090D003C0
:10961000000C025440787D016846FEF7B5FB0298C5
:10962000FEF70BBDD2F8E830116803F0404389071C
:1096300007D533B913688248C3F3C103D840FEF796
:10964000FCBC804A1168880503D5B3F1804F00F057
:10965000E480106810F400303EF4EFACB3F1004F3A
:10966000794818BF0020FEF7E8BC764AD2F8E83007
:10967000116803F03003890402D5002B00F0D88074
:109680001268920109D5102B07D1002303A8049377
:10969000FEF7DAFA0498FEF7D0BC6A4AD2F8F01066
:1096A000880702D5202B00F0C680D2F8F00010F019
:1096B00000603EF4C2AC302B0CBF4FF4FA400020E7
:1096C000FEF7BBBC5F4AD2F8E43003F03003102B46
:1096D00007D1002303A80493FEF7B6FA0498FEF717
:1096E000ACBC1168890009D5202B07D1002303A841
:1096F0000493FEF7DDFB0498FEF79FBC106810F49E
:1097000000503EF49AAC302B504818BF0020FEF7B2
:1097100094BC4FF40040FEF790BC4FF4FA40FEF7C3
:109720008CBC0020FEF789BC0020FEF786BC002020
:10973000FEF783BC0020FEF780BC4548FEF77DBCE9
:109740004448FEF77ABC4248FEF777BC4148FEF732
:1097500074BC4048FEF771BC3E48FEF76EBC3D4805
:10976000FEF76BBC3B48FEF768BC3A48FEF765BCA9
:109770003848FEF762BC3748FEF75FBC3548FEF755
:109780005CBC3448FEF759BC3248FEF756BC314841
:10979000FEF753BC2F48FEF750BC2E48FEF74DBCD9
:1097A0002948FEF74ABC4FF40040FEF746BC0020B3
:1097B000FEF743BC2748FEF740BC2648FEF73DBCF9
:1097C0002448FEF73ABC2348FEF737BC2148FEF791
:1097D00034BC2048FEF731BC1B48FEF72EBC0020ED
:1097E000FEF72BBC0020FEF728BC1A48FEF725BC6C
:1097F0001748FEF722BC1748FEF71FBC1448FEF7B7
:109800001CBC1448FEF719BC1248FEF716BC1148E0
:10981000FEF713BC0F48FEF710BC0E48FEF70DBC58
:109820004FF40040FEF709BC4FF4FA40FEF705BCC8
:109830000648FEF702BC4FF40040FEF7FEBB00BF37
:109840000090D003000C025440787D01006CDC02D3
:109850000080BB0000093D002DE9E04F2746A046EF
:10986000A146A246A346A446A2B02DEC000A84F36A
:10987000008825462646A447EFF3148515F0080F07
:1098800018BFB0EE400A3DEC000A22B0BDE8E08F00
:1098900080F0004002E000BF81F0004142001FBFA5
:1098A0005FEA410392EA030F7FEA226C7FEA236CAE
:1098B0006AD04FEA1262D2EB1363C1BFD2184140A3
:1098C00048404140B8BF5B42192B88BF704710F039
:1098D000004F40F4000020F07F4018BF404211F0DC
:1098E000004F41F4000121F07F4118BF494292EA44
:1098F000030F3FD0A2F1010241FA03FC10EB0C0070
:10990000C3F1200301FA03F100F0004302D54942FC
:1099100060EB4000B0F5000F13D3B0F1807F06D3A9
:1099200040084FEA310102F10102FE2A51D2B1F1A1
:10993000004F40EBC25008BF20F0010040EA030096
:109940007047490040EB0000013A28BFB0F5000F16
:10995000EDD2B0FA80FCACF1080CB2EB0C0200FACC
:109960000CF0AABF00EBC25052421843BCBFD0401B
:109970001843704792F0000F81F4000106BF80F495
:1099800000000132013BB5E74FEA41037FEA226C58
:1099900018BF7FEA236C21D092EA030F04D092F023
:1099A000000F08BF0846704790EA010F1CBF002057
:1099B000704712F07F4F04D1400028BF40F00040B4
:1099C000704712F100723CBF00F50000704700F0D4
:1099D000004343F0FE4040F4000070477FEA2262FB
:1099E00016BF08467FEA23630146420206BF5FEACC
:1099F000412390EA010F40F4800070474FF00003CC
:109A000004E000BF10F0004348BF40425FEA000C92
:109A100008BF704743F0964301464FF000001CE03A
:109A200050EA010208BF70474FF000030AE000BF90
:109A300050EA010208BF704711F0004302D54042CE
:109A400061EB41015FEA010C02BF84460146002040
:109A500043F0B64308BFA3F18053A3F50003BCFA5B
:109A60008CF2083AA3EBC25310DB01FA02FC634408
:109A700000FA02FCC2F12002BCF1004F20FA02F20F
:109A800043EB020008BF20F00100704702F1200202
:109A900001FA02FCC2F1200250EA4C0021FA02F263
:109AA00043EB020008BF20EADC7070474FF0FF0C68
:109AB0001CEAD0521EBF1CEAD15392EA0C0F93EA63
:109AC0000C0F6FD01A4480EA010C400218BF5FEA05
:109AD00041211ED04FF0006343EA501043EA511178
:109AE000A0FB01310CF00040B1F5000F3EBF490072
:109AF00041EAD3715B0040EA010062F17F02FD2A76
:109B00001DD8B3F1004F40EBC25008BF20F0010058
:109B1000704790F0000F0CF0004C08BF49024CEA6F
:109B2000502040EA51207F3AC2BFD2F1FF0340EA01
:109B3000C250704740F400004FF00003013A5DDC72
:109B400012F1190FDCBF00F000407047C2F10002B3
:109B5000410021FA02F1C2F1200200FA02FC5FEAA0
:109B6000310040F1000053EA4C0308BF20EADC70EA
:109B7000704792F0000F00F0004C02BF400010F45C
:109B8000000F013AF9D040EA0C0093F0000F01F009
:109B9000004C02BF490011F4000F013BF9D041EA2B
:109BA0000C018FE70CEAD15392EA0C0F18BF93EA2D
:109BB0000C0F0AD030F0004C18BF31F0004CD8D157
:109BC00080EA010000F00040704790F0000F17BFDE
:109BD00090F0004F084691F0000F91F0004F14D024
:109BE00092EA0C0F01D142020FD193EA0C0F03D17C
:109BF0004B0218BF084608D180EA010000F000407F
:109C000040F0FE4040F40000704740F0FE4040F459
:109C1000400070474FF0FF0C1CEAD0521EBF1CEAF8
:109C2000D15392EA0C0F93EA0C0F69D0A2EB030216
:109C300080EA010C49024FEA402037D04FF08053B0
:109C400043EA111143EA10130CF000408B4238BF75
:109C50005B0042F17D024FF4000C8B4224BF5B1A83
:109C600040EA0C00B3EB510F24BFA3EB510340EAD1
:109C70005C00B3EB910F24BFA3EB910340EA9C007F
:109C8000B3EBD10F24BFA3EBD10340EADC001B01EF
:109C900018BF5FEA1C1CE0D1FD2A3FF650AF8B4293
:109CA00040EBC25008BF20F0010070470CF0004CA0
:109CB0004CEA50207F32C2BFD2F1FF0340EAC250CB
:109CC000704740F400004FF00003013A37E792F08C
:109CD000000F00F0004C02BF400010F4000F013AEA
:109CE000F9D040EA0C0093F0000F01F0004C02BFE5
:109CF000490011F4000F013BF9D041EA0C0195E74E
:109D00000CEAD15392EA0C0F08D142027FF47DAFE6
:109D100093EA0C0F7FF470AF084676E793EA0C0FD6
:109D200004D14B023FF44CAF08466EE730F0004CD4
:109D300018BF31F0004CCAD130F000427FF45CAF64
:109D400031F000437FF43CAF5FE700BF42000ED22A
:109D5000B2F1FE4F0BD34FF09E03B3EB126209D466
:109D60004FEA002343F0004323FA02F070474FF01C
:109D70000000704712F1610F01D1420202D14FF091
:109D8000FF3070474FF00000704700BF53B94AB929
:109D9000002908BF00281CBF4FF0FF314FF0FF30F3
:109DA00000F0B2B9ADF1080C6DE904CE00F006F890
:109DB000DDF804E0DDE9022304B070472DE9F04F3F
:109DC0008C46099E04460F46002B48D18A42154610
:109DD0005ED9B2FA82F33BB1C3F120029F409D40AD
:109DE0009C4020FA02F217434FEA154E1FFA85FCF9
:109DF000220CB7FBFEF10EFB117701FB0CF042EADF
:109E00000742904207D9AA1801F1FF3702D29042C7
:109E100000F258813946121AA4B2B2FBFEF00EFBD2
:109E2000102200FB0CFC44EA0244A4450BD92C1977
:109E300000F1FF322CBF01270027A44502D9002FD3
:109E400000F04381104640EA0140A4EB0C040021DD
:109E50001EB1DC400023C6E90043BDE8F08F8B4211
:109E600006D90EB1C6E9000100210846BDE8F08F11
:109E7000B3FA83F1002951D16345C0F016818242C3
:109E800040F213810846002EE7D0C6E90047E4E718
:109E9000002A00F0AF80B2FA82F3002B40F0C280BB
:109EA0008A1A4FEA154EAFB20121200CB2FBFEFC1C
:109EB0000EFB1C2240EA024207FB0CF090420ED936
:109EC000AA180CF1FF382CBF4FF001094FF0000920
:109ED000904203D9B9F1000F00F0F080C446121A85
:109EE000A4B2B2FBFEF00EFB102200FB07F744EA1F
:109EF0000244A7420ED92C1900F1FF322CBF4FF0BB
:109F0000010E4FF0000EA74203D9BEF1000F00F082
:109F1000D2801046E41B40EA0C4099E7C1F12005CD
:109F20008B400CFA01F400FA01F922FA05F72CFA39
:109F300005FC8A401F4320FA05F3380C23431FFA1F
:109F400087FE1C0CBCFBF0F800FB18CC44EA0C4468
:109F500008FB0EFCA4450ED93C1908F1FF3A2CBFB2
:109F60004FF0010B4FF0000BA44503D9BBF1000FDC
:109F700000F0B880D046A4EB0C041FFA83FCB4FBBD
:109F8000F0F300FB134403FB0EFE4CEA0444A64529
:109F90000ED93C1903F1FF302CBF4FF0010C4FF0EC
:109FA000000CA64503D9BCF1000F00F09F800346CA
:109FB00043EA0840A4EB0E04A0FB02EC64457346A0
:109FC000E04602D307D1F14505D2BEEB02036CEBAC
:109FD000070C0138E0465EB1B9EB030264EB0804FC
:109FE00004FA05F522FA01F3CC401D43C6E90054FA
:109FF000002132E742082F464B08AC4642EAC172C4
:10A00000AE46C407110C92B241EA034142EA014252
:10A01000B1FBF5F1B3FBF5F01F23A2EB0C0241EA13
:10A02000004142E79D40C3F1200299409C402CFA38
:10A0300002FC4FEA154E20FA02F2AFB2BCFBFEF86A
:10A040000A430EFB18CC110C41EA0C4108FB07FC3B
:10A050008C4550D9691808F1FF302CBF4FF0010929
:10A060004FF000098C4502D9B9F1000F30D0A1EBB7
:10A070000C01B1FBFEF808FB07FC0EFB181192B2B5
:10A0800042EA0142624534D2AA1808F1FF312CBFDE
:10A090004FF001094FF000096245BED2B9F1000F3F
:10A0A000BBD1A8F102012A44B7E7841A6CEB030282
:10A0B00001201746E7E62C4402382BE7ACF1020CEE
:10A0C0002A440CE702392A44A5E62C440238BAE6B1
:10A0D000A5EB0C0CA8F102006144B1FBFEF808FBF3
:10A0E00007FCCAE7A8F102083C4444E7023B3C44B1
:10A0F0005EE7414691E7A1EB0C014046B1FBFEF85B
:10A1000008FB07FCB9E700BF704700BFC4B0010CF3
:10A11000000004302E0000000000000000000000DD
:10A1200000000000B800043024120000000000000D
:10A130000000000001000000020000000400000018
:10A14000040000000164000080AD010C0040040028
:10A150000000080003650000C8AD010C00001000FD
:10A16000000008000264000080AD010C0000100037
:10A170000000100004650000C8AD010C00001800CC
:10A1800000001000EDFEDEC0F4B4A4DE52220C0E7E
:10A190002B2171CDFAAE6B3166DDBD58FBCACAA664
:10A1A00076AC8DD26FC81E0FCD1514ADC645C496C2
:10A1B0003FF1955329909270738A8CFE33C8B14E4B
:10A1C000000BC0B38B7DD9D20A506C6174666F727C
:10A1D0006D20696E6974206661696C65640A000AA5
:10A1E0004F54502073797374656D20696E6974697A
:10A1F000616C697A6174696F6E206661696C65640F
:10A200000A000A50726F766973696F6E696E672013
:10A21000726571756972656420636865636B206639
:10A2200061696C65640A000A50726F766973696FC0
:10A230006E696E67206661696C65640A000A457222
:10A24000726F72207768696C6520696E69746961E4
:10A250006C697A696E6720746865207365637572CE
:10A2600069747920636F756E7465720A000A506CA8
:10A270006174666F726D20706F737420696E69749B
:10A28000206661696C65640A000A5053412043727C
:10A290007970746F20696E6974206661696C656499
:10A2A0002077697468206572726F7220636F6465CD
:10A2B0002025640A000A5072652D6C6F616420735A
:10A2C00074657020666F7220696D61676520256412
:10A2D000206661696C65640A000A556E61626C658E
:10A2E00020746F2066696E6420626F6F7461626CA7
:10A2F0006520696D6167650A000A506F73742D6C83
:10A300006F6164207374657020666F7220696D617F
:10A310006765202564206661696C65640A000A61CE
:10A320007265612025642073697A6520307825780C
:10A33000206E6F7420646976697369626C6520624F
:10A340007920736563746F722073697A6520307841
:10A3500025780A000A666C61736820617265612065
:10A36000256420736563746F7220636F756E74204B
:10A370006F766572666C6F770A000A496D61676572
:10A380002025643A2053504920646F776E6C6F61CA
:10A3900064206F70656E20666F72206572617365F0
:10A3A000206661696C65640A000A496D6167652011
:10A3B00025643A2053504920646F776E6C6F616456
:10A3C000206572617365206661696C65642028256B
:10A3D00064290A007072696D617279007365636F38
:10A3E0006E64617279000A496E73756666696369A5
:10A3F000656E742076657273696F6E20696E207366
:10A4000065636F6E6461727920736C6F740A000A01
:10A41000496D61676520696E207468652025732029
:10A42000736C6F74206973206E6F742076616C6931
:10A4300064210A000A4661696C656420746F206FAC
:10A4400070656E20666C6173682061726561732C43
:10A450002063616E6E6F7420636F6E74696E7565D4
:10A460000A000A536563757269747920636F756EAB
:10A4700074657220757064617465206661696C65CD
:10A480006420616674657220696D6167652075700E
:10A4900067726164653A2025640A000A70616E691A
:10A4A00063210A000A536563757269747920636FCA
:10A4B000756E74657220757064617465206661697B
:10A4C0006C656420616674657220696D61676520E2
:10A4D00025642076616C69646174696F6E3A202529
:10A4E000640A000A4661696C656420746F206164C7
:10A4F0006420696D616765206461746120746F20F8
:10A5000073686172656420617265610A000A466160
:10A51000696C656420746F20616464206461746197
:10A5200020746F20736861726564206D656D6F7251
:10A530007920617265612E0A000A4661696C656462
:10A5400020746F206F70656E20666C617368206187
:10A550007265612049442025642028696D61676522
:10A5600020256420736C6F7420257A75293A202584
:10A57000640A000A496D61676520736563757269D5
:10A58000747920636F756E7465722076616C756581
:10A59000202575206C6F776572207468616E206D60
:10A5A0006F6E6F746F6E69632076616C75652025C0
:10A5B000750A000A696E76616C696420666C617365
:10A5C000682049442025643B206578706563746584
:10A5D000642025640A000A4572726F7220776869E8
:10A5E0006C6520756E696E697469616C697A696EF3
:10A5F0006720466C61736820496E7465726661639A
:10A60000650A000A4572726F72207768696C65206E
:10A61000696E697469616C697A696E6720524E4728
:10A620002049700A000A4572726F72207768696C5F
:10A630006520696E697469616C697A696E67204822
:10A640005720616363656C657261746F7220497035
:10A650000A000A4572726F72207768696C6520691A
:10A660006E697469616C697A696E6720466C6173A2
:10A670006820496E746572666163650A000A53500A
:10A6800049204E4F5220696E6974206661696C657D
:10A69000643B20636F6E74696E75652077697468BA
:10A6A00020696E7465726E616C207072696D617282
:10A6B000790A000A556E6578706563746564207662
:10A6C000616C756520666F7220545A454E0A000A07
:10A6D000556E65787065637465642076616C756528
:10A6E00020666F7220737761702062616E6B2063E9
:10A6F0006F6E66696775726174696F6E0A000A55DC
:10A700006E65787065637465642076616C7565202C
:10A71000666F7220424F4F542055424520636F6E42
:10A7200066696775726174696F6E0A000A556E65B5
:10A73000787065637465642076616C756520666FFA
:10A74000722053454320424F4F5420416464726548
:10A7500073730A000A556E657870656374656420CA
:10A7600076616C756520666F7220736563757265BE
:10A7700020666C6173682070726F74656374696FB2
:10A780006E3A2073657420776D736563310A000A31
:10A79000556E65787065637465642076616C756567
:10A7A00020666F722077726974652070726F7465AD
:10A7B0006374696F6E203A2073657420777270310C
:10A7C0000A000A556E657870656374656420766169
:10A7D0006C756520666F7220686964652070726FA1
:10A7E00074656374696F6E203A20736574206864C1
:10A7F00070310A000A556E6578706563746564206F
:10A8000076616C756520666F72205352414D32201F
:10A8100045524153452061742052657365740A00A6
:10A820000A556E65787065637465642076616C7531
:10A830006520666F72205352414D32204543430AD2
:10A84000000A4572726F72207768696C65207365C3
:10A850007474696E67204F422042616E6B312063D1
:10A860006F6E6669670A000A4572726F72207768B8
:10A87000696C6520657865637574696F6E204F42F9
:10A880005F4C61756E63680A000A556E6578706585
:10A89000637465642076616C756520666F72205301
:10A8A000454320424F4F54204C4F434B0A000A5718
:10A8B0003235204750494F202573204A45444543AF
:10A8C00020253032783A253032783A2530327820D7
:10A8D000286578706563742065663A34303A31369D
:10A8E000290A000A573235513332204A454445433C
:10A8F000206D69736D61746368202D205350492069
:10A900004E4F52206E6F7420726561647920282545
:10A910003032783A253032783A25303278290A00B8
:10A920005041352F5041362F5041372043533D5031
:10A93000423200504531322F504531332F5045318E
:10A94000342043533D50453131005041352F504163
:10A95000362F5041372043533D504334005B556EF2
:10A96000737570706F727465645D005B4552525D03
:10A97000005B4E4F545D005B57524E5D005B494E8D
:10A98000465D005B5645525D00000000010000007E
:10A9900000000002000000000000000000000000B5
:10A9A00000000000000000000000000000000000A7
:10A9B0000000000000000000000000000000000097
:10A9C0000000000000000000000000000000000087
:10A9D0000000000000000000000000000000000077
:10A9E0000000000000000000000000000000000067
:10A9F0000000000000000000000000000000000057
:10AA00000000000000000000000000000000000046
:10AA10000000000000000000000000000000000036
:10AA20000000000000000000000000000000000026
:10AA30000000000000000000000000000000000016
:10AA40000000000000000000000000000000000006
:10AA500000000000000000000000000000000000F6
:10AA600000000000000000000000000000000000E6
:10AA700000000000000000000000000000000000D6
:10AA800000000000000000000002000000000000C4
:10AA900000000000000000000C00000000000000AA
:10AAA00000000000000000000000000000000000A6
:10AAB0000000000400000000000000000000000092
:10AAC0000000000000000000000000000000000086
:10AAD0000000000000000000000000000000000076
:10AAE000000000000000000004010403040204014F
:10AAF0000401040301040304010410002DE15D2995
:10AB0000410B8D77679C110F1F8A06082A8648CE55
:10AB10003D03010706072A8648CE3D0201101414A2
:10AB200000001C2030401C2000001C203040000091
:10AB3000982F8A4291443771CFFBC0B5A5DBB5E9A8
:10AB40005BC25639F111F159A4823F92D55E1CAB1C
:10AB500098AA07D8015B8312BE853124C37D0C55AA
:10AB6000745DBE72FEB1DE80A706DC9B74F19BC1F2
:10AB7000C1699BE48647BEEFC69DC10FCCA10C24E2
:10AB80006F2CE92DAA84744ADCA9B05CDA88F976C6
:10AB900052513E986DC631A8C82703B0C77F59BF30
:10ABA000F30BE0C64791A7D55163CA06672929145C
:10ABB000850AB72738211B2EFC6D2C4D130D3853F9
:10ABC00054730A65BB0A6A762EC9C281852C7292BB
:10ABD000A1E8BFA24B661AA8708B4BC2A3516CC7E9
:10ABE00019E892D1240699D685350EF470A06A1022
:10ABF00016C1A419086C371E4C774827B5BCB03471
:10AC0000B30C1C394AAAD84E4FCA9C5BF36F2E680E
:10AC1000EE828F746F63A5781478C8840802C78C9D
:10AC2000FAFFBE90EB6C50A4F7A3F9BEF27871C6A0
:10AC30006BFF79FF79FF7CFF000000000A5695CE7C
:10AC40005753F2DD5CE419BAE4B84A8B25F321DDF1
:10AC50008886E8D2855D882518FF71853C14A9187F
:10AC6000D430E77901B6ED5FFC95BA7510256277AF
:10AC70002B73FB79C65537A5765F9018DFBDC429C5
:10AC800062DF9CD890308478CD05F0ACD62E21F7C9
:10AC9000AB20A2E5344887041D0630DC512563FC57
:10ACA000C2CAB9F3849E17A7ADFAE6BCFFFFFFFF47
:10ACB000FFFFFFFF00000000FFFFFFFFA2EE79BED5
:10ACC000954C2483A66FBD499C79994659EC6B2B12
:10ACD00039B245282056D9F3942DE1664FBC00EED9
:10ACE000FFFFFFFFFFFFFFFFFFFFFFFF0000000070
:10ACF000000000000000000001000000FFFFFFFF57
:10AD00000300000000000000FFFFFFFFFBFFFFFF4C
:10AD1000FEFFFFFFFFFFFFFFFDFFFFFF040000003E
:10AD200001000000BB05010C00000000010203044B
:10AD300000000000000000000102030406070809EB
:10AD40000000000000200240FF1F03400000000040
:10AD50000100000000001008FFFF1F0800000000B5
:10AD60000200000000F8FF083FF8FF0800000000A4
:10AD70000300000000FBF90BFFFEF90B00000000D0
:10AD80000544010C1D44010C5544010C2144010CE7
:10AD90002544010C9D44010CA545010CCD46010C38
:10ADA0003B44010C4144010C4D44010C00000000E7
:10ADB0000001000000200000002000001000000042
:10ADC000FF00000003020001715A010C895A010CB6
:10ADD000D55E010C8D5A010C995A010C755D010C60
:10ADE000B95A010CD55C010C9D5A010CA55A010CF5
:10ADF000B15A010C10002DE15D29410B8D77679C44
:10AE0000110F1F8A00000000000400000010000065
:10AE10000001000001000000FF000000030200012B
:10AE200020A9010C0000200000004000000080006C
:10AE30000100040033A9010C0400001004000020EC
:10AE400004000040040000084AA9010C0000200092
:10AE50000000400000008000020010000000100010
:10AE600000000800000018000000100001000000B1
:10AE700002000000040000006BA9010C00000000AB
:10AE800000000000000000000000000000000000C2
:10AE900000000000000000000000000000000000B2
:10AEA00071A9010C0000000000000000000000007B
:10AEB0000000000000000000000000000000000092
:10AEC000000000000000000077A9010C0000000055
:10AED0000000000000000000000000000000000072
:10AEE0000000000000000000000000000000000062
:10AEF0007DA9010C0000000000000000000000001F
:10AF00000000000000000000000000000000000041
:10AF1000000000000000000083A9010C116E010C6C
:10AF2000296E010C956E010C2D6E010C316E010C19
:10AF3000716E010C516E010C356E010C3B6E010CF3
:10AF4000556F010C3F6E010C436E010C476E010CF6
:10AF50004D6E010C04020202010002000400060012
:10AF600008000A000C0010002000400080000001D2
:10AF70000746884600F00FF80020014602460346C7
:10AF800004460546064681468246834684468646F2
:10AF90004046884638470021034B044A43F8041BC7
:10AFA0009342FBD1704700BF0000043000FC043026
:10AFB00000210C4B0C4A43F8041B9342FBD10023A5
:10AFC00018460A4A03F140010133182B42F82100C8
:10AFD000F8D10021064B074A43F8041B9342FBD1EA
:10AFE000704700BF0001003000010430002C035006
:10AFF0000000043000FC043008B500231E4E044657
:10B000003360F5F79FFCFAF747FC1C4BDB68984769
:10B0100020B11B48FBF766FD00F03CF8194BDD68DA
:10B02000A84720B11648FBF75DFD00F033F8A847AC
:10B0300020B11348FBF756FD00F02CF8FAF7DEFBC1
:10B0400008B100F027F8F9F7D5F80F4D0F4B9C60C9
:10B050002C6000243460F9F7CDF884F30A882B685B
:10B060001B6883F30888BFF34F8FBFF36F8F2B6884
:10B0700007485968FFF77CFF3447043080AD010C66
:10B08000D6A5010CC8AD010C3047043000ED00E03E
:04B0900071AF010C8F
:10B0940010B54EF2FE734FF0005424F8013BBFF399
:10B0A4004F8FBFF36F8F6408640020462146224609
:08B0B4002346FEF7CFFB10BD9F
:08B0BC0000EDFF7F0100000020
:10B0C40000000000C4200430E1F6C11988EACD1F55
:10B0D40055555515AAAAAA1AC707010CC507010C8C
:10B0E400C107010C0090D003000000000000000024
:10B0F400000000000000000001000000000000004B
:10B104000000000004000000780004300400000087
:10B1140098000430030000006000043001000000C7
:10B1240000800200FFBF020000000000FFBF00001B
:10B1340000400400FF3F0C0000800200FFBF02003B
:10B1440000000000FFBF000000400400FF3F0C00AF
:10B1540000001000FFFF1F0000800200FFBF02007C
:10B1640000000000FFBF000000400400FF3F0C008F
:08B1740000001000FFFF1F00A6
:020000040C02EC
:108000001281DEC0000102030405060708090A0BFD
:108010000C0D0E0F000102030405060708090A0BE8
:108020000C0D0E0FA9B454B26D6F90A4EA3119353E
:1080300064CBA91FEC6F9A002A7DC0504B92A1938C
:108040007134585F200000001200000073746D2E20
:108050006578616D706C652E7863756265210000CE
:10806000000000000000000000000000A0A1A2A38A
:10807000A4A5A6A7A8A9AAABACADAEAFB0B1B2B348
:10808000B4B5B6B7B8B9BABBBCBDBEBF030000003B
:10809000AAAAAAAAAAAAAAAABBBBBBBBBBBBBBBBB8
:1080A000CCCCCCCCCCCCCCCCDDDDDDDDDDDDDDDD88
:1080B0003036303435363532373238323931303087
:1080C000313000000000000000000000000000004F
:1080D0007777772E747275737465646669726D77DD
:1080E0006172652E6F7267000000000000000000E2
:1080F0005053415F494F545F50524F46494C455F82
:10810000310000000000000000000000000000003E
:10811000F4B4A4DE52220C0E2B2171CDFAAE6B31D9
:1081200066DDBD58FBCACAA676AC8DD26FC81E0FDD
:10813000CD1514ADC645C4963FF195532990927064
:10814000738A8CFE33C8B14E000BC0B38B7DD9D27D
:10815000000000000000000000000000000000001F
:10816000000000000000000000000000000000000F
:1081700000000000000000000000000000000000FF
:1081800000000000000000000000000000000000EF
:1081900000000000000000000000000000000000DF
:1081A00000000000000000000000000000000000CF
:1081B00000000000000000000000000000000000BF
:1081C00000000000000000000000000000000000AF
:1081D000000000000000000000000000000000009F
:1081E000000000000000000000000000000000008F
:1081F000000000000000000000000000000000007F
:10820000000000000000000000000000000000006E
:10821000000000000000000000000000000000005E
:10822000000000000000000000000000000000004E
:10823000000000000000000000000000000000003E
:10824000000000000000000000000000000000002E
:10825000CD1514ADC645C4963FF195532990927043
:10826000738A8CFE33C8B14E000BC0B38B7DD9D25C
:1082700000000000000000000000000000000000FE
:1082800000000000000000000000000000000000EE
:1082900000000000121323340A058978A3668C0DB0
:1082A000975553CAB576186229C6B67975C85A8DDE
:1082B0009E118F85DEC45F662152F939D9779328E4
:1082C000B05E02FA58B416C80F3891BB2817CD8A91
:1082D000C9537266000000000000000000000000AA
:1082E000000000000000000000000000000000008E
:1082F000000000000000000000000000000000007E
:048300000100000078
:10E000004200DEC04200DEC0000000000000000050
:10E010000000000000000000000000000000000000
:040000050C010D815C
:00000001FF
