:020000040C00EE
:10E000004200DEC04200DEC0000000000000000050
:10E010000000000000000000000000000000000000
:020000040C01ED
:1000000048690430410E010CA549010CA9B8010C46
:10001000A9B8010CA9B8010CA9B8010CA9B8010C28
:10002000000000000000000000000000350D010C81
:10003000370D010C00000000390D010C3B0D010CC7
:100040003D0D010C3F0D010C410D010C430D010C48
:10005000450D010CA9B8010C470D010C490D010C0F
:100060004B0D010C4D0D010C4F0D010C510D010CF0
:10007000530D010C550D010C570D010C590D010CC0
:100080005B0D010C5D0D010C5F0D010C610D010C90
:10009000630D010C650D010C670D010C690D010C60
:1000A0006B0D010C6D0D010C6F0D010C710D010C30
:1000B000730D010C750D010C770D010C790D010C00
:1000C0007B0D010C7D0D010C7F0D010C810D010CD0
:1000D000830D010C850D010C870D010C890D010CA0
:1000E0008B0D010C8D0D010C8F0D010C910D010C70
:1000F000930D010C950D010C970D010C990D010C40
:100100009B0D010C9D0D010C9F0D010CA10D010C0F
:10011000A30D010CA50D010CA70D010CA90D010CDF
:10012000AB0D010CAD0D010CAF0D010CB10D010CAF
:10013000B30D010CB50D010CB70D010CB90D010C7F
:10014000BB0D010CBD0D010CBF0D010CC10D010C4F
:10015000C30D010CC50D010CC70D010CC90D010C1F
:10016000CB0D010CCD0D010CCF0D010CD10D010CEF
:10017000D30D010CD50D010CD70D010CD90D010CBF
:10018000DB0D010CDD0D010CDF0D010CE10D010C8F
:10019000E30D010CE50D010CE70D010CE90D010C5F
:1001A000EB0D010CED0D010CEF0D010CF10D010C2F
:1001B000F30D010CF50D010CF70D010CF90D010CFF
:1001C000FB0D010CFD0D010CFF0D010C010E010CCE
:1001D000030E010C050E010C070E010C090E010C9B
:1001E0000B0E010C0D0E010C0F0E010C110E010C6B
:1001F000130E010C150E010C170E010C190E010C3B
:100200001B0E010C1D0E010C1F0E010C210E010C0A
:10021000230E010C250E010C270E010C290E010CDA
:100220002B0E010C2D0E010C2F0E010C310E010CAA
:10023000330E010C350E010C370E010C390E010C7A
:100240003B0E010C3D0E010C3F0E010C40B152184B
:1002500005D2C068904234BF0020012070470020C2
:10026000704700000B4B30B51A6800230A4C9342CC
:1002700003DB06D14FF0FF3008E01D01655D8542CC
:1002800005D10020044A02EB03130B6030BD01339B
:10029000EDE700BF64A3010C68A3010C70470000E8
:1002A0002DE9F74317461A4680460C461E46FFF7CF
:1002B000CDFF002870D00093D8F804305B689847D1
:1002C000374BC0F3410013F82090C9F1000303EA53
:1002D000040534EA030326D0D8E9013001225B6922
:1002E00001A928449847002812DB0022A3195B1BB0
:1002F0004B4524BF2E1B4E44631BD5B2AE4202F1C8
:10030000010208D8009B9B1B0093009B6BB9002047
:1003100003B0BDE8F08305F108016944194411F800
:10032000041C7955E9E70025EFE7009B4B45B3FB3B
:10033000F9F61DD209FB06F6D8F808303019184432
:10034000D8F8043001225B6901A9284498470028A5
:10035000DEDB002237440099D3B2994202F1010258
:10036000D5D9F91808336B4413F8043C4B55F2E720
:10037000D8F80800D8F80430204432465B6979196F
:10038000284498470028C3DB009B09FB16330093E1
:10039000009B002BCED1BAE74FF0FF30B8E700BF8B
:1003A00058A3010C2DE9F04F8DB002921A46054674
:1003B0000F461E4621F00F0A01F00F08FFF746FF17
:1003C00028B94FF0FF3318460DB0BDE8F08F6B68C9
:1003D0000DF1200B5B689847584BC0F3410053F870
:1003E00020305A460093514643462846FFF758FFAF
:1003F0000028E6D106F10F03434423F00F03AAEBD4
:100400000709A9EB06091A46514628460193994463
:10041000FFF71CFF0028D4D04B46284604AAB91980
:10042000FFF73EFF03460028CBD1B8F1000F63D1A0
:100430004446B442C7D2A6EB040A3AF00F0A10D0E1
:10044000A86869689DF800203844D1F818B0BAFB54
:10045000F2F2029920440393D8470028B1DB039BB2
:100460005444B9F1000FAED008A82246002301463B
:1004700096420AD9DDF808C001331CF802C0102BDF
:1004800000F801CB02F10102F2D1964299D100228B
:1004900004A8102B01D04A4549D108F11008102BAF
:1004A000A0448ED14A458CD1019A424589D1A86891
:1004B0009DF800206D683844B3FBF2F2AD6920442A
:1004C000A847C3177FE7029A125D01340BF8012099
:1004D00001310F2913D8B442F5D1002204A80DF13F
:1004E000200C0F2920D84A450BD010F801EB01321F
:1004F00001F80CE00131F4E741460446E9E7B44273
:10050000EBD0102903937FF45CAFD5E901309DF85F
:100510000020D3F818B0B1FBF2F2504408A9D84734
:100520000028039B85DA4CE74A45EAD049E710F8F2
:10053000016B0132CE540133ABE700BF58A3010C6D
:100540002DE9F04105460E469046FFF77FFEA8B123
:100550006B689B6A98470468074664B10020BDE851
:10056000F081D5E90130DB69304498470028F6D1A5
:10057000BB681C441E444445F3D3EFE74FF0FF3003
:10058000EDE708B543689B6A9847006908BD0021FC
:1005900008B5084600F054F9FEE70346002030B5E0
:1005A000013A00D230BD1D780C78A54202D008B9BE
:1005B000281BF5E701330131F2E7F0B505460C04DD
:1005C00044EA01640C4344EA012462B91346561913
:1005D000032A0ED823F003022A4403F00303134432
:1005E0009A420AD1F0BDAB07F0D005F8011B013AE1
:1005F000EBE7B71A3C60043AEAE702F8011BEFE7C1
:10060000034670B56AB900241519032D13D822F0DA
:10061000030421441C44002302F003029A4210D137
:1006200070BD41EA0304A407EDD011F8014B013A73
:1006300003F8014BE6E70D1B2E681D1B2E60043CE2
:10064000E2E7CD5CE5540133E8E7000010B505F0C2
:100650008DFF28B1034B1C6800F0EAFD204610BD59
:10066000014BF8E7100004301400043037B50C4695
:1006700031B900F0DDFD0E4B1D68284603B030BDDA
:10068000031DF6D8C31C052B184628BF0520042BD4
:10069000EFD8042101AA05F06BFF30B1044B1D68AF
:1006A000019B236000F0C4FDE7E7024BF7E700BFC2
:1006B0001000043014000430031D08D8C31C052B9F
:1006C000184628BF0520042B01D805F059BF4AF26F
:1006D000C53070477FB50E46054618B94FF0FF305C
:1006E00004B070BD0029F9D0012001A9FFF7BAFDBF
:1006F000044610B9019B9E4209D0022001A9FFF7D0
:10070000B1FD0028EAD1019B9E42E7D1012468692E
:10071000A96902AB03C3082202ABA101022000F0C9
:10072000BDFCDDE71FB5082102AA022006F0C0F9D2
:10073000DDE902020B490C4B9A4208BF884207D1FF
:100740000A4B0B4A00930B490B4B0C4806F0DCFAA2
:10075000082200210DEB0200FFF72FFF05B05DF826
:1007600004FB00BFA9B454B26D6F90A409A4010C9E
:10077000C8A3010CF6A3010CA8A3010CFEA3010C55
:1007800013B5044668B10421072001AA06F090F9C8
:1007900028B9019B012B8CBF00230123237002B0D9
:1007A00010BD4AF2C530FAE708B520210C20084AEE
:1007B00006F022FA18B14CF25A32904206D1BDE846
:1007C000084020210D20034A06F016BA08BD00BFDC
:1007D0004FB1010C6FB1010C1FB50421072003AA12
:1007E00006F066F90446B8B90D4806F08DFA0D4BCF
:1007F0000D4A00930D490E4B0E4806F085FA039BF7
:1008000053B906F070FA044630B9FFF7CDFF04463D
:1008100010B906F06AFA0446204604B010BD00BFC5
:100820000EA4010C09A4010C2BA4010CF6A3010CCD
:10083000A8A3010CFEA3010C002070477047FEE73F
:100840002DE9F3414FF40051584802F023FA05F026
:10085000B5FD03F073FC044628B1554806F054FA80
:10086000204605F085FD534806F04EFA06F0EAF8FA
:10087000044608B15048F1E70DF10300FFF780FF8F
:10088000044608B14D48E9E79DF803302BB1FFF766
:10089000A3FF044608B14A48E0E7FFF743FF00F032
:1008A000BFFC0546FFF7D2FE0446284600F0DCFCFC
:1008B000444E3368A34201D04348CFE705F056FDCC
:1008C000044608B14148C9E701F084FF044620B15D
:1008D00001463F4806F018FAC2E73E4A3E493F4803
:1008E00006F012FA0124204605F049FD002838D010
:1008F000204605F040FD0546F0B9DFF8E4800C2203
:1009000000213848FFF759FE00F08AFC21460746CF
:10091000344801F041F80546384600F0A5FC33683C
:10092000AB420FD1204605F028FD0546C8B121464F
:100930002D4803E00024D6E721462C4806F0E4F9D0
:1009400028468EE72A4806F0DFF9204605F019FD13
:10095000336818B1D8F80000834282D1AB42CED1BF
:10096000E0E7002CE6D11F4D2248A96806F0CCF93B
:1009700029682148CB8A4A7D097D06F0C5F91F48C0
:1009800006F0C2F901A9287903F0B6FB2B681A69B1
:100990001C8992065BBFAB68019A5B689B181C447C
:1009A00005F028FD20460AF031FF00BFC4000430E6
:1009B00063A4010C7AA4010C90A4010CB3A4010C53
:1009C000D8A4010C14000430EEA4010C1EA5010CE7
:1009D0003AA5010C09AA010C66A5010C6EA5010C33
:1009E00010000430B8000430D9A5010C95A5010C05
:1009F000B9A5010CFEA5010C2AA6010C45A6010C07
:100A00000020704708B501F0E1FF002008BD012972
:100A100009D002290CD069B978B1012808BF022099
:100A200018BFFF20704750B1012808BF0420F7E726
:100A3000052070474FF0FF307047012070470320BA
:100A4000704708B543689B6A9847007D08BD4368B6
:100A500070B59B6A16460D46044698478368B5FBF9
:100A6000F3F563689B6A984783686B4333606368F8
:100A70009B6A984783680020736070BD2DE9F3413D
:100A8000D1F8008006460D46C0B201A91746FFF70F
:100A9000E9FB044688BB2B68CBB103464FF40050FA
:100AA000019AD1682B6009B1984506D8984510D2B3
:100AB0003146134806F028F909E0B1F5005F0FD27E
:100AC0004FF400533146D2680E4806F01DF94FF03E
:100AD000FF340198FFF7E2FB204602B0BDE8F08149
:100AE0004FEA433C47F833C02B68A1F5005107EBB0
:100AF000C30358602B680133D4E74FF0FF34EBE7B2
:100B00009DA6010C67A6010C05F067BD054B0020F2
:100B10001A684FF0E023013A5A61052298611A6180
:100B2000704700BF240004304FF0E02130B50E487C
:100B30000E4C8A690568236893422B444FF47A75FA
:100B40003CBF49695B180A499B1A09680360B1FBFD
:100B5000F5F19942074B04D200251968056001316F
:100B600019601868226030BDCC200430D0200430D9
:100B700024000430C820043038B570B30368190766
:100B800001D4002038BD8369154C9BB1D4F8F030F6
:100B900043F08063C4F8F030FFF7C6FF0546D4F891
:100BA000F0301A01EDD4FFF7BFFF401B0228F6D941
:100BB0000320E7E7D4F8F03023F08063C4F8F03086
:100BC000FFF7B2FF0546D4F8F0301B01D9D5FFF787
:100BD000ABFF401B0228F6D9EAE70120D2E700BFAD
:100BE000000C0254F8B50368054698014FD5314C06
:100BF000636A43F001036362FFF796FF0646636A88
:100C0000D90746D52C4CD4F8F03013F4407320D0DB
:100C1000D5F8F82093421CD0D4F8F020D4F8F03066
:100C200022F4407143F48033C4F8F030D4F8F0304B
:100C3000D20723F48033C4F8F030C4F8F01008D59C
:100C4000FFF772FF41F288370646D4F8F0309B0771
:100C500026D5D5F8F830184903F44072B2F5407F34
:100C600024D1C869154A20F47C5002EA13120243C9
:100C7000CA61114AC3F30B03D2F8F01021F440719A
:100C8000C2F8F010D2F8F0100B43C2F8F030002098
:100C900005E0FFF749FF801B0228B0D90320F8BD0B
:100CA000FFF742FF801BB842CFD9F7E7CA6922F4A9
:100CB0007C52DDE700080254000C0254CFFFFF0015
:100CC00013B5194C04F0EAFAD4F8F030174843F0A1
:100CD0001803C4F8F030FFF74FFF08B10AF0E4FD45
:100CE0001348FFF77FFF08B10AF0DEFD0421D4F8B6
:100CF000F030084643F40043C4F8F030D4F8A8308C
:100D0000002243F40013C4F8A830D4F8A83003F448
:100D100000130193019B04F0DDFB042002B0BDE849
:100D2000104004F007BC00BF000C0254A0B2010C3C
:100D300098B1010CFEE7FEE7FEE7FEE7FEE7FEE7FF
:100D4000FEE7FEE7FEE7FEE7FEE7FEE7FEE7FEE77B
:100D5000FEE7FEE7FEE7FEE7FEE7FEE7FEE7FEE76B
:100D6000FEE7FEE7FEE7FEE7FEE7FEE7FEE7FEE75B
:100D7000FEE7FEE7FEE7FEE7FEE7FEE7FEE7FEE74B
:100D8000FEE7FEE7FEE7FEE7FEE7FEE7FEE7FEE73B
:100D9000FEE7FEE7FEE7FEE7FEE7FEE7FEE7FEE72B
:100DA000FEE7FEE7FEE7FEE7FEE7FEE7FEE7FEE71B
:100DB000FEE7FEE7FEE7FEE7FEE7FEE7FEE7FEE70B
:100DC000FEE7FEE7FEE7FEE7FEE7FEE7FEE7FEE7FB
:100DD000FEE7FEE7FEE7FEE7FEE7FEE7FEE7FEE7EB
:100DE000FEE7FEE7FEE7FEE7FEE7FEE7FEE7FEE7DB
:100DF000FEE7FEE7FEE7FEE7FEE7FEE7FEE7FEE7CB
:100E0000FEE7FEE7FEE7FEE7FEE7FEE7FEE7FEE7BA
:100E1000FEE7FEE7FEE7FEE7FEE7FEE7FEE7FEE7AA
:100E2000FEE7FEE7FEE7FEE7FEE7FEE7FEE7FEE79A
:100E3000FEE7FEE7FEE7FEE7FEE7FEE7FEE7FEE78A
:100E400007B52C4B83F30A8803F0C2F804F026FAA6
:100E5000294B2A49D3F8F02042F40042C3F8F0208D
:100E6000D3F8A82042F40012C3F8A820D3F8A82091
:100E700002F400120192019A0A6B8AB1D3F8F020B1
:100E800042F48032C3F8F020D3F8F02022F480320C
:100E9000C3F8F0200B6B002BFCD10122184B1A6019
:100EA000154A1849136843F480531360164B8B425C
:100EB00012D30020154B16498B4218D3FFF767FB5E
:100EC000186850F82240586840F82240013298686B
:100ED0008242F5D30C33EAE70022F8E71C6844F8B5
:100EE000220001325C68A242F8D30833E4E7002212
:100EF000F8E700BF48490430000C0254007C00545D
:100F0000D420043048A3010C30A3010C48A3010CE9
:100F100058A3010C002337B50446019360B10128A2
:100F200014BFFF20042001A9FFF79CF930B121462E
:100F3000104805F0E9FE17E00320F4E7019A214686
:100F4000D2E902230C4805F0DFFE019BD3E9020140
:100F500005F076F805460198FFF7A0F935B12A4665
:100F60002146064805F0D0FE03B030BD21460448B6
:100F7000DFE700BFC3A6010CF2A6010C1DA7010C00
:100F800048A7010C30B50D46044693B018B94FF090
:100F9000FF3013B030BD202300210AAAFFF780F9EB
:100FA0000028F4D1104B0A9A9A42F0D110230090F5
:100FB00022460AA90DEB030000F0BEFD0028E6D191
:100FC0000DF10A0302AA03A904A800F001FE0028FB
:100FD000DDD1BDF80830202BD9D12A46204603990F
:100FE000FFF75EF9D5E700BF3DB8F39601207047E3
:100FF00008B500F01DF9014B186808BD0800043061
:101000000120704708B5FFF785FF002008BD0000EC
:10101000002330B593B015460446019378B10128FA
:1010200014BFFF20022001A9FFF71CF948B1214697
:10103000164805F069FE0125284613B030BD012091
:10104000F1E7284602A9FFF79DFF28B10198FFF7B5
:1010500025F921460E48ECE701980AA9FFF792FF0F
:101060000028F3D10198FFF719F90AA9202202A854
:10107000FFF793FA2146054630B9064805F044FECD
:101080002046FFF747FFD7E70348D2E768A7010CE0
:101090009FA7010CD7A7010C0DA8010C2DE9F74F54
:1010A0009146002282460C46984601921BB90320C5
:1010B00003B0BDE8F08F05F01BFE2F4F054697F8F3
:1010C00000B0BBF1000F10D105F012FE064605F08E
:1010D00013FE594602463046FFF76FFA42F21603F6
:1010E0002B8004236B8001233B7005F001FE6F8889
:1010F000074405F0FDFD061DBE4225D3C4F30B03D6
:101100001FFA89F46E88ADF806400434A4B2264470
:1011100043EA0A30B6F5803FADF80400C7DA05F0BF
:10112000EBFDB6B2864225D8042238460DEB02010B
:10113000FFF766FA4A464146381DFFF761FA6B88A9
:1011400000201C446C80B3E7042231460DEB020002
:10115000FFF756FABDF80430BAEB133F03D1C3F3DF
:101160000B039C4204D0BDF8063004331E44C3E791
:1011700002209DE701209BE7D82004300023F0B532
:10118000B5B0009305464FF6FF7305A8174600F06B
:10119000D3FC044618B14FF0FF3035B0F0BD064621
:1011A0000DF10E0303AA04A905A800F011FD002803
:1011B000F1D1BDF80E30602B0ED1BDF80C30842B70
:1011C000E9D83846049913AAFFF76AF80028E2D153
:1011D0000124BDF80C60E3E7102BE1D1BDF80C3021
:1011E000202BD8D8384604990BAAFFF759F80028C5
:1011F000D1D1002CCFD01F2ECDD9A6F1200013AC19
:1012000004900BA920222044FFF7FAF9A9012346F4
:10121000324641F03F010120FFF740FFBDE70000EB
:10122000024B1868421C1A60704700BFDC20043073
:10123000024A1368013B1360704700BFDC20043092
:10124000FFF7FEBFFFF7FCBFFFF7FABFFFF7F8BFDE
:10125000FFF7F6BFFFF7F4BFFFF7F2BFFFF7F0BFEE
:10126000FFF7EEBFFEE7000008B5034B1B688342A3
:1012700001D0FFF7E5FF08BDDC2004302DE9F8437D
:101280004FF058092C2390F8BC40054609FB04F4A4
:1012900003FB014404440E461746D4F8208000F0B6
:1012A000B3FD18B9246914F0100406D02A4B1C6849
:1012B000FFF7BEFF2046BDE8F883CEB195F8BC002D
:1012C00009FB00F000F1140140302944284400F0EB
:1012D00023FE00280CDA2146284600F095FD38B997
:1012E0001E4805F011FD0121404600F088FDDDE7B4
:1012F0003146284600F094FD80B9194B1C68194B03
:101300001B68A342D4D01849184B1948002E18BFA7
:10131000194605F0F9FC002EC8D0E4E7FFF780FF7E
:101320003146814695F8BC00FFF762FE0446484608
:10133000FFF79AFF0F4B1B689C42E0D1FFF770FF4D
:10134000324681463946284600F0BEFD04464846EE
:10135000FFF78AFFD3E700BF0C00043050A8010C50
:1013600010000430140004303EA8010C46A8010C03
:1013700079A8010C0800043000487047E0240430CC
:101380004379012B07D10368012B04D10079431E57
:101390005842584170470020704700002DE9F8433B
:1013A0000E46904699460024099FBC4201D3002076
:1013B0000EE03D1BB5F5806F28BF4FF480653046C9
:1013C0002B460A4A04EB0901FEF76AFF10B101201F
:1013D000BDE8F88308992B464046044A6118FEF799
:1013E000E1FF0028F3D12C44DFE700BFE020043008
:1013F0002DE9F04F95B004460E4600F00BFE002894
:1014000000F00B81864805F07FFCFFF719FF2318D9
:1014100093F8BD1071BB204600F06EFC804690B979
:1014200000222046114600F021FD00283ED094F80D
:10143000BC107C4805F068FC012294F8BC302344C1
:1014400083F8B0200CE04FF48071774805F05CFC25
:10145000012294F8BC309045234483F8B020DFD1BA
:1014600094F8BC00231893F8B030023B022B98BFCD
:1014700045F001050130C0B2012884F8BC00C6D98E
:10148000002D00F02B8100232C274FF0580884F802
:10149000BC30E21892F8BD10002900F0D180013371
:1014A000DBB2012B84F8BC30F3D917E1204600F001
:1014B000EFFA002807DD012294F8BC3007F833204A
:1014C00007EBC3035860204600F090FA4FF0010884
:1014D00094F8BC20002800F09C80002353490AA8FF
:1014E000CDE90B13CDF828800D93FFF749FFB0B974
:1014F0002AB900222046114600F0B8FC9CE794F877
:10150000B030042B08BF84F8B080012AF1D094F8E1
:10151000B130042BEDD1012384F8B130E9E7104656
:1015200000F074FE831E022B824617D8FFF778FE68
:10153000414681460AAA2046FFF7A0FE804648465B
:10154000FFF792FE3A4B1B68984507D0394B186855
:10155000804514BF4FF0050A4FF0010A94F8BC30E3
:101560005FFA8AF0E21882F8B000002B3BD192F8C3
:10157000B030012B7FF474AFFFF752FE002181469B
:101580000AAA2046FFF77AFE80464846FFF76CFE1F
:101590000021204600F038FC20B9254B1B689845F7
:1015A0003FF45EAF582294F8BC3002FB0343D3F8FB
:1015B0002CA0FFF735FE012181460AAA2046FFF73D
:1015C0005DFE80464846FFF74FFE1B4B9A457FF471
:1015D00047AF174B1B6898457FF442AF94F8BC3077
:1015E000042223442CE70128C6D004283FF438AF56
:1015F00094F8B010042904BF012184F8B010012B25
:10160000B5D094F8B130042BB1D1012384F8B130B6
:10161000ADE7224482F8B08022E70546074F2BE76A
:101620009EA8010C0BA9010CCCA8010C0101000122
:10163000140004300C0004303DB8F396E02404306C
:1016400092F8B0200EA802F0FB02012A14BF01217B
:10165000002108FB03F207FB012214BF2C2100210B
:101660005B4203F05803194401232244156A2144C4
:1016700000932A46402300F05FFA58BB00230DF187
:10168000160206A90EA800F0A3FA002822DB40F0FB
:101690006E81BDF816300C2B1CD12846069907AA7E
:1016A000FEF7FEFDB0B99DF81C30012B12D8E218F0
:1016B00092F8B0205B42023A022A94BF2C2000200C
:1016C00003F058031433184408A9204400F024FC04
:1016D0000028D3DA40F20113A4F8B030002001282A
:1016E00084F8BC0024D90023A24DA34FDFF88C82DC
:1016F0000793012B84F8BC3040F2BE80079A022A7F
:101700007FF483AE002384F8BC3094F8BD30002B06
:1017100000F01F81012394F8BE1084F8BC3000292A
:1017200000F0178184F8BC20934BD3F80090C0E000
:10173000221892F8BD50002D40F09B8001230A939F
:1017400040F20113ADF82C3092F8B030CDE90C55D1
:10175000042B8DF82E508DF82F3007D8012B07D889
:101760004ED04FF0FF3382F8B03049E0052BF7E759
:101770004FF0580909FB0043414201EA09012C31AD
:10178000DA6C2144FFF744FC012839D12F4694F844
:10179000BCB07B48594605F0B7FA7A4805F0B4FA70
:1017A00094F8BC3009FB0343D3F820A0D3F84C8055
:1017B0009B6A0293029BBB422BD12A465946724830
:1017C00005F0A2FA002352464146204601950093B7
:1017D000FFF7E4FDA0B9582794F8BC002A4607FBA0
:1017E0000043196AFFF70EFC014648B90122204662
:1017F00000F0A8FB0546F0B10146644805F084FA04
:1018000094F8BC00231893F8B030FF2B31D1604816
:10181000F9E594F8BC30294609FB03435B6A50465E
:1018200003EBC7035A680023039200F0A1FA039A5E
:1018300001371544BEE794F8BC30014607FB03436B
:101840001A6D03465268404600F0D1FA94F8BC3055
:1018500007FB0343D3E91423013B52F8330011681B
:1018600002EBC307411A2B4640467A6800F0BFFAE4
:10187000C6E70130C0B232E7234493F8BD208DF8AB
:1018800018209DF8181001F0FF0239B1079B0133B1
:10189000079394F8BC300133DBB22AE793F8B030F9
:1018A000012B14D01146204600F0E0FA78B1D5F8AB
:1018B0000090102200210AA8FEF77FFE204600F0CB
:1018C00089FBFFF7B5FC484615B0BDE8F08FFFF780
:1018D000A7FC0022814611462046FFF7CFFC824636
:1018E0004846FFF7C1FC3B68D5F800909A45E0D127
:1018F000CA45DED0D8F800309A45DAD094F8BC302A
:10190000BBB1012B14BFFF2002200EA900F06AFC1E
:101910000028CCD19DF83830012B0CD19DF83B30FC
:10192000012B08D00021204600F024FB0028ADD078
:10193000BDE70120E9E700222046114600F002FB46
:1019400002460028EED094F8BC10124805F0DCF9ED
:10195000ADE7582202FB0342126A5B42517803F062
:101960005803317192682344B2603360DCE694F826
:10197000BC3094E510000430140004300C00043036
:1019800034A9010C66A9010C81A9010CC8A9010C9C
:1019900001AA010C0AAA010C0129F8B506460C4659
:1019A00005D9FFF745FC0E4B1C682046F8BD022206
:1019B00001210C48FEF701FE00230B4F3C4484F844
:1019C000BD30FFF72DFC314605463846FFF710FDC8
:1019D00004462846FFF748FCFFF72AFCE5E700BF6E
:1019E00010000430AD250430F02404305822F8B53E
:1019F00090F8BC3002FB0300D0F828C0BCF5807F13
:101A000003D8466DB6F5807F33D91E4805F07CF9C2
:101A10000020F8BDAC4215D1476A07EBC2077F68CA
:101A200001323C44076D07EBC3077F6801333D4437
:101A30006245EFD3B342EDD3624501D1B3421ED02C
:101A40001148E3E70BD2476A022907EBC2077F6818
:101A50003C4401D10D48D9E701210132E8E7076D87
:101A6000012907EBC3077F683D44F3D0022101330E
:101A7000DEE700210B460A460D460C46D8E701205A
:101A8000C7E700BF49AA010CA9AA010C75AA010C5D
:101A90005822F8B590F8BC3002FB0303002211462F
:101AA000144615461046D3F828C05F6D644505D32B
:101AB000B94203D3A84228BF28461AE0A8420CD155
:101AC0005E6A06EBC4067668013430441E6D06EB90
:101AD000C106766801313544E8E70ED25E6A022A13
:101AE00006EBC4067668304404D1094805F00CF9C9
:101AF0000020F8BD01220134D8E71E6D012A06EB53
:101B0000C10676683544F0D002220131CEE700BF2D
:101B100075AA010C10B5582490F8BC3063432C24EE
:101B200004FB0133184400212023006AFEF7B8FBB0
:101B3000003818BF012010BD2DE9F7430E461746A7
:101B40009946044628B94FF0FF38404603B0BDE837
:101B5000F0830029F7D0002AF5D0CB680D893846EC
:101B60001D44042329460DEB0302FEF799FB804632
:101B70000028E8D146F60812BDF804107389914296
:101B800023D1BDF806109942DDD1042338460DEB70
:101B900003022944FEF784FB0028D4D146F607133C
:101BA000BDF804209A42CED19DF82830C4E90067E0
:101BB000A4F80890A3727389BDF806202B44E36053
:101BC0000435134463612561BFE7002BE6D0BAE713
:101BD0002DE9F7430F4690461E46044620B94FF0C4
:101BE000FF3003B0BDE8F0830368002BF7D04368F3
:101BF000002BF4D04FF6FF79D4E90413994215D2A3
:101C000023685B8923B1E3688B4204BF04312161FF
:101C1000042360680DEB0302FEF742FB0028DED1CF
:101C2000A37A256923B1E368AB4201D80120D8E744
:101C30002189BDF80620494502F1040303D0BDF80F
:101C400004C08C450BD116B1BDF8041031800435A9
:101C50003D60A8F8002022691A442261C1E72B44A4
:101C60002361C9E738B50023934201D1064B04E054
:101C7000C55CCC5CA54205D0044B1C68FFF7D8FAC4
:101C8000204638BD0133EFE7140004301000043063
:101C9000084600F007BA37B54FF480730546019344
:101CA00095F8BC300846BBB1012B11D1022901D0F7
:101CB000042214E058225343EA18526A28331D4480
:101CC00001A9FEF7DBFE08B9019B2B6003B030BD14
:101CD000FF29EFD00120F9E70129EBD0032282424E
:101CE000F8D1582202FB03525C4204F058045434E9
:101CF000126D2544E4E7000058221C4B70B5002902
:101D000018BF0B4690F8BC50044602FB050203EBDB
:101D1000C52101F5805351621365FDB1012D14BF3A
:101D2000FF2102212046FFF7B6FFD8B9C5B1012D2A
:101D300014BFFF2104212046FFF7ADFF054698B9E7
:101D4000582394F8BC6003FB0643186AFEF719FC9D
:101D500004EB8604C4F8B400284670BD0121E1E715
:101D60000321E8E70125F7E70925F5E7B025043069
:101D70002DE9F3411E46C368054699420C461746B5
:101D800030D25B1A93422DD3EEB16A46FEF75FFE66
:101D9000002829DB013FDDF800803C446A462146EB
:101DA0002846FEF754FE00281EDBDDE900472846E2
:101DB0003A462146FEF7C4FB002815DB6EB14445C8
:101DC00012D9013CEAE7511E21446A46FEF73FFE64
:101DD000002809DBDDF80080E0E73C44444503D8F7
:101DE0000134DBE74FF0FF3002B0BDE8F08110B402
:101DF00012B110BCFFF7BCBF104610BC70470023E7
:101E0000C2681946FFF7F3BF582290F8BC3053431D
:101E10002C2202FB0133C1180422086A00F056B9D3
:101E2000582290F8BC3053432C2202FB01310E4B58
:101E300042184158994206D1D16813895B1802D2E1
:101E40005189C91801D300207047136ADB68994291
:101E5000F9D2106920F4F97020F001000005000D9E
:101E6000B0FA80F0400970473DB8F3962DE9F84389
:101E700004460E46174600254FF0580894F8BC005B
:101E8000C5F1000909F02C0908FB009229462244FB
:101E9000FFF7ACF8012809D194F8BC30294608FBBB
:101EA000039220463B462244FFF734FE28B115B189
:101EB000002E08BF0020BDE8F8836B1C022B4FF0FA
:101EC0000105F8D0DAE700005823F0B590F8BC40DF
:101ED00085B05C432C2303FB024404440546276A77
:101EE000FFF79EF90023CDE9023301934FF480738D
:101EF000214606463A4600932846064B00F002FA71
:101F000004463046FFF7B0F9FFF792F9204605B0D6
:101F1000F0BD00BFB045043002780B789A420FD86C
:101F20000BD342784B789A420AD806D342884B8822
:101F30009A4205D860EB000070474FF0FF307047C1
:101F40000120704737B558250B46114690F8BC2044
:101F500004466A432C2505FB03220244126A01ABA6
:101F600000F06CFB20B9019994F8BC00FEF7A4FBCB
:101F700003B030BD2DE9F0412C264FF0580804463F
:101F80004E4390F8BC000F4608FB006121440A6AEA
:101F9000FFF7F4F8054628B10C4804F0B5FE2846D2
:101FA000BDE8F08194F8BC3008FB03663444256A30
:101FB000FFF7E2F9294603463A462046FEF78AFB38
:101FC00005460028EBD00248E7E700BFD4AA010C81
:101FD000FEAA010C38B5044600235825012B84F8CD
:101FE000BC3000D938BDE21892F8BD206AB905FBB3
:101FF0000343D86C08B1FEF751F994F8BC3005FBE7
:102000000343186A08B1FEF749F994F8BC3001336C
:10201000DBB2E3E72DE9F743064600244FF0580909
:10202000012C86F8BC4001D900252DE0331993F826
:10203000BD80B8F1000F2DD141462046FEF7E7FCE8
:1020400096F8BC10074609FB0161C0B22031FEF7CB
:1020500009F90546E0B901212046FEF7D8FC96F8BB
:10206000BC10074609FB0161C0B24C31FEF7FAF81B
:10207000054678B101230A4822463946009504F006
:1020800043FE3046FFF7A6FF284603B0BDE8F083C5
:102090004346F0E796F8BC400134E4B2C0E700BF25
:1020A0002AAB010CC068203820F00F0020387047A0
:1020B000042809D0052803D1481E18BF0120704705
:1020C000431A5842584170470120704738B51546A9
:1020D0000C4661B15AB1FEF7B4FC2146254411F813
:1020E000013B834203D1A942F9D1012038BD002030
:1020F000FCE738B50C460123114622460546FEF79B
:10210000CFF800280FDB012221462846FFF7DEFF2B
:1021100018B103230020237038BD2378012B14BF8E
:1021200002230123F6E70120F6E7C268203A22F0F5
:102130000F02FFF7DEBF000030B50D46C16887B063
:10214000102302AA10390446FEF7AAF8002802DA82
:10215000012007B030BD1022204602A9FFF7B6FFCC
:1021600000283AD110221E4902A8FEF716FA0028CC
:102170000CBF012302232B702046FFF793FF01239E
:1021800001460DF107022046FEF78AF80028DFDB42
:102190009DF80730204603F00F021B096A702B716F
:1021A00001220DF10701FFF791FF10B96B78042BA5
:1021B00003D901236B7000232B71E2682046203A7B
:1021C00022F00F02103AA91CFFF793FF0028BFD19D
:1021D0002046E91CFFF7A9FFBBE70323CBE700BFBD
:1021E0000EB3010C13B50C46C0B201A9FEF73AF8C4
:1021F00050B921460198FFF79FFF04460198FEF76A
:102200004DF8204602B010BD0124FAE7F0B585B0C4
:1022100069460446FEF7F4FE012807D11CB1012CE3
:1022200014BFFF2002206946FFF7DCFF10B1FF203A
:1022300005B0F0BD002C41D0012C14BFFF200420BC
:1022400002A9FFF7CFFF012808D12146264804F054
:102250005BFD264B029300238DF80C3000229DF885
:1022600000609DF80870224D31462878FFF720FF66
:1022700050B339466878FFF71BFF28B3AB78042BBF
:1022800003D09DF8031099421ED1EB78042B03D0A4
:102290009DF80B10994217D12B79042B10D16B7933
:1022A000023BDBB2022B1AD9124A1348214604F032
:1022B0002BFD6879831E022BBAD9B8E70320BFE74C
:1022C0009DF802109942EAD00132032A05F1060571
:1022D000CAD10A48214604F017FD0120A8E7084AA0
:1022E00052F82320E1E700BF76AB010C03010303A2
:1022F000FCB2010C64AB010CBDAB010CDEAB010CFC
:10230000F0B2010C2DE9F04FDFB00E461546044641
:102310006B9F18B390F8BC2005926FF0004100222B
:10232000DFF8C091CDE908126A9AD9F800800392CB
:10233000699A0DF1400A0292689A3146009220464D
:102340002A46CDF804A000F029F948B1D9F8006078
:10235000FEF76EFF30465FB0BDE8F08F0590DCE71A
:1023600027B1202251463846FEF74AF900230AAF2A
:1023700000932A464FF6FF7331463846FFF7DCFBE1
:1023800082460028E2D1294620460F9EFFF780FCB6
:10239000B042DBD346464FF0FF3401E04FF0010A74
:1023A00006AF0DF11C0B3A4659460DF11A030AA867
:1023B000FFF70EFC0028C9DB40F08A80BDF81A3018
:1023C000222B62D024D8022B4BD0102BE8D1B7F8A7
:1023D00000A0BAF1200FB9D153462846DBF800100F
:1023E00018AAFDF75DFF0028B0D1FEF719FF52468D
:1023F000074618A910A8FFF735FC82463846FEF7B5
:1024000033FF394B1B685345C8D09FE79846C7E751
:10241000502BC5D13B88042B98D12846DBF80010FF
:1024200009AAFDF73DFF002890D1FEF7F9FE08A9A3
:1024300007460598FEF71AF983463846FEF714FF5B
:10244000294BD3F80080D84580D1DDE908218A42A4
:10245000A6D9D9F800309845D8D0244804F054FCC7
:1024600074E73B88982B3FF671AF2846DBF80010E5
:1024700038AAFDF715FF00287FF468AF3A88059861
:1024800038A900F037F804468AE7002C83DB184BA4
:102490001B68A3427FF77FAF3B88802B3FF656AF88
:1024A0002846DBF8001018AAFDF7FAFE00287FF492
:1024B0004DAFFEF7B5FE0094834620213B8818AA55
:1024C00010A800F0F1F806465846FEF7CDFE62E788
:1024D000BAF1010F7FF43AAF034B1B6843457FF419
:1024E00035AF35E7100004301400043012AC010C95
:1024F00090B1010C2DE9F0414FF020080E46154631
:10250000C2B004467022002126A8CDF80480FEF750
:1025100054F8702226A90AA8FEF772F81B490AA8E7
:1025200000F074F92A4631460AA800F08AF900231F
:10253000424602A926930AA826AB00F09EF901AFF5
:102540000AA800F049F920463A4626A9FEF7DCFA27
:10255000044628B14FF0FF34204642B0BDE8F08178
:10256000FEF75EFE3A68804626A902A8FFF77AFBCE
:1025700007464046FEF778FE054B1B68BB42E9D193
:10258000044B1E60044B1D60E6E700BF090000021B
:102590001400043000000430C42004302DE9F0475A
:1025A00092467022B8B00DEB02000C46DDE94257AE
:1025B00000219946409EFEF700F8702268460DEB18
:1025C0000201FEF71DF868461B4900F01FF935B1FE
:1025D000002F04DD3A462946684600F032F900250E
:1025E00063892289D4F80C8013449844454508D364
:1025F00000242022684641991CAB1C9400F03DF950
:102600000CE0A8EB0507B74228BF37464A463B46D1
:1026100029465046FDF744FE044630B1684600F0B6
:10262000DBF8204638B0BDE8F0873A4649466846B0
:1026300000F007F93D44D9E70900000270B51446DF
:102640001D468AB058B390F8BC3042B33DB358260B
:1026500073432C2606FB013101444B8913B9032037
:102660000AB070BD012304A800935023FFF764FA59
:102670000028F5D103460DF10A0203A904A8FFF7CB
:10268000A7FA70B9BDF80A30042BE8D12A462046D3
:102690000399FDF705FE003818BF0120E0E7072089
:1026A000DEE74FF0FF30DBE72DE9F04789460021F8
:1026B0009EB0414B1646269ADFF800A153F83240EF
:1026C00006AF182280463846CDE903110591DAF8A5
:1026D0000050FDF772FF09223949201DFDF75DFF0B
:1026E000002854D10A22374904F10D00FDF755FFA7
:1026F00000284CD120224FF42050334BCDE9042345
:10270000E3780733E118314B11F8022CCDE90803C7
:1027100044F212133846ADF81830013A03AB00F01A
:10272000CFF80146002832D160223846FDF745FF38
:10273000F578049C0436AC4233D82B1B1E44224649
:1027400031463846FDF75CFF05F0FE0573195A78EF
:10275000023594429ABF131B2246C2EB440406EB97
:1027600005019ABFC918B8183819FDF749FF049B2D
:102770009DF814105B00CDE9007342464B46039868
:1027800041F0062100F0EEF890B9114B1D68039856
:1027900008B100F0C3F8FEF74BFD28461EB0BDE8B7
:1027A000F087601B2A4631463844FDF729FFCDE704
:1027B000DAF80050EBE700BF0000043010000430EE
:1027C00028B3010C1EB3010C090000020906000623
:1027D000140004300020704770B50546FEF720FD58
:1027E0002C68064634B9FEF723FD3046FEF73CFD63
:1027F000204670BD012C06D1281D00F07DFA04464C
:1028000000232B60EFE76FF08804F9E7F8B5054681
:102810000C46FEF705FD2F1D6C22002106463846AA
:10282000FDF7CBFE2146384600F078FA044608B999
:1028300001232B60FEF7FCFC3046FEF715FD204619
:10284000F8BDF8B505460F461446FEF7E9FC064606
:1028500034B9FEF7EDFC3046FEF706FD2046F8BD24
:102860002B68012B06D122463946281D00F082FA3A
:102870000446EEE76FF08804EBE72DE9F0410446EB
:102880000F4690461D46FEF7CBFC00232B602368C5
:102890000646012B11D12B4642463946201D00F039
:1028A0007BFA05462046FFF797FFFEF7C1FC30464E
:1028B000FEF7DAFC2846BDE8F0816FF08805F1E705
:1028C00070B51E46038803F44F44B4F5824F17D108
:1028D000551E6D08ED00104CC4E900120146182287
:1028E00004F10800FDF78CFE0123226A65810132A4
:1028F00042F0004222620020326084F8243070BD31
:1029000003F4E043B3F5805F02D0B3F5005F01D17B
:10291000D500E0E70025DEE7B0460430F0B500283A
:1029200087B004DB442200210C48FDF746FE002658
:102930006C460B4F31461822684607F10805C7E977
:102940000066FDF73AFE0FCC0FC594E8030085E85A
:102950000300304687F8246007B0F0BDD846043045
:10296000B046043030B5002885B02ADA1648C4686D
:10297000240A26D1048904F44F45B5F5824F1CD1B1
:1029800021F4FF7525F00105B5F1062F19D1E4B248
:10299000122C12D14489B4F5807F0ED1099C00928B
:1029A0000394089CCDE901340B46426850F8081B9B
:1029B00000F098FE10F1860F01D16FF0850005B090
:1029C00030BD6FF08600FAE7B0460430704700284B
:1029D00018BF6FF08300704710B514461846FDF716
:1029E0000FFE039B00201C6010BD000001680E4A12
:1029F0000346914215D1C169A2F11022A2F1EF1252
:102A000091420ED18268012A0BD8C26812B10169C5
:102A10008A4206D0586928B19B691B1A584258410E
:102A200070470120704700BF55AA00FF0E4B70B5DC
:102A30009E68B6B13046FFF7D9FF044618B9F3686F
:102A40007BB935690DB9204670BD2846FFF7CEFF2A
:102A500028B9EB68B34204D12E462D69F2E704464B
:102A6000F1E70124EFE700BF1C4704302DE9F843EC
:102A7000404E3468D4B1B468C4B1002877D000297E
:102A800075D001FB00F5B5FBF0F088426FD1281D31
:102A90006DD8A9070DD025F003070437F46803E0CB
:102AA0006368BB4207D2A469002CF9D12046BDE877
:102AB000F8832F46F2E7A3681BB12F4B01201B6858
:102AC0009847D4E90520616804F12008C91B23292F
:102AD0001CD80123A360BAB19061A36903B15A6104
:102AE0000023C4E905333369DA0706D5FFF79EFFF3
:102AF00018B10120204B1B6898472A460021404608
:102B00004446FDF75AFDD1E7F060E6E707F1200CF7
:102B100004EB0C03203959600021DFF860E0C3E9C1
:102B200002142169196144F80CE0DFF854C0C3F8BD
:102B30001CC001B1CB60C3E90520B2B193619A69B1
:102B400002B15361236100234FF00109C4E9053349
:102B50003369C4E90179DB07CFD5FFF767FF0028A8
:102B6000CBD0054B48461B68C6E7F360E7E7002477
:102B70009CE700BF1C4704301800043055AA00FF32
:102B8000669911EE2DE9F041054600287CD03F4FB3
:102B90003B68002B78D0BA68002A75D0834203D8EE
:102BA0007A681344984203D3394B01201B68984735
:102BB000A5F120042046FFF719FF18B1344B01207E
:102BC0001B68984755F8183C012B03D0304B012067
:102BD0001B689847002355F8146C45F8183CAEB1B3
:102BE000B26892B955F81C3C03F120027368134493
:102BF000736055F8103C336103B1DE60204620223B
:102C00000021FDF7DAFC234634461E4620690028E1
:102C100032D08368002B2FD163684268203313447D
:102C200063600369D4E905212361DAB901BB426914
:102C300081696261A161EAB19461A26902B15461E2
:102C400003B1DC6020220021FDF7B7FC3B699B0744
:102C50001AD5FFF7EBFEB8B1BDE8F0410C4B0120EF
:102C60001B6818479161A1690029E0D04A61DEE73D
:102C7000F960F8E7FC60E0E7002EE7D1FB68A361AC
:102C800003B15C61FC60E1E7BDE8F0811C47043002
:102C90001800043038B50D461422002104461248AD
:102CA000FDF78BFC1149124801F07CF9232D1AD94C
:102CB00014F003031FBF043DED18C3F10403E4182F
:102CC0002A4600212046FDF778FC074B094AC3E954
:102CD00000459C602260A2F11022203DA2F1EF127B
:102CE0006560E261DC6038BD1C470430852B010C57
:102CF0006D2A010C55AA00FF036810B504462BB1DC
:102D0000054A934205D1043000F0DEFB002020602C
:102D100010BD6FF08800FBE709000002F8B50768F6
:102D200005460C4607BB124B994213D1061D30468F
:102D300000F0C6FB3046394600F0CCFB064628B909
:102D40002C603046BDE8F840FFF741BE2846FFF74B
:102D5000D3FFF6E701F0FE44B4F1007F14BF6FF03B
:102D600086006FF08500F8BD6FF08800FBE700BFBC
:102D70000900000210B5074B04689C4206D10430DC
:102D800000F0D6FBBDE81040FFF721BE6FF08800D1
:102D900010BD00BF090000022DE9F0411F46047874
:102DA000064644F0007404F17E44033C102C98BFA6
:102DB000104B884615468CBF00241C5D3A601AB142
:102DC00021214046FDF7F9FBAC420DD832680A4B91
:102DD0009A420CD14146301D00F0EAFBFFF7F7FDA7
:102DE00000B93C60BDE8F0816FF08900FAE76FF050
:102DF0008800F7E731B3010C090000022DE9F04F1C
:102E00000D46D5B000F1440304934BAB059300F19C
:102E100064030693DDE9043253F8041F42F8041FEB
:102E200006999942F8D100240BAE09AF2919042262
:102E30003846FDF7E5FB3B6804341BBA402C46F8E6
:102E4000043FF3D197490DF1280A5546DDE951EBCE
:102E5000DDE94C76DDE94E328C46DDF84C81DDF85B
:102E600040910191A868DCF800104FEAF92484EA47
:102E7000B91401448BEA0E0084EA796400EA09007F
:102E800080EA0B002144014441444FEA773888EA44
:102E9000B70888EAB7580A44884447EA060107EAAF
:102EA0000600194001438844E868DCF804104FEA42
:102EB0007834014489EA0E00104080EA0E0059443B
:102EC00001444FEAF22080EAB21080EA726084EA9C
:102ED000B804014484EAB8540B440C4448EA07019E
:102EE00008EA0700314001430C442869DCF8081067
:102EF0002035014482EA0900184080EA0900714443
:102F000001444FEAF32080EAB31080EA7360014481
:102F10004FEA743080EAB40080EAB45001EB060E48
:102F2000084448EA040108EA0406394031430844E9
:102F300055F80C6CDCF80C100CF1200C0E444E44CF
:102F400082EA030909EA0E094FEAFE2189EA020929
:102F500081EABE1181EA7E614E440E444FEA70312F
:102F600081EAB00181EAB05106EB0709314444EA35
:102F7000000604EA000706EA08063E43314455F815
:102F8000087C5CF8106C3E44164483EA0E0202EAA8
:102F900009025A4016444FEAF92282EAB91282EA3B
:102FA000796216444FEA713282EAB10282EAB15282
:102FB000B044324440EA010600EA010726403E439D
:102FC000324455F8047C5CF80C6C3E441E448EEA96
:102FD000090303EA080383EA0E031E444FEAF823B9
:102FE00083EAB81383EA78631E444FEA723383EAB4
:102FF000B20304EB060B83EAB25341EA0204334402
:10300000044001EA0206344323442E685CF8084C6D
:10301000344489EA080606EA0B0686EA090674447F
:1030200034444FEAFB2686EABB1686EA7B663444C4
:1030300000EB040E4FEA733080EAB30080EAB3502D
:10304000204442EA03040C4002EA03063443061912
:103050006C685CF8040C204488EA0B0404EA0E0453
:10306000484484EA080420444FEAFE2484EABE145B
:1030700084EA7E64204401EB00094FEA763181EA5C
:10308000B60181EAB651014443EA0600104003EA62
:10309000060420430F181AA9A9427FF4E3AE3AA907
:1030A000079101E044B3010CDAF84010DAF80C4063
:1030B0004FEAF14585EA7145DAF8080085EA91257D
:1030C000DAF82C100AF1200A01444FEAB44080EAF1
:1030D000F41080EAD4002944014403918BEA0E00E5
:1030E0004FEAF92181EAB91100EA090081EA796120
:1030F00080EA0B000844019907EA0605096C0844B8
:1031000003990844404402440292CAF8281047EA4E
:1031100006024FEA773181EAB7011A402A4381EA71
:10312000B7511144DAF8242001444FEAF24585EA08
:1031300072455AF8100C85EA9225DAF81020DDF86D
:1031400008C014444FEAB04282EAF01282EAD00288
:103150002C441444029A89EA0E051540019A85EA26
:103160000E05526CCAF82C405A4422441544029A67
:103170004FEAF22282EABC1282EA7C622A4403EB22
:10318000020B47EA01054FEA713307EA010C83EAB3
:10319000B103354045EA0C0583EAB1532B4413448F
:1031A000039A5AF80CCC4FEAF24585EA724585EA53
:1031B0009225DAF8142000EB02084FEABC4282EABA
:1031C000FC1282EADC02A8449044029A4FEA73356A
:1031D00089EA0200019A00EA0B00926C80EA090079
:1031E0007244424410444FEAFB2282EABB1282EA54
:1031F0007B62024441EA030006EB020E85EAB30556
:1032000001EA03063840304385EAB35505441544C6
:103210005AF8086CDAF818204FEAF44080EA744053
:1032200080EA94200CEB02044FEAB64282EAF612DE
:1032300082EAD60204441444029A03EA050C82EAA4
:103240000B0000EA0E005040019ACAF83080D26CA0
:10325000CAF834404A44224410444FEAFE2282EA2B
:10326000BE1282EA7E62024407EB02094FEA753021
:1032700043EA050780EAB5000F4047EA0C0780EAF9
:10328000B550384410445AF8047CDAF81C204FEA50
:10329000F84C8CEA784C16444FEAB7428CEA982CEA
:1032A00082EAF71282EAD70266441644019ADDF8F0
:1032B00008C0126DCAF83860324462448BEA0E0CC2
:1032C0000CEA090C8CEA0B0C62444FEAF92C8CEAEC
:1032D000B91C8CEA796C94444FEA703282EAB002ED
:1032E00001EB0C0882EAB05245EA00010292194053
:1032F00005EA00021143029A0A444FEAF44181EAC6
:10330000744181EA9421DAF820406244DAF800C07E
:103310003C440C444FEABC4181EAFC1181EADC01E7
:103320000C4401998EEA0907496D07EA0807214410
:10333000594487EA0E070F444FEAF82181EAB81191
:1033400081EA7861394403EB010B4FEA723383EA77
:10335000B20383EAB25340EA020702932F4000EA25
:1033600002031F43029BCAF83C403B440B444FEA14
:10337000F64181EA764181EA9621DAF82460DAF8AA
:103380000470664431444FEAB74686EAF71686EA87
:10339000D706314402910199DDF808C0896D89EAA8
:1033A0000806614406EA0B06714486EA09060E44E3
:1033B0004FEAFB2181EABB1181EA7B61314405EBD5
:1033C000010E42EA03064FEA7335CAF840C00640D0
:1033D00002EA030C85EAB30546EA0C0685EAB35512
:1033E00035446E18DAF80810039D4FEAF44C3D445A
:1033F0004FEAB14787EAF11787EAD1078CEA744CA4
:1034000001998CEA942C6544C96D3D4488EA0B0708
:1034100007EA0E072944494487EA08070F444FEAA0
:10342000FE2181EABE1181EA7E61394443EA060742
:1034300003EA0609174047EA090700EB010901986A
:103440004FEA763C20308CEAB60C019007988CEA63
:10345000B65CCAF84450BC44504501EB0C077FF4FD
:1034600023AE0AA8C0F81031C0E9001C029BC0F8C6
:103470002481C0F80031C0F81421C0F8FC40C0F825
:1034800020B1C0F81CE1C0F80C61C0F80451C0F8CC
:103490001891C0F80871049A059952F8043F0492F3
:1034A00051F8042F1344049A05911360069B93422C
:1034B000F1D14FF4947100F07FFD55B0BDE8F08F6D
:1034C00068220021FDF779B810B1682100F074BDC1
:1034D0007047000003460846C1B9C3E910110D4A00
:1034E0000D49DFF838C0C3E912120D4A0D49C3E98E
:1034F00014C20D4AC3E916120C4A1A6602F174523C
:10350000A2F52302A2F692425A6670476FF0860037
:10351000704700BF85AE67BB67E6096A72F36E3C11
:103520003AF54FA57F520E518C68059BABD9831F8E
:103530002DE9F04105460E46144612B3036C03F024
:103540003F079B18036422BF436C013343647FB180
:10355000C7F1400842450FD342463844FDF750F8C2
:1035600029462846FFF74AFC27444644A7F1400471
:103570003F2C09D82CB1002722463146E819FDF727
:103580003FF80020BDE8F081374606EB04083946D5
:1035900028464037FFF732FCA8EB07033F2BF6D84D
:1035A000A4F1400323F03F0340331E44E41ADFE755
:1035B00073B50D468021036C044603F03F035A1C8B
:1035C000382AC154104474D80021C2F13802FCF7E3
:1035D000F4FFD4E91062730F43EAC20304221BBA5A
:1035E0000DEB020104F138000193FDF709F8042204
:1035F000F6000DEB020136BA04F13C000196FCF72F
:10360000FFFF21462046FFF7F9FB0422A36C0DEBD8
:1036100002011BBA28460193FCF7F2FF0422E36C77
:103620000DEB02011BBAA8180193FCF7E9FF042275
:10363000236D0DEB02011BBA05F108000193FCF7A5
:10364000DFFF0422636D0DEB02011BBA05F10C00D4
:103650000193FCF7D5FF0422A36D0DEB02011BBA09
:1036600005F110000193FCF7CBFF0422E36D0DEB95
:1036700002011BBA05F114000193FCF7C1FF0422FB
:10368000236E0DEB02011BBA05F118000193FCF744
:10369000B7FF0422636E0DEB02011BBA05F11C009B
:1036A0000193FCF7ADFF2046FFF70EFF002002B0AC
:1036B00070BDC2F140020021FCF77FFF2146204689
:1036C000FFF79CFB38220021204680E704300428C5
:1036D0009ABF034B33F910006FF08300704700BFAF
:1036E00044B4010C4123F0B595B00DF1080CCDE9BF
:1036F000003CDDE91A56DDE91C47029303ABFFF7F6
:103700006BF998B99DF80C30042B0DD1402F0FD1D7
:1037100033462A4620460DF10D0100F08DFB15B011
:10372000BDE8F040FFF7D2BF6FF0860015B0F0BDE6
:103730006FF09400FAE70022016000F11C0340F8EA
:10374000042F9842FBD17047F0B500240546264669
:10375000204652F8247051F82430DB1946EB060756
:103760001B1845F8243004F1010447F10000082C2F
:10377000EFD1F0BD002370B50646184652F823502D
:1037800051F82340641B65EB0505241A46F82340D5
:1037900003F1010365F10005082BC5F10000EDD12F
:1037A00070BD70B504395642041F013A1C3054F8FC
:1037B000043F51F8045F134035402B43844223609B
:1037C000F5D170BD002330B50446184654F82320C7
:1037D00051F8235001336A40082B40EA0200F5D12A
:1037E00030BD021F00F11C03002052F8041F9A4252
:1037F00040EA0100F9D170472DE9F047002506465F
:103800008946AA46171FA0F1040C02F11C0857F8BC
:10381000043F5CF804EF4C46200C1A0CA4B29BB297
:103820001100414362435C43434318041B0C2418BA
:103830004B411004120C24185341704600222418E6
:1038400053416419534147451D46CCF80040DED131
:10385000336A5A195B1932624AEB0A00BDE8F087F5
:1038600010B50438A1F120024B7F0C7F1B0443EA02
:103870000463CC7F0439234391F822408A4243EA0F
:10388000042340F8043FEFD110BD70B588B01E4648
:103890000446FFF759FF3246054621466846FFF7C2
:1038A00069FFC0F10102694620462A43FFF779FF0C
:1038B00008B070BD2DE9F04F9846D3F840A0002322
:1038C000074618468BB0914601AA0133092B42F8EE
:1038D000040BFAD1A1F1040B01F11C06D9F8003058
:1038E0005BF8041F019D4A4601A803FB0155FFF741
:1038F00083FF0AFB05F504464246294601A8FFF767
:103900007BFF0823044401AA5168013B42F8041BD1
:10391000FAD1B3450994E1D1424601A93846FFF7EF
:1039200029FFC0F1010222433846C2F10102FFF72C
:1039300038FF0BB0BDE8F08F014BFFF7BBBF00BFF6
:10394000F4B4010C0B4601F120020146FFF7B2BFAF
:1039500030B504460D4689B068460121FFF7EBFEFD
:103960002B466A4621462046FFF7A4FF09B030BD2A
:1039700038B504461546FFF7DEFE29462046BDE869
:103980003840FFF7DFBF2DE9F043144606462746CF
:1039900089B001226846FFF704FF22460121304624
:1039A000FFF7E6FF256804F11C09023D4FF02008EF
:1039B000EB0705D523466A4631463046FFF77AFFC6
:1039C00023466A4669466846FFF774FFB8F1010866
:1039D0004FEA5505ECD14F4502D057F8045FE5E7B3
:1039E00009B0BDE8F083000070B5144606460D46E8
:1039F00088B0214620460C4AFFF7C5FF22462146E3
:103A00006846FFF799FF6A4631463046FFF794FF54
:103A1000224669466846FFF78FFF6A4629462846D0
:103A2000FFF78AFF08B070BDF4B4010C30B504464E
:103A300089B0FFF715FF0C4A21466846FFF79AFE4A
:103A4000054601216846FFF776FE6A46214668462C
:103A5000FFF790FE2DB1003818BF0120404209B099
:103A600030BD4FF0FF30FAE7B0B4010C10B588B0AC
:103A700004460146054A6846FFF77CFE6946C0F1E8
:103A800001022046FFF78DFE08B010BDB0B4010C56
:103A900070B51F2A04460B4688B00FD800206D462B
:103AA000694606460130202805F8016BFAD1C2F1BB
:103AB0001F0008441A4493420CD12046FFF7D0FE61
:103AC0002046FFF7D3FF2046054908B0BDE8704007
:103AD000FFF738BF13F8015B00F8015FEBE700BFA9
:103AE000B0B4010C30B589B00446FFF743FE05467B
:103AF00021466846044AFFF727FE2A4669462046C3
:103B0000FFF74FFE09B030BDF4B4010CF0B5164616
:103B10001F4604460D4699B011466846FFF70CFF54
:103B20003246694608A8FFF707FF3A4669466846E5
:103B3000FFF702FF08A908461E9AFFF7FDFE22467E
:103B400069466846FFF7CEFF08A92A460846FFF7F0
:103B5000C9FF6A4631463046FFF7EEFE6A466946BF
:103B600010A8FFF7E9FE6A46684610A9FFF7E4FED1
:103B700010A922460846FFF7DFFE08AA1146204694
:103B8000FFF7DAFE2146204610AAFFF7ABFF2146D9
:103B9000204610AAFFF7A6FF6A4621462046FFF7F7
:103BA000A1FF10A922460846FFF79CFF10A908466E
:103BB00008AAFFF7C1FE2A4669466846FFF7BCFE21
:103BC0006A46284610A9FFF78DFF19B0F0BD000026
:103BD00070B5044690B00D4611461646FFF740FEFC
:103BE0002146234A08A8FFF7C5FD012803D04FF05E
:103BF000FF3010B070BD11462046FFF7A3FE2846E7
:103C000006F12001FFF72CFE2946194A08A8FFF704
:103C1000B1FD0128EBD111462846FFF793FE2A4655
:103C200029466846FFF788FE2246214608A8FFF786
:103C300083FE08A922460846FFF77EFE08A9224611
:103C40000846FFF74FFF08A922460846FFF74AFF3C
:103C500008A922460846FFF745FF08A90846044B75
:103C6000044AFFF712FE684608A9FFF7ABFDC0E75C
:103C7000F4B4010C90B4010C70B504460D46164620
:103C800098B0114608A8FFF757FE344B2146684606
:103C900008AAFFF7FAFD214608AA10A8FFF722FF9D
:103CA000694610AA08A8FFF747FE08AA1146684609
:103CB0002A4BFFF7EAFD69466846284B08AAFFF73A
:103CC000E4FD2A46294610A8FFF736FE10AA114641
:103CD0001046224BFFF7D9FD214610AA08A8FFF78E
:103CE0002BFE08AA114610461C4BFFF7CEFD10AA6A
:103CF00011461046FFF720FE10AA184B1146104639
:103D0000FFF7C3FD6A4669462046FFF715FE2146C8
:103D1000204608AAFFF7E6FE2146204608AAFFF73C
:103D2000E1FE324629463046FFF706FE0B4B32468F
:103D300031463046FFF7A9FD2246284608A9FFF77D
:103D4000D1FE6A4629462846FFF7F6FD2946284651
:103D500010AAFFF7C7FE18B070BD00BFF4B4010C85
:103D60002DE9F04F9946054692460C46A3B02C9E8D
:103D70002F49324602A8FFF7FDFCD6F800B03146C5
:103D80000BF0010202A80DF14808FFF70AFD00211F
:103D90004046FFF7D0FC4A4641460AA8FFF7A2FE7C
:103DA000012251462846FFF7FCFC012249462046E5
:103DB000FFF7F7FC01211F4A1AA8FFF7D9FD6FEAA8
:103DC0000B02204602F001020AA9FFF7EAFCFF27D6
:103DD0007B0922AA02EB830353F8806C07F01F02D1
:103DE000D64086EA0B06F2434946404602F00102FD
:103DF000FFF7D7FC404606F001020AA9FFF7D1FC05
:103E0000214628461AAAFFF737FF5346214628467F
:103E1000CDF800801AAAFFF779FE013FD8D12146DC
:103E200028461AAAFFF7E0FD23B0BDE8F08F00BFD7
:103E3000B0B4010CF4B4010C2DE9F041C2B0044659
:103E40000F46014602A815469846FFF7EFFD28B138
:103E50006FF00307384642B0BDE8F0810AAE304645
:103E600004F12001FFF7E2FD0028F1D14246294686
:103E700012A8FFF70DFE30464649FFF763FD1AAC66
:103E800031463046434AFFF77EFD424B32462046DC
:103E900012A9FFF70FFD22AD20463E49FFF758FD5E
:103EA0000122284602A9FFF77CFC28463949FFF782
:103EB00049FD3246374B29462846FFF7FBFC28468A
:103EC0003449FFF745FD3A4632A92AA8FFF780FE9C
:103ED000074600285BD112A83146009532AB2AAACA
:103EE000FFF73EFF2046FFF77CFC90B901222046F9
:103EF00012A9FFF756FC28492046FFF729FD204666
:103F0000FFF7B4FD204602A9FFF75CFC0028A1D012
:103F10009EE7224B224A32A92AA80094FFF720FFED
:103F2000012220462AA9FFF73CFC0122284632A99B
:103F3000FFF737FC01213AA8174AFFF719FD12A92C
:103F40002AA8FFF73FFC60B10B46204629460096A1
:103F50003AAAFFF7DBFD294620463AAAFFF744FDBF
:103F6000C9E7314632A8FFF72DFC28B9294620467B
:103F70003AAAFFF781FEEEE739462046064AFFF7E8
:103F8000F7FC39462846044AFFF7F2FCB3E76FF026
:103F900001075FE7B0B4010CF4B4010C50B4010C9C
:103FA00070B4010C024B1860024B0020196070477E
:103FB000200004301C00043010B50A46044619B134
:103FC000024B00211B68984710BD00BF38B5010C9B
:103FD000464A136B23F4807323F0010343F4807388
:103FE0001363136943F03003136153691807FCD559
:103FF0003F4B1A6922F4FE0242F480021A611A68E9
:1040000022F018021A601A6842F001021A601A6857
:104010009107FCD537490A6822F00F0242F00502E9
:104020000A609A6A22F0030242F001029A629A6AD6
:1040300042F480329A629A6A42F400329A629A6A30
:1040400042F480229A629A6A22F010029A629A6A74
:1040500022F00C0242F008029A629A6A22F02002D0
:104060009A629A6A22F47C5242F400629A625A6B13
:104070006FF3080242F03B025A635A6B22F47E420D
:1040800042F400725A635A6B22F4FE0242F4803208
:104090005A635A6B22F0FE4242F080725A631A68E9
:1040A00042F080721A60124B1A689201FCD51A6AAB
:1040B00022F00F021A621A6A22F070021A621A6A59
:1040C00022F4E0621A621A6A22F4E0421A62DA69A1
:1040D00042F00302DA61064BDA6902F01802182A8C
:1040E000FAD11A6842F480521A60704700080254EC
:1040F000000C025400200250642810B50C460AD06F
:1041000065280DD001466422064802F0FDFD4FF0FF
:10411000FF33184602E04FF040630020236010BDDB
:104120000023F6E752AC010C08B501F01BFC18B1F6
:10413000BDE8084007F0B8BB08BD00001FB5214B23
:104140001B680193204B5B680293204B5B680393D1
:10415000019B029B039B00F03DFC02F02FF9FFF74F
:10416000E3FF01F059FC20B1194802F0CDFD07F042
:104170009BFBFCF745FC20B1164802F0C5FD07F09B
:1041800093FB002400F032F800F00AF9124B1C6097
:1041900000F02CF800F004F9104B20469B6898477B
:1041A00020B10F4802F0B0FD07F07EFB0D4B002060
:1041B0009B68984710B10C4802F0A6FD002004B09F
:1041C00010BD00BF0080020C00E0020C00E0000CFB
:1041D000A2AC010CC4AC010C3447043094B5010C02
:1041E000F1AC010CDCB5010C1CAD010CF7B5624C57
:1041F000236883B9614BD3F8882042F08072C3F8FA
:1042000088204FF40022D3F8883003F080730193A4
:10421000019B5B4B9A61206800286DD1594B5A492C
:10422000D3F8D02022F00102C3F8D0200A68013070
:10423000C3F8D8204A68103122F01F02C3F8DC20EE
:1042400011F8045C51F8082C003D18BF012522F03C
:104250001F0242EA450242F001020428C3F8E020AE
:10426000E4D1BFF34F8FBFF36F8FD3F8D02042F06C
:104270000102C3F8D0202368D3B9402243484449FF
:104280007F25C0E90012F922C0E90433C0E90252D7
:10429000C0E90633036201F0EBFA08B107F004FB52
:1042A000FF213A4801F03AFB3A49384801F04CFB0B
:1042B0002368002B4FD1012000F05CFF2268002A08
:1042C00050D12E4B0520D3F8881041F40031C3F8AB
:1042D0008810D3F88830114603F400330093009B14
:1042E00001F0F8F8052001F025F92B4A536C43F052
:1042F0000203536403B0F0BD0027234D214E2B6809
:10430000C6F8D830D6F8D800D6F8DC208342D6F8E4
:10431000E01011D16B6823F01F0393420CD12A7B6C
:10432000AB68003A18BF012223F01F0343EA42039F
:1043300043F001038B4201D007F0B6FA0137042F96
:1043400005F11005DBD10F4BD3F8D030DE0792D446
:1043500007F0AAFA8FE700F017FF0128AED007F0A8
:10436000A3FAABE70C4B5B6C9B07C3D403B0BDE86F
:10437000F04007F099BA00BF34470430000C0254F3
:104380000024035000ED00E054B5010CC047043098
:10439000007800540000FF5D00600250704700008C
:1043A00073B501230226744C744D20466361266266
:1043B00000F074FE28466E6100F070FE002323605A
:1043C0002B60236903F07F43B3F1344F04D06C4872
:1043D00002F09AFC07F068FAE368002B04DA6948F7
:1043E00002F092FC07F060FAE36803F07F53B3F148
:1043F000345F04D0644802F087FC07F055FA616A24
:10440000624B994207D0624802F07EFC614802F09C
:104410007BFC07F049FAD4E90F320BB97F2A11D09F
:1044200000215D4800927F2202F06EFC5B4802F0A2
:104430006BFC7F234FF0000CC4E90FC3236843F4E7
:1044400000732360D5E90F329A420CD300927F218A
:104450000022534802F058FC7F260023C5E90F6371
:104460004FF400732B60D4E90632012B01D11C2AD2
:104470000ED01C214B4802F047FC1C230120C4E94C
:104480000603494802F040FC236843F0010323601F
:10449000D4E90C320BB9132A10D000214348009202
:1044A000132202F031FC424802F02EFC13230021BB
:1044B000C4E90C13236843F04003236023691A07FF
:1044C00004D53C4802F020FC07F0EEF923695B06B6
:1044D00004D5394802F018FC07F0E6F923682A6889
:1044E000134323D000F020FB00F040FB236843B1CE
:1044F000214800F043FC20B1304802F005FC07F0F1
:10450000D3F92B6843B11D4800F038FC20B12B488B
:1045100002F0FAFB07F0C8F900F0E4FB20B12848EC
:1045200002F0F2FB07F0C0F901F012F8A16AC3290A
:1045300007D0244802F0E8FB234802F0E5FB07F02F
:10454000B3F96368B3F56D4F13D0B3F5B85F10D00E
:10455000B3F5385F0DD0B3F5464F0AD0B3F5E44F4D
:1045600007D0B3F5B84F04D002B0BDE8704007F0F3
:104570009BB902B070BD00BF7C470430384704309F
:1045800052AD010C6EAD010C9DAD010C0000010C93
:10459000CBAD010CDBAD010C03AE010C30AE010C58
:1045A0006BAE010C98AE010CCCAE010CFFAE010C51
:1045B0002FAF010C61AF010C8DAF010CAEAF010C40
:1045C000D4AF010CF6AF010C06B0010C042A09DBD4
:1045D0000B68036000F1040001F10401A2F1040280
:1045E000042AF5DA002A09D00B78037000F10100E3
:1045F00001F10101A2F10102012AF5DA7047000080
:10460000044B82B0186883B26FF30F00184302B0F6
:10461000704700BFD8B5010C0C20704700207047D0
:10462000012805D902280CBF00206FF00400704754
:104630006FF0030070476FF003007047014B18687C
:10464000704700BFF047043000487047C0B5010C08
:1046500008B54FF47A7000F09BFA002008BD000006
:104660000C4B70B55A6992B11C69002301390144A1
:10467000151DA34201D1002070BD52F8336086425F
:1046800003D855F83360B14201D90133F1E7012075
:10469000F2E700BF440004302DE9F0411446204BFE
:1046A00096001A78074622F002021A70421E02EBA8
:1046B0008402B2F5001F0D4611D31A4A94693CB129
:1046C0006FF004001A7842F002021A70BDE8F0811F
:1046D0003246FF212846FBF770FF2046F6E700230D
:1046E000DFF844803146C8F80030FFF7B9FF3246A2
:1046F00090B107F140612846FFF768FFD8F8003015
:1047000023B1324600212846FBF757FF002324F04F
:104710004040C8F80030D9E707F10061EBE700BF7F
:10472000F047043044000430F447043038B50E4DEF
:104730006B68DC0709D40C4B5A68900711D45A688F
:10474000520744BF0422DA6038BDFCF7EDF9044695
:104750006B689907EFD4FCF7E7F9001B0128F7D93C
:10476000E9E70222DA60EAE7000403500B4A10B5D9
:10477000D36823F00203D36001F0FEF8FCF7D4F90C
:10478000044601F015F940B1FCF7CEF9001B0128F1
:10479000F7D901F00DF90028F3D010BD0004035043
:1047A0002DE9F04F454F87B03B784FEA82080191E1
:1047B00023F002034146064615463B70FFF750FFC3
:1047C000F0B14FF0020B4FF0406A721E4244B2F556
:1047D000001F0CD248EA060414F00F0407D1384B2E
:1047E000D3E90201234601F1040E83420DD16FF09B
:1047F00004003B7843F002033B7007B0BDE8F08F44
:104800004FF0006ADFF8BCB0DFE751F833C066450F
:1048100003D35EF833C0624544D90133E5E700F0C5
:104820006FF93B7843F001033B70019B102219198B
:1048300002A8FBF7E5FE029B049A05991A40039B28
:104840000B40B3F1FF3F08BFB2F1FF3F24D00AEBAA
:104850000601584602AA214400F0E6F981461034C8
:10486000A04502D0B9F1000FDFD03B78414623F0DC
:10487000010330193B70FFF7F3FE80B100F06AF9D5
:10488000FFF754FF01F06EF8B9F1000F25F040403A
:1048900018BF4FF0FF30B0E74FF00009DFE700F03E
:1048A0004DF9EDE7FFF762FF41463046FFF7D8FECE
:1048B0000028B4D100F010F9B3E700BFF04704308E
:1048C000440004300200008070B5B0F5001F0446BB
:1048D00086B008D2C0F30C032BB92F4AD2E90012DC
:1048E000101D8B4208D16FF004002C4A137843F05E
:1048F0000203137006B070BD52F83350AC4203D3BC
:1049000050F83350AC4207D90133EAE700F0E4F83D
:1049100024E000F013F936E004212046FFF7A0FE62
:1049200000281F4B18BF0423B4F5801F029334BF27
:104930000123022303930123184E0593630B049371
:10494000FFF714FF3378042123F00203204633706D
:10495000FFF786FE0028D9D000F0D2F8337801A9FD
:1049600043F0010302A8337000F03CFC33780546A5
:1049700023F00103042120463370FFF771FE002865
:10498000C7D000F0E7F8FFF7D1FE00F0EBFF281EDC
:1049900018BF01204042ADE744000430F047043026
:1049A00004000080084BD3F80421002A0ADAD3F867
:1049B000042142F00042C3F80421044A1368013381
:1049C00013607047FEE700BF00200250F447043038
:1049D0007047000010B5032000F06AFD00F066FC8F
:1049E000094B0A4A1B6A03F00F03D35CD840084BFB
:1049F00018600F20FCF78AF8044618B9FFF7E8FFA3
:104A0000204610BD0124FBE7000C025444B5010C04
:104A1000240004300C4B10B50C4A9C680C4B13EA74
:104A2000240338BF13461A6842F002021A60EFF3FB
:104A3000108272B60023CC58C4500433102BFAD124
:104A400082F3108810BD00BF280004302C200250D3
:104A50002820024030B50F4DAB68002BAABF0E4B8B
:104A60000E4B0F4A1C68B8BF0E4A44F002041C608B
:104A7000AB68146803F0040323431360EFF3108260
:104A800072B60023CC58C4500433102BFAD182F3F1
:104A9000108830BD280004302C200250282002400D
:104AA0004420025040200240084B10B5084A9C6840
:104AB000084B13EA240338BF13461A6842F0020277
:104AC0001A600B889BB2038010BD00BF2800043021
:104AD0002C20025028200240074B9A6AD20741BF7F
:104AE000064A5A6002F188325A6046BF986A00F05E
:104AF00001000120704700BF0020025023016745DC
:104B0000074BDA6AD20741BF064A9A6002F188323F
:104B10009A6046BFD86A00F001000120704700BFCC
:104B2000002002502301674508B5FFF7D5FF18B9EB
:104B3000BDE80840FFF7E4BF08BD0000044B9A6AD7
:104B400042F001029A62986AC04300F00100704787
:104B500000200250044BDA6A42F00102DA62D86A9D
:104B6000C04300F00100704700200250064BD86996
:104B700010F0010007D0054ADA6002F14432DA6031
:104B8000D86900F001007047002002503B2A190844
:104B9000F8B50546FBF7C8FF1D4E1E4CB2681E4B0C
:104BA000074614EA220438BF1C46236813F00B0F93
:104BB0001AD1B168194B1A4A1A4812EA210238BFB1
:104BC0001A462168036A01F47E0103F400030B43D3
:104BD00015D071681943716013601A0202D54FF441
:104BE0000003036301200EE0691CDED0FBF79CFF8D
:104BF000C01BA84201D8002DD7D1032003E02368B1
:104C0000DB0301D40020F8BD4FF480331360F9E7D3
:104C1000280004302020024024200250342002507A
:104C200030200240002002502DE9F041264D04467C
:104C30002B780E46012B174644D001232B700023FE
:104C40004FF47A706B60FFF7A3FF50BB1F4B204AF5
:104C5000AC6012EA240838BF984624F00043022BC7
:104C600023D139463046FFF7D5FE4FF47A70FFF76F
:104C70008FFFD8F8003024F0304222F0040223EAFB
:104C80000203C8F80030134B9C420AD1A968124AAB
:104C9000124B13EA210338BF13461A6822F00402AC
:104CA0001A6000232B70BDE8F0810D4B24F0040244
:104CB0009A423946304602D1FFF7CCFED5E7FFF7DE
:104CC000F3FED2E70220EEE7280004302C20025049
:104CD00028200240060000104420025040200240DC
:104CE00002000010044A4FF47A70D36943F00203C3
:104CF000D361FFF74DBF00BF00200250124B134A93
:104D00009968134B13EA210338BF134600F00302DE
:104D1000032A06D11A6842F4004242F020021A60C7
:104D20007047C10707D51A6822F0004222F0280216
:104D300042F028021A608207F2D51A6842F0004257
:104D400042F02802EBE700BF280004302C2002507C
:104D500028200240064B074A9968074B13EA2103B3
:104D600038BF13461A6842F008021A60704700BF45
:104D70002800043044200250402002402DE9F04138
:104D8000DFF8A882044698F80030012B00F08181FA
:104D90000123002088F800304FF08023C8E9010388
:104DA0004FF47A70FFF7F4FE002840F0398127684D
:104DB000F90719D5A5696369012D03F00101E269BD
:104DC00003F0020340F0368131B1994DD5F8EC1073
:104DD00021EA0201C5F8EC1033B19549D1F8EC3164
:104DE00023EA0203C1F8EC31BA0706D5904A61689C
:104DF000536D23F47F430B4353657B0740F1AE8033
:104E0000D4E9021511F001030EBF1A46032205F082
:104E100003038E0742BF05F00406334342F0040249
:104E20004E0742BF05F00806334342F008020E0762
:104E300042BF05F01006334342F01002CE0642BFD7
:104E400005F04006334342F040028E0642BF05F0B3
:104E50008006334342F080024E0642BF05F480369E
:104E6000334342F480320E0642BF05F4003633432A
:104E700042F40032CE0542BF05F48016334342F4BB
:104E800080128E0542BF05F40016334342F400122F
:104E90004E0542BF05F07F56334342F07F520E0568
:104EA00042BF05F000452B4342F0004211F480550B
:104EB00018BF0426D4F810C00CBF2E460CF0040511
:104EC00011F4005F1EBF0CF0080E45EA0E0546F017
:104ED000080611F4804F1EBF0CF0100E45EA0E05B7
:104EE00046F0100611F4004F1EBF0CF0200E45EAEC
:104EF0000E0546F0200611F4803F1EBF0CF0400E58
:104F000045EA0E0546F0400611F4802F1EBF0CF452
:104F1000004E45EA0E0546F4004611F4002F1CBF72
:104F20000CF07F4C45EA0C05C1F30B0C18BF46F0A2
:104F30007F46BCF1000F08D0DFF8F4E0DEF854C083
:104F40002CEA02021343CEF8543011F47F2F05D01F
:104F5000374A536F23EA06032B435367B90510D52D
:104F6000D4E90F316569EA0742BF314E43EA014295
:104F7000C6F8E420AE0742BF2D4A43EA0143C2F817
:104F8000E4313D070AD5D4E90831012B61D1284A23
:104F9000D2F88430DBB20B43C2F88430F9060BD56B
:104FA000236AA16A012B5ED1214AD2F8843023F012
:104FB000FF030B43C2F88430BA0606D51C4AE16AE7
:104FC000D2F894300B43C2F894307B0610D5D4E964
:104FD0000C316569EE0742BF154E43EA0142C6F83F
:104FE000FC20AA0742BF124A43EA0143C2F8FC313F
:104FF0003B0615D56269A36B02F0010102F00202C3
:10500000002B3BD029B10A4C591E41F40041C4F891
:10501000F4102AB1064A013B43F40043C2F8F431CC
:10502000002388F80030BDE8F08100BF280004307C
:105030000020025029B1184DD5F8EC101143C5F8E5
:10504000EC10002B3FF4D0AE1349D1F8EC311343F0
:10505000C8E6022BA2D1104AD2F88C30DBB20B4347
:10506000C2F88C309AE7022BA6D10B4AD2F88C30CA
:1050700023F0FF030B43C2F88C309DE711B10649C2
:10508000C1F8F430002ACBD00022034BC3F8F4213E
:10509000C6E70220C7E700BF0020025006230360D6
:1050A000334B1A6D02F47F4242601A6D22F47F4244
:1050B000C2601A6F02614269511E012932D8012A69
:1050C0000CBFD3F8E830D3F8E831DB43C361003BD1
:1050D00018BF01238361264B012A0CBFD3F8E030AF
:1050E000D3F8E031012A03F07F01C3F306430364E0
:1050F0001F4BC1630CBFD3F8F830D3F8F831012A45
:1051000003F07F01C3F30643436340F2C723036008
:10511000174B01630CBFD3F8F030D3F8F03103F034
:1051200003038363026A531E012B17D80368012A05
:1051300043F0180303600E4B0BBFD3F88020D3F865
:10514000882022F0FF0222F0FF020BBF426242627F
:10515000D3F88030D3F88830DBB28362036843F041
:1051600020030360024BD3F89030C362704700BF46
:1051700000200250034AD36B23F003030343D3639D
:10518000704700BF00200250024BD86B00F00300B4
:10519000704700BF002002500F4B104A10B59C68AA
:1051A0000F4B800113EA240338BF1346C9071A685E
:1051B0000AD522F0004222F4FE521A601A68024315
:1051C00042F024021A6010BD22F4FE521A601A68DE
:1051D000024342F00042F3E7280004302C20025042
:1051E000282002402DE9F843294E054633788946A8
:1051F000012B4AD00123337000234FF47A7073607F
:10520000FFF7C6FC0446F0B92B682249224AB36076
:1052100011EA230838BF904648F2080223F0004103
:10522000914215D16868FFF769FD4FF47A70FFF776
:10523000AFFC04462A68D8F8003022F0004223EA86
:105240000203C8F80030002333702046BDE8F8831D
:10525000082B02D1FFF77EFDE7E74FF0FF33C9F8D7
:105260000030AF68D5E902231344BB42E2D9384687
:105270006968FFF791FF4FF47A70FFF789FC10B16E
:10528000C9F80070D5E70137ECE70224DDE700BF7D
:1052900028000430282002402C200250024A536A81
:1052A00043F0010353627047000802542DE9F041B6
:1052B000524CE36903F01803082B00F09980E3696E
:1052C00013F0180F0AD123684D4813F0200F03D0B4
:1052D0002368C3F3C103D840BDE8F081E36903F05C
:1052E0001803102B00F08680E36903F01803182BD5
:1052F00040F08280A76AA36AA66A13F47C5FD4F8A0
:105300003880C3F30520E7D004F08AFCC6F300160A
:105310000546C8F3CC00704304F082FC4FF06451A2
:1053200004F0D6FC07F00303012B064611D0032B33
:105330004ED0606BC0F3080004F072FC314604F0FC
:10534000BFFB4FF07E5104F0BBFB294604462D48BD
:105350003BE023689B0629D523682948C3F3C10392
:10536000D84004F05DFC294604F066FD676B0446F6
:10537000C7F3080004F054FC314604F0A1FB4FF0E1
:105380007E5104F09DFB0146204604F0A1FC1B4B1E
:105390000446586BC0F34620013004F041FC01463E
:1053A000204604F049FD04F0E3FD95E7606BC0F38F
:1053B000080004F035FC314604F082FB4FF07E51CA
:1053C00004F07EFB294604460F4804F035FDDAE779
:1053D000606BC0F3080004F023FC314604F070FB5E
:1053E0004FF07E5104F06CFB294604460748ECE779
:1053F000074871E707486FE701486DE7000C025462
:105400000090D0030024744A0024744C20BCBE4B8E
:1054100000093D0040787D0108B5FFF747FF064BC6
:10542000064A1B6A03F00F03D35C03F01F03D84046
:10543000034B186008BD00BF000C025444B5010CBA
:105440002400043008B5FFF7E7FF054B054A1B6A47
:10545000C3F30213D35C03F01F03D84008BD00BFA1
:10546000000C02543CB5010C08B5FFF7D5FF054B05
:10547000054A1B6AC3F30223D35C03F01F03D84021
:1054800008BD00BF000C02543CB5010C08B5FFF785
:10549000C3FF054B054A1B6AC3F30233D35C03F019
:1054A0001F03D84008BD00BF000C02543CB5010CDE
:1054B00007490302CA6803F4E06322F4E0621204BD
:1054C000120C134343F0BF6343F40033CB607047C7
:1054D00000ED00E0154B30B5DC68C4F30224C4F1E4
:1054E0000703251D042B28BF0423062D4FF0FF358D
:1054F00094BF0024033C05FA03F321EA0303A5400B
:1055000022EA0502A340002843EA0203ACBF00F1EF
:105510006040074A4FEA0313DBB2ABBF00F56140BE
:1055200000F00F0080F80033135430BD00ED00E0B0
:1055300014ED00E0002807DB01234109034A00F0D5
:105540001F00834042F82130704700BF00E100E0B7
:10555000BFF34F8F0549064BCA6802F4E06213435C
:10556000CB60BFF34F8F00BFFDE700BF00ED00E051
:105570000400FA052DE9F04F00234FF00F094A4AC5
:105580004A4D02EA90280A6832FA03F401D1BDE8D4
:10559000F08F012404FA03FA1AEA020270D04C6870
:1055A00024F01007022F16D14FEAD30C00EB8C0C1D
:1055B00003F0070EDCF820604FEA8E0E09FA0EFBAE
:1055C00026EA0B0B0E6906F00F0606FA0EF646EAFF
:1055D0000B06CCF820600326D0F800B04FEA430E4B
:1055E00006FA0EFC2BEA0C0B6FEA0C0604F0030C17
:1055F0000CFA0EFC013F4CEA0B0C012FC0F800C066
:1056000040D9032C3CD0C76837408E6806FA0EF6A6
:105610003E43C660E60033D523F0030707F1A847F1
:1056200007F5083703F00306D7F860C0F60009FA5B
:1056300006FE2CEA0E0C08FA06F646EA0C063E6652
:10564000D743D5F8806014F4803F0CBF3E4016432A
:10565000C5F88060D5F8846014F4003F0CBF3E406C
:105660001643C5F884602E6814F4801F0CBF3E40BA
:1056700016432E606E68A40254BF3E4016436E600F
:10568000013380E7876806EA070CCF6807FA0EF750
:1056900047EA0C078760476827EA0A0C27099F40FA
:1056A00047EA0C074760AEE77F7F2B0000200254DB
:1056B0002DE9F04F00234FF001084FF00F0E4FF08F
:1056C00003092D4F2D4A07EA902731FA03F401D13F
:1056D000BDE8F08F08FA03FC1CEA010649D023F06C
:1056E000030404F1A84404F5083403F00305ED00B5
:1056F000D4F860A00EFA05FB0BEA0A0A07FA05F5D2
:10570000554517D1D2F8805025EA0605C2F88050D9
:10571000D2F8845025EA0605C2F88450156825EAB7
:1057200006051560556825EA06055560256E25EACB
:105730000B05256605685C0009FA04F42543DE08BC
:10574000056000EB860603F00705D6F820A0AD0043
:105750000EFA05F52AEA05053562856825EA04058D
:105760008560456825EA0C054560C56825EA04049E
:10577000C4600133A9E700BF7F7F2B0000200254E3
:105780000AB1816170478162704770B500240126BB
:10579000036B51FA04F501D1036370BD06FA04F5F9
:1057A00029421EBFAB4302FA04F52B430134F0E754
:1057B00038B50A4CE36823F02003E360FBF7B4F943
:1057C0000546E3689B0601D5002038BDFBF7ACF920
:1057D000401BB0F57A7FF4D90320F6E70078005437
:1057E000F8B5114D0646EC6814F040041AD1EB6888
:1057F00043F08003EB60FBF797F923460746EC681C
:1058000014F0400401D1032B01D11846F8BDFBF779
:105810008BF9C01BB0F57A7F234684BF032386F83B
:105820002D30ECE70023F0E70078005438B50F4C3A
:105830000546E36823F08003E360A3699B0606D472
:10584000FFF7B6FF10B1032085F82D0038BDA3691E
:1058500023F02003A361FFF7ABFF10B1032085F80D
:105860002D00A36943F02003A361EFE70078005403
:1058700038B5044600284CD090F82D3003F0FF02D4
:105880001BB980F82C20FBF71BFA0223224D84F869
:105890002D30EB68DB0637D4CA236B6253232046D6
:1058A0006B62FFF79DFF18B1FF2303206B6238BDC9
:1058B000AB69204623F08E6323F04003AB6121697E
:1058C0006368AA690B431343A2691343AB61D4E92C
:1058D000022343EA02432B61EA68D4E9093122F446
:1058E000F8520B431343EB60FFF7A0FF0028DBD116
:1058F000D4E90713AA690B4322F06042134362699B
:105900001343AB61FF236B620123002084F82D3029
:10591000CDE70120CBE700BF00780054094B1A689F
:1059200022EA01021A60D9630A04586842EA016255
:105930000A4320EA02025A60DA6A002022EA0102DF
:10594000DA627047007C0054054B00201A6822EA96
:1059500001021A60DA6A22EA0102DA62D963704748
:10596000007C0054034A0020136843F001031360D5
:10597000704700BF0004035038B502230B4CE360AE
:10598000236823F001032360FBF7CEF80546206867
:1059900010F0010000D138BDFBF7C6F8401B01280C
:1059A000F5D92368DB07F2D50320F4E700040350A0
:1059B000024B186800F00100704700BF000403505C
:1059C00038B50C4C6368D90704D400200222094B77
:1059D000DA6038BDFBF7A8F8054663689B07F4D486
:1059E000FBF7A2F8401B0128F7D963689A07F4D4A3
:1059F0000320EBE700040350064B5A68D20707D494
:105A00000222DA601A6842F002021A60FFF7D8BF79
:105A1000012070470004035037B51A49D1E84F3FC1
:105A20000133DBB2C1E8423F002AF7D1012B23D872
:105A3000154B164DD3F8E810284621F03001C3F875
:105A4000E810D3F88C1041F48021C3F88C10D3F8FF
:105A50008C302A7203F480230193019B0C4B6A72F1
:105A60002B6002F0E0F8044648B96946284602F087
:105A7000B0F9204603B030BD4FF0FF30FAE76FF0C9
:105A80000100F7E7F8470430000C0254FC470430EB
:105A900000080C5208B5074802F01DF9064AD2F872
:105AA0008C3023F48023C2F88C300022034B1A7010
:105AB00008BD00BFFC470430000C0254F847043016
:105AC000431E072B9DBF800200F1A44000F500306B
:105AD00000487047000002528AB0082813D8DFE857
:105AE00000F0051422303E4C5A6876003F4BD3F844
:105AF0008C2042F00102C3F88C20D3F88C3003F0E4
:105B000001030193019B0AB07047384BD3F88C20F6
:105B100042F00202C3F88C20D3F88C3003F0020369
:105B20000293029BEFE7314BD3F88C2042F0040242
:105B3000C3F88C20D3F88C3003F004030393039B49
:105B4000E1E72A4BD3F88C2042F00802C3F88C20FE
:105B5000D3F88C3003F008030493049BD3E7234B62
:105B6000D3F88C2042F01002C3F88C20D3F88C308C
:105B700003F010030593059BC5E71C4BD3F88C205D
:105B800042F02002C3F88C20D3F88C3003F02003BD
:105B90000693069BB7E7154BD3F88C2042F04002E2
:105BA000C3F88C20D3F88C3003F040030793079B95
:105BB000A9E70E4BD3F88C2042F08002C3F88C206A
:105BC000D3F88C3003F080030893089B9BE7074BC6
:105BD000D3F88C2042F48072C3F88C20D3F88C3038
:105BE00003F480730993099B8DE700BF000C0254F6
:105BF000184A2DE9F043B2F800C0174A0346D2F81C
:105C000000E0164A00201768154A4FEA0C45B2F822
:105C10000080144A4FEA0841D2F80090124A1488D2
:105C200008221E064CBFCEF818C0CEF81850C7F890
:105C30001880D9F8106040002642C0B24FEA4303F2
:105C400018BF40F00100013ADBB2B961E9D1BDE80B
:105C5000F08300BF124804301C480430244804304C
:105C6000164804302048043014480430044B82B0F5
:105C7000186883B26FF30F00184302B0704700BF7B
:105C800030B6010C002070470020014B187070479F
:105C900028480430002070476FF003007047000070
:105CA000014B1868704700BF2C480430004870470B
:105CB00018B6010C0020704738B50246FFF700FF08
:105CC00004460D461046FFF707FF2046FFF7F0FC9D
:105CD00029462046BDE838400122FFF756BDDAB11B
:105CE0001379834202D1D3888B4213D0137A834233
:105CF00002D153898B420DD0137B834202D1D389C9
:105D00008B4207D0137C834206D1528A531A5842E1
:105D100058417047012070470020704770B50D460C
:105D2000044648B306790A46C1883046FFF7D7FFD4
:105D300010B93046FFF7C0FF267A2A4630466189FF
:105D4000FFF7CDFF10B93046FFF7B6FF267B2A4696
:105D50003046E189FFF7C3FF10B93046FFF7ACFFCB
:105D6000267C2A463046618AFFF7B9FF20B93046C3
:105D7000BDE87040FFF7A0BF70BD00002DE9F04FF7
:105D80001E468DB0204F0C469146DFF880800A46B3
:105D900001466846FAF734FC3B88D8F800201B041B
:105DA000936146B304AD22466946284604EB060AD1
:105DB0002C44FAF725FC3246FF212046FAF7FDFB7A
:105DC0004FF0000B2878FFF713FF0BF1010BDA45BA
:105DD00005F8010BF6D1B9F1000F04D03246214687
:105DE0004846FAF70DFC0020D8F800303A889A614E
:105DF0000DB0BDE8F08F6D466C4415F8010BFFF750
:105E0000F7FEA542F9D1EEE71048043018480430F7
:105E1000F7B52C4B04461B780F46002B49D0B4FB3A
:105E2000F2F602FB1646002E43D1B4F5801F40D394
:105E300053429C423DD8501E2044B0F5201F38D21A
:105E4000214D32462B78012143F001032B700623AC
:105E500001A88DF804303346FFF790FF0421230C8E
:105E60008DF8053064BA334632460DEB0100ADF8CB
:105E700006408DF80470FFF781FF0523134C8DF861
:105E8000023001230DF1030219460DF10200FFF764
:105E900075FF9DF8030010F001000ED0013CF0D119
:105EA0002B784FF0FF3023F0030343F002032B70F5
:105EB00001E06FF0040003B0F0BD2B7860F3000345
:105EC0002B70F8E7284804302C48043080C3C901FF
:105ED0004FF480522021FFF79BBF00002DE9F04FC7
:105EE00082468B4617460024C7B005AEBC4203D39A
:105EF000002047B0BDE8F08F03233D1BB5F5807F40
:105F000028BF4FF48075B1464FF00008337004EBA2
:105F10000A031A0C72701A0AFF21B27006A82A46E8
:105F2000F370FAF74AFB104B1A88104B11041B68E8
:105F30009961291D99F80000CDE902230191FFF72D
:105F400057FEDDE90223019908F10108414509F8EE
:105F5000010BEFD89A610BEB04002A4606A9FAF769
:105F60004FFB2C44C2E700BF1048043018480430EF
:105F70002DE9F04F07461546894687B0002952D0D3
:105F8000002A50D0294B1B78002B4CD002EB000A82
:105F9000BAF5800F47D8DFF8988002AC98F8003047
:105FA00043F0010388F80030FFF798FF214B0FCB37
:105FB00084E80F006B429F4206D863680F2B0DD810
:105FC000083406AB9C42F8D1284698F8003023F0FC
:105FD000010388F8003007B0BDE8F08F206803EBBC
:105FE000000BABF11006B245EAD95F45E8D20422B6
:105FF0000DEB0201FFF772FF019A0F4B9A42DFD1BE
:10600000BE42334638BF3B46DA45514628BF594663
:106010000A4AA9EB0700A2EB0B029942D0D9D65C41
:10602000C6540133F9E76FF00400D4E72848043080
:106030002C48043070B6010C3DB8F39618B6010C2C
:1060400038B505460C4669B341EA0003C3F30B03B8
:1060500043BBB0F5801F25D34B42984222D8431E44
:106060000B44B3F5201F1DD2ABB28BB9B4F5803F02
:106070000ED34FF48032D8212846FFF7C9FE30B93D
:1060800005F58035A4F58034002CEDD1204638BDCF
:106090002846FFF71DFF0028F9D105F58055A4F526
:1060A0008054F1E76FF00400F1E79F2307B5024643
:1060B0008DF8073048B1032301210DF10700FFF7E8
:1060C0005DFE002003B05DF804FB6FF00400F9E70B
:1060D00000232DE9F04F91B0ADF820308DF822303B
:1060E000934B1D78002D40F01E814FF0010B914A1B
:1060F000914C137823F003031370142200210BA892
:10610000FAF75BFA22791046FFF7DAFC237A0746A2
:1061100018460793FFF7D4FC237B04901846069398
:10612000FFF7CEFC217C03900846FFF7C9FC06462A
:10613000824B83481F60049BB4F806A00360039B56
:106140008048B4F80E9003607F48638906607F48FA
:10615000B4F81280A0F800A07D48059303807D4824
:10616000A0F800907C48A0F800801046FFF7B4FC2F
:10617000079B1846FFF7B0FC0698FFF7ADFC0846F2
:10618000FFF7AAFC514601223846FFF7FEFADDE987
:1061900004010122FFF7F9FA012249460398FFF7AB
:1061A000F4FA304601224146FFF7EFFA03230022BA
:1061B00038460BA9CDE90D230F92CDF830B0CDF8BC
:1061C0002CA0FFF7D7F9002251463846FFF7D8FA3E
:1061D00003980BA9CDF82C90FFF7CCF90022494683
:1061E0000398FFF7CDFA0022059B04980BA9CDE98F
:1061F0000C2B0B93FFF7BEF930460BA9CDE90CBB76
:10620000CDF82C80FFF7B6F9304601224146FFF762
:10621000B7FA1026FF20FFF7EBFC013EFAD1AB23C3
:1062200032468DF82C30012133460BA8FFF7A6FD2E
:106230004FF4FA530A930A9E002E40D16623324649
:1062400001218DF82C300BA83346FFF797FD9923D9
:1062500032468DF82C30012133460BA8FFF78EFD16
:1062600049F640430993099B63BB08A8FFF71DFF4C
:1062700058B39DF822809DF820609DF82170CDF8DC
:10628000008021683B463246344800F03DFD013530
:1062900020460021FFF742FD032D04F114047FF492
:1062A0002CAF244A2E481378314643F00203137072
:1062B00043463A4600F028FD4FF0FF3034E00A9B99
:1062C000013BB7E7099B013BCCE79DF82030EF2B62
:1062D000CFD19DF82130402BCBD19DF82230162B09
:1062E000C7D1154E21463046FFF718FD214606F16D
:1062F0001400FFF713FD214606F12800FFF70EFDFD
:1063000014235D439DF822309DF82020154800930A
:1063100071599DF8213000F0F7FC0122044B12481E
:106320001A7000F0F1FC002011B0BDE8F08F00BF42
:10633000284804302C48043034B6010C244804307A
:10634000204804301C4804301848043016480430F3
:106350001448043012480430104804302BB0010CAB
:10636000A5B0010C60B0010C83B0010C0020704797
:1063700008B5FAF765FF002070470020704701203C
:1063800070470120704700000A4B37B51B786BB18E
:10639000094C6369984748B9E56AA847C307FCD424
:1063A000236A019303B0BDE830401847002003B0D2
:1063B00030BD00BF3048043030B7010C10B50B4C75
:1063C0000020A368984780B902202369984760B9E4
:1063D0004FF4E1310120A46AA04730B90121152012
:1063E000A04710B90122024B1A7010BD30B7010C42
:1063F0003048043010B5064C00202369984708B196
:10640000043004D1E368984708B9024B187010BDF6
:1064100030B7010C3048043037B50422BD30840059
:106420000D4620460DEB020100F052F958B9019BD0
:106430005A1C0AD0AB420BD8042220460DEB0201B5
:10644000019500F085F903B030BD45F2A350FAE79D
:106450004AF2C530F7E770B5A2B00D4601A906466D
:1064600000F0F2FA044610BB019B802B28BF80236A
:10647000B5EBC30F019321D80146802202A8FAF799
:106480009CF8FF21EA0802ABA24213D104F1880371
:106490000DEB0304012305F00705AB40013B30463B
:1064A000019902AA04F8803C00F0A6FB04462046AD
:1064B00022B070BD03F8011B0134E5E745F2A35497
:1064C000F5E7F0B5A3B00D466946064600F0BCFA04
:1064D0000446C8B900993046802928BF802102AA05
:1064E000009100F0E5FA044670B901460246009FAB
:1064F000019002ABB8420AD102B1019104222846B0
:106500000DEB0201FAF77CF8204623B0F0BD002223
:1065100013F801CB4CFA02F6013206F00106082A04
:106520003144F7D101220130E4E706281BD8DFE827
:1065300000F004090D111416180004224FF43D70E8
:1065400000F0C6B804224FF43E70F9E704224FF47D
:106550003F70F5E71020FFF7B4BF1120FBE71220D2
:10656000F9E71320F7E74CF25A30704700F0C4B94E
:10657000042902D11146FFF7D8BF43F65C207047CB
:1065800037B505460C46062824D8DFE800F0041588
:1065900017191D1F21000020FFF73EFF50B92846A4
:1065A00001A9FFF7C2FF28B943F65C23019AA24272
:1065B00018BF184603B030BD0120EDE70220EBE71D
:1065C0001020FFF748FFE9E71120FAE71220F8E76B
:1065D0001320F6E74CF25A30ECE7012837B51546A0
:1065E00010D800F10C040A462046296800F060FA31
:1065F00030B9204601A900F027FA08B9019B2B60A9
:1066000003B030BD4AF2C530FAE7000070B5044669
:10661000074E4518A54201D8002070BD2046F369F9
:10662000984710B904F50054F4E743F65C20F4E70A
:1066300094B5010C2DE9F84FDFF85CA00746DAF8B5
:1066400004308846154698470024144BC0F3410097
:1066500013F8209004F18003AB4294BF80262E1BD8
:10666000B6FBF9FBDAF814305A460D493819984749
:1066700000280EDB5A46DAF81830094908EB040006
:106680009847002805DB3444A542E3D80020BDE844
:10669000F88F43F65C20FAE794B5010C80B6010C44
:1066A0003148043008B54FF400514FF42830FFF75B
:1066B000ADFF48B9BDE808404FF400524FF428310F
:1066C0004FF42030FFF7B6BF43F65C2008BD000052
:1066D0002DE9F347DFF870900546D9F80430884675
:1066E00014469847194BC0F3410013F820A0B5FB9E
:1066F000FAF70AFB175727BBA4B9384602B0BDE822
:10670000F0870AFB06F6A41BF7D0012201A9A819FD
:10671000C847002812DB224601A908EB0600F9F75A
:106720006FFFEAE7B4FBFAF605F52035324641463D
:106730002846D9F81490C8470028E2DA43F65C27C7
:10674000DBE74AF2C537D8E794B5010C80B6010CF7
:106750002DE9F04F86187542C5F30C05354485B018
:10676000B5F5005F0446019104D943F65C2005B0FD
:10677000BDE8F08FDFF86C81D8F804309847042228
:10678000594BC0F3410053F82070D8F814305748E3
:106790000093FBB2B2FBF3F203A9009B9847039A64
:1067A000531C023208BF01230393002D34D024F47C
:1067B000FF5B2BF01F0BA5EB0B010BF52030FFF758
:1067C00025FF0028D1D1B5F5407FAA4628BF4FF458
:1067D000407ADA4529D8B5F5407F5ED3FBB2102761
:1067E000B7FBF3F7424D3A4629464048009B98478D
:1067F000B6F5407F5CD8042203A93D48F9F700FFB5
:10680000384B3A463A493B489B69984708B187421A
:10681000ABD1FFF747FFAAE74FF400514FF4203008
:10682000FFF7F4FE0028C2D09FE70BF180039A45E2
:106830002CBF4FF08009AAEB0B095FFA87F8B9FB70
:10684000F8F82B494246009B0BF5283098475E45E7
:1068500016D909EB0B039C4212D2A3455A4638BF06
:106860002246111BA2EB0B009E4294BFC2EB060214
:10687000C2EB0302019B19441D4B1844F9F7C0FEFB
:10688000184B42469B691A490BF52030984710B1C6
:1068900080457FF46AAFCB449BE74FF440724FF4DE
:1068A00020314FF42830FFF7C5FE002896D05CE772
:1068B000B4F5447F9FD2B4F5407F224638BF4FF4F1
:1068C0004072019B111BA2F540700B44B6F5447F4A
:1068D00094BFC2EB0602C2F5447219462844F9F788
:1068E0008FFE88E794B5010C80B6010C00A302006E
:1068F00031480430008302002DE9F0414D4F86B04D
:106900000020BB68984700286BD104226946FFF736
:10691000DFFE044600283FD104224FF440700DEB07
:106920000201FFF7D5FE0446002835D1424E009BF8
:10693000B34203D1019B013B03335ED97B68984787
:106940003E4BC0F3410053F8205004224FF4005056
:1069500004A9FFF7BDFE0446F0B904224FF40C5021
:1069600005A9FFF7B5FE0446B0B9049B4FF40051EA
:10697000B3424FF4203013D1059B013B03330FD8B2
:10698000FFF744FE68BB4FF400524FF420314FF440
:106990002830FFF74FFE20BB204606B0BDE8F0814F
:1069A000FFF734FE0146E0B94FF08008EDB28022D7
:1069B0002348F9F702FEB8FBF5F84FF42035BF691C
:1069C000284642461E498035B847B5F5283FF7D1DD
:1069D000FFF768FE28B9042202A90296FFF7B8FE65
:1069E00010B143F65C24D7E70123042203A94FF436
:1069F00040700393FFF7ACFECDE704224FF40C5038
:106A000005A9FFF765FE04460028C5D1059B5A1E5F
:106A1000033206D8019A934203D30233BCD1012A30
:106A2000BAD1FFF73FFE43F65C23002818BF1C468F
:106A3000B2E700BF94B5010C1281DEC080B6010C34
:106A400031480430FFF758BF1E280BD8012303FA42
:106A500000F00A4B034043B9094B18420BD110F028
:106A6000980F06D14CF25A307047202300200B605B
:106A700070470423FAE74023F8E700BF65FF0040B2
:106A800000000F2037B50C4601A91D46FFF7DCFFBB
:106A900050B9019B29469A4228BF1A46204603B0A6
:106AA000BDE83040FFF714BE4CF25A3003B030BDA1
:106AB00013461E2870D8DFE800F0106F15191D214D
:106AC00025292D3135393D42474C51565B606F6F5A
:106AD0006F6F6F6F6F6F6F656A000A460020042149
:106AE000FFF7D0BF0A4602202421F9E70A46032017
:106AF0004421F5E70A4604204821F1E70A4605202B
:106B00004C21EDE70A4606206C21E9E70A460720FA
:106B10008C21E5E70A4608209021E1E70A46092092
:106B2000B021DDE70A460A20D021D9E70A460B202A
:106B3000F021D5E70A460C204FF48871D0E70A46C9
:106B40000D204FF49871CBE70A460E204FF41471D4
:106B5000C6E70A460F204FF41C71C1E70A46102011
:106B60004FF4A871BCE70A4611204FF4C871B7E78B
:106B70000A4612204FF4E871B2E70A4613204FF498
:106B80000471ADE70A461D204FF42571A8E70A46B7
:106B90001E204FF43571A3E74CF25A307047F0B520
:106BA00093B00E4601A915461C46FFF74DFF00BBEA
:106BB000019B934203D24AF2C53013B0F0BD402B83
:106BC000F9D8304602A9FFF783FD0028F5D1224607
:106BD00002AB2819824205D12A4621463046FFF7EA
:106BE000B7FDEAE713F8011B12F8017BB943F1D0B6
:106BF000E1E74CF25A30E0E713461E2870D8DFE890
:106C000000F0106F15191D2125292D3135393D4210
:106C1000474C51565B606F6F6F6F6F6F6F6F6F6533
:106C20006A000A4600200421FFF7B9BF0A46022085
:106C30002421F9E70A4603204421F5E70A46042007
:106C40004821F1E70A4605204C21EDE70A460620D7
:106C50006C21E9E70A4607208C21E5E70A4608206F
:106C60009021E1E70A460920B021DDE70A460A2023
:106C7000D021D9E70A460B20F021D5E70A460C209F
:106C80004FF48871D0E70A460D204FF49871CBE796
:106C90000A460E204FF41471C6E70A460F204FF43F
:106CA0001C71C1E70A4610204FF4A871BCE70A46E0
:106CB00011204FF4C871B7E70A4612204FF4E8716B
:106CC000B2E70A4613204FF40471ADE70A461D20CF
:106CD0004FF42571A8E70A461E204FF43571A3E74B
:106CE0004CF25A3070470020704700207047000077
:106CF0000048704700FC04304FF48060704708463D
:106D00001146FFF741BB00000FB41FB5012106ABD0
:106D100053F8042B054800910021039300F0B0F8CC
:106D200005B05DF804EB04B0704700BFFF6C010CC8
:106D300007B503468DF80720084601220DF107012B
:106D4000984703B05DF804FB2DE9F84F1D46074650
:106D500088461646BDF828409DF82CA09DF8309036
:106D60009DF834307AB333B113461D4613F8012B26
:106D7000002AFAD1AD1BAC428ABF641B0024A4B226
:106D8000BAF1000F14D02A4631464046B847BAF14E
:106D9000000F18D0002513E04A4641463846FFF759
:106DA000C7FF0BF1010B1FFA8BF39C42F4D8EAE703
:106DB000D346F8E74A4641463846FFF7B9FF013562
:106DC000ABB29C42F6D8BDE8F88F2DE9F04F002415
:106DD00089B09DF848C006469DF85800A4450F4666
:106DE0009DF854100CBF4FF0200A4FF0300AA0421B
:106DF0009846CDE905440CBF612041209DF85030F4
:106E0000CDF81B4019B1A242ACBF214652420DF150
:106E10001E04A1460A38B2FBF3FB03FB1B2B5FFAEF
:106E20008BF5BBF1090F94BF30352D18A646EDB296
:106E3000934204F1FF346570B2FBF3F518D931B118
:106E4000BCF1000F16D12D232370AEF102040023F4
:106E5000CDE902A39DF84C303946CDE90083304698
:106E6000A9EB0403621CFFF76FFF09B0BDE8F08FC8
:106E70002A46D0E72D2239463046FFF759FFE6E78C
:106E80002DE9F04F89B01C469DF8483006460F4664
:106E90009246F3B112783C2A19D00A3AD2B2282A83
:106EA00098BF624B4FF0010098BF53F822204FF07B
:106EB000000388BF0022CDE90230CDE9003330461F
:106EC000FFF742FF202239463046FFF731FF0AF133
:106ED000010A4FF00009CB46C846002511E0BDB9B4
:106EE000252B00F09B800A2B06D10D223946304617
:106EF0000793FFF71DFF079B1A4639463046FFF7F9
:106F000017FF1AF8013B002BE9D109B0BDE8F08F5B
:106F10007A2B08D8682B0ED8302B74D036D8252B76
:106F200076D02D2B7FD000230122CDE90033CDE98F
:106F300002323F4A62E0693B112BF4D801A252F8B9
:106F400023F000BFAF6F010C276F010C276F010CFE
:106F5000036F010C276F010C276F010C276F010CC9
:106F6000276F010C276F010C276F010CEB6F010CD1
:106F7000276F010CB96F010C276F010C276F010CF3
:106F8000D96F010C276F010C036F010C582B28D00F
:106F90000BD8A3F13102082AC5D808EB8808303B8A
:106FA00003EB48031FFA83F8ABE7642BBBD1012343
:106FB0000025CDE9033502E00025CDE903550A237C
:106FC000CDE90193CDF800B043463946304654F838
:106FD000042BFFF7FAFE94E7002504951023039590
:106FE000EEE7012300250493F8E720230121CDE9F2
:106FF00002310023CDE9008954F8042B394630468C
:10700000FFF7A2FE69E7B8F1000FC6D1AB4678E7FB
:107010001A4639463046FFF78BFE5EE7A946AB4677
:10702000A84601256DE7A9466BE700BF8CB6010CA9
:107030001FB1010C044B82B0186883B26FF30F00CC
:10704000184302B0704700BF68B7010C01207047B9
:1070500000207047002070476FF003007047002049
:10706000704700207047002070476FF003007047A2
:107070000020704710B50C46014630B12CB10448D1
:10708000A2B200F0A1FD204610BD6FF00400FBE7A6
:10709000B44804300A4608B5014640B13AB14FF44D
:1070A0007A73044892B200F046FC002008BD6FF0ED
:1070B0000400FBE7B448043010B52B4B88B0D3F87C
:1070C0008C20072442F00102C3F88C20D3F88C20D6
:1070D00003A902F001020092009AD3F88C20234801
:1070E00042F00102C3F88C20D3F88C2002F0010298
:1070F0000192019AD3F8A42042F48042C3F8A4205C
:10710000D3F8A4304FF4007203F480430293029B3F
:107110000223CDE903230693012307940593FEF789
:1071200029FA4FF4806303A9104803930794FEF7EC
:1071300021FA0F490F4B0C220B6000234FF4E13072
:10714000C1E905234FF40042C1E901030846C1E942
:107150000333C1E907234B6200F07CFC003818BF01
:107160000120404208B010BD000C02540000025241
:10717000B448043000380150002070477047704711
:1071800070477047D0F88C2008B5222A036845D193
:107190005B6AB0F86010826D0B401370836D013331
:1071A0008365B0F85E30013B9BB2A0F85E30B0F86A
:1071B0005E309BB273BB026852E8003F23F49073C9
:1071C00042E8003103680029F5D103F1080252E8D2
:1071D000001F944621F001014CE80012002AF4D16E
:1071E0002021C0F88C100267C16E4267012912D1BC
:1071F000C26653E8002F22F0100243E80021002964
:10720000F7D1DA69B0F85C10D20644BF10221A62D6
:10721000FFF7B7FF08BDFFF7B2FFFBE79A6942F03F
:1072200008029A61F6E7D0F88C2008B5222A036894
:1072300042D1596AB0F860201140826D22F8021BD9
:107240008265B0F85E20013A92B2A0F85E20B0F8F4
:107250005E2092B262BB53E8002F22F4907243E8A2
:1072600000210029F7D103F1080252E8001F9446DB
:1072700021F001014CE80012002AF4D12021C0F8CD
:107280008C100267C16E4267012912D1C26653E8B1
:10729000002F22F0100243E800210029F7D1DA691B
:1072A000B0F85C10D20644BF10221A62FFF769FFE3
:1072B00008BDFFF764FFFBE79A6942F008029A6194
:1072C000F6E7000003682DE9F047DD69D3F8009088
:1072D0009F68D0F88C200446222A40F0A980B0F89C
:1072E00068303BB9B4F85E309BB2002B40F083802D
:1072F000BDE8F0874FF0000AB0F860804F4E07F00D
:107300000107AB06EED52368A26D5B6A03EA0803AA
:107310001370A36D0133A365B4F85E30013B9BB2DB
:10732000A4F85E302368DD6969072AD0EA070AD528
:1073300019F4807F07D001221A62D4F8902042F01D
:107340000102C4F89020A80708D53FB102221A62B2
:10735000D4F8902042F00402C4F89020690708D5C0
:107360003FB104221A62D4F8903043F00203C4F80B
:107370009030D4F8903023B12046FFF701FFC4F8D5
:1073800090A0B4F85E309BB2002BBAD1226852E8CC
:10739000003F23F4807342E8003123680029F5D1CF
:1073A00003F1080252E8001F1046314040E8001285
:1073B000002AF5D12021C4F88C102267E16E6267A3
:1073C000012914D1E26653E8002F22F0100243E8AD
:1073D00000210029F7D1DA692046D20648BF1022E1
:1073E000B4F85C1048BF1A62FFF7CBFE89E720466D
:1073F000FFF7C5FE85E7B4F868209A427FF678AFBC
:10740000226802F1080353E8003F23F0805308325A
:1074100042E8003122680029F2D1094B636752E843
:10742000003F43F0200342E800310029F7D15FE735
:107430009A6942F008029A615AE700BFFEFFFFEF27
:107440008571010C03682DE9F047DD69D3F80090E0
:107450009F68D0F88C200446222A40F0A780B0F81C
:1074600068303BB9B4F85E309BB2002B40F08180AD
:10747000BDE8F0874FF0000AB0F860804E4E07F08C
:107480000107AB06EED52368A26D596A08EA01012F
:1074900022F8021BA265B4F85E20013A92B2A4F869
:1074A0005E20DD6969072AD0EA070AD519F4807FD2
:1074B00007D001221A62D4F8902042F00102C4F8E9
:1074C0009020A80708D53FB102221A62D4F8902074
:1074D00042F00402C4F89020690708D53FB10422A5
:1074E0001A62D4F8903043F00203C4F89030D4F814
:1074F000903023B12046FFF743FEC4F890A0B4F8C3
:107500005E309BB2002BBCD1226852E8003F23F4CE
:10751000807342E8003123680029F5D103F10802A5
:1075200052E8001F1046314040E80012002AF5D111
:107530002021C4F88C102267E16E6267012914D102
:10754000E26653E8002F22F0100243E800210029F0
:10755000F7D1DA692046D20648BF1022B4F85C1091
:1075600048BF1A62FFF70DFE8BE72046FFF707FEC4
:1075700087E7B4F868209A427FF67AAF226802F172
:10758000080353E8003F23F08053083242E80031FB
:1075900022680029F2D1094B636752E8003F43F0AB
:1075A000200342E800310029F7D161E79A6942F0EF
:1075B00008029A615CE700BFFEFFFFEF2772010C33
:1075C000F8B504460368C169826800691D68024312
:1075D0006069024375480A43284002431A605A68AA
:1075E000E06822F4405202435A60714AA069934213
:1075F00005D002F1805293421CBF226A10439A6860
:1076000022F06E4222F4306202439A60DA6A606AC3
:1076100022F00F020243DA62664A93426ED0A2F56C
:107620007442934200F08F8002F58062934200F032
:107630008C8002F58062934200F08980B3F1502F74
:1076400000F0878002F5C052934200F0848002F57A
:10765000A052934200F0818002F5806293427ED076
:1076600002F5806293427CD0A2F5C05293427BD057
:1076700002F5806293427AD002F5C052934279D0EB
:107680004D4A93421CD002F1704293424FF00000E9
:1076900035D1002100F0B2FD70B3616A474A6568D8
:1076A00032F8112005EB4501B0FBF2F399420AD9FB
:1076B00001204FF00113A3660023C4E91D33F8BD78
:1076C0004FF48050E5E7B3EB053FF1D800231946AE
:1076D00002F06EFC0023064619464FF480776808D6
:1076E0002A46E6FB070102F063FC354BA0F5407229
:1076F0009A42DDD82368D8600020DAE70120B1F58E
:10770000004F4FF0000138D100F078FD0028F3D091
:10771000616A2A4B626833F81130B0FBF3F053080A
:1077200003EB4003B3FBF2F34FF6EF72A3F110014A
:107730009142BDD823F00F02216892B2C3F34203F5
:107740001343CB60D8E70220D9E70420D7E708200D
:10775000D5E71020D3E72020D1E74020CFE78020D5
:10776000CDE74FF48070CAE74FF40070C7E74FF4DD
:107770008060C4E74FF40060C1E700F03FFD0028DF
:10778000BAD0616A0D4B626833F81130B0FBF3F385
:1077900003EB5203B3FBF2F34FF6EF72A3F11001C8
:1077A000914285D82268D360A6E700BFF369FFCF76
:1077B0000024004400380150002400546CB7010C30
:1077C000FFFC0F00836A10B5DA0706D50168C46AAA
:1077D0004A6822F4003222434A609C0706D50168B9
:1077E000046B4A6822F4803222434A60590706D566
:1077F0000168446B4A6822F4802222434A601A07D7
:1078000006D50168846B4A6822F4004222434A602C
:10781000DC0606D50168C46B8A6822F480522243D4
:107820008A60990606D50168046C8A6822F40052C1
:1078300022438A605A0610D50168446C4A68B4F540
:10784000801F22F4801242EA04024A6005D14A688D
:10785000846C22F4C00222434A601B0606D50268EB
:10786000C16C536823F400230B43536010BD2DE912
:10787000F84305460F4616469846DDF820902A68DC
:10788000D36937EA03030CBF01230023B34201D0BD
:10789000002029E0B9F1FF3FF2D0F9F745F9A0EB5C
:1078A000080048452C6802D8B9F1000F1ED154E8F1
:1078B000003F23F4D07344E80032002AF7D104F1EA
:1078C000080353E8003F23F0010304F1080141E8F5
:1078D0000032002AF3D12023C5F88830C5F88C3057
:1078E0000023032085F88430BDE8F88323685A0715
:1078F000C5D5E3691B05C2D54FF40063236254E884
:10790000003F23F4D07344E80032002AF7D104F199
:10791000080353E8003F23F0010304F1080141E8A4
:107920000032002AF3D12023C5F88830C5F88C3006
:10793000C5F89030D4E72DE9F7439846D0F8883061
:107940000446202B0E4617464BD100294BD0002A67
:1079500049D0036800259A68120642BF9A6822F04F
:1079600080029A602123C0F89050C0F88830F9F75F
:10797000DBF8A3688146B3F5805FA4F85470A4F8DF
:10798000567003D123690BB935461E46B4F856200C
:107990004B4692B2CDF8008042B940212046FFF715
:1079A00066FF48B92023C4F8883006E00022802111
:1079B0002046FFF75CFF18B1032003B0BDE8F08359
:1079C00022685EB935F8023BC3F308039362B4F84A
:1079D0005620013A92B2A4F85620D7E716F8013B98
:1079E000F4E70220E9E70120E7E773B50026044643
:1079F000C0F89060F9F798F8236805461B681A07E5
:107A000019D423681B685B070AD56FF07E430022F8
:107A100000934FF480012B462046FFF728FFB0B9B2
:107A20000020202384F88400C4F88830C4F88C3007
:107A3000E06620670CE06FF07E43324600934FF41F
:107A4000001103462046FFF712FF0028D9D003207B
:107A500002B070BD10B5044650B3D0F888301BB9E1
:107A600080F88430FFF78AFB24232268C4F888302A
:107A70001368204623F001031360FFF7A1FD0128DE
:107A800016D0A36A13B12046FFF79CFE2368204658
:107A9000BDE810405A6822F490425A609A6822F079
:107AA0002A029A601A6842F001021A60FFF79DBF2D
:107AB000012010BD002330B581658168A0F85C20ED
:107AC000B1F5805FA0F85E20436731D10369002BD8
:107AD00040F2FF1318BFFF23A0F860300023C0F866
:107AE00090302223C0F88C30016801F1080353E87C
:107AF000003F43F00103083141E800340368002CE3
:107B0000F2D1456E8468B5F1005F016935D1B0F8F6
:107B10006850954231D8B4F5805F29D1C1B1264A69
:107B2000426753E8002F42F4807243E8002121E0CD
:107B300029B90369002B0CBFFF237F23CCE7B1F1E8
:107B4000805FC9D10369002B0CBF7F233F23C3E7AC
:107B50001A4A426703F1080252E8002F42F08052AD
:107B600003F1080040E800210029F3D1002030BDD6
:107B7000114A42670029D4D1ECE7B4F5805F16D1F1
:107B800051B10F4A426753E8002F42F4907243E824
:107B900000210029F7D1E9E70A4A426753E8002F9C
:107BA00042F0200243E800210029F7D1DEE7044A31
:107BB00042670029E7D1F1E7C572010C4574010C59
:107BC0008571010C2772010C38B5D0F88C30202B50
:107BD00021D111B30AB30023C36603689C6865060C
:107BE00042BF9C6824F040049C600D4CA3420ED020
:107BF00004F18054A3420AD05C68240207D553E8FC
:107C0000004F44F0806443E80045002DF7D1FFF7B2
:107C100051FF002038BD0220FCE70120FAE700BF39
:107C200000240044704738B50446002839D0437A10
:107C300003F0FF0213B90272FFF7F4FF0223226878
:107C400063721368616823F004031360136823F000
:107C5000804323F020030B4343F0804313601368F9
:107C600023F080431360F8F75FFF054623681A6826
:107C7000510009D41A6842F004021A605B685A067F
:107C800011D5042363720CE0F8F74EFF401B042863
:107C9000ECD923681B685800E8D5012363720223DE
:107CA000E360012038BDF8F73FFF054623685868B8
:107CB00010F0040003D101236372E060F2E7F8F7EB
:107CC00033FF401B0428F1D923685B685B07EDD5BF
:107CD0000423E3E7704770B50446002833D00268F8
:107CE000136823F0804323F0200343F080431360A4
:107CF000136823F080431360F8F716FF06462368E5
:107D00001D6815F080450FD11A68204622F00C023C
:107D10001A605A6822F060025A60FFF7DBFF657252
:107D20002846E56025720FE0F8F7FEFE801B042868
:107D3000E5D923681B685B00E1D501236372022348
:107D4000E36000232372012070BD7047002307B554
:107D5000019303685A68510709D45A6822F0400217
:107D60005A60C36823F00803C360002018E01A6853
:107D700042F080421A601A6822F080421A6004229F
:107D80000192019A013A0192019A62B90123437268
:107D9000C368027243F00203C360FFF7D6FF0120FD
:107DA00003B05DF804FB1A685200EAD45A68510621
:107DB00042BF5A6822F040025A6004220192019A9E
:107DC000013A0192019A002AE0D05A685207F6D48B
:107DD000C7E7F8B5037A0446012B0E4643D00123CA
:107DE000427A03729A42D5B239D1022343720368B0
:107DF0005B685F061BD4F8F797FE074623685A684E
:107E0000D0071CD59A6859682261490642BF0822EA
:107E1000E2605A684FF0000544BF22F001025A6048
:107E20004FF0010358BF32606372002315E008234E
:107E3000C360FFF78BFF0128DDD12846F8BDF8F7B6
:107E400073FEC01B0428D9D923685B6813F00103B3
:107E5000D4D1012262720222E2602372EDE7042291
:107E60001D46C260E1E70225E7E700002DE9F04783
:107E70004A4C0546D4F83490D4F82880A36AD4F844
:107E800028A013F47C5FA66BC3F3052000F081806B
:107E900001F0C6FEC6F3CC0607460AF01000704398
:107EA00001F0BEFE4FF0645101F012FF0646C9F327
:107EB000080001F0B5FE0146304601F001FE4FF02A
:107EC0007E5101F0FDFD08F00303022B06465AD057
:107ED000032B5BD023683248C3F3C103D84001F0C1
:107EE0009FFE394601F0A8FF314601F0F1FE2B4A12
:107EF0000446106810F0007012D0906A10F48030C0
:107F00000ED0506BC0F3462001F08AFE4FF07E5138
:107F100001F0D6FD0146204601F08EFF02F028F860
:107F20001E4A2860106810F0007012D0906A10F499
:107F300000300ED0506BC0F3064001F071FE4FF0E0
:107F40007E5101F0BDFD0146204601F075FF02F0B3
:107F50000FF8124B68601A6891011CD59A6A520397
:107F600019D5586BC0F3066001F05AFE4FF07E51F0
:107F700001F0A6FD0146204601F05EFF01F0F8FF8A
:107F8000A860BDE8F08739460648ABE739460648A1
:107F9000A8E7C5E900000020F2E700BF000C02548A
:107FA0000090D0030024744A20BCBE4B2DE9F0475A
:107FB000444C0546D4F83C90D4F82C80E36AD4F8BD
:107FC0002CA013F47C5F266CC3F3052077D001F05E
:107FD00027FEC6F3CC0607460AF01000704301F0F6
:107FE0001FFE4FF0645101F073FE0646C9F308000E
:107FF00001F016FE0146304601F062FD4FF07E5161
:1080000001F05EFD08F00303022B064641D0032B6E
:1080100042D023682C48C3F3C103D84001F000FECE
:10802000394601F009FF314601F052FE254B044666
:10803000D86A10F480300ED0D86BC0F3462001F01F
:10804000EFFD4FF07E5101F03BFD0146204601F06F
:10805000F3FE01F08DFF1B4B2860D86A10F400304E
:108060000ED0D86BC0F3064001F0DAFD4FF07E5120
:1080700001F026FD0146204601F0DEFE01F078FF0A
:10808000104B6860DA6A520309D40020A860BDE88A
:10809000F08739460D48C4E739460D48C1E7D86B2B
:1080A000C0F3066001F0BCFD4FF07E5101F008FD09
:1080B0000146204601F0C0FE01F05AFFE6E7C5E99F
:1080C0000000E2E7000C02540090D0030024744A40
:1080D00020BCBE4B2DE9F047444C0546D4F84490F3
:1080E000D4F83080236BD4F830A013F47C5FA66CF6
:1080F000C3F3052077D001F093FDC6F3CC06074605
:108100000AF01000704301F08BFD4FF0645101F054
:10811000DFFD0646C9F3080001F082FD0146304646
:1081200001F0CEFC4FF07E5101F0CAFC08F00303D1
:10813000022B064641D0032B42D023682C48C3F3C0
:10814000C103D84001F06CFD394601F075FE31469F
:1081500001F0BEFD254B0446186B10F480300ED0A4
:10816000586CC0F3462001F05BFD4FF07E5101F0EA
:10817000A7FC0146204601F05FFE01F0F9FE1B4B13
:108180002860186B10F400300ED0586CC0F3064015
:1081900001F046FD4FF07E5101F092FC0146204671
:1081A00001F04AFE01F0E4FE104B68601A6B5203C6
:1081B00009D40020A860BDE8F08739460D48C4E71F
:1081C00039460D48C1E7586CC0F3066001F028FD40
:1081D0004FF07E5101F074FC0146204601F02CFE68
:1081E00001F0C6FEE6E7C5E90000E2E7000C025434
:1081F0000090D0030024744A20BCBE4B7FB500F130
:108200007E420A4303462DD1B54AD2F8F030D2F867
:10821000F01003F44073890703D5B3F5807F01F0B4
:108220008A83D2F8F020120103D5B3F5007F01F064
:108230008683AB4A106810F4003010D0B3F5407F4D
:1082400041F08183D36903F47C53B3F5007FC1F01F
:108250007D83D369A348C3F30523B0FBF3F007B0D4
:108260005DF804FBA0F580120A4300F0C3819E4A2A
:10827000904271F1000280F09C80A0F580620A4378
:1082800000F0CB8440F20142904271F100024AD2E8
:10829000A0F120020A4300F06483212871F100025A
:1082A00023D2092871F1000218D250EA010201F02C
:1082B0005083431E41F1FF31082B71F1000181F021
:1082C0004B83072B01F24883DFE813F0FF014302E1
:1082D000460B8902460B460B460BC702A0F1100362
:1082E0000B4300F0FC820020B9E7A0F580720A433E
:1082F00000F0078440F20112904271F100020BD2AB
:10830000A0F140020A4300F06E83A0F180030B430A
:1083100000F0B1830020A2E7A0F500730B4300F04A
:10832000368400209BE7A0F500420A4300F0E48574
:1083300048F20102904271F100021DD2A0F50052F4
:108340000A4300F0858542F20102904271F1000279
:108350000BD2A0F500620A4300F0A084A0F5805380
:108360000B4300F0E184002079E7A0F580430B4344
:1083700000F09885002072E7A0F580220A4300F003
:1083800095865A4A904271F100020BD2A0F58032D4
:108390000A4300F00B86A0F500330B4300F026865D
:1083A00000205CE7A0F500230B4300F0DA800020FA
:1083B00055E700220220814208BF934201F0238248
:1083C0009A42884149D303F17040084301F0AA80E2
:1083D0004748834271F1000021D2A3F500020A430D
:1083E00000F06281434A934271F100020BD2A3F57F
:1083F00000120A4300F0DB84A3F580030B4300F076
:10840000428100202BE703F17C420A4301F03F82C6
:1084100003F178430B4301F03A8000201FE74FF04F
:108420000040914208BF834201F06381984272EBA1
:1084300001000BD303F160420A4301F0C88003F14D
:1084400040430B4301F01081002008E7012908BFD9
:10845000934201F09381002001E74020814208BF50
:10846000934200F0E3869A42884145D3102081422E
:1084700008BF934201F038829A42884129D30429E7
:1084800008BF934200F0E1870020082908BF83421B
:108490007FF4E5AE124AD2F8E830D2F8F01003F0DB
:1084A000C003890702D5002B01F0CC82D2F8F0205E
:1084B000100102D5402B01F0C982094A106810F45E
:1084C00000703FF4CCAE802B48F2120018BF0020A1
:1084D000C5E6202908BF934200F048860020BEE68A
:1084E000000C025440787D010100100001000400DE
:1084F00001000010010080004FF40070814208BFAD
:10850000934200F08C849A42884122D3802908BF8C
:10851000934200F0F1860020B1F5807F08BF8342CE
:108520007FF49DAE9B4AD2F8DC3003F0E043B3F118
:10853000405F00F0658700F23F87B3F1805F00F095
:108540005187B3F1005F00F05587002B00F0F283F4
:1085500085E6B1F5806F08BF934200F0F6840020F5
:108560007DE68C4AD2F8E83003F4E023B3F5003F0F
:1085700018D007D87BB9002303A80493FFF776FC33
:1085800004986CE6B3F5403F01F0E981B3F5802F24
:108590000FD0002063E6002368460093FFF706FD36
:1085A00000985CE6002303A80393FFF793FD03986C
:1085B00055E6D2F8E830116803F04043880706D545
:1085C0002BB913687448C3F3C103D84047E6714A16
:1085D0001168890503D5B3F1804F01F0C38110689C
:1085E00010F400303FF43BAEB3F1004F6B4818BFBE
:1085F000002034E6674AD2F8E83003F46013B3F59C
:10860000801F18D007D87BB9002303A80493FFF775
:108610002DFC049823E6B3F5C01F01F0A681B3F545
:10862000001F0FD000201AE6002368460093FFF7D2
:10863000BDFC009813E6002303A80393FFF74AFD4F
:1086400003980CE6D2F8E830116803F0404388073D
:1086500006D52BB913685048C3F3C103D840FEE5D3
:108660004C4A1168890503D5B3F1804F01F0808130
:10867000106810F400303FF4F2ADB3F1004F4748FA
:1086800018BF0020EBE5434BD3F8E4305B0606D47B
:10869000002303A80493FFF7E9FB0498DFE568468D
:1086A000FFF784FC0298DAE53A4BD3F8E430180679
:1086B00006D4002303A80493FFF7D8FB0498CEE563
:1086C0006846FFF773FC0298C9E5324AD2F8D83001
:1086D00013F0070304D107B05DF804EBFCF7C4BE48
:1086E0001168090108D5012B06D1002368460193C2
:1086F000FFF75CFC0198B2E51268900008D5022BE8
:1087000006D1002303A80493FFF7E4FC0498A6E530
:10871000204A1168890707D5032B05D113681E4825
:10872000C3F3C103D8409AE51268920502D5042B21
:1087300001F02181174AD2F8F00010F002003FF456
:108740008EADA3F1050CDCF1000343EB0C03D80361
:1087500085E5104AD2F8D83013F0380304D107B0B9
:108760005DF804EBFCF76EBE1268100108D5082B0B
:1087700006D1002368460193FFF718FC01986EE5C7
:10878000102B0DD1002303A80493FFF7A3FC04983A
:1087900065E500BF000C02540090D00340787D01D5
:1087A0009B4A1168890707D5182B05D1136899488A
:1087B000C3F3C103D84052E51268920502D5202BBD
:1087C00001F0DC80924AD2F8F00010F002003FF491
:1087D00046ADA3F1280043424341D8033FE58C4A0C
:1087E000D2F8D83013F4E073B9D01168090108D574
:1087F000402B06D1002368460193FFF7D7FB019871
:108800002DE51268900008D5802B06D1002303A81F
:108810000493FFF75FFC049821E57D4A11688907FE
:1088200007D5C02B05D113687A48C3F3C103D840DC
:1088300015E51268920503D5B3F5807F01F0A1809C
:10884000734AD2F8F00010F002003FF408ADA3F52F
:10885000A07043424341D80301E56D4AD2F8D830B5
:1088600013F460633FF47BAF1168090109D5B3F5D8
:10887000007F06D1002368460193FFF797FB01981C
:10888000EDE41268900009D5B3F5806F06D100239E
:1088900003A80493FFF71EFC0498E0E45C4A116807
:1088A000890708D5B3F5C06F05D113685948C3F3DC
:1088B000C103D840D3E41268920503D5B3F5006F25
:1088C00001F06280524AD2F8F00010F002003FF44A
:1088D000C6ACA3F5206043424341D803BFE44C4AF1
:1088E000D2F8D83013F4E0433FF439AF11680901EE
:1088F00009D5B3F5805F06D1002368460193FFF7E1
:1089000055FB0198ABE41268900009D5B3F5005F00
:1089100006D1002303A80493FFF7DCFB04989EE430
:108920003B4A1168890708D5B3F5405F05D1136844
:108930003848C3F3C103D84091E41268920503D5C7
:10894000B3F5804F01F02380314AD2F8F00010F0E7
:1089500002003FF484ACA3F5A04043424341D80356
:108960007DE42B4AD2F8D83013F460333FF4F7AEED
:108970001168090109D5B3F5004F06D100236846F7
:108980000193FFF713FB019869E41268900009D581
:10899000B3F5803F06D1002303A80493FFF79AFBA9
:1089A00004985CE41A4A1168890708D5B3F5C03FFA
:1089B00005D113681748C3F3C103D8404FE41268C8
:1089C000920503D5B3F5003F00F0E487104AD2F8D2
:1089D000F00010F002003FF442ACA3F52030434217
:1089E0004341D8033BE40A4AD2F8D83013F4E013E9
:1089F0003FF4B5AE116809010ED5B3F5802F0BD148
:108A0000002368460193FFF7D1FA019827E400BFDD
:108A1000000C02540090D0031268900009D5B3F501
:108A2000002F06D1002303A80493FFF753FB0498FB
:108A300015E4A44A1168890708D5B3F5402F05D17C
:108A40001368A148C3F3C103D84008E41268920533
:108A500003D5B3F5801F00F0A0879A4AD2F8F00042
:108A600010F002003FF4FBABA3F5A01043424341DA
:108A7000D803FFF7F4BB934AD2F8D83013F460035D
:108A80003FF46DAE116809010AD5B3F5001F07D197
:108A9000002368460193FFF789FA0198FFF7DFBBCF
:108AA000126890000AD5B3F5800F07D1002303A800
:108AB0000493FFF70FFB0498FFF7D1BB814A1168BD
:108AC000890709D5B3F5C00F06D113687E48C3F3F3
:108AD000C103D840FFF7C3BB1268920503D5B3F5B5
:108AE000000F00F05D87774AD2F8F00010F0020026
:108AF0003FF4B5ABA3F5200043424341D803FFF751
:108B0000AEBB704AD2F8D83013F0E0633FF427AE22
:108B1000116809010AD5B3F1807F07D100236846A7
:108B20000193FFF743FA0198FFF799BB1268900091
:108B30000AD5B3F1007F07D1002303A80493FFF700
:108B4000C9FA0498FFF78BBB5E4A1168890709D5FB
:108B5000B3F1407F06D113685B48C3F3C103D8402B
:108B6000FFF77DBB1268920503D5B3F1806F00F06B
:108B70001A87544AD2F8F00010F002003FF46FABAD
:108B800003F17B4043424341D803FFF768BB4D4AA2
:108B9000D2F8D83013F060533FF4E1AD1168090109
:108BA0000AD5B3F1006F07D1002368460193FFF7A0
:108BB000FDF90198FFF753BB126890000AD5B3F195
:108BC000805F07D1002303A80493FFF783FA04987A
:108BD000FFF745BB3B4A1168890709D5B3F1C05F70
:108BE00006D113683848C3F3C103D840FFF737BB39
:108BF0001268920503D5B3F1005F00F0D786314AC1
:108C0000D2F8F00010F002003FF429AB03F1584015
:108C100043424341D803FFF722BB2A4AD2F8DC3053
:108C200013F007033FF49BAD1168090109D5012B2F
:108C300007D1002368460193FFF7B8F90198FFF7C1
:108C40000EBB1268900009D5022B07D1002303A8A0
:108C50000493FFF73FFA0498FFF701BB194A116824
:108C6000890708D5032B06D113681748C3F3C1033E
:108C7000D840FFF7F4BA1268920502D5042B00F031
:108C80009886104AD2F8F00010F002003FF4E7AAEC
:108C9000581F43424341D803FFF7E1BA094AD2F8CB
:108CA000DC3013F070033FF45AAD116809010DD5A3
:108CB000102B0BD1002368460193FFF777F9019839
:108CC000FFF7CDBA000C02540090D0031268900058
:108CD00009D5202B07D1002303A80493FFF7FAF945
:108CE0000498FFF7BCBAAE4A1168890708D5302B43
:108CF00006D11368AB48C3F3C103D840FFF7AFBA3E
:108D00001268920502D5402B00F05686A44AD2F88C
:108D1000F00010F002003FF4A2AAA3F15000434279
:108D20004341D803FFF79BBA9D4AD2F8E03013F0D5
:108D3000E06304D107B05DF804EBFCF7A7BBB3F127
:108D4000807F07D1002368460193FFF72FF9019830
:108D5000FFF785BAB3F1007F07D1002303A804937E
:108D6000FFF7B8F90498FFF77ABA1168890709D5AF
:108D7000B3F1407F06D113688A48C3F3C103D840DA
:108D8000FFF76DBA864A1168880503D5B3F1806F85
:108D900000F01586D2F8F00010F002003FF45FAA50
:108DA00003F17B414B424B41D803FFF758BA7C4A51
:108DB000D2F8E83013F0070304D107B05DF804EBF4
:108DC000FCF72ABB012B04D107B05DF804EBFCF7DC
:108DD0006DBA022B05D16846FFF7E8F80298FFF755
:108DE0003EBA1268920302D5032B00F0EB856C4A61
:108DF0001168880708D5042B06D113686948C3F3A6
:108E0000C103D840FFF72BBA106810F400703FF48C
:108E100026AA052B644818BF0020FFF720BA604A35
:108E2000D2F8E830D2F8F01003F00803890702D531
:108E3000002B00F0CA85D2F8F00010F000603FF47B
:108E40000EAA002B14BF4FF4FA400020FFF707BA18
:108E5000534AD2F8E43013F440333FF480ACB3F516
:108E6000803F05D103A8FFF735F90598FFF7F7B95B
:108E70001168880709D5B3F5003F06D11368494842
:108E8000C3F3C103D840FFF7EAB9454A106810F4AC
:108E900000703FF4E4A9B3F5403F434818BF0020F9
:108EA000FFF7DDB93E4AD2F8E43013F440233FF433
:108EB00056ACB3F5802F05D103A8FFF70BF9059841
:108EC000FFF7CDB91168890709D5B3F5002F06D191
:108ED00013683448C3F3C103D840FFF7C0B9304A20
:108EE000106810F400703FF4BAA9B3F5402F2E4873
:108EF00018BF0020FFF7B3B9294AD2F8E43013F4C1
:108F000040133FF417AFB3F5801F05D103A8FFF757
:108F1000E1F80598FFF7A3B91168880709D5B3F5FB
:108F2000001F06D113681F48C3F3C103D840FFF7E1
:108F300096B9106810F400703FF491A9B3F5401F82
:108F4000194818BF0020FFF78AB9154AD2F8E43053
:108F500013F440033FF4EEAEB3F5800F05D103A840
:108F6000FFF7B8F80598FFF77AB91168890709D5AE
:108F7000B3F5000F06D113680A48C3F3C103D84004
:108F8000FFF76DB9064A106810F400703FF467A946
:108F9000B3F5400F044818BF0020FFF760B900BFC9
:108FA000000C02540090D00300093D00B24AD2F8F0
:108FB000E43013F040733FF4D2ABB3F1807F05D1BE
:108FC00003A8FFF787F80598FFF749B9106810F074
:108FD00002003FF444A9B3F1007F40F0FA84136823
:108FE000A648C3F3C103D840FFF739B9A24AD2F863
:108FF000DC3003F4E063B3F5407F23D00BD8B3F546
:10900000807F11D0B3F5007F16D0002B3FF492AED5
:109010000020FFF724B9B3F5806F1AD0B3F5A06F25
:1090200021D00020FFF71BB9002368460093FEF70C
:10903000BDFF0098FFF713B903A8FFF74BF8059899
:10904000FFF70DB9D2F8F000C0F34000C003FFF7FE
:1090500006B9D2F8F03013F0006F14BF4FF4FA40A5
:109060000020FFF7FCB8D2F8E830116803F0404365
:10907000880707D533B913688048C3F3C103D840C4
:10908000FFF7EDB87C4A1168890503D5B3F1804F2D
:1090900000F0A284106810F400303FF4E0A8B3F1AF
:1090A000004F774818BF0020FFF7D9B8724AD2F8AE
:1090B000DC3003F4E043B3F5405F23D00BD8B3F5C5
:1090C000805F11D0B3F5005F16D0002B3FF447ABA3
:1090D0000020FFF7C4B8B3F5804F1AD0B3F5A04F06
:1090E00021D00020FFF7BBB8002368460093FEF7AD
:1090F0005DFF0098FFF7B3B803A8FEF7EBFF0598F4
:10910000FFF7ADB8D2F8F000C0F34000C003FFF79E
:10911000A6B8D2F8F03013F0006F14BF4FF4FA4045
:109120000020FFF79CB8D2F8E830116803F0404304
:10913000880707D533B913685048C3F3C103D84033
:10914000FFF78DB84C4A1168890503D5B3F1804FFC
:1091500000F04584106810F400303FF480A8B3F1AB
:10916000004F474818BF0020FFF779B8424AD2F8AD
:10917000DC3003F4E023B3F5403F23D00BD8B3F544
:10918000803F11D0B3F5003F16D0002B3FF4D2AD95
:109190000020FFF764B8B3F5802F1AD0B3F5A02FE5
:1091A00021D00020FFF75BB8002368460093FEF74C
:1091B000FDFE0098FFF753B803A8FEF78BFF059854
:1091C000FFF74DB8D2F8F000C0F34000C003FFF73E
:1091D00046B8D2F8F03013F0006F14BF4FF4FA40E5
:1091E0000020FFF73CB8D2F8E830116803F04043A4
:1091F000880707D533B913682048C3F3C103D840A3
:10920000FFF72DB81C4A1168890503D5B3F1804FCB
:1092100000F0E883106810F400303FF420A8B3F1A8
:10922000004F174818BF0020FFF719B8124AD2F8AC
:10923000DC3003F4E003B3F5401F29D00BD8B3F5BD
:10924000801F11D0B3F5001F1CD0002B3FF472AD6E
:109250000020FFF704B8B3F5800F20D0B3F5A00FBE
:1092600027D00020FEF7FBBF002368460093FEF7DF
:109270009DFE0098FEF7F3BF000C02540090D0034F
:1092800040787D0103A8FEF725FF0598FEF7E7BFAC
:10929000D2F8F000C0F34000C003FEF7E0BFD2F800
:1092A000F03013F0006F14BF4FF4FA400020FEF7C7
:1092B000D6BFD2F8E830116803F04043880707D5DD
:1092C00033B91368AC48C3F3C103D840FEF7C7BF36
:1092D000AA4A1168890503D5B3F1804F00F0858350
:1092E000106810F400303EF4BAAFB3F1004FA44858
:1092F00018BF0020FEF7B3BFA04AD2F8DC3003F05D
:10930000E063B3F1407F23D00BD8B3F1807F11D05D
:10931000B3F1007F16D0002B3FF40CAD0020FEF718
:109320009EBFB3F1806F1AD0B3F1A06F21D000209F
:10933000FEF795BF002368460093FEF737FE0098BE
:10934000FEF78DBF03A8FEF7C5FE0598FEF787BFA1
:10935000D2F8F000C0F34000C003FEF780BFD2F89F
:10936000F03013F0006F14BF4FF4FA400020FEF706
:1093700076BFD2F8E830116803F04043880707D57C
:1093800033B913687C48C3F3C103D840FEF767BF05
:109390007A4A1168890503D5B3F1804F00F028831C
:1093A000106810F400303EF45AAFB3F1004F744827
:1093B00018BF0020FEF753BFB3F1804F27D0B3F1A1
:1093C000A04F7EF44CAFD2F8E830116803F0404370
:1093D000880726D52BBB13686748C3F3C103D84061
:1093E000FEF73DBF002368460093FEF7DFFD0098BF
:1093F000FEF735BF03A8FEF76DFE0598FEF72FBFF9
:10940000D2F8F000C0F34000C003FEF728BFD2F846
:10941000F03013F0006F14BF4FF4FA400020FEF755
:109420001EBF564A1168890503D5B3F1804F00F07D
:10943000E282106810F400303EF411AFB3F1004F37
:109440004F4818BF0020FEF70ABF4C4AD2F8E83058
:10945000126803F44073900302D5002B00F0CE8213
:10946000B3F5807F07D1002303A80493FEF7FEFC29
:109470000498FEF7F4BEB3F5007F40F0C2820023EB
:1094800068460193FEF792FD0198FEF7E8BE3B4A5D
:10949000D2F8E03003F00703042B00F2B582DFE8D6
:1094A00003F0060E16031E003648FEF7D8BE002352
:1094B00003A80493FEF7DAFC0498FEF7D0BE00235D
:1094C00068460093FEF772FD0098FEF7C8BE0023C1
:1094D00003A80393FEF7FEFD0398FEF7C0BED2F883
:1094E000E830116803F04043890707D533B91368A2
:1094F0002148C3F3C103D840FEF7B1BE1F4A11682B
:10950000880503D5B3F1804F00F08182106810F414
:1095100000303EF4A4AEB3F1004F194818BF00204C
:10952000FEF79DBE154AD2F8E03003F03803102B49
:1095300019D008D87BB9002303A80493FEF796FC42
:109540000498FEF78CBE182B00F06482202B1BD0F1
:109550000020FEF784BE002368460093FEF726FD38
:109560000098FEF77CBE002303A80393FEF7B2FD2C
:109570000398FEF774BE00BF0090D003000C0254A5
:1095800040787D010080BB00D2F8E830116803F01C
:109590004043890707D533B91368A548C3F3C1030E
:1095A000D840FEF75CBEA34A1168880503D5B3F125
:1095B000804F00F03282106810F400303EF44FAE5D
:1095C000B3F1004F9C4818BF0020FEF748BE994AEF
:1095D000D2F8E03003F4E073802B1AD008D883B9B6
:1095E000002303A80493FEF741FC0498FEF737BE5E
:1095F000C02B00F01582B3F5807F12D00020FEF75B
:109600002EBE002368460093FEF7D0FC0098FEF7BC
:1096100026BE002303A80393FEF75CFD0398FEF724
:109620001EBED2F8E830116803F04043890707D521
:1096300033B913687E48C3F3C103D840FEF70FBEA9
:109640007C4A1168880503D5B3F1804F00F0EB81A7
:10965000106810F400303EF402AEB3F1004F7648CB
:1096600018BF0020FEF7FBBD724AD2F8E03013F4B9
:1096700060633FF430A8116809010AD5B3F5007F93
:1096800007D1002368460193FEF790FC0198FEF78E
:10969000E6BD126890000AD5B3F5806F07D10023AC
:1096A00003A80493FEF716FD0498FEF7D8BD614A9F
:1096B0001168890709D5B3F5C06F06D113685C48F6
:1096C000C3F3C103D840FEF7CABD1268900503D5A5
:1096D000B3F5006F00F0AA81564A106810F400300C
:1096E0003EF4BDADB3F5206F534818BF0020FEF720
:1096F000B6BD504AD2F8E03013F4E0433FF41AAB61
:10970000116809010AD5B3F5805F07D100236846C7
:109710000193FEF74BFC0198FEF7A1BD1268900083
:109720000AD5B3F5005F07D1002303A80493FEF721
:10973000D1FC0498FEF793BD3E4A1168890709D50C
:10974000B3F5405F06D113683948C3F3C103D8406D
:10975000FEF785BD1268900503D5B3F5804F00F084
:109760006881344A106810F400303EF478ADB3F5E7
:10977000A04F314818BF0020FEF771BD2D4AD2F826
:10978000E03013F460333EF4A6AF116809010AD546
:10979000B3F5004F07D1002368460193FEF706FC9E
:1097A0000198FEF75CBD126890000AD5B3F5803FC2
:1097B00007D1002303A80493FEF78CFC0498FEF75E
:1097C0004EBD1C4A1168890709D5B3F5C03F06D1C3
:1097D00013681748C3F3C103D840FEF740BD1268B1
:1097E000900503D5B3F5003F00F02681114A1068BB
:1097F00010F400303EF433ADB3F5203F0E4818BFEF
:109800000020FEF72CBD0B4AD2F8E43003F003032E
:10981000022B13D0032B17D0012B7FF4CEAA0023E9
:1098200003A80493FEF722FB0498FEF718BD00BFBF
:109830000090D003000C025440787D016846FEF78A
:10984000B5FB0298FEF70BBDD2F8E830116803F0C3
:109850004043890707D533B913688248C3F3C1036E
:10986000D840FEF7FCBC804A1168880503D5B3F1E7
:10987000804F00F0E480106810F400303EF4EFAC4C
:10988000B3F1004F794818BF0020FEF7E8BC764AD4
:10989000D2F8E830116803F03003890402D5002BB8
:1098A00000F0D8801268920109D5102B07D100234F
:1098B00003A80493FEF7DAFA0498FEF7D0BC6A4ACC
:1098C000D2F8F010880702D5202B00F0C680D2F81D
:1098D000F00010F000603EF4C2AC302B0CBF4FF42F
:1098E000FA400020FEF7BBBC5F4AD2F8E43003F038
:1098F0003003102B07D1002303A80493FEF7B6FA18
:109900000498FEF7ACBC1168890009D5202B07D15B
:10991000002303A80493FEF7DDFB0498FEF79FBC29
:10992000106810F400503EF49AAC302B504818BF29
:109930000020FEF794BC4FF40040FEF790BC4FF4BB
:10994000FA40FEF78CBC0020FEF789BC0020FEF731
:1099500086BC0020FEF783BC0020FEF780BC454893
:10996000FEF77DBC4448FEF77ABC4248FEF777BC60
:109970004148FEF774BC4048FEF771BC3E48FEF714
:109980006EBC3D48FEF76BBC3B48FEF768BC3A48EE
:10999000FEF765BC3848FEF762BC3748FEF75FBC8F
:1099A0003548FEF75CBC3448FEF759BC3248FEF738
:1099B00056BC3148FEF753BC2F48FEF750BC2E482A
:1099C000FEF74DBC2948FEF74ABC4FF40040FEF7B5
:1099D00046BC0020FEF743BC2748FEF740BC2648A3
:1099E000FEF73DBC2448FEF73ABC2348FEF737BCDF
:1099F0002148FEF734BC2048FEF731BC1B48FEF777
:109A00002EBC0020FEF72BBC0020FEF728BC1A4815
:109A1000FEF725BC1748FEF722BC1748FEF71FBC0F
:109A20001448FEF71CBC1448FEF719BC1248FEF798
:109A300016BC1148FEF713BC0F48FEF710BC0E48C9
:109A4000FEF70DBC4FF40040FEF709BC4FF4FA409E
:109A5000FEF705BC0648FEF702BC4FF40040FEF7D7
:109A6000FEBB00BF0090D003000C025440787D0183
:109A7000006CDC020080BB0000093D002DE9E04FD6
:109A80002746A046A146A246A346A446A2B02DEC76
:109A9000000A84F3008825462646A447EFF3148580
:109AA00015F0080F18BFB0EE400A3DEC000A22B0D6
:109AB000BDE8E08F80F0004002E000BF81F000418F
:109AC00042001FBF5FEA410392EA030F7FEA226C64
:109AD0007FEA236C6AD04FEA1262D2EB1363C1BFF4
:109AE000D218414048404140B8BF5B42192B88BF63
:109AF000704710F0004F40F4000020F07F4018BF86
:109B0000404211F0004F41F4000121F07F4118BFA5
:109B1000494292EA030F3FD0A2F1010241FA03FC4D
:109B200010EB0C00C3F1200301FA03F100F0004335
:109B300002D5494260EB4000B0F5000F13D3B0F1FD
:109B4000807F06D340084FEA310102F10102FE2A6C
:109B500051D2B1F1004F40EBC25008BF20F00100DC
:109B600040EA03007047490040EB0000013A28BF7B
:109B7000B0F5000FEDD2B0FA80FCACF1080CB2EBFE
:109B80000C0200FA0CF0AABF00EBC250524218437C
:109B9000BCBFD0401843704792F0000F81F4000121
:109BA00006BF80F400000132013BB5E74FEA4103F4
:109BB0007FEA226C18BF7FEA236C21D092EA030F60
:109BC00004D092F0000F08BF0846704790EA010FDA
:109BD0001CBF0020704712F07F4F04D1400028BF07
:109BE00040F00040704712F100723CBF00F50000E9
:109BF000704700F0004343F0FE4040F4000070471F
:109C00007FEA226216BF08467FEA236301464202CA
:109C100006BF5FEA412390EA010F40F480007047DD
:109C20004FF0000304E000BF10F0004348BF404283
:109C30005FEA000C08BF704743F0964301464FF0BF
:109C400000001CE050EA010208BF70474FF000031B
:109C50000AE000BF50EA010208BF704711F000435C
:109C600002D5404261EB41015FEA010C02BF84462C
:109C70000146002043F0B64308BFA3F18053A3F58B
:109C80000003BCFA8CF2083AA3EBC25310DB01FAD2
:109C900002FC634400FA02FCC2F12002BCF1004F56
:109CA00020FA02F243EB020008BF20F001007047E7
:109CB00002F1200201FA02FCC2F1200250EA4C003B
:109CC00021FA02F243EB020008BF20EADC70704781
:109CD0004FF0FF0C1CEAD0521EBF1CEAD15392EA8F
:109CE0000C0F93EA0C0F6FD01A4480EA010C40026B
:109CF00018BF5FEA41211ED04FF0006343EA5010C5
:109D000043EA5111A0FB01310CF00040B1F5000F06
:109D10003EBF490041EAD3715B0040EA010062F1B5
:109D20007F02FD2A1DD8B3F1004F40EBC25008BF9F
:109D300020F00100704790F0000F0CF0004C08BFBD
:109D400049024CEA502040EA51207F3AC2BFD2F18A
:109D5000FF0340EAC250704740F400004FF0000398
:109D6000013A5DDC12F1190FDCBF00F000407047D2
:109D7000C2F10002410021FA02F1C2F1200200FA10
:109D800002FC5FEA310040F1000053EA4C0308BFD7
:109D900020EADC70704792F0000F00F0004C02BF28
:109DA000400010F4000F013AF9D040EA0C0093F0A3
:109DB000000F01F0004C02BF490011F4000F013BFD
:109DC000F9D041EA0C018FE70CEAD15392EA0C0F6B
:109DD00018BF93EA0C0F0AD030F0004C18BF31F0D6
:109DE000004CD8D180EA010000F00040704790F0AC
:109DF000000F17BF90F0004F084691F0000F91F050
:109E0000004F14D092EA0C0F01D142020FD193EA15
:109E10000C0F03D14B0218BF084608D180EA01009D
:109E200000F0004040F0FE4040F40000704740F079
:109E3000FE4040F4400070474FF0FF0C1CEAD05247
:109E40001EBF1CEAD15392EA0C0F93EA0C0F69D0A3
:109E5000A2EB030280EA010C49024FEA402037D00E
:109E60004FF0805343EA111143EA10130CF0004005
:109E70008B4238BF5B0042F17D024FF4000C8B42F5
:109E800024BF5B1A40EA0C00B3EB510F24BFA3EBD5
:109E9000510340EA5C00B3EB910F24BFA3EB9103A5
:109EA00040EA9C00B3EBD10F24BFA3EBD10340EAFF
:109EB000DC001B0118BF5FEA1C1CE0D1FD2A3FF645
:109EC00050AF8B4240EBC25008BF20F001007047FA
:109ED0000CF0004C4CEA50207F32C2BFD2F1FF039D
:109EE00040EAC250704740F400004FF00003013ACE
:109EF00037E792F0000F00F0004C02BF400010F472
:109F0000000F013AF9D040EA0C0093F0000F01F085
:109F1000004C02BF490011F4000F013BF9D041EAA7
:109F20000C0195E70CEAD15392EA0C0F08D14202DA
:109F30007FF47DAF93EA0C0F7FF470AF084676E7AD
:109F400093EA0C0F04D14B023FF44CAF08466EE786
:109F500030F0004C18BF31F0004CCAD130F0004254
:109F60007FF45CAF31F000437FF43CAF5FE700BFAC
:109F700042000ED2B2F1FE4F0BD34FF09E03B3EB73
:109F8000126209D44FEA002343F0004323FA02F09F
:109F900070474FF00000704712F1610F01D142028B
:109FA00002D14FF0FF3070474FF00000704700BF04
:109FB00053B94AB9002908BF00281CBF4FF0FF3130
:109FC0004FF0FF3000F0B2B9ADF1080C6DE904CEEE
:109FD00000F006F8DDF804E0DDE9022304B0704784
:109FE0002DE9F04F8C46099E04460F46002B48D1C0
:109FF0008A4215465ED9B2FA82F33BB1C3F1200220
:10A000009F409D409C4020FA02F217434FEA154EB4
:10A010001FFA85FC220CB7FBFEF10EFB117701FB4A
:10A020000CF042EA0742904207D9AA1801F1FF3723
:10A0300002D2904200F258813946121AA4B2B2FB01
:10A04000FEF00EFB102200FB0CFC44EA0244A44587
:10A050000BD92C1900F1FF322CBF01270027A44592
:10A0600002D9002F00F04381104640EA0140A4EBE2
:10A070000C0400211EB1DC400023C6E90043BDE80A
:10A08000F08F8B4206D90EB1C6E9000100210846C7
:10A09000BDE8F08FB3FA83F1002951D16345C0F0D8
:10A0A0001681824240F213810846002EE7D0C6E9AD
:10A0B0000047E4E7002A00F0AF80B2FA82F3002BF9
:10A0C00040F0C2808A1A4FEA154EAFB20121200C2F
:10A0D000B2FBFEFC0EFB1C2240EA024207FB0CF026
:10A0E00090420ED9AA180CF1FF382CBF4FF001098D
:10A0F0004FF00009904203D9B9F1000F00F0F08051
:10A10000C446121AA4B2B2FBFEF00EFB102200FBF2
:10A1100007F744EA0244A7420ED92C1900F1FF3296
:10A120002CBF4FF0010E4FF0000EA74203D9BEF135
:10A13000000F00F0D2801046E41B40EA0C4099E783
:10A14000C1F120058B400CFA01F400FA01F922FA62
:10A1500005F72CFA05FC8A401F4320FA05F3380C5A
:10A1600023431FFA87FE1C0CBCFBF0F800FB18CC45
:10A1700044EA0C4408FB0EFCA4450ED93C1908F136
:10A18000FF3A2CBF4FF0010B4FF0000BA44503D951
:10A19000BBF1000F00F0B880D046A4EB0C041FFA0E
:10A1A00083FCB4FBF0F300FB134403FB0EFE4CEA0C
:10A1B0000444A6450ED93C1903F1FF302CBF4FF0E3
:10A1C000010C4FF0000CA64503D9BCF1000F00F0C4
:10A1D0009F80034643EA0840A4EB0E04A0FB02EC78
:10A1E00064457346E04602D307D1F14505D2BEEB84
:10A1F00002036CEB070C0138E0465EB1B9EB0302D9
:10A2000064EB080404FA05F522FA01F3CC401D437F
:10A21000C6E90054002132E742082F464B08AC46FD
:10A2200042EAC172AE46C407110C92B241EA034140
:10A2300042EA0142B1FBF5F1B3FBF5F01F23A2EBBB
:10A240000C0241EA004142E79D40C3F120029940DF
:10A250009C402CFA02FC4FEA154E20FA02F2AFB2F3
:10A26000BCFBFEF80A430EFB18CC110C41EA0C4172
:10A2700008FB07FC8C4550D9691808F1FF302CBF4A
:10A280004FF001094FF000098C4502D9B9F1000FD8
:10A2900030D0A1EB0C01B1FBFEF808FB07FC0EFB74
:10A2A000181192B242EA0142624534D2AA1808F16A
:10A2B000FF312CBF4FF001094FF000096245BED2BB
:10A2C000B9F1000FBBD1A8F102012A44B7E7841A03
:10A2D0006CEB030201201746E7E62C4402382BE71B
:10A2E000ACF1020C2A440CE702392A44A5E62C44BE
:10A2F0000238BAE6A5EB0C0CA8F102006144B1FBF0
:10A30000FEF808FB07FCCAE7A8F102083C4444E752
:10A31000023B3C445EE7414691E7A1EB0C0140461D
:10A32000B1FBFEF808FB07FCB9E700BF704700BFB0
:10A33000D8B8010C000004302E000000000000001E
:10A340000000000000000000B800043024120000EB
:10A3500000000000000000000100000002000000FA
:10A3600004000000040000000164000094B5010C2A
:10A37000004004000000080003650000DCB5010C8B
:10A3800000001000000008000264000094B5010CF9
:10A39000000010000000100004650000DCB5010C96
:10A3A000000018000000100054686973206465768E
:10A3B000696365206973201B5B313B316D4E4F54DF
:10A3C00020534543555245005468697320646576AF
:10A3D000696365207761732070726F766973696F46
:10A3E0006E656420776974682064756D6D79206B83
:10A3F0006579732E20001B5B313B33316D001E25C8
:10A40000732573257325730A001B5B306D0028428A
:10A410006567696E6E696E6720424C322070726F9C
:10A42000766973696F6E696E670A0054464D5F44C2
:10A43000554D4D595F50524F564953494F4E494E15
:10A4400047206973206E6F74207375697461626C44
:10A450006520666F722070726F64756374696F6EC9
:10A460002120000A506C6174666F726D20696E69FC
:10A4700074206661696C65640A00285374617274A3
:10A48000696E6720626F6F746C6F616465720A0039
:10A490000A4F54502073797374656D20696E697426
:10A4A00069616C697A6174696F6E206661696C6557
:10A4B000640A000A50726F766973696F6E696E671D
:10A4C00020726571756972656420636865636B20CD
:10A4D0006661696C65640A000A50726F7669736917
:10A4E0006F6E696E67206661696C65640A000A4573
:10A4F00072726F72207768696C6520696E69746921
:10A50000616C697A696E672074686520736563752C
:10A510007269747920636F756E7465720A000A50EF
:10A520006C6174666F726D20706F737420696E69F0
:10A5300074206661696C65640A000A5053412043C7
:10A54000727970746F20696E6974206661696C65D8
:10A55000642077697468206572726F7220636F641B
:10A56000652025640A0045432D50323536002850B9
:10A5700053412043727970746F20696E697420644E
:10A580006F6E652C207369675F747970653A20255A
:10A590007325730A000A5072652D6C6F6164207315
:10A5A00074657020666F7220696D6167652025642F
:10A5B000206661696C65640A000A556E61626C65AB
:10A5C00020746F2066696E6420626F6F7461626CC4
:10A5D0006520696D6167650A000A506F73742D6CA0
:10A5E0006F6164207374657020666F7220696D619D
:10A5F0006765202564206661696C65640A002842ED
:10A600006F6F746C6F6164657220636861696E6CF2
:10A610006F61642061646472657373206F66667332
:10A6200065743A20307825780A0028496D6167659D
:10A630002076657273696F6E3A207625642E2564E4
:10A640002E25640A00284A756D70696E6720746F44
:10A650002074686520666972737420696D6167652E
:10A6600020736C6F740A000A617265612025642092
:10A6700073697A652030782578206E6F742064695C
:10A6800076697369626C6520627920736563746FA3
:10A69000722073697A6520307825780A000A666C22
:10A6A000617368206172656120256420736563743D
:10A6B0006F7220636F756E74206F766572666C6F53
:10A6C000770A000A496D6167652025643A20535076
:10A6D0004920646F776E6C6F6164206F70656E20C7
:10A6E000666F72206572617365206661696C65646E
:10A6F0000A0028496D6167652025643A206572610A
:10A7000073696E672053504920646F776E6C6F6178
:10A710006420307825782B307825780A000A496D36
:10A720006167652025643A2053504920646F776E35
:10A730006C6F6164206572617365206661696C6528
:10A740006420282564290A0028496D616765202551
:10A75000643A2053504920646F776E6C6F616420B7
:10A760006572617365640A0028496D61676520251B
:10A77000643A207072696D617279206F70656E2025
:10A780006661696C65642C20666F6C6C6F77206401
:10A79000656661756C74207570646174650A002863
:10A7A000496D6167652025643A206861736820639C
:10A7B0006F6D7061726520736B69707065642C20B9
:10A7C000666F6C6C6F772064656661756C7420755C
:10A7D00070646174650A0028496D616765202564AD
:10A7E0003A207365636F6E64617279206D61746382
:10A7F000686573207072696D6172792C20736B6962
:10A8000070206F76657277726974650A0028496DE9
:10A810006167652025643A207365636F6E646172B9
:10A820007920646966666572732C206F766572772D
:10A8300072697465207072696D6172790A00707254
:10A84000696D617279007365636F6E64617279001E
:10A850000A496E73756666696369656E742076650C
:10A860007273696F6E20696E207365636F6E6461C9
:10A87000727920736C6F740A000A496D61676520F4
:10A88000696E2074686520257320736C6F7420696D
:10A8900073206E6F742076616C6964210A000A4629
:10A8A00061696C656420746F206F70656E20666CE2
:10A8B0006173682061726561732C2063616E6E6FD5
:10A8C0007420636F6E74696E75650A001E46616957
:10A8D0006C65642072656164696E6720736563747A
:10A8E0006F72733B20424F4F545F4D41585F494D4B
:10A8F000475F534543544F52533D2564202D2074E8
:10A900006F6F20736D616C6C3F0A001E4661696C4D
:10A9100065642072656164696E6720696D61676551
:10A9200020686561646572733B20496D6167653DB0
:10A9300025750A0028496D616765202564207570BA
:10A940006772616465207365636F6E6461727920FC
:10A95000736C6F74202D3E207072696D6172792066
:10A96000736C6F740A002845726173696E67207496
:10A970006865207072696D61727920736C6F740AFA
:10A980000028496D61676520256420636F707969CF
:10A990006E6720746865207365636F6E6461727999
:10A9A00020736C6F7420746F2074686520707269F6
:10A9B0006D61727920736C6F743A203078257A78E3
:10A9C0002062797465730A000A536563757269744D
:10A9D0007920636F756E746572207570646174653B
:10A9E000206661696C656420616674657220696DBA
:10A9F00061676520757067726164653A2025640A35
:10AA0000000A70616E6963210A000A5365637572FA
:10AA100069747920636F756E7465722075706461F6
:10AA20007465206661696C65642061667465722076
:10AA3000696D6167652025642076616C6964617465
:10AA4000696F6E3A2025640A001E43616E6E6F7452
:10AA500020757067726164653A206D6F726520734E
:10AA60006563746F7273207468616E20616C6C6FC3
:10AA70007765640A001E43616E6E6F74207570679F
:10AA8000726164653A20736C6F74732068617665D7
:10AA9000206E6F6E2D636F6D70617469626C6520DE
:10AAA000736563746F72730A001E43616E6E6F7418
:10AAB00020757067726164653A20736C6F747320DF
:10AAC000617265206E6F7420636F6D70617469626E
:10AAD0006C650A000A4661696C656420746F2061C8
:10AAE000646420696D616765206461746120746FBE
:10AAF0002073686172656420617265610A000A46AC
:10AB000061696C656420746F2061646420646174A1
:10AB10006120746F20736861726564206D656D6F6C
:10AB2000727920617265612E0A000A4661696C655E
:10AB30006420746F206F70656E20666C617368208E
:10AB4000617265612049442025642028696D616730
:10AB50006520256420736C6F7420257A75293A204E
:10AB600025640A004255473B2063616E27742068C4
:10AB7000617070656E00285365636F6E64617279F1
:10AB800020696D616765206F6620696D616765206A
:10AB900070616972202825642920697320756E729E
:10ABA0006561636861626C652E2054726561742012
:10ABB000697420617320656D7074790A0028496D8D
:10ABC00061676520696E6465783A2025642C20539E
:10ABD00077617020747970653A2025730A002849DE
:10ABE0006D61676520696E6465783A2025642C2064
:10ABF0005377617020747970653A206E6F6E650AC4
:10AC00000074657374007065726D007265766572AC
:10AC100074000A496D6167652073656375726974B4
:10AC20007920636F756E7465722076616C7565202E
:10AC30002575206C6F776572207468616E206D6F6A
:10AC40006E6F746F6E69632076616C756520257513
:10AC50000A000A696E76616C696420666C617368CB
:10AC60002049442025643B206578706563746564E1
:10AC70002025640A000A4572726F72207768696C39
:10AC80006520756E696E697469616C697A696E6751
:10AC900020466C61736820496E74657266616365F5
:10ACA0000A000A4572726F72207768696C652069C4
:10ACB0006E697469616C697A696E6720524E4720CB
:10ACC00049700A000A4572726F72207768696C6574
:10ACD00020696E697469616C697A696E672048578A
:10ACE00020616363656C657261746F722049700ADC
:10ACF000000A4572726F72207768696C6520696E10
:10AD0000697469616C697A696E6720466C61736801
:10AD100020496E746572666163650A000A53504982
:10AD2000204E4F5220696E6974206661696C6564BB
:10AD30003B20636F6E74696E756520776974682057
:10AD4000696E7465726E616C207072696D61727982
:10AD50000A000A556E6578706563746564207661D3
:10AD60006C756520666F7220545A454E0A000A556C
:10AD70006E65787065637465642076616C756520B6
:10AD8000666F7220737761702062616E6B20636FF3
:10AD90006E66696775726174696F6E0A000A556E36
:10ADA00065787065637465642076616C756520668E
:10ADB0006F7220424F4F542055424520636F6E669C
:10ADC000696775726174696F6E0A0028426F6F74EB
:10ADD0004164647220307825780A000A556E6578DF
:10ADE0007065637465642076616C756520666F724A
:10ADF0002053454320424F4F542041646472657391
:10AE0000730A002842414E4B2031207365637572EE
:10AE10006520666C617368205B25642C2025645D69
:10AE2000203A204F42205B25642C2025645D0A00D7
:10AE30000A556E65787065637465642076616C751B
:10AE40006520666F722073656375726520666C613C
:10AE500073682070726F74656374696F6E3A2073E3
:10AE6000657420776D736563310A002842414E4B4B
:10AE700020322073656375726520666C617368208B
:10AE80005B25642C2025645D203A204F42205B2501
:10AE9000642C2025645D0A002842414E4B2031205D
:10AEA000666C6173682077726974652070726F7464
:10AEB000656374696F6E2067726F757020307825D6
:10AEC000783A204F4220307825780A000A556E657E
:10AED000787065637465642076616C756520666F53
:10AEE000722077726974652070726F74656374691B
:10AEF0006F6E203A2073657420777270310A0028D3
:10AF000042414E4B203120686964652070726F7435
:10AF1000656374696F6E205B25642C2025645D2059
:10AF20003A204F42205B25642C2025645D0A000AEC
:10AF3000556E65787065637465642076616C7565BF
:10AF400020666F7220686964652070726F74656333
:10AF500074696F6E203A2073657420686470310ADA
:10AF6000000A556E65787065637465642076616C5F
:10AF7000756520666F72205352414D322045524113
:10AF800053452061742052657365740A000A556E3A
:10AF900065787065637465642076616C756520669C
:10AFA0006F72205352414D32204543430A000A45F7
:10AFB00072726F72207768696C652073657474694A
:10AFC0006E67204F422042616E6B3120636F6E6668
:10AFD00069670A000A4572726F72207768696C654A
:10AFE00020657865637574696F6E204F425F4C61B0
:10AFF000756E63680A0028426F6F744C6F636B2034
:10B00000307825780A000A556E6578706563746536
:10B01000642076616C756520666F7220534543200D
:10B02000424F4F54204C4F434B0A000A57323520B1
:10B030004750494F202573204A4544454320253039
:10B0400032783A253032783A2530327820286578BF
:10B05000706563742065663A34303A3136290A00E7
:10B0600028573235204750494F202573204A454400
:10B07000454320253032783A253032783A2530322F
:10B08000780A002853504920466C61736820496E45
:10B090007465726661636520696E697469616C6963
:10B0A0007A65640A000A573235513332204A4544E2
:10B0B0004543206D69736D61746368202D20535082
:10B0C00049204E4F52206E6F742072656164792062
:10B0D00028253032783A253032783A2530327829AE
:10B0E0000A005041352F5041362F504137204353ED
:10B0F0003D50423200504531322F504531332F50B0
:10B100004531342043533D50453131005041352FB6
:10B110005041362F5041372043533D504334005B5C
:10B12000556E737570706F727465645D005B455227
:10B13000525D005B4E4F545D005B57524E5D005BAD
:10B14000494E465D005B5645525D00EDFEDEC0F4A3
:10B15000B4A4DE52220C0E2B2171CDFAAE6B3166F7
:10B16000DDBD58FBCACAA676AC8DD26FC81E0FCD06
:10B170001514ADC645C4963FF1955329909270734E
:10B180008A8CFE33C8B14E000BC0B38B7DD9D20080
:10B1900001000000000000000000000200000000AC
:10B1A000000000000000000000000000000000009F
:10B1B000000000000000000000000000000000008F
:10B1C000000000000000000000000000000000007F
:10B1D000000000000000000000000000000000006F
:10B1E000000000000000000000000000000000005F
:10B1F000000000000000000000000000000000004F
:10B20000000000000000000000000000000000003E
:10B21000000000000000000000000000000000002E
:10B22000000000000000000000000000000000001E
:10B23000000000000000000000000000000000000E
:10B2400000000000000000000000000000000000FE
:10B2500000000000000000000000000000000000EE
:10B2600000000000000000000000000000000000DE
:10B2700000000000000000000000000000000000CE
:10B2800000000000000000000000000000000000BE
:10B2900000020000000000000000000000000000AC
:10B2A0000C00000000000000000000000000000092
:10B2B000000000000000000000000004000000008A
:10B2C000000000000000000000000000000000007E
:10B2D000000000000000000000000000000000006E
:10B2E000000000000000000000000000000000005E
:10B2F00001AC010C06AC010C0BAC010C0401040305
:10B300000402040104010403010403040104100005
:10B310002DE15D29410B8D77679C110F1F8A06086F
:10B320002A8648CE3D03010706072A8648CE3D02FD
:10B330000110141400001C2030401C2000001C20B0
:10B3400030400000982F8A4291443771CFFBC0B53E
:10B35000A5DBB5E95BC25639F111F159A4823F92E0
:10B36000D55E1CAB98AA07D8015B8312BE85312439
:10B37000C37D0C55745DBE72FEB1DE80A706DC9BFA
:10B3800074F19BC1C1699BE48647BEEFC69DC10FA6
:10B39000CCA10C246F2CE92DAA84744ADCA9B05CE2
:10B3A000DA88F97652513E986DC631A8C82703B0A5
:10B3B000C77F59BFF30BE0C64791A7D55163CA06B3
:10B3C00067292914850AB72738211B2EFC6D2C4DBF
:10B3D000130D385354730A65BB0A6A762EC9C281AD
:10B3E000852C7292A1E8BFA24B661AA8708B4BC243
:10B3F000A3516CC719E892D1240699D685350EF46D
:10B4000070A06A1016C1A419086C371E4C77482723
:10B41000B5BCB034B30C1C394AAAD84E4FCA9C5B99
:10B42000F36F2E68EE828F746F63A5781478C884EA
:10B430000802C78CFAFFBE90EB6C50A4F7A3F9BECC
:10B44000F27871C66BFF79FF79FF7CFF0000000086
:10B450000A5695CE5753F2DD5CE419BAE4B84A8B2C
:10B4600025F321DD8886E8D2855D882518FF718562
:10B470003C14A918D430E77901B6ED5FFC95BA7594
:10B48000102562772B73FB79C65537A5765F901828
:10B49000DFBDC42962DF9CD890308478CD05F0AC44
:10B4A000D62E21F7AB20A2E5344887041D0630DCF8
:10B4B000512563FCC2CAB9F3849E17A7ADFAE6BC56
:10B4C000FFFFFFFFFFFFFFFF00000000FFFFFFFF88
:10B4D000A2EE79BE954C2483A66FBD499C7999460E
:10B4E00059EC6B2B39B245282056D9F3942DE166DF
:10B4F0004FBC00EEFFFFFFFFFFFFFFFFFFFFFFFF5F
:10B50000000000000000000000000000010000003A
:10B51000FFFFFFFF0300000000000000FFFFFFFF30
:10B52000FBFFFFFFFEFFFFFFFFFFFFFFFDFFFFFF32
:10B530000400000001000000BB05010C0000000039
:10B5400001020304000000000000000001020304E7
:10B55000060708090000000000200240FF1F03400A
:10B56000000000000100000000001008FFFF1F089D
:10B57000000000000200000000F8FF083FF8FF088C
:10B58000000000000300000000FBF90BFFFEF90BB8
:10B59000000000000146010C1946010C5146010C47
:10B5A0001D46010C2146010C9946010CA147010CD6
:10B5B000C948010C3746010C3D46010C4946010CB7
:10B5C000000000000001000000200000002000003A
:10B5D00010000000FF000000030200016D5C010C80
:10B5E000855C010CD160010C895C010C955C010C3F
:10B5F000715F010CB55C010CD15E010C995C010C12
:10B60000A15C010CAD5C010C10002DE15D29410B2A
:10B610008D77679C110F1F8A000000000004000056
:10B62000001000000001000001000000FF00000009
:10B6300003020001E2B0010C000020000000400005
:10B640000000800001000400F5B0010C04000010AF
:10B650000400002004000040040000080CB1010CAC
:10B6600000002000000040000000800002001000E8
:10B67000000010000000080000001800000010008A
:10B680000100000002000000040000002DB1010CC8
:10B6900000000000000000000000000000000000AA
:10B6A000000000000000000000000000000000009A
:10B6B0000000000033B1010C000000000000000099
:10B6C000000000000000000000000000000000007A
:10B6D00000000000000000000000000039B1010C73
:10B6E000000000000000000000000000000000005A
:10B6F000000000000000000000000000000000004A
:10B70000000000003FB1010C00000000000000003C
:10B710000000000000000000000000000000000029
:10B7200000000000000000000000000045B1010C16
:10B730003570010C4D70010CB970010C5170010C89
:10B740005570010C9570010C7570010C5970010C4D
:10B750005F70010C7971010C6370010C6770010C52
:10B760006B70010C7170010C0402020201000200F6
:10B770000400060008000A000C0010002000400031
:04B780008000000144
:10B784000746884600F00FF80020014602460346AB
:10B7940004460546064681468246834684468646D6
:10B7A4004046884638470021034B044A43F8041BAB
:10B7B4009342FBD1704700BF0000043000FC04300A
:10B7C40000210C4B0C4A43F8041B9342FBD1002389
:10B7D40018460A4A03F140010133182B42F82100AC
:10B7E400F8D10021064B074A43F8041B9342FBD1CE
:10B7F400704700BF0001003000010430002C0350EA
:10B804000000043000FC043008B500231E4E04463A
:10B814003360F5F7F5F8FAF73BF91C4BDB6898470A
:10B8240020B11B48FBF76EFA00F03CF8194BDD68B9
:10B83400A84720B11648FBF765FA00F033F8A8478B
:10B8440020B11348FBF75EFA00F02CF8FAF7D2F8AF
:10B8540008B100F027F8F8F79FFD0F4D0F4B9C60DF
:10B864002C6000243460F8F797FD84F30A882B6871
:10B874001B6883F30888BFF34F8FBFF36F8F2B6868
:10B8840007485968FFF77CFF3447043094B5010C2E
:10B8940075AC010CDCB5010C3047043000ED00E060
:04B8A40085B7010C57
:10B8A80010B54EF2FE734FF0005424F8013BBFF37D
:10B8B8004F8FBFF36F8F64086400204621462246ED
:08B8C8002346FEF7D7F810BD7E
:08B8D00010E7FF7F01000000FA
:10B8D80000000000C4200430E1F6C11988EACD1F39
:10B8E80055555515AAAAAA1A3F08010C3D08010C7E
:10B8F8003908010C0090D00300000000000000008F
:10B90800000000000000000001000000000000002E
:10B91800000000000400000078000430040000006B
:10B9280098000430030000006000043001000000AB
:10B9380000800200FFBF020000000000FFBF0000FF
:10B9480000400400FF3F0C0000800200FFBF02001F
:10B9580000000000FFBF000000400400FF3F0C0093
:10B9680000001000FFFF1F0000800200FFBF020060
:10B9780000000000FFBF000000400400FF3F0C0073
:08B9880000001000FFFF1F008A
:020000040C02EC
:108000001281DEC0000102030405060708090A0BFD
:108010000C0D0E0F000102030405060708090A0BE8
:108020000C0D0E0FA9B454B26D6F90A4EA3119353E
:1080300064CBA91FEC6F9A002A7DC0504B92A1938C
:108040007134585F200000001200000073746D2E20
:108050006578616D706C652E7863756265210000CE
:10806000000000000000000000000000A0A1A2A38A
:10807000A4A5A6A7A8A9AAABACADAEAFB0B1B2B348
:10808000B4B5B6B7B8B9BABBBCBDBEBF030000003B
:10809000AAAAAAAAAAAAAAAABBBBBBBBBBBBBBBBB8
:1080A000CCCCCCCCCCCCCCCCDDDDDDDDDDDDDDDD88
:1080B0003036303435363532373238323931303087
:1080C000313000000000000000000000000000004F
:1080D0007777772E747275737465646669726D77DD
:1080E0006172652E6F7267000000000000000000E2
:1080F0005053415F494F545F50524F46494C455F82
:10810000310000000000000000000000000000003E
:10811000F4B4A4DE52220C0E2B2171CDFAAE6B31D9
:1081200066DDBD58FBCACAA676AC8DD26FC81E0FDD
:10813000CD1514ADC645C4963FF195532990927064
:10814000738A8CFE33C8B14E000BC0B38B7DD9D27D
:10815000000000000000000000000000000000001F
:10816000000000000000000000000000000000000F
:1081700000000000000000000000000000000000FF
:1081800000000000000000000000000000000000EF
:1081900000000000000000000000000000000000DF
:1081A00000000000000000000000000000000000CF
:1081B00000000000000000000000000000000000BF
:1081C00000000000000000000000000000000000AF
:1081D000000000000000000000000000000000009F
:1081E000000000000000000000000000000000008F
:1081F000000000000000000000000000000000007F
:10820000000000000000000000000000000000006E
:10821000000000000000000000000000000000005E
:10822000000000000000000000000000000000004E
:10823000000000000000000000000000000000003E
:10824000000000000000000000000000000000002E
:10825000CD1514ADC645C4963FF195532990927043
:10826000738A8CFE33C8B14E000BC0B38B7DD9D25C
:1082700000000000000000000000000000000000FE
:1082800000000000000000000000000000000000EE
:1082900000000000121323340A058978A3668C0DB0
:1082A000975553CAB576186229C6B67975C85A8DDE
:1082B0009E118F85DEC45F662152F939D9779328E4
:1082C000B05E02FA58B416C80F3891BB2817CD8A91
:1082D000C9537266000000000000000000000000AA
:1082E000000000000000000000000000000000008E
:1082F000000000000000000000000000000000007E
:048300000100000078
:10E000004200DEC04200DEC0000000000000000050
:10E010000000000000000000000000000000000000
:040000050C010E419B
:00000001FF
