:020000040C00EE
:10E000004200DEC04200DEC0000000000000000050
:10E010000000000000000000000000000000000000
:020000040C01ED
:1000000030690430410E010CA549010C29B4010CE2
:1000100029B4010C29B4010C29B4010C29B4010C38
:10002000000000000000000000000000350D010C81
:10003000370D010C00000000390D010C3B0D010CC7
:100040003D0D010C3F0D010C410D010C430D010C48
:10005000450D010C29B4010C470D010C490D010C93
:100060004B0D010C4D0D010C4F0D010C510D010CF0
:10007000530D010C550D010C570D010C590D010CC0
:100080005B0D010C5D0D010C5F0D010C610D010C90
:10009000630D010C650D010C670D010C690D010C60
:1000A0006B0D010C6D0D010C6F0D010C710D010C30
:1000B000730D010C750D010C770D010C790D010C00
:1000C0007B0D010C7D0D010C7F0D010C810D010CD0
:1000D000830D010C850D010C870D010C890D010CA0
:1000E0008B0D010C8D0D010C8F0D010C910D010C70
:1000F000930D010C950D010C970D010C990D010C40
:100100009B0D010C9D0D010C9F0D010CA10D010C0F
:10011000A30D010CA50D010CA70D010CA90D010CDF
:10012000AB0D010CAD0D010CAF0D010CB10D010CAF
:10013000B30D010CB50D010CB70D010CB90D010C7F
:10014000BB0D010CBD0D010CBF0D010CC10D010C4F
:10015000C30D010CC50D010CC70D010CC90D010C1F
:10016000CB0D010CCD0D010CCF0D010CD10D010CEF
:10017000D30D010CD50D010CD70D010CD90D010CBF
:10018000DB0D010CDD0D010CDF0D010CE10D010C8F
:10019000E30D010CE50D010CE70D010CE90D010C5F
:1001A000EB0D010CED0D010CEF0D010CF10D010C2F
:1001B000F30D010CF50D010CF70D010CF90D010CFF
:1001C000FB0D010CFD0D010CFF0D010C010E010CCE
:1001D000030E010C050E010C070E010C090E010C9B
:1001E0000B0E010C0D0E010C0F0E010C110E010C6B
:1001F000130E010C150E010C170E010C190E010C3B
:100200001B0E010C1D0E010C1F0E010C210E010C0A
:10021000230E010C250E010C270E010C290E010CDA
:100220002B0E010C2D0E010C2F0E010C310E010CAA
:10023000330E010C350E010C370E010C390E010C7A
:100240003B0E010C3D0E010C3F0E010C40B152184B
:1002500005D2C068904234BF0020012070470020C2
:10026000704700000B4B30B51A6800230A4C9342CC
:1002700003DB06D14FF0FF3008E01D01655D8542CC
:1002800005D10020044A02EB03130B6030BD01339B
:10029000EDE700BF709F010C749F010C70470000D8
:1002A0002DE9F74317461A4680460C461E46FFF7CF
:1002B000CDFF002870D00093D8F804305B689847D1
:1002C000374BC0F3410013F82090C9F1000303EA53
:1002D000040534EA030326D0D8E9013001225B6922
:1002E00001A928449847002812DB0022A3195B1BB0
:1002F0004B4524BF2E1B4E44631BD5B2AE4202F1C8
:10030000010208D8009B9B1B0093009B6BB9002047
:1003100003B0BDE8F08305F108016944194411F800
:10032000041C7955E9E70025EFE7009B4B45B3FB3B
:10033000F9F61DD209FB06F6D8F808303019184432
:10034000D8F8043001225B6901A9284498470028A5
:10035000DEDB002237440099D3B2994202F1010258
:10036000D5D9F91808336B4413F8043C4B55F2E720
:10037000D8F80800D8F80430204432465B6979196F
:10038000284498470028C3DB009B09FB16330093E1
:10039000009B002BCED1BAE74FF0FF30B8E700BF8B
:1003A000649F010C2DE9F04F8DB002921A4605466C
:1003B0000F461E4621F00F0A01F00F08FFF746FF17
:1003C00028B94FF0FF3318460DB0BDE8F08F6B68C9
:1003D0000DF1200B5B689847584BC0F3410053F870
:1003E00020305A460093514643462846FFF758FFAF
:1003F0000028E6D106F10F03434423F00F03AAEBD4
:100400000709A9EB06091A46514628460193994463
:10041000FFF71CFF0028D4D04B46284604AAB91980
:10042000FFF73EFF03460028CBD1B8F1000F63D1A0
:100430004446B442C7D2A6EB040A3AF00F0A10D0E1
:10044000A86869689DF800203844D1F818B0BAFB54
:10045000F2F2029920440393D8470028B1DB039BB2
:100460005444B9F1000FAED008A82246002301463B
:1004700096420AD9DDF808C001331CF802C0102BDF
:1004800000F801CB02F10102F2D1964299D100228B
:1004900004A8102B01D04A4549D108F11008102BAF
:1004A000A0448ED14A458CD1019A424589D1A86891
:1004B0009DF800206D683844B3FBF2F2AD6920442A
:1004C000A847C3177FE7029A125D01340BF8012099
:1004D00001310F2913D8B442F5D1002204A80DF13F
:1004E000200C0F2920D84A450BD010F801EB01321F
:1004F00001F80CE00131F4E741460446E9E7B44273
:10050000EBD0102903937FF45CAFD5E901309DF85F
:100510000020D3F818B0B1FBF2F2504408A9D84734
:100520000028039B85DA4CE74A45EAD049E710F8F2
:10053000016B0132CE540133ABE700BF649F010C65
:100540002DE9F04105460E469046FFF77FFEA8B123
:100550006B689B6A98470468074664B10020BDE851
:10056000F081D5E90130DB69304498470028F6D1A5
:10057000BB681C441E444445F3D3EFE74FF0FF3003
:10058000EDE708B543689B6A9847006908BD0021FC
:1005900008B5084600F054F9FEE70346002030B5E0
:1005A000013A00D230BD1D780C78A54202D008B9BE
:1005B000281BF5E701330131F2E7F0B505460C04DD
:1005C00044EA01640C4344EA012462B91346561913
:1005D000032A0ED823F003022A4403F00303134432
:1005E0009A420AD1F0BDAB07F0D005F8011B013AE1
:1005F000EBE7B71A3C60043AEAE702F8011BEFE7C1
:10060000034670B56AB900241519032D13D822F0DA
:10061000030421441C44002302F003029A4210D137
:1006200070BD41EA0304A407EDD011F8014B013A73
:1006300003F8014BE6E70D1B2E681D1B2E60043CE2
:10064000E2E7CD5CE5540133E8E7000010B505F0C2
:1006500093FD28B1034B1C6800F0EAFD204610BD55
:10066000014BF8E7100004301400043037B50C4695
:1006700031B900F0DDFD0E4B1D68284603B030BDDA
:10068000031DF6D8C31C052B184628BF0520042BD4
:10069000EFD8042101AA05F071FD30B1044B1D68AB
:1006A000019B236000F0C4FDE7E7024BF7E700BFC2
:1006B0001000043014000430031D08D8C31C052B9F
:1006C000184628BF0520042B01D805F05FBD4AF26B
:1006D000C53070477FB50E46054618B94FF0FF305C
:1006E00004B070BD0029F9D0012001A9FFF7BAFDBF
:1006F000044610B9019B9E4209D0022001A9FFF7D0
:10070000B1FD0028EAD1019B9E42E7D1012468692E
:10071000A96902AB03C3082202ABA101022000F0C9
:10072000BDFCDDE71FB5082102AA022005F0C6FFC7
:10073000DDE902020B490C4B9A4208BF884207D1FF
:100740000A4B0B4A00930B490B4B0C4806F0E2F89E
:10075000082200210DEB0200FFF72FFF05B05DF826
:1007600004FB00BFA9B454B26D6F90A415A0010C96
:10077000D49F010C02A0010CB49F010C0AA0010C33
:1007800013B5044668B10421072001AA05F096FFBD
:1007900028B9019B012B8CBF00230123237002B0D9
:1007A00010BD4AF2C530FAE708B520210C20084AEE
:1007B00006F028F818B14CF25A32904206D1BDE842
:1007C000084020210D20034A06F01CB808BD00BFD8
:1007D00009AD010C29AD010C1FB50421072003AAA6
:1007E00005F06CFF0446B8B90D4806F093F80D4BC0
:1007F0000D4A00930D490E4B0E4806F08BF8039BF3
:1008000053B906F076F8044630B9FFF7CDFF044639
:1008100010B906F070F80446204604B010BD00BFC1
:100820001AA0010C15A0010C37A0010C02A0010CAC
:10083000B49F010C0AA0010C002070477047FEE72E
:100840002DE9F3414FF40051584802F02FFA05F01A
:10085000BBFB03F073FC044628B1554806F05AF878
:10086000204605F08BFB534806F054F805F0F0FEE7
:10087000044608B15048F1E70DF10300FFF780FF8F
:10088000044608B14D48E9E79DF803302BB1FFF766
:10089000A3FF044608B14A48E0E7FFF743FF00F032
:1008A000BFFC0546FFF7D2FE0446284600F0DCFCFC
:1008B000444E3368A34201D04348CFE705F05CFBC8
:1008C000044608B14148C9E701F084FF044620B15D
:1008D00001463F4806F01EF8C2E73E4A3E493F48FF
:1008E00006F018F80124204605F04FFB002838D008
:1008F000204605F046FB0546F0B9DFF8E4800C22FF
:1009000000213848FFF759FE00F08AFC21460746CF
:10091000344801F041F80546384600F0A5FC33683C
:10092000AB420FD1204605F02EFB0546C8B121464B
:100930002D4803E00024D6E721462C4805F0EAFFC5
:1009400028468EE72A4805F0E5FF204605F01FFB04
:10095000336818B1D8F80000834282D1AB42CED1BF
:10096000E0E7002CE6D11F4D2248A96805F0D2FF30
:1009700029682148CB8A4A7D097D05F0CBFF1F48B5
:1009800005F0C8FF01A9287903F0B6FB2B681A69A6
:100990001C8992065BBFAB68019A5B689B181C447C
:1009A00005F02EFB20460AF0F1FC00BFC400043025
:1009B0006FA0010C86A0010C9CA0010CBFA0010C33
:1009C000E4A0010C14000430FAA0010C2AA1010CCF
:1009D00046A1010C15A6010C72A1010C7AA1010C13
:1009E00010000430B8000430E5A1010CA1A1010CF5
:1009F000C5A1010C0AA2010C36A2010C51A2010CE6
:100A00000020704708B501F0E1FF002008BD012972
:100A100009D002290CD069B978B1012808BF022099
:100A200018BFFF20704750B1012808BF0420F7E726
:100A3000052070474FF0FF307047012070470320BA
:100A4000704708B543689B6A9847007D08BD4368B6
:100A500070B59B6A16460D46044698478368B5FBF9
:100A6000F3F563689B6A984783686B4333606368F8
:100A70009B6A984783680020736070BD2DE9F3413D
:100A8000D1F8008006460D46C0B201A91746FFF70F
:100A9000E9FB044688BB2B68CBB103464FF40050FA
:100AA000019AD1682B6009B1984506D8984510D2B3
:100AB0003146134805F02EFF09E0B1F5005F0FD273
:100AC0004FF400533146D2680E4805F023FF4FF033
:100AD000FF340198FFF7E2FB204602B0BDE8F08149
:100AE0004FEA433C47F833C02B68A1F5005107EBB0
:100AF000C30358602B680133D4E74FF0FF34EBE7B2
:100B0000A9A2010C73A2010C05F06DBB054B0020DE
:100B10001A684FF0E023013A5A61052298611A6180
:100B2000704700BF240004304FF0E02130B50E487C
:100B30000E4C8A690568236893422B444FF47A75FA
:100B40003CBF49695B180A499B1A09680360B1FBFD
:100B5000F5F19942074B04D200251968056001316F
:100B600019601868226030BDCC200430D0200430D9
:100B700024000430C820043038B570B30368190766
:100B800001D4002038BD8369154C9BB1D4F8F030F6
:100B900043F08063C4F8F030FFF7C6FF0546D4F891
:100BA000F0301A01EDD4FFF7BFFF401B0228F6D941
:100BB0000320E7E7D4F8F03023F08063C4F8F03086
:100BC000FFF7B2FF0546D4F8F0301B01D9D5FFF787
:100BD000ABFF401B0228F6D9EAE70120D2E700BFAD
:100BE000000C0254F8B50368054698014FD5314C06
:100BF000636A43F001036362FFF796FF0646636A88
:100C0000D90746D52C4CD4F8F03013F4407320D0DB
:100C1000D5F8F82093421CD0D4F8F020D4F8F03066
:100C200022F4407143F48033C4F8F030D4F8F0304B
:100C3000D20723F48033C4F8F030C4F8F01008D59C
:100C4000FFF772FF41F288370646D4F8F0309B0771
:100C500026D5D5F8F830184903F44072B2F5407F34
:100C600024D1C869154A20F47C5002EA13120243C9
:100C7000CA61114AC3F30B03D2F8F01021F440719A
:100C8000C2F8F010D2F8F0100B43C2F8F030002098
:100C900005E0FFF749FF801B0228B0D90320F8BD0B
:100CA000FFF742FF801BB842CFD9F7E7CA6922F4A9
:100CB0007C52DDE700080254000C0254CFFFFF0015
:100CC00013B5194C04F0EAFAD4F8F030174843F0A1
:100CD0001803C4F8F030FFF74FFF08B10AF0A4FB87
:100CE0001348FFF77FFF08B10AF09EFB0421D4F8F8
:100CF000F030084643F40043C4F8F030D4F8A8308C
:100D0000002243F40013C4F8A830D4F8A83003F448
:100D100000130193019B04F0DDFB042002B0BDE849
:100D2000104004F007BC00BF000C025458AE010C88
:100D300050AD010CFEE7FEE7FEE7FEE7FEE7FEE74B
:100D4000FEE7FEE7FEE7FEE7FEE7FEE7FEE7FEE77B
:100D5000FEE7FEE7FEE7FEE7FEE7FEE7FEE7FEE76B
:100D6000FEE7FEE7FEE7FEE7FEE7FEE7FEE7FEE75B
:100D7000FEE7FEE7FEE7FEE7FEE7FEE7FEE7FEE74B
:100D8000FEE7FEE7FEE7FEE7FEE7FEE7FEE7FEE73B
:100D9000FEE7FEE7FEE7FEE7FEE7FEE7FEE7FEE72B
:100DA000FEE7FEE7FEE7FEE7FEE7FEE7FEE7FEE71B
:100DB000FEE7FEE7FEE7FEE7FEE7FEE7FEE7FEE70B
:100DC000FEE7FEE7FEE7FEE7FEE7FEE7FEE7FEE7FB
:100DD000FEE7FEE7FEE7FEE7FEE7FEE7FEE7FEE7EB
:100DE000FEE7FEE7FEE7FEE7FEE7FEE7FEE7FEE7DB
:100DF000FEE7FEE7FEE7FEE7FEE7FEE7FEE7FEE7CB
:100E0000FEE7FEE7FEE7FEE7FEE7FEE7FEE7FEE7BA
:100E1000FEE7FEE7FEE7FEE7FEE7FEE7FEE7FEE7AA
:100E2000FEE7FEE7FEE7FEE7FEE7FEE7FEE7FEE79A
:100E3000FEE7FEE7FEE7FEE7FEE7FEE7FEE7FEE78A
:100E400007B52C4B83F30A8803F0C2F804F026FAA6
:100E5000294B2A49D3F8F02042F40042C3F8F0208D
:100E6000D3F8A82042F40012C3F8A820D3F8A82091
:100E700002F400120192019A0A6B8AB1D3F8F020B1
:100E800042F48032C3F8F020D3F8F02022F480320C
:100E9000C3F8F0200B6B002BFCD10122184B1A6019
:100EA000154A1849136843F480531360164B8B425C
:100EB00012D30020154B16498B4218D3FFF767FB5E
:100EC000186850F82240586840F82240013298686B
:100ED0008242F5D30C33EAE70022F8E71C6844F8B5
:100EE000220001325C68A242F8D30833E4E7002212
:100EF000F8E700BF30490430000C0254007C005475
:100F0000D4200430549F010C3C9F010C549F010CD1
:100F1000649F010C002337B50446019360B101289A
:100F200014BFFF20042001A9FFF79CF930B121462E
:100F3000104805F0EFFC17E00320F4E7019A214682
:100F4000D2E902230C4805F0E5FC019BD3E902013C
:100F500004F0EBFE05460198FFF7A0F935B12A46EB
:100F60002146064805F0D6FC03B030BD21460448B2
:100F7000DFE700BFCFA2010CFEA2010C29A3010CE8
:100F800054A3010C30B50D46044693B018B94FF088
:100F9000FF3013B030BD202300210AAAFFF780F9EB
:100FA0000028F4D1104B0A9A9A42F0D110230090F5
:100FB00022460AA90DEB030000F0BEFD0028E6D191
:100FC0000DF10A0302AA03A904A800F001FE0028FB
:100FD000DDD1BDF80830202BD9D12A46204603990F
:100FE000FFF75EF9D5E700BF3DB8F39601207047E3
:100FF00008B500F01DF9014B186808BD0800043061
:101000000120704708B5FFF785FF002008BD0000EC
:10101000002330B593B015460446019378B10128FA
:1010200014BFFF20022001A9FFF71CF948B1214697
:10103000164805F06FFC0125284613B030BD01208D
:10104000F1E7284602A9FFF79DFF28B10198FFF7B5
:1010500025F921460E48ECE701980AA9FFF792FF0F
:101060000028F3D10198FFF719F90AA9202202A854
:10107000FFF793FA2146054630B9064805F04AFCC9
:101080002046FFF747FFD7E70348D2E774A3010CD8
:10109000ABA3010CE3A3010C19A4010C2DE9F74F3C
:1010A0009146002282460C46984601921BB90320C5
:1010B00003B0BDE8F08F05F021FC2F4F054697F8EF
:1010C00000B0BBF1000F10D105F018FC064605F08A
:1010D00019FC594602463046FFF76FFA42F21603F2
:1010E0002B8004236B8001233B7005F007FC6F8885
:1010F000074405F003FC061DBE4225D3C4F30B03D1
:101100001FFA89F46E88ADF806400434A4B2264470
:1011100043EA0A30B6F5803FADF80400C7DA05F0BF
:10112000F1FBB6B2864225D8042238460DEB020107
:10113000FFF766FA4A464146381DFFF761FA6B88A9
:1011400000201C446C80B3E7042231460DEB020002
:10115000FFF756FABDF80430BAEB133F03D1C3F3DF
:101160000B039C4204D0BDF8063004331E44C3E791
:1011700002209DE701209BE7D82004300023F0B532
:10118000B5B0009305464FF6FF7305A8174600F06B
:10119000D3FC044618B14FF0FF3035B0F0BD064621
:1011A0000DF10E0303AA04A905A800F011FD002803
:1011B000F1D1BDF80E30602B0ED1BDF80C30842B70
:1011C000E9D83846049913AAFFF76AF80028E2D153
:1011D0000124BDF80C60E3E7102BE1D1BDF80C3021
:1011E000202BD8D8384604990BAAFFF759F80028C5
:1011F000D1D1002CCFD01F2ECDD9A6F1200013AC19
:1012000004900BA920222044FFF7FAF9A9012346F4
:10121000324641F03F010120FFF740FFBDE70000EB
:10122000024B1868421C1A60704700BFDC20043073
:10123000024A1368013B1360704700BFDC20043092
:10124000FFF7FEBFFFF7FCBFFFF7FABFFFF7F8BFDE
:10125000FFF7F6BFFFF7F4BFFFF7F2BFFFF7F0BFEE
:10126000FFF7EEBFFEE7000008B5034B1B688342A3
:1012700001D0FFF7E5FF08BDDC2004302DE9F8437D
:101280004FF058092C2390F8BC40054609FB04F4A4
:1012900003FB014404440E461746D4F8208000F0B6
:1012A000B3FD18B9246914F0100406D02A4B1C6849
:1012B000FFF7BEFF2046BDE8F883CEB195F8BC002D
:1012C00009FB00F000F1140140302944284400F0EB
:1012D00023FE00280CDA2146284600F095FD38B997
:1012E0001E4805F017FB0121404600F088FDDDE7B0
:1012F0003146284600F094FD80B9194B1C68194B03
:101300001B68A342D4D01849184B1948002E18BFA7
:10131000194605F0FFFA002EC8D0E4E7FFF780FF7A
:101320003146814695F8BC00FFF762FE0446484608
:10133000FFF79AFF0F4B1B689C42E0D1FFF770FF4D
:10134000324681463946284600F0BEFD04464846EE
:10135000FFF78AFFD3E700BF0C0004305CA4010C48
:1013600010000430140004304AA4010C52A4010CF3
:1013700085A4010C0800043000487047E0240430C4
:101380004379012B07D10368012B04D10079431E57
:101390005842584170470020704700002DE9F8433B
:1013A0000E46904699460024099FBC4201D3002076
:1013B0000EE03D1BB5F5806F28BF4FF480653046C9
:1013C0002B460A4A04EB0901FEF76AFF10B101201F
:1013D000BDE8F88308992B464046044A6118FEF799
:1013E000E1FF0028F3D12C44DFE700BFE020043008
:1013F0002DE9F04F95B004460E4600F00BFE002894
:1014000000F00B81864805F085FAFFF719FF2318D5
:1014100093F8BD1071BB204600F06EFC804690B979
:1014200000222046114600F021FD00283ED094F80D
:10143000BC107C4805F06EFA012294F8BC302344BD
:1014400083F8B0200CE04FF48071774805F062FA21
:10145000012294F8BC309045234483F8B020DFD1BA
:1014600094F8BC00231893F8B030023B022B98BFCD
:1014700045F001050130C0B2012884F8BC00C6D98E
:10148000002D00F02B8100232C274FF0580884F802
:10149000BC30E21892F8BD10002900F0D180013371
:1014A000DBB2012B84F8BC30F3D917E1204600F001
:1014B000EFFA002807DD012294F8BC3007F833204A
:1014C00007EBC3035860204600F090FA4FF0010884
:1014D00094F8BC20002800F09C80002353490AA8FF
:1014E000CDE90B13CDF828800D93FFF749FFB0B974
:1014F0002AB900222046114600F0B8FC9CE794F877
:10150000B030042B08BF84F8B080012AF1D094F8E1
:10151000B130042BEDD1012384F8B130E9E7104656
:1015200000F074FE831E022B824617D8FFF778FE68
:10153000414681460AAA2046FFF7A0FE804648465B
:10154000FFF792FE3A4B1B68984507D0394B186855
:10155000804514BF4FF0050A4FF0010A94F8BC30E3
:101560005FFA8AF0E21882F8B000002B3BD192F8C3
:10157000B030012B7FF474AFFFF752FE002181469B
:101580000AAA2046FFF77AFE80464846FFF76CFE1F
:101590000021204600F038FC20B9254B1B689845F7
:1015A0003FF45EAF582294F8BC3002FB0343D3F8FB
:1015B0002CA0FFF735FE012181460AAA2046FFF73D
:1015C0005DFE80464846FFF74FFE1B4B9A457FF471
:1015D00047AF174B1B6898457FF442AF94F8BC3077
:1015E000042223442CE70128C6D004283FF438AF56
:1015F00094F8B010042904BF012184F8B010012B25
:10160000B5D094F8B130042BB1D1012384F8B130B6
:10161000ADE7224482F8B08022E70546074F2BE76A
:10162000AAA4010C17A5010CD8A4010C010100010A
:10163000140004300C0004303DB8F396E02404306C
:1016400092F8B0200EA802F0FB02012A14BF01217B
:10165000002108FB03F207FB012214BF2C2100210B
:101660005B4203F05803194401232244156A2144C4
:1016700000932A46402300F05FFA58BB00230DF187
:10168000160206A90EA800F0A3FA002822DB40F0FB
:101690006E81BDF816300C2B1CD12846069907AA7E
:1016A000FEF7FEFDB0B99DF81C30012B12D8E218F0
:1016B00092F8B0205B42023A022A94BF2C2000200C
:1016C00003F058031433184408A9204400F024FC04
:1016D0000028D3DA40F20113A4F8B030002001282A
:1016E00084F8BC0024D90023A24DA34FDFF88C82DC
:1016F0000793012B84F8BC3040F2BE80079A022A7F
:101700007FF483AE002384F8BC3094F8BD30002B06
:1017100000F01F81012394F8BE1084F8BC3000292A
:1017200000F0178184F8BC20934BD3F80090C0E000
:10173000221892F8BD50002D40F09B8001230A939F
:1017400040F20113ADF82C3092F8B030CDE90C55D1
:10175000042B8DF82E508DF82F3007D8012B07D889
:101760004ED04FF0FF3382F8B03049E0052BF7E759
:101770004FF0580909FB0043414201EA09012C31AD
:10178000DA6C2144FFF744FC012839D12F4694F844
:10179000BCB07B48594605F0BDF87A4805F0BAF868
:1017A00094F8BC3009FB0343D3F820A0D3F84C8055
:1017B0009B6A0293029BBB422BD12A465946724830
:1017C00005F0A8F8002352464146204601950093B3
:1017D000FFF7E4FDA0B9582794F8BC002A4607FBA0
:1017E0000043196AFFF70EFC014648B90122204662
:1017F00000F0A8FB0546F0B10146644805F08AF800
:1018000094F8BC00231893F8B030FF2B31D1604816
:10181000F9E594F8BC30294609FB03435B6A50465E
:1018200003EBC7035A680023039200F0A1FA039A5E
:1018300001371544BEE794F8BC30014607FB03436B
:101840001A6D03465268404600F0D1FA94F8BC3055
:1018500007FB0343D3E91423013B52F8330011681B
:1018600002EBC307411A2B4640467A6800F0BFFAE4
:10187000C6E70130C0B232E7234493F8BD208DF8AB
:1018800018209DF8181001F0FF0239B1079B0133B1
:10189000079394F8BC300133DBB22AE793F8B030F9
:1018A000012B14D01146204600F0E0FA78B1D5F8AB
:1018B0000090102200210AA8FEF77FFE204600F0CB
:1018C00089FBFFF7B5FC484615B0BDE8F08FFFF780
:1018D000A7FC0022814611462046FFF7CFFC824636
:1018E0004846FFF7C1FC3B68D5F800909A45E0D127
:1018F000CA45DED0D8F800309A45DAD094F8BC302A
:10190000BBB1012B14BFFF2002200EA900F06AFC1E
:101910000028CCD19DF83830012B0CD19DF83B30FC
:10192000012B08D00021204600F024FB0028ADD078
:10193000BDE70120E9E700222046114600F002FB46
:1019400002460028EED094F8BC10124804F0E2FFE2
:10195000ADE7582202FB0342126A5B42517803F062
:101960005803317192682344B2603360DCE694F826
:10197000BC3094E510000430140004300C00043036
:1019800040A5010C72A5010C8DA5010CD4A5010C7C
:101990000DA6010C16A6010C0129F8B506460C4649
:1019A00005D9FFF745FC0E4B1C682046F8BD022206
:1019B00001210C48FEF701FE00230B4F3C4484F844
:1019C000BD30FFF72DFC314605463846FFF710FDC8
:1019D00004462846FFF748FCFFF72AFCE5E700BF6E
:1019E00010000430AD250430F02404305822F8B53E
:1019F00090F8BC3002FB0300D0F828C0BCF5807F13
:101A000003D8466DB6F5807F33D91E4804F082FFB7
:101A10000020F8BDAC4215D1476A07EBC2077F68CA
:101A200001323C44076D07EBC3077F6801333D4437
:101A30006245EFD3B342EDD3624501D1B3421ED02C
:101A40001148E3E70BD2476A022907EBC2077F6818
:101A50003C4401D10D48D9E701210132E8E7076D87
:101A6000012907EBC3077F683D44F3D0022101330E
:101A7000DEE700210B460A460D460C46D8E701205A
:101A8000C7E700BF55A6010CB5A6010C81A6010C45
:101A90005822F8B590F8BC3002FB0303002211462F
:101AA000144615461046D3F828C05F6D644505D32B
:101AB000B94203D3A84228BF28461AE0A8420CD155
:101AC0005E6A06EBC4067668013430441E6D06EB90
:101AD000C106766801313544E8E70ED25E6A022A13
:101AE00006EBC4067668304404D1094804F012FFBE
:101AF0000020F8BD01220134D8E71E6D012A06EB53
:101B0000C10676683544F0D002220131CEE700BF2D
:101B100081A6010C10B5582490F8BC3063432C24E6
:101B200004FB0133184400212023006AFEF7B8FBB0
:101B3000003818BF012010BD2DE9F7430E461746A7
:101B40009946044628B94FF0FF38404603B0BDE837
:101B5000F0830029F7D0002AF5D0CB680D893846EC
:101B60001D44042329460DEB0302FEF799FB804632
:101B70000028E8D146F60812BDF804107389914296
:101B800023D1BDF806109942DDD1042338460DEB70
:101B900003022944FEF784FB0028D4D146F607133C
:101BA000BDF804209A42CED19DF82830C4E90067E0
:101BB000A4F80890A3727389BDF806202B44E36053
:101BC0000435134463612561BFE7002BE6D0BAE713
:101BD0002DE9F7430F4690461E46044620B94FF0C4
:101BE000FF3003B0BDE8F0830368002BF7D04368F3
:101BF000002BF4D04FF6FF79D4E90413994215D2A3
:101C000023685B8923B1E3688B4204BF04312161FF
:101C1000042360680DEB0302FEF742FB0028DED1CF
:101C2000A37A256923B1E368AB4201D80120D8E744
:101C30002189BDF80620494502F1040303D0BDF80F
:101C400004C08C450BD116B1BDF8041031800435A9
:101C50003D60A8F8002022691A442261C1E72B44A4
:101C60002361C9E738B50023934201D1064B04E054
:101C7000C55CCC5CA54205D0044B1C68FFF7D8FAC4
:101C8000204638BD0133EFE7140004301000043063
:101C9000084600F007BA37B54FF480730546019344
:101CA00095F8BC300846BBB1012B11D1022901D0F7
:101CB000042214E058225343EA18526A28331D4480
:101CC00001A9FEF7DBFE08B9019B2B6003B030BD14
:101CD000FF29EFD00120F9E70129EBD0032282424E
:101CE000F8D1582202FB03525C4204F058045434E9
:101CF000126D2544E4E7000058221C4B70B5002902
:101D000018BF0B4690F8BC50044602FB050203EBDB
:101D1000C52101F5805351621365FDB1012D14BF3A
:101D2000FF2102212046FFF7B6FFD8B9C5B1012D2A
:101D300014BFFF2104212046FFF7ADFF054698B9E7
:101D4000582394F8BC6003FB0643186AFEF719FC9D
:101D500004EB8604C4F8B400284670BD0121E1E715
:101D60000321E8E70125F7E70925F5E7B025043069
:101D70002DE9F3411E46C368054699420C461746B5
:101D800030D25B1A93422DD3EEB16A46FEF75FFE66
:101D9000002829DB013FDDF800803C446A462146EB
:101DA0002846FEF754FE00281EDBDDE900472846E2
:101DB0003A462146FEF7C4FB002815DB6EB14445C8
:101DC00012D9013CEAE7511E21446A46FEF73FFE64
:101DD000002809DBDDF80080E0E73C44444503D8F7
:101DE0000134DBE74FF0FF3002B0BDE8F08110B402
:101DF00012B110BCFFF7BCBF104610BC70470023E7
:101E0000C2681946FFF7F3BF582290F8BC3053431D
:101E10002C2202FB0133C1180422086A00F056B9D3
:101E2000582290F8BC3053432C2202FB01310E4B58
:101E300042184158994206D1D16813895B1802D2E1
:101E40005189C91801D300207047136ADB68994291
:101E5000F9D2106920F4F97020F001000005000D9E
:101E6000B0FA80F0400970473DB8F3962DE9F84389
:101E700004460E46174600254FF0580894F8BC005B
:101E8000C5F1000909F02C0908FB009229462244FB
:101E9000FFF7ACF8012809D194F8BC30294608FBBB
:101EA000039220463B462244FFF734FE28B115B189
:101EB000002E08BF0020BDE8F8836B1C022B4FF0FA
:101EC0000105F8D0DAE700005823F0B590F8BC40DF
:101ED00085B05C432C2303FB024404440546276A77
:101EE000FFF79EF90023CDE9023301934FF480738D
:101EF000214606463A4600932846064B00F002FA71
:101F000004463046FFF7B0F9FFF792F9204605B0D6
:101F1000F0BD00BFB045043002780B789A420FD86C
:101F20000BD342784B789A420AD806D342884B8822
:101F30009A4205D860EB000070474FF0FF307047C1
:101F40000120704737B558250B46114690F8BC2044
:101F500004466A432C2505FB03220244126A01ABA6
:101F600000F06CFB20B9019994F8BC00FEF7A4FBCB
:101F700003B030BD2DE9F0412C264FF0580804463F
:101F80004E4390F8BC000F4608FB006121440A6AEA
:101F9000FFF7F4F8054628B10C4804F0BBFC2846CE
:101FA000BDE8F08194F8BC3008FB03663444256A30
:101FB000FFF7E2F9294603463A462046FEF78AFB38
:101FC00005460028EBD00248E7E700BFE0A6010C79
:101FD0000AA7010C38B5044600235825012B84F8C4
:101FE000BC3000D938BDE21892F8BD206AB905FBB3
:101FF0000343D86C08B1FEF751F994F8BC3005FBE7
:102000000343186A08B1FEF749F994F8BC3001336C
:10201000DBB2E3E72DE9F743064600244FF0580909
:10202000012C86F8BC4001D900252DE0331993F826
:10203000BD80B8F1000F2DD141462046FEF7E7FCE8
:1020400096F8BC10074609FB0161C0B22031FEF7CB
:1020500009F90546E0B901212046FEF7D8FC96F8BB
:10206000BC10074609FB0161C0B24C31FEF7FAF81B
:10207000054678B101230A4822463946009504F006
:1020800049FC3046FFF7A6FF284603B0BDE8F083C1
:102090004346F0E796F8BC400134E4B2C0E700BF25
:1020A00036A7010CC068203820F00F002038704798
:1020B000042809D0052803D1481E18BF0120704705
:1020C000431A5842584170470120704738B51546A9
:1020D0000C4661B15AB1FEF7B4FC2146254411F813
:1020E000013B834203D1A942F9D1012038BD002030
:1020F000FCE738B50C460123114622460546FEF79B
:10210000CFF800280FDB012221462846FFF7DEFF2B
:1021100018B103230020237038BD2378012B14BF8E
:1021200002230123F6E70120F6E7C268203A22F0F5
:102130000F02FFF7DEBF000030B50D46C16887B063
:10214000102302AA10390446FEF7AAF8002802DA82
:10215000012007B030BD1022204602A9FFF7B6FFCC
:1021600000283AD110221E4902A8FEF716FA0028CC
:102170000CBF012302232B702046FFF793FF01239E
:1021800001460DF107022046FEF78AF80028DFDB42
:102190009DF80730204603F00F021B096A702B716F
:1021A00001220DF10701FFF791FF10B96B78042BA5
:1021B00003D901236B7000232B71E2682046203A7B
:1021C00022F00F02103AA91CFFF793FF0028BFD19D
:1021D0002046E91CFFF7A9FFBBE70323CBE700BFBD
:1021E000C6AE010C13B50C46C0B201A9FEF73AF811
:1021F00050B921460198FFF79FFF04460198FEF76A
:102200004DF8204602B010BD0124FAE7F0B585B0C4
:1022100069460446FEF7F4FE012807D11CB1012CE3
:1022200014BFFF2002206946FFF7DCFF10B1FF203A
:1022300005B0F0BD002C41D0012C14BFFF200420BC
:1022400002A9FFF7CFFF012808D12146264804F054
:1022500061FB264B029300238DF80C3000229DF881
:1022600000609DF80870224D31462878FFF720FF66
:1022700050B339466878FFF71BFF28B3AB78042BBF
:1022800003D09DF8031099421ED1EB78042B03D0A4
:102290009DF80B10994217D12B79042B10D16B7933
:1022A000023BDBB2022B1AD9124A1348214604F032
:1022B00031FB6879831E022BBAD9B8E70320BFE748
:1022C0009DF802109942EAD00132032A05F1060571
:1022D000CAD10A48214604F01DFB0120A8E7084A9C
:1022E00052F82320E1E700BF82A7010C030103039A
:1022F000B4AE010C70A7010CC9A7010CEAA7010C30
:10230000A8AE010C2DE9F04FDFB00E46154604468D
:102310006B9F18B390F8BC2005926FF0004100222B
:10232000DFF8C091CDE908126A9AD9F800800392CB
:10233000699A0DF1400A0292689A3146009220464D
:102340002A46CDF804A000F029F948B1D9F8006078
:10235000FEF76EFF30465FB0BDE8F08F0590DCE71A
:1023600027B1202251463846FEF74AF900230AAF2A
:1023700000932A464FF6FF7331463846FFF7DCFBE1
:1023800082460028E2D1294620460F9EFFF780FCB6
:10239000B042DBD346464FF0FF3401E04FF0010A74
:1023A00006AF0DF11C0B3A4659460DF11A030AA867
:1023B000FFF70EFC0028C9DB40F08A80BDF81A3018
:1023C000222B62D024D8022B4BD0102BE8D1B7F8A7
:1023D00000A0BAF1200FB9D153462846DBF800100F
:1023E00018AAFDF75DFF0028B0D1FEF719FF52468D
:1023F000074618A910A8FFF735FC82463846FEF7B5
:1024000033FF394B1B685345C8D09FE79846C7E751
:10241000502BC5D13B88042B98D12846DBF80010FF
:1024200009AAFDF73DFF002890D1FEF7F9FE08A9A3
:1024300007460598FEF71AF983463846FEF714FF5B
:10244000294BD3F80080D84580D1DDE908218A42A4
:10245000A6D9D9F800309845D8D0244804F05AFAC3
:1024600074E73B88982B3FF671AF2846DBF80010E5
:1024700038AAFDF715FF00287FF468AF3A88059861
:1024800038A900F037F804468AE7002C83DB184BA4
:102490001B68A3427FF77FAF3B88802B3FF656AF88
:1024A0002846DBF8001018AAFDF7FAFE00287FF492
:1024B0004DAFFEF7B5FE0094834620213B8818AA55
:1024C00010A800F0F1F806465846FEF7CDFE62E788
:1024D000BAF1010F7FF43AAF034B1B6843457FF419
:1024E00035AF35E710000430140004301EA8010C8D
:1024F0004CAD010C2DE9F0414FF020080E46154679
:10250000C2B004467022002126A8CDF80480FEF750
:1025100054F8702226A90AA8FEF772F81B490AA8E7
:1025200000F074F92A4631460AA800F08AF900231F
:10253000424602A926930AA826AB00F09EF901AFF5
:102540000AA800F049F920463A4626A9FEF7DCFA27
:10255000044628B14FF0FF34204642B0BDE8F08178
:10256000FEF75EFE3A68804626A902A8FFF77AFBCE
:1025700007464046FEF778FE054B1B68BB42E9D193
:10258000044B1E60044B1D60E6E700BF090000021B
:102590001400043000000430C42004302DE9F0475A
:1025A00092467022B8B00DEB02000C46DDE94257AE
:1025B00000219946409EFEF700F8702268460DEB18
:1025C0000201FEF71DF868461B4900F01FF935B1FE
:1025D000002F04DD3A462946684600F032F900250E
:1025E00063892289D4F80C8013449844454508D364
:1025F00000242022684641991CAB1C9400F03DF950
:102600000CE0A8EB0507B74228BF37464A463B46D1
:1026100029465046FDF744FE044630B1684600F0B6
:10262000DBF8204638B0BDE8F0873A4649466846B0
:1026300000F007F93D44D9E70900000270B51446DF
:102640001D468AB058B390F8BC3042B33DB358260B
:1026500073432C2606FB013101444B8913B9032037
:102660000AB070BD012304A800935023FFF764FA59
:102670000028F5D103460DF10A0203A904A8FFF7CB
:10268000A7FA70B9BDF80A30042BE8D12A462046D3
:102690000399FDF705FE003818BF0120E0E7072089
:1026A000DEE74FF0FF30DBE72DE9F04789460021F8
:1026B0009EB0414B1646269ADFF800A153F83240EF
:1026C00006AF182280463846CDE903110591DAF8A5
:1026D0000050FDF772FF09223949201DFDF75DFF0B
:1026E000002854D10A22374904F10D00FDF755FFA7
:1026F00000284CD120224FF42050334BCDE9042345
:10270000E3780733E118314B11F8022CCDE90803C7
:1027100044F212133846ADF81830013A03AB00F01A
:10272000CFF80146002832D160223846FDF745FF38
:10273000F578049C0436AC4233D82B1B1E44224649
:1027400031463846FDF75CFF05F0FE0573195A78EF
:10275000023594429ABF131B2246C2EB440406EB97
:1027600005019ABFC918B8183819FDF749FF049B2D
:102770009DF814105B00CDE9007342464B46039868
:1027800041F0062100F0EEF890B9114B1D68039856
:1027900008B100F0C3F8FEF74BFD28461EB0BDE8B7
:1027A000F087601B2A4631463844FDF729FFCDE704
:1027B000DAF80050EBE700BF0000043010000430EE
:1027C000E0AE010CD6AE010C0900000209060006BD
:1027D000140004300020704770B50546FEF720FD58
:1027E0002C68064634B9FEF723FD3046FEF73CFD63
:1027F000204670BD012C06D1281D00F089FA044640
:1028000000232B60EFE76FF08804F9E7F8B5054681
:102810000C46FEF705FD2F1D6C22002106463846AA
:10282000FDF7CBFE2146384600F084FA044608B98D
:1028300001232B60FEF7FCFC3046FEF715FD204619
:10284000F8BDF8B505460F461446FEF7E9FC064606
:1028500034B9FEF7EDFC3046FEF706FD2046F8BD24
:102860002B68012B06D122463946281D00F08EFA2E
:102870000446EEE76FF08804EBE72DE9F0410446EB
:102880000F4690461D46FEF7CBFC00232B602368C5
:102890000646012B11D12B4642463946201D00F039
:1028A00087FA05462046FFF797FFFEF7C1FC304642
:1028B000FEF7DAFC2846BDE8F0816FF08805F1E705
:1028C00070B51E46038803F44F44B4F5824F17D108
:1028D000551E6D08ED00104CC4E900120146182287
:1028E00004F10800FDF78CFE0123226A65810132A4
:1028F00042F0004222620020326084F8243070BD31
:1029000003F4E043B3F5805F02D0B3F5005F01D17B
:10291000D500E0E70025DEE7B0460430F0B500283A
:1029200087B004DB442200210C48FDF746FE002658
:102930006C460B4F31461822684607F10805C7E977
:102940000066FDF73AFE0FCC0FC594E8030085E85A
:102950000300304687F8246007B0F0BDD846043045
:10296000B046043030B5002885B02ADA1648C4686D
:10297000240A26D1048904F44F45B5F5824F1CD1B1
:1029800021F4FF7525F00105B5F1062F19D1E4B248
:10299000122C12D14489B4F5807F0ED1099C00928B
:1029A0000394089CCDE901340B46426850F8081B9B
:1029B00000F0A4FE10F1860F01D16FF0850005B084
:1029C00030BD6FF08600FAE7B0460430704700284B
:1029D00018BF6FF08300704710B514461846FDF716
:1029E0000FFE039B00201C6010BD000010B50A46BE
:1029F000044619B1024B00211B68984710BD00BF67
:102A0000ECAE010C01680E4A0346914215D1C16932
:102A1000A2F11022A2F1EF1291420ED18268012A96
:102A20000BD8C26812B101698A4206D0586928B130
:102A30009B691B1A5842584170470120704700BFDC
:102A400055AA00FF0E4B70B59E68B6B13046FFF731
:102A5000D9FF044618B9F3687BB935690DB920462A
:102A600070BD2846FFF7CEFF28B9EB68B34204D10A
:102A70002E462D69F2E70446F1E70124EFE700BF97
:102A80001C4704302DE9F843404E3468D4B1B46893
:102A9000C4B1002877D0002975D001FB00F5B5FB43
:102AA000F0F088426FD1281D6DD8A9070DD025F010
:102AB00003070437F46803E06368BB4207D2A469E4
:102AC000002CF9D12046BDE8F8832F46F2E7A36831
:102AD0001BB12F4B01201B689847D4E90520616882
:102AE00004F12008C91B23291CD80123A360BAB113
:102AF0009061A36903B15A610023C4E905333369C6
:102B0000DA0706D5FFF79EFF18B10120204B1B689E
:102B100098472A46002140464446FDF74EFDD1E73E
:102B2000F060E6E707F1200C04EB0C032039596054
:102B30000021DFF860E0C3E902142169196144F85B
:102B40000CE0DFF854C0C3F81CC001B1CB60C3E98E
:102B50000520B2B193619A6902B1536123610023E8
:102B60004FF00109C4E905333369C4E90179DB0792
:102B7000CFD5FFF767FF0028CBD0054B48461B6831
:102B8000C6E7F360E7E700249CE700BF1C4704307A
:102B90001800043055AA00FF669911EE2DE9F041A6
:102BA000054600287CD03F4F3B68002B78D0BA68A0
:102BB000002A75D0834203D87A681344984203D31D
:102BC000394B01201B689847A5F120042046FFF7E8
:102BD00019FF18B1344B01201B68984755F8183C71
:102BE000012B03D0304B01201B689847002355F878
:102BF000146C45F8183CAEB1B26892B955F81C3C5B
:102C000003F1200273681344736055F8103C33617C
:102C100003B1DE60204620220021FDF7CEFC2346D2
:102C200034461E462069002832D08368002B2FD1FD
:102C3000636842682033134463600369D4E9052163
:102C40002361DAB901BB426981696261A161EAB1BC
:102C50009461A26902B1546103B1DC6020220021B9
:102C6000FDF7ABFC3B699B071AD5FFF7EBFEB8B14C
:102C7000BDE8F0410C4B01201B6818479161A16928
:102C80000029E0D04A61DEE7F960F8E7FC60E0E7A0
:102C9000002EE7D1FB68A36103B15C61FC60E1E752
:102CA000BDE8F0811C4704301800043038B50D46EB
:102CB0001422002104461248FDF77FFC11491248F6
:102CC00001F07CF9232D1AD914F003031FBF043D32
:102CD000ED18C3F10403E4182A4600212046FDF74D
:102CE0006CFC074B094AC3E900459C602260A2F1D5
:102CF0001022203DA2F1EF126560E261DC6038BD78
:102D00001C4704309D2B010C852A010C55AA00FF9D
:102D1000036810B504462BB1054A934205D104302F
:102D200000F0DEFB0020206010BD6FF08800FBE7A4
:102D300009000002F8B5076805460C4607BB124BB0
:102D4000994213D1061D304600F0C6FB3046394685
:102D500000F0CCFB064628B92C603046BDE8F840B0
:102D6000FFF735BE2846FFF7D3FFF6E701F0FE4434
:102D7000B4F1007F14BF6FF086006FF08500F8BDDE
:102D80006FF08800FBE700BF0900000210B5074B99
:102D900004689C4206D1043000F0D6FBBDE8104028
:102DA000FFF715BE6FF0880010BD00BF09000002DC
:102DB0002DE9F0411F460478064644F0007404F102
:102DC0007E44033C102C98BF104B884615468CBFA0
:102DD00000241C5D3A601AB121214046FDF7EDFB4D
:102DE000AC420DD832680A4B9A420CD14146301D94
:102DF00000F0EAFBFFF7EBFD00B93C60BDE8F081B5
:102E00006FF08900FAE76FF08800F7E7F0AE010C89
:102E1000090000022DE9F04F0D46D5B000F1440342
:102E200004934BAB059300F164030693DDE9043290
:102E300053F8041F42F8041F06999942F8D1002460
:102E40000BAE09AF291904223846FDF7D9FB3B68C0
:102E500004341BBA402C46F8043FF3D197490DF1D6
:102E6000280A5546DDE951EBDDE94C76DDE94E32C5
:102E70008C46DDF84C81DDF840910191A868DCF8C2
:102E800000104FEAF92484EAB91401448BEA0E00D9
:102E900084EA796400EA090080EA0B0021440144D5
:102EA00041444FEA773888EAB70888EAB7580A44B5
:102EB000884447EA060107EA0600194001438844AE
:102EC000E868DCF804104FEA7834014489EA0E001F
:102ED000104080EA0E00594401444FEAF22080EA93
:102EE000B21080EA726084EAB804014484EAB854FB
:102EF0000B440C4448EA070108EA0700314001434B
:102F00000C442869DCF808102035014482EA0900E5
:102F1000184080EA0900714401444FEAF32080EA36
:102F2000B31080EA736001444FEA743080EAB40061
:102F300080EAB45001EB060E084448EA040108EAAE
:102F4000040639403143084455F80C6CDCF80C1089
:102F50000CF1200C0E444E4482EA030909EA0E09E2
:102F60004FEAFE2189EA020981EABE1181EA7E6107
:102F70004E440E444FEA703181EAB00181EAB0510B
:102F800006EB0709314444EA000604EA000706EAB2
:102F900008063E43314455F8087C5CF8106C3E440A
:102FA000164483EA0E0202EA09025A4016444FEA26
:102FB000F92282EAB91282EA796216444FEA713242
:102FC00082EAB10282EAB152B044324440EA0106D8
:102FD00000EA010726403E43324455F8047C5CF881
:102FE0000C6C3E441E448EEA090303EA080383EA9C
:102FF0000E031E444FEAF82383EAB81383EA78638A
:103000001E444FEA723383EAB20304EB060B83EAF1
:10301000B25341EA02043344044001EA0206344355
:1030200023442E685CF8084C344489EA080606EA12
:103030000B0686EA0906744434444FEAFB2686EA06
:10304000BB1686EA7B66344400EB040E4FEA73300D
:1030500080EAB30080EAB350204442EA03040C4003
:1030600002EA0306344306196C685CF8040C204439
:1030700088EA0B0404EA0E04484484EA0804204465
:103080004FEAFE2484EABE1484EA7E64204401EB05
:1030900000094FEA763181EAB60181EAB65101446E
:1030A00043EA0600104003EA060420430F181AA959
:1030B000A9427FF4E3AE3AA9079101E004AF010C05
:1030C000DAF84010DAF80C404FEAF14585EA71452C
:1030D000DAF8080085EA9125DAF82C100AF1200ABE
:1030E00001444FEAB44080EAF41080EAD400294455
:1030F000014403918BEA0E004FEAF92181EAB911EC
:1031000000EA090081EA796180EA0B00084401992C
:1031100007EA0605096C0844039908444044024440
:103120000292CAF8281047EA06024FEA773181EA8C
:10313000B7011A402A4381EAB7511144DAF8242032
:1031400001444FEAF24585EA72455AF8100C85EAC7
:103150009225DAF81020DDF808C014444FEAB04296
:1031600082EAF01282EAD0022C441444029A89EADC
:103170000E051540019A85EA0E05526CCAF82C40DE
:103180005A4422441544029A4FEAF22282EABC12BF
:1031900082EA7C622A4403EB020B47EA01054FEA0C
:1031A000713307EA010C83EAB103354045EA0C05A7
:1031B00083EAB1532B441344039A5AF80CCC4FEAD8
:1031C000F24585EA724585EA9225DAF8142000EB8B
:1031D00002084FEABC4282EAFC1282EADC02A844FE
:1031E0009044029A4FEA733589EA0200019A00EA94
:1031F0000B00926C80EA09007244424410444FEA8A
:10320000FB2282EABB1282EA7B62024441EA0300AB
:1032100006EB020E85EAB30501EA030638403043A7
:1032200085EAB355054415445AF8086CDAF81820B5
:103230004FEAF44080EA744080EA94200CEB0204E8
:103240004FEAB64282EAF61282EAD60204441444F5
:10325000029A03EA050C82EA0B0000EA0E005040D5
:10326000019ACAF83080D26CCAF834404A442244E9
:1032700010444FEAFE2282EABE1282EA7E620244D3
:1032800007EB02094FEA753043EA050780EAB5000B
:103290000F4047EA0C0780EAB550384410445AF80A
:1032A000047CDAF81C204FEAF84C8CEA784C16447F
:1032B0004FEAB7428CEA982C82EAF71282EAD702E8
:1032C00066441644019ADDF808C0126DCAF83860E9
:1032D000324462448BEA0E0C0CEA090C8CEA0B0CAB
:1032E00062444FEAF92C8CEAB91C8CEA796C94445C
:1032F0004FEA703282EAB00201EB0C0882EAB05267
:1033000045EA00010292194005EA00021143029ABF
:103310000A444FEAF44181EA744181EA9421DAF8DF
:1033200020406244DAF800C03C440C444FEABC41FF
:1033300081EAFC1181EADC010C4401998EEA09075B
:10334000496D07EA08072144594487EA0E070F44EC
:103350004FEAF82181EAB81181EA7861394403EB38
:10336000010B4FEA723383EAB20383EAB25340EAB5
:10337000020702932F4000EA02031F43029BCAF890
:103380003C403B440B444FEAF64181EA764181EAF6
:103390009621DAF82460DAF80470664431444FEA82
:1033A000B74686EAF71686EAD706314402910199B4
:1033B000DDF808C0896D89EA0806614406EA0B0653
:1033C000714486EA09060E444FEAFB2181EABB11EB
:1033D00081EA7B61314405EB010E42EA03064FEAC4
:1033E0007335CAF840C0064002EA030C85EAB3050B
:1033F00046EA0C0685EAB35535446E18DAF808102B
:10340000039D4FEAF44C3D444FEAB14787EAF11778
:1034100087EAD1078CEA744C01998CEA942C6544B4
:10342000C96D3D4488EA0B0707EA0E072944494461
:1034300087EA08070F444FEAFE2181EABE1181EABC
:103440007E61394443EA060703EA0609174047EA62
:10345000090700EB010901984FEA763C20308CEA1D
:10346000B60C019007988CEAB65CCAF84450BC448C
:10347000504501EB0C077FF423AE0AA8C0F81031C9
:10348000C0E9001C029BC0F82481C0F80031C0F8DC
:103490001421C0F8FC40C0F820B1C0F81CE1C0F80D
:1034A0000C61C0F80451C0F81891C0F80871049A72
:1034B000059952F8043F049251F8042F1344049ADA
:1034C00005911360069B9342F1D14FF49471FFF77D
:1034D0008DFA55B0BDE8F08F68220021FDF76DB878
:1034E00010B16821FFF782BA704700000346084612
:1034F000C1B9C3E910110D4A0D49DFF838C0C3E95D
:1035000012120D4A0D49C3E914C20D4AC3E916123D
:103510000C4A1A6602F17452A2F52302A2F69242F4
:103520005A6670476FF08600704700BF85AE67BB74
:1035300067E6096A72F36E3C3AF54FA57F520E5169
:103540008C68059BABD9831F2DE9F04105460E46DB
:10355000144612B3036C03F03F079B18036422BFA9
:10356000436C013343647FB1C7F1400842450FD338
:1035700042463844FDF744F829462846FFF74AFCFE
:1035800027444644A7F140043F2C09D82CB100271A
:1035900022463146E819FDF733F80020BDE8F081F6
:1035A000374606EB0408394628464037FFF732FC19
:1035B000A8EB07033F2BF6D8A4F1400323F03F0309
:1035C00040331E44E41ADFE773B50D468021036CD7
:1035D000044603F03F035A1C382AC154104474D8DF
:1035E0000021C2F13802FCF7E8FFD4E91062730F42
:1035F00043EAC20304221BBA0DEB020104F13800B6
:103600000193FCF7FDFF0422F6000DEB020136BA30
:1036100004F13C000196FCF7F3FF21462046FFF73A
:10362000F9FB0422A36C0DEB02011BBA284601939F
:10363000FCF7E6FF0422E36C0DEB02011BBAA818AD
:103640000193FCF7DDFF0422236D0DEB02011BBA91
:1036500005F108000193FCF7D3FF0422636D0DEB25
:1036600002011BBA05F10C000193FCF7C9FF04220B
:10367000A36D0DEB02011BBA05F110000193FCF7DD
:10368000BFFF0422E36D0DEB02011BBA05F114002C
:103690000193FCF7B5FF0422236E0DEB02011BBA68
:1036A00005F118000193FCF7ABFF0422636E0DEBEC
:1036B00002011BBA05F11C000193FCF7A1FF204693
:1036C000FFF70EFF002002B070BDC2F140020021E2
:1036D000FCF773FF21462046FFF79CFB38220021B0
:1036E000204680E7043004289ABF034B33F91000CA
:1036F0006FF08300704700BF04B0010C4123F0B5A8
:1037000095B00DF1080CCDE9003CDDE91A56DDE974
:103710001C47029303ABFFF75FF998B99DF80C3093
:10372000042B0DD1402F0FD133462A4620460DF1F0
:103730000D0100F08DFB15B0BDE8F040FFF7D2BFE2
:103740006FF0860015B0F0BD6FF09400FAE700222C
:10375000016000F11C0340F8042F9842FBD1704730
:10376000F0B5002405462646204652F8247051F84C
:103770002430DB1946EB06071B1845F8243004F10A
:10378000010447F10000082CEFD1F0BD002370B513
:103790000646184652F8235051F82340641B65EB47
:1037A0000505241A46F8234003F1010365F10005DD
:1037B000082BC5F10000EDD170BD70B5043956423B
:1037C000041F013A1C3054F8043F51F8045F1340C1
:1037D00035402B4384422360F5D170BD002330B5C2
:1037E0000446184654F8232051F8235001336A4008
:1037F000082B40EA0200F5D130BD021F00F11C0386
:10380000002052F8041F9A4240EA0100F9D17047A3
:103810002DE9F047002506468946AA46171FA0F164
:10382000040C02F11C0857F8043F5CF804EF4C4606
:10383000200C1A0CA4B29BB21100414362435C43BA
:10384000434318041B0C24184B411004120C241879
:10385000534170460022241853416419534147458F
:103860001D46CCF80040DED1336A5A195B1932622A
:103870004AEB0A00BDE8F08710B50438A1F1200238
:103880004B7F0C7F1B0443EA0463CC7F0439234342
:1038900091F822408A4243EA042340F8043FEFD1E2
:1038A00010BD70B588B01E460446FFF759FF32467A
:1038B000054621466846FFF769FFC0F101026946E7
:1038C00020462A43FFF779FF08B070BD2DE9F04F7D
:1038D0009846D3F840A00023074618468BB091467F
:1038E00001AA0133092B42F8040BFAD1A1F1040B10
:1038F00001F11C06D9F800305BF8041F019D4A460F
:1039000001A803FB0155FFF783FF0AFB05F50446F9
:103910004246294601A8FFF77BFF0823044401AA79
:103920005168013B42F8041BFAD1B3450994E1D137
:10393000424601A93846FFF729FFC0F101022243A0
:103940003846C2F10102FFF738FF0BB0BDE8F08F37
:10395000014BFFF7BBBF00BFB4B0010C0B4601F138
:1039600020020146FFF7B2BF30B504460D4689B0CC
:1039700068460121FFF7EBFE2B466A4621462046AA
:10398000FFF7A4FF09B030BD38B504461546FFF770
:10399000DEFE29462046BDE83840FFF7DFBF2DE9AF
:1039A000F04314460646274689B001226846FFF7D1
:1039B00004FF224601213046FFF7E6FF256804F1A7
:1039C0001C09023D4FF02008EB0705D523466A4647
:1039D00031463046FFF77AFF23466A466946684615
:1039E000FFF774FFB8F101084FEA5505ECD14F45D8
:1039F00002D057F8045FE5E709B0BDE8F0830000A6
:103A000070B5144606460D4688B0214620460C4A3D
:103A1000FFF7C5FF224621466846FFF799FF6A4631
:103A200031463046FFF794FF224669466846FFF765
:103A30008FFF6A4629462846FFF78AFF08B070BD07
:103A4000B4B0010C30B5044689B0FFF715FF0C4A3D
:103A500021466846FFF79AFE054601216846FFF7B2
:103A600076FE6A4621466846FFF790FE2DB1003883
:103A700018BF0120404209B030BD4FF0FF30FAE7D7
:103A800070B0010C10B588B004460146054A68467E
:103A9000FFF77CFE6946C0F101022046FFF78DFE6C
:103AA00008B010BD70B0010C70B51F2A04460B465B
:103AB00088B00FD800206D466946064601302028A0
:103AC00005F8016BFAD1C2F11F0008441A44934271
:103AD0000CD12046FFF7D0FE2046FFF7D3FF20464B
:103AE000054908B0BDE87040FFF738BF13F8015B27
:103AF00000F8015FEBE700BF70B0010C30B589B092
:103B00000446FFF743FE054621466846044AFFF790
:103B100027FE2A4669462046FFF74FFE09B030BD12
:103B2000B4B0010CF0B516461F4604460D4699B0D8
:103B300011466846FFF70CFF3246694608A8FFF7B2
:103B400007FF3A4669466846FFF702FF08A908469C
:103B50001E9AFFF7FDFE224669466846FFF7CEFF34
:103B600008A92A460846FFF7C9FF6A46314630468B
:103B7000FFF7EEFE6A46694610A8FFF7E9FE6A46BF
:103B8000684610A9FFF7E4FE10A922460846FFF791
:103B9000DFFE08AA11462046FFF7DAFE214620463E
:103BA00010AAFFF7ABFF2146204610AAFFF7A6FF99
:103BB0006A4621462046FFF7A1FF10A92246084683
:103BC000FFF79CFF10A9084608AAFFF7C1FE2A4686
:103BD00069466846FFF7BCFE6A46284610A9FFF70B
:103BE0008DFF19B0F0BD000070B5044690B00D46D1
:103BF00011461646FFF740FE2146234A08A8FFF764
:103C0000C5FD012803D04FF0FF3010B070BD114644
:103C10002046FFF7A3FE284606F12001FFF72CFE01
:103C20002946194A08A8FFF7B1FD0128EBD1114632
:103C30002846FFF793FE2A4629466846FFF788FE86
:103C40002246214608A8FFF783FE08A92246084617
:103C5000FFF77EFE08A922460846FFF74FFF08A996
:103C600022460846FFF74AFF08A922460846FFF702
:103C700045FF08A90846044B044AFFF712FE6846B0
:103C800008A9FFF7ABFDC0E7B4B0010C50B0010CC0
:103C900070B504460D46164698B0114608A8FFF7C1
:103CA00057FE344B2146684608AAFFF7FAFD214625
:103CB00008AA10A8FFF722FF694610AA08A8FFF774
:103CC00047FE08AA114668462A4BFFF7EAFD6946F7
:103CD0006846284B08AAFFF7E4FD2A46294610A8A3
:103CE000FFF736FE10AA11461046224BFFF7D9FD0A
:103CF000214610AA08A8FFF72BFE08AA1146104675
:103D00001C4BFFF7CEFD10AA11461046FFF720FE10
:103D100010AA184B11461046FFF7C3FD6A466946C4
:103D20002046FFF715FE2146204608AAFFF7E6FECB
:103D30002146204608AAFFF7E1FE324629463046D2
:103D4000FFF706FE0B4B324631463046FFF7A9FD22
:103D50002246284608A9FFF7D1FE6A46294628468A
:103D6000FFF7F6FD2946284610AAFFF7C7FE18B050
:103D700070BD00BFB4B0010C2DE9F04F9946054667
:103D800092460C46A3B02C9E2F49324602A8FFF75C
:103D9000FDFCD6F800B031460BF0010202A80DF18F
:103DA0004808FFF70AFD00214046FFF7D0FC4A46CD
:103DB00041460AA8FFF7A2FE012251462846FFF716
:103DC000FCFC012249462046FFF7F7FC01211F4A6F
:103DD0001AA8FFF7D9FD6FEA0B02204602F0010294
:103DE0000AA9FFF7EAFCFF277B0922AA02EB83035B
:103DF00053F8806C07F01F02D64086EA0B06F243A8
:103E00004946404602F00102FFF7D7FC404606F063
:103E100001020AA9FFF7D1FC214628461AAAFFF79A
:103E200037FF534621462846CDF800801AAAFFF7EF
:103E300079FE013FD8D1214628461AAAFFF7E0FDB6
:103E400023B0BDE8F08F00BF70B0010CB4B0010C1E
:103E50002DE9F041C2B004460F46014602A81546BE
:103E60009846FFF7EFFD28B16FF00307384642B0E0
:103E7000BDE8F0810AAE304604F12001FFF7E2FD13
:103E80000028F1D14246294612A8FFF70DFE304620
:103E90004649FFF763FD1AAC31463046434AFFF707
:103EA0007EFD424B3246204612A9FFF70FFD22ADA0
:103EB00020463E49FFF758FD0122284602A9FFF798
:103EC0007CFC28463949FFF749FD3246374B2946E5
:103ED0002846FFF7FBFC28463449FFF745FD3A46E4
:103EE00032A92AA8FFF780FE074600285BD112A856
:103EF0003146009532AB2AAAFFF73EFF2046FFF776
:103F00007CFC90B90122204612A9FFF756FC2849F3
:103F10002046FFF729FD2046FFF7B4FD204602A901
:103F2000FFF75CFC0028A1D09EE7224B224A32A971
:103F30002AA80094FFF720FF012220462AA9FFF7B4
:103F40003CFC0122284632A9FFF737FC01213AA8A0
:103F5000174AFFF719FD12A92AA8FFF73FFC60B125
:103F60000B462046294600963AAAFFF7DBFD294674
:103F700020463AAAFFF744FDC9E7314632A8FFF7C9
:103F80002DFC28B9294620463AAAFFF781FEEEE724
:103F900039462046064AFFF7F7FC39462846044AC8
:103FA000FFF7F2FCB3E76FF001075FE770B0010CB9
:103FB000B4B0010C10B0010C30B0010C024B186011
:103FC000024B002019607047200004301C000430B0
:103FD000464A136B23F4807323F0010343F4807388
:103FE0001363136943F03003136153691807FCD559
:103FF0003F4B1A6922F4FE0242F480021A611A68E9
:1040000022F018021A601A6842F001021A601A6857
:104010009107FCD537490A6822F00F0242F00502E9
:104020000A609A6A22F0030242F001029A629A6AD6
:1040300042F480329A629A6A42F400329A629A6A30
:1040400042F480229A629A6A22F010029A629A6A74
:1040500022F00C0242F008029A629A6A22F02002D0
:104060009A629A6A22F47C5242F400629A625A6B13
:104070006FF3080242F03B025A635A6B22F47E420D
:1040800042F400725A635A6B22F4FE0242F4803208
:104090005A635A6B22F0FE4242F080725A631A68E9
:1040A00042F080721A60124B1A689201FCD51A6AAB
:1040B00022F00F021A621A6A22F070021A621A6A59
:1040C00022F4E0621A621A6A22F4E0421A62DA69A1
:1040D00042F00302DA61064BDA6902F01802182A8C
:1040E000FAD11A6842F480521A60704700080254EC
:1040F000000C025400200250642810B50C460AD06F
:1041000065280DD001466422064802F003FC4FF0FA
:10411000FF33184602E04FF040630020236010BDDB
:104120000023F6E75EA8010C08B501F0B3FB18B157
:10413000BDE8084007F078B908BD00001FB5214B65
:104140001B680193204B5B680293204B5B680393D1
:10415000019B029B039B00F03DFC01F035FFFFF744
:10416000E3FF01F0F1FB20B1194802F0D3FB07F0A7
:104170005BF9FCF745FC20B1164802F0CBFB07F0D9
:1041800053F9002400F032F800F00AF9124B1C60D9
:1041900000F02CF800F004F9104B20469B6898477B
:1041A00020B10F4802F0B6FB07F03EF90D4B00209E
:1041B0009B68984710B10C4802F0ACFB002004B09B
:1041C00010BD00BF0080020C00E0020C00E0000CFB
:1041D000AEA8010CD0A8010C3447043050B1010C3A
:1041E000FDA8010C98B1010C28A9010CF7B5624C8F
:1041F000236883B9614BD3F8882042F08072C3F8FA
:1042000088204FF40022D3F8883003F080730193A4
:10421000019B5B4B9A61206800286DD1594B5A492C
:10422000D3F8D02022F00102C3F8D0200A68013070
:10423000C3F8D8204A68103122F01F02C3F8DC20EE
:1042400011F8045C51F8082C003D18BF012522F03C
:104250001F0242EA450242F001020428C3F8E020AE
:10426000E4D1BFF34F8FBFF36F8FD3F8D02042F06C
:104270000102C3F8D0202368D3B9402243484449FF
:104280007F25C0E90012F922C0E90433C0E90252D7
:10429000C0E90633036201F083FA08B107F0C4F8FD
:1042A000FF213A4801F0D2FA3A49384801F0E4FADD
:1042B0002368002B4FD1012000F05CFF2268002A08
:1042C00050D12E4B0520D3F8881041F40031C3F8AB
:1042D0008810D3F88830114603F400330093009B14
:1042E00001F0F8F8052001F025F92B4A536C43F052
:1042F0000203536403B0F0BD0027234D214E2B6809
:10430000C6F8D830D6F8D800D6F8DC208342D6F8E4
:10431000E01011D16B6823F01F0393420CD12A7B6C
:10432000AB68003A18BF012223F01F0343EA42039F
:1043300043F001038B4201D007F076F80137042FD8
:1043400005F11005DBD10F4BD3F8D030DE0792D446
:1043500007F06AF88FE700F017FF0128AED007F0EA
:1043600063F8ABE70C4B5B6C9B07C3D403B0BDE8B1
:10437000F04007F059B800BF34470430000C025435
:104380000024035000ED00E010B1010CC0470430E0
:10439000007800540000FF5D00600250704700008C
:1043A00073B501230226744C744D20466361266266
:1043B00000F074FE28466E6100F070FE002323605A
:1043C0002B60236903F07F43B3F1344F04D06C4872
:1043D00002F0A0FA07F028F8E368002B04DA694835
:1043E00002F098FA07F020F8E36803F07F53B3F186
:1043F000345F04D0644802F08DFA07F015F8616A62
:10440000624B994207D0624802F084FA614802F098
:1044100081FA07F009F8D4E90F320BB97F2A11D0DD
:1044200000215D4800927F2202F074FA5B4802F09E
:1044300071FA7F234FF0000CC4E90FC3236843F4E3
:1044400000732360D5E90F329A420CD300927F218A
:104450000022534802F05EFA7F260023C5E90F636D
:104460004FF400732B60D4E90632012B01D11C2AD2
:104470000ED01C214B4802F04DFA1C230120C4E948
:104480000603494802F046FA236843F0010323601B
:10449000D4E90C320BB9132A10D000214348009202
:1044A000132202F037FA424802F034FA13230021B3
:1044B000C4E90C13236843F04003236023691A07FF
:1044C00004D53C4802F026FA06F0AEFF23695B06ED
:1044D00004D5394802F01EFA06F0A6FF23682A68C0
:1044E000134323D000F020FB00F040FB236843B1CE
:1044F000214800F043FC20B1304802F00BFA06F0EE
:1045000093FF2B6843B11D4800F038FC20B12B48C5
:1045100002F000FA06F088FF00F0E4FB20B1284822
:1045200002F0F8F906F080FF01F012F8A16AC32941
:1045300007D0244802F0EEF9234802F0EBF906F028
:1045400073FF6368B3F56D4F13D0B3F5B85F10D048
:10455000B3F5385F0DD0B3F5464F0AD0B3F5E44F4D
:1045600007D0B3F5B84F04D002B0BDE8704006F0F4
:104570005BBF02B070BD00BF7C47043038470430D9
:104580005EA9010C7AA9010CA9A9010C0000010C7B
:10459000D7A9010CE7A9010C0FAA010C3CAA010C38
:1045A00077AA010CA4AA010CD8AA010C0BAB010C30
:1045B0003BAB010C6DAB010C99AB010CBAAB010C20
:1045C000E0AB010C02AC010C12AC010C042A09DBBB
:1045D0000B68036000F1040001F10401A2F1040280
:1045E000042AF5DA002A09D00B78037000F10100E3
:1045F00001F10101A2F10102012AF5DA7047000080
:10460000044B82B0186883B26FF30F00184302B0F6
:10461000704700BF94B1010C0C2070470020704718
:10462000012805D902280CBF00206FF00400704754
:104630006FF0030070476FF003007047014B18687C
:10464000704700BFF0470430004870477CB1010C50
:1046500008B54FF47A7000F09BFA002008BD000006
:104660000C4B70B55A6992B11C69002301390144A1
:10467000151DA34201D1002070BD52F8336086425F
:1046800003D855F83360B14201D90133F1E7012075
:10469000F2E700BF440004302DE9F0411446204BFE
:1046A00096001A78074622F002021A70421E02EBA8
:1046B0008402B2F5001F0D4611D31A4A94693CB129
:1046C0006FF004001A7842F002021A70BDE8F0811F
:1046D0003246FF212846FBF770FF2046F6E700230D
:1046E000DFF844803146C8F80030FFF7B9FF3246A2
:1046F00090B107F140612846FFF768FFD8F8003015
:1047000023B1324600212846FBF757FF002324F04F
:104710004040C8F80030D9E707F10061EBE700BF7F
:10472000F047043044000430F447043038B50E4DEF
:104730006B68DC0709D40C4B5A68900711D45A688F
:10474000520744BF0422DA6038BDFCF7EDF9044695
:104750006B689907EFD4FCF7E7F9001B0128F7D93C
:10476000E9E70222DA60EAE7000403500B4A10B5D9
:10477000D36823F00203D36001F096F8FCF7D4F974
:10478000044601F0ADF840B1FCF7CEF9001B01285A
:10479000F7D901F0A5F80028F3D010BD00040350AC
:1047A0002DE9F04F454F87B03B784FEA82080191E1
:1047B00023F002034146064615463B70FFF750FFC3
:1047C000F0B14FF0020B4FF0406A721E4244B2F556
:1047D000001F0CD248EA060414F00F0407D1384B2E
:1047E000D3E90201234601F1040E83420DD16FF09B
:1047F00004003B7843F002033B7007B0BDE8F08F44
:104800004FF0006ADFF8BCB0DFE751F833C066450F
:1048100003D35EF833C0624544D90133E5E700F0C5
:104820006FF93B7843F001033B70019B102219198B
:1048300002A8FBF7E5FE029B049A05991A40039B28
:104840000B40B3F1FF3F08BFB2F1FF3F24D00AEBAA
:104850000601584602AA214400F0E6F981461034C8
:10486000A04502D0B9F1000FDFD03B78414623F0DC
:10487000010330193B70FFF7F3FE80B100F06AF9D5
:10488000FFF754FF01F006F8B9F1000F25F04040A2
:1048900018BF4FF0FF30B0E74FF00009DFE700F03E
:1048A0004DF9EDE7FFF762FF41463046FFF7D8FECE
:1048B0000028B4D100F010F9B3E700BFF04704308E
:1048C000440004300200008070B5B0F5001F0446BB
:1048D00086B008D2C0F30C032BB92F4AD2E90012DC
:1048E000101D8B4208D16FF004002C4A137843F05E
:1048F0000203137006B070BD52F83350AC4203D3BC
:1049000050F83350AC4207D90133EAE700F0E4F83D
:1049100024E000F013F936E004212046FFF7A0FE62
:1049200000281F4B18BF0423B4F5801F029334BF27
:104930000123022303930123184E0593630B049371
:10494000FFF714FF3378042123F00203204633706D
:10495000FFF786FE0028D9D000F0D2F8337801A9FD
:1049600043F0010302A8337000F03CFC33780546A5
:1049700023F00103042120463370FFF771FE002865
:10498000C7D000F0E7F8FFF7D1FE00F083FF281E44
:1049900018BF01204042ADE744000430F047043026
:1049A00004000080084BD3F80421002A0ADAD3F867
:1049B000042142F00042C3F80421044A1368013381
:1049C00013607047FEE700BF00200250F447043038
:1049D0007047000010B5032000F06AFD00F066FC8F
:1049E000094B0A4A1B6A03F00F03D35CD840084BFB
:1049F00018600F20FCF78AF8044618B9FFF7E8FFA3
:104A0000204610BD0124FBE7000C025400B1010C4C
:104A1000240004300C4B10B50C4A9C680C4B13EA74
:104A2000240338BF13461A6842F002021A60EFF3FB
:104A3000108272B60023CC58C4500433102BFAD124
:104A400082F3108810BD00BF280004302C200250D3
:104A50002820024030B50F4DAB68002BAABF0E4B8B
:104A60000E4B0F4A1C68B8BF0E4A44F002041C608B
:104A7000AB68146803F0040323431360EFF3108260
:104A800072B60023CC58C4500433102BFAD182F3F1
:104A9000108830BD280004302C200250282002400D
:104AA0004420025040200240084B10B5084A9C6840
:104AB000084B13EA240338BF13461A6842F0020277
:104AC0001A600B889BB2038010BD00BF2800043021
:104AD0002C20025028200240074B9A6AD20741BF7F
:104AE000064A5A6002F188325A6046BF986A00F05E
:104AF00001000120704700BF0020025023016745DC
:104B0000074BDA6AD20741BF064A9A6002F188323F
:104B10009A6046BFD86A00F001000120704700BFCC
:104B2000002002502301674508B5FFF7D5FF18B9EB
:104B3000BDE80840FFF7E4BF08BD0000044B9A6AD7
:104B400042F001029A62986AC04300F00100704787
:104B500000200250044BDA6A42F00102DA62D86A9D
:104B6000C04300F00100704700200250064BD86996
:104B700010F0010007D0054ADA6002F14432DA6031
:104B8000D86900F001007047002002503B2A190844
:104B9000F8B50546FBF7C8FF1D4E1E4CB2681E4B0C
:104BA000074614EA220438BF1C46236813F00B0F93
:104BB0001AD1B168194B1A4A1A4812EA210238BFB1
:104BC0001A462168036A01F47E0103F400030B43D3
:104BD00015D071681943716013601A0202D54FF441
:104BE0000003036301200EE0691CDED0FBF79CFF8D
:104BF000C01BA84201D8002DD7D1032003E02368B1
:104C0000DB0301D40020F8BD4FF480331360F9E7D3
:104C1000280004302020024024200250342002507A
:104C200030200240002002502DE9F041264D04467C
:104C30002B780E46012B174644D001232B700023FE
:104C40004FF47A706B60FFF7A3FF50BB1F4B204AF5
:104C5000AC6012EA240838BF984624F00043022BC7
:104C600023D139463046FFF7D5FE4FF47A70FFF76F
:104C70008FFFD8F8003024F0304222F0040223EAFB
:104C80000203C8F80030134B9C420AD1A968124AAB
:104C9000124B13EA210338BF13461A6822F00402AC
:104CA0001A6000232B70BDE8F0810D4B24F0040244
:104CB0009A423946304602D1FFF7CCFED5E7FFF7DE
:104CC000F3FED2E70220EEE7280004302C20025049
:104CD00028200240060000104420025040200240DC
:104CE00002000010044A4FF47A70D36943F00203C3
:104CF000D361FFF74DBF00BF00200250124B134A93
:104D00009968134B13EA210338BF134600F00302DE
:104D1000032A06D11A6842F4004242F020021A60C7
:104D20007047C10707D51A6822F0004222F0280216
:104D300042F028021A608207F2D51A6842F0004257
:104D400042F02802EBE700BF280004302C2002507C
:104D500028200240064B074A9968074B13EA2103B3
:104D600038BF13461A6842F008021A60704700BF45
:104D70002800043044200250402002402DE9F04138
:104D8000DFF8A882044698F80030012B00F08181FA
:104D90000123002088F800304FF08023C8E9010388
:104DA0004FF47A70FFF7F4FE002840F0398127684D
:104DB000F90719D5A5696369012D03F00101E269BD
:104DC00003F0020340F0368131B1994DD5F8EC1073
:104DD00021EA0201C5F8EC1033B19549D1F8EC3164
:104DE00023EA0203C1F8EC31BA0706D5904A61689C
:104DF000536D23F47F430B4353657B0740F1AE8033
:104E0000D4E9021511F001030EBF1A46032205F082
:104E100003038E0742BF05F00406334342F0040249
:104E20004E0742BF05F00806334342F008020E0762
:104E300042BF05F01006334342F01002CE0642BFD7
:104E400005F04006334342F040028E0642BF05F0B3
:104E50008006334342F080024E0642BF05F480369E
:104E6000334342F480320E0642BF05F4003633432A
:104E700042F40032CE0542BF05F48016334342F4BB
:104E800080128E0542BF05F40016334342F400122F
:104E90004E0542BF05F07F56334342F07F520E0568
:104EA00042BF05F000452B4342F0004211F480550B
:104EB00018BF0426D4F810C00CBF2E460CF0040511
:104EC00011F4005F1EBF0CF0080E45EA0E0546F017
:104ED000080611F4804F1EBF0CF0100E45EA0E05B7
:104EE00046F0100611F4004F1EBF0CF0200E45EAEC
:104EF0000E0546F0200611F4803F1EBF0CF0400E58
:104F000045EA0E0546F0400611F4802F1EBF0CF452
:104F1000004E45EA0E0546F4004611F4002F1CBF72
:104F20000CF07F4C45EA0C05C1F30B0C18BF46F0A2
:104F30007F46BCF1000F08D0DFF8F4E0DEF854C083
:104F40002CEA02021343CEF8543011F47F2F05D01F
:104F5000374A536F23EA06032B435367B90510D52D
:104F6000D4E90F316569EA0742BF314E43EA014295
:104F7000C6F8E420AE0742BF2D4A43EA0143C2F817
:104F8000E4313D070AD5D4E90831012B61D1284A23
:104F9000D2F88430DBB20B43C2F88430F9060BD56B
:104FA000236AA16A012B5ED1214AD2F8843023F012
:104FB000FF030B43C2F88430BA0606D51C4AE16AE7
:104FC000D2F894300B43C2F894307B0610D5D4E964
:104FD0000C316569EE0742BF154E43EA0142C6F83F
:104FE000FC20AA0742BF124A43EA0143C2F8FC313F
:104FF0003B0615D56269A36B02F0010102F00202C3
:10500000002B3BD029B10A4C591E41F40041C4F891
:10501000F4102AB1064A013B43F40043C2F8F431CC
:10502000002388F80030BDE8F08100BF280004307C
:105030000020025029B1184DD5F8EC101143C5F8E5
:10504000EC10002B3FF4D0AE1349D1F8EC311343F0
:10505000C8E6022BA2D1104AD2F88C30DBB20B4347
:10506000C2F88C309AE7022BA6D10B4AD2F88C30CA
:1050700023F0FF030B43C2F88C309DE711B10649C2
:10508000C1F8F430002ACBD00022034BC3F8F4213E
:10509000C6E70220C7E700BF0020025006230360D6
:1050A000334B1A6D02F47F4242601A6D22F47F4244
:1050B000C2601A6F02614269511E012932D8012A69
:1050C0000CBFD3F8E830D3F8E831DB43C361003BD1
:1050D00018BF01238361264B012A0CBFD3F8E030AF
:1050E000D3F8E031012A03F07F01C3F306430364E0
:1050F0001F4BC1630CBFD3F8F830D3F8F831012A45
:1051000003F07F01C3F30643436340F2C723036008
:10511000174B01630CBFD3F8F030D3F8F03103F034
:1051200003038363026A531E012B17D80368012A05
:1051300043F0180303600E4B0BBFD3F88020D3F865
:10514000882022F0FF0222F0FF020BBF426242627F
:10515000D3F88030D3F88830DBB28362036843F041
:1051600020030360024BD3F89030C362704700BF46
:1051700000200250034AD36B23F003030343D3639D
:10518000704700BF00200250024BD86B00F00300B4
:10519000704700BF002002500F4B104A10B59C68AA
:1051A0000F4B800113EA240338BF1346C9071A685E
:1051B0000AD522F0004222F4FE521A601A68024315
:1051C00042F024021A6010BD22F4FE521A601A68DE
:1051D000024342F00042F3E7280004302C20025042
:1051E000282002402DE9F843294E054633788946A8
:1051F000012B4AD00123337000234FF47A7073607F
:10520000FFF7C6FC0446F0B92B682249224AB36076
:1052100011EA230838BF904648F2080223F0004103
:10522000914215D16868FFF769FD4FF47A70FFF776
:10523000AFFC04462A68D8F8003022F0004223EA86
:105240000203C8F80030002333702046BDE8F8831D
:10525000082B02D1FFF77EFDE7E74FF0FF33C9F8D7
:105260000030AF68D5E902231344BB42E2D9384687
:105270006968FFF791FF4FF47A70FFF789FC10B16E
:10528000C9F80070D5E70137ECE70224DDE700BF7D
:1052900028000430282002402C200250024A536A81
:1052A00043F0010353627047000802542DE9F041B6
:1052B000524CE36903F01803082B00F09980E3696E
:1052C00013F0180F0AD123684D4813F0200F03D0B4
:1052D0002368C3F3C103D840BDE8F081E36903F05C
:1052E0001803102B00F08680E36903F01803182BD5
:1052F00040F08280A76AA36AA66A13F47C5FD4F8A0
:105300003880C3F30520E7D004F090FAC6F3001606
:105310000546C8F3CC00704304F088FA4FF064519E
:1053200004F0DCFA07F00303012B064611D0032B2F
:105330004ED0606BC0F3080004F078FA314604F0F8
:10534000C5F94FF07E5104F0C1F9294604462D48B5
:105350003BE023689B0629D523682948C3F3C10392
:10536000D84004F063FA294604F06CFB676B0446EE
:10537000C7F3080004F05AFA314604F0A7F94FF0D9
:105380007E5104F0A3F90146204604F0A7FA1B4B16
:105390000446586BC0F34620013004F047FA01463A
:1053A000204604F04FFB04F0E9FB95E7606BC0F387
:1053B000080004F03BFA314604F088F94FF07E51C2
:1053C00004F084F9294604460F4804F03BFBDAE771
:1053D000606BC0F3080004F029FA314604F076F956
:1053E0004FF07E5104F072F9294604460748ECE775
:1053F000074871E707486FE701486DE7000C025462
:105400000090D0030024744A0024744C20BCBE4B8E
:1054100000093D0040787D0108B5FFF747FF064BC6
:10542000064A1B6A03F00F03D35C03F01F03D84046
:10543000034B186008BD00BF000C025400B1010C02
:105440002400043008B5FFF7E7FF054B054A1B6A47
:10545000C3F30213D35C03F01F03D84008BD00BFA1
:10546000000C0254F8B0010C08B5FFF7D5FF054B4E
:10547000054A1B6AC3F30223D35C03F01F03D84021
:1054800008BD00BF000C0254F8B0010C08B5FFF7CE
:10549000C3FF054B054A1B6AC3F30233D35C03F019
:1054A0001F03D84008BD00BF000C0254F8B0010C27
:1054B00007490302CA6803F4E06322F4E0621204BD
:1054C000120C134343F0BF6343F40033CB607047C7
:1054D00000ED00E0154B30B5DC68C4F30224C4F1E4
:1054E0000703251D042B28BF0423062D4FF0FF358D
:1054F00094BF0024033C05FA03F321EA0303A5400B
:1055000022EA0502A340002843EA0203ACBF00F1EF
:105510006040074A4FEA0313DBB2ABBF00F56140BE
:1055200000F00F0080F80033135430BD00ED00E0B0
:1055300014ED00E0002807DB01234109034A00F0D5
:105540001F00834042F82130704700BF00E100E0B7
:10555000BFF34F8F0549064BCA6802F4E06213435C
:10556000CB60BFF34F8F00BFFDE700BF00ED00E051
:105570000400FA052DE9F04F00234FF00F094A4AC5
:105580004A4D02EA90280A6832FA03F401D1BDE8D4
:10559000F08F012404FA03FA1AEA020270D04C6870
:1055A00024F01007022F16D14FEAD30C00EB8C0C1D
:1055B00003F0070EDCF820604FEA8E0E09FA0EFBAE
:1055C00026EA0B0B0E6906F00F0606FA0EF646EAFF
:1055D0000B06CCF820600326D0F800B04FEA430E4B
:1055E00006FA0EFC2BEA0C0B6FEA0C0604F0030C17
:1055F0000CFA0EFC013F4CEA0B0C012FC0F800C066
:1056000040D9032C3CD0C76837408E6806FA0EF6A6
:105610003E43C660E60033D523F0030707F1A847F1
:1056200007F5083703F00306D7F860C0F60009FA5B
:1056300006FE2CEA0E0C08FA06F646EA0C063E6652
:10564000D743D5F8806014F4803F0CBF3E4016432A
:10565000C5F88060D5F8846014F4003F0CBF3E406C
:105660001643C5F884602E6814F4801F0CBF3E40BA
:1056700016432E606E68A40254BF3E4016436E600F
:10568000013380E7876806EA070CCF6807FA0EF750
:1056900047EA0C078760476827EA0A0C27099F40FA
:1056A00047EA0C074760AEE77F7F2B0000200254DB
:1056B0000AB1816170478162704770B5002401268C
:1056C000036B51FA04F501D1036370BD06FA04F5CA
:1056D00029421EBFAB4302FA04F52B430134F0E725
:1056E00038B50A4CE36823F02003E360FBF71CFAAB
:1056F0000546E3689B0601D5002038BDFBF714FA88
:10570000401BB0F57A7FF4D90320F6E70078005407
:10571000F8B5114D0646EC6814F040041AD1EB6858
:1057200043F08003EB60FBF7FFF923460746EC6884
:1057300014F0400401D1032B01D11846F8BDFBF74A
:10574000F3F9C01BB0F57A7F234684BF032386F8A4
:105750002D30ECE70023F0E70078005438B50F4C0B
:105760000546E36823F08003E360A3699B0606D443
:10577000FFF7B6FF10B1032085F82D0038BDA369EF
:1057800023F02003A361FFF7ABFF10B1032085F8DE
:105790002D00A36943F02003A361EFE700780054D4
:1057A00038B5044600284CD090F82D3003F0FF02A5
:1057B0001BB980F82C20FBF783FA0223224D84F8D2
:1057C0002D30EB68DB0637D4CA236B6253232046A7
:1057D0006B62FFF79DFF18B1FF2303206B6238BD9A
:1057E000AB69204623F08E6323F04003AB6121694F
:1057F0006368AA690B431343A2691343AB61D4E9FD
:10580000022343EA02432B61EA68D4E9093122F416
:10581000F8520B431343EB60FFF7A0FF0028DBD1E6
:10582000D4E90713AA690B4322F06042134362696B
:105830001343AB61FF236B620123002084F82D30FA
:10584000CDE70120CBE700BF00780054094B1A6870
:1058500022EA01021A60D9630A04586842EA016226
:105860000A4320EA02025A60DA6A002022EA0102B0
:10587000DA627047007C0054054B00201A6822EA67
:1058800001021A60DA6A22EA0102DA62D963704719
:10589000007C0054034A0020136843F001031360A6
:1058A000704700BF0004035038B502230B4CE3607F
:1058B000236823F001032360FBF736F905462068CF
:1058C00010F0010000D138BDFBF72EF9401B012874
:1058D000F5D92368DB07F2D50320F4E70004035071
:1058E000024B186800F00100704700BF000403502D
:1058F00038B50C4C6368D90704D400200222094B48
:10590000DA6038BDFBF710F9054663689B07F4D4ED
:10591000FBF70AF9401B0128F7D963689A07F4D40A
:105920000320EBE700040350064B5A68D20707D464
:105930000222DA601A6842F002021A60FFF7D8BF4A
:10594000012070470004035037B51A49D1E84F3F92
:105950000133DBB2C1E8423F002AF7D1012B23D843
:10596000154B164DD3F8E810284621F03001C3F846
:10597000E810D3F88C1041F48021C3F88C10D3F8D0
:105980008C302A7203F480230193019B0C4B6A72C2
:105990002B6001F04EFF044648B96946284602F0E4
:1059A0001EF8204603B030BD4FF0FF30FAE76FF02D
:1059B0000100F7E7F8470430000C0254FC470430BC
:1059C00000080C5208B5074801F08BFF064AD2F8D0
:1059D0008C3023F48023C2F88C300022034B1A70E1
:1059E00008BD00BFFC470430000C0254F8470430E7
:1059F000F0B50246082400204FF4000680274FF03F
:105A0000200C4FF400150A4913064CBF8F618E61BC
:105A10004300C1F818C0D8B20B6952005B0648BFFA
:105A200040F00100013CD2B28D61EDD1F0BD00BF6C
:105A300000000252044B82B0186883B26FF30F006B
:105A4000184302B0704700BFECB1010C0020704752
:105A50000020014B18707047104804300020704738
:105A60006FF0030070470000014B1868704700BFDB
:105A70001448043000487047D4B1010C2DE9F04FB0
:105A800081468A46904600244FF0030BC7B01D4F55
:105A900005AE444503D3002047B0BDE8F08FA8EB26
:105AA0000405B5F5807F28BF4FF4807504EB09032A
:105AB0001A0C72701A0AFF21B27006A82A46F370F7
:105AC00086F800B0FAF779FD4FF480233246BB61C7
:105AD0000023291D1078CDE902130192FFF788FFFA
:105AE000039B0299019A0133994202F8010BF1D804
:105AF00004230AEB04002A46BB6106A9FAF780FDDD
:105B00002C44C6E7000402522DE9F04F0746154623
:105B1000894687B0002952D0002A50D0294B1B78E3
:105B2000002B4CD002EB000ABAF5800F47D8DFF803
:105B3000988002AC98F8003043F0010388F80030F8
:105B4000FFF79CFF214B0FCB84E80F006B429F4275
:105B500006D863680F2B0DD8083406AB9C42F8D1E9
:105B6000284698F8003023F0010388F8003007B089
:105B7000BDE8F08F206803EB000BABF11006B245D7
:105B8000EAD95F45E8D204220DEB0201FFF776FF68
:105B9000019A0F4B9A42DFD1BE42334638BF3B4693
:105BA000DA45514628BF59460A4AA9EB0700A2EB3D
:105BB0000B029942D0D9D65CC6540133F9E76FF095
:105BC0000400D4E71048043014480430F0B1010C4C
:105BD0003DB8F396D4B1010C002070472DE9F04395
:105BE0008DB00C4690460A46014668461F46FAF7B5
:105BF00007FD4FF48022194B9A612FB304AD224662
:105C00006946284604EB07092C44FAF7F9FC3A46A2
:105C1000FF212046FAF7D1FC00262878FFF7E8FE9E
:105C20000136B14505F8010BF7D1B8F1000F04D0EA
:105C30003A4621464046FAF7E3FC04220020074B8F
:105C40009A610DB0BDE8F0836D466C4415F8010B08
:105C5000FFF7CEFEA542F9D1EFE700BF00040252E4
:105C6000F7B52C4B04461B780F46002B49D0B4FBEC
:105C7000F2F602FB1646002E43D1B4F5801F40D346
:105C800053429C423DD8501E2044B0F5201F38D2CC
:105C9000214D32462B78012143F001032B7006235E
:105CA00001A88DF804303346FFF798FF0421230C38
:105CB0008DF8053064BA334632460DEB0100ADF87D
:105CC00006408DF80470FFF789FF0523134C8DF80B
:105CD000023001230DF1030219460DF10200FFF716
:105CE0007DFF9DF8030010F001000ED0013CF0D1C3
:105CF0002B784FF0FF3023F0030343F002032B70A7
:105D000001E06FF0040003B0F0BD2B7860F30003F6
:105D10002B70F8E7104804301448043080C3C901E0
:105D20004FF480522021FFF79BBF38B505460C4643
:105D300069B341EA0003C3F30B0343BBB0F5801F13
:105D400025D34B42984222D8431E0B44B3F5201F63
:105D50001DD2ABB28BB9B4F5803F0ED34FF4803275
:105D6000D8212846FFF77CFF30B905F58035A4F52A
:105D70008034002CEDD1204638BD2846FFF7D0FFF7
:105D80000028F9D105F58055A4F58054F1E76FF0AE
:105D90000400F1E79F2307B502468DF8073048B1AC
:105DA000032301210DF10700FFF718FF002003B0C6
:105DB0005DF804FB6FF00400F9E7000000232DE913
:105DC000F041644F8AB03C78ADF804308DF806306D
:105DD000002C40F0BD8014225F4E214633780DEB3D
:105DE000020023F003033370FAF7E7FB5B4BE0217B
:105DF000D3F88C205A4842F00102C3F88C20D3F823
:105E00008C20012502F001020292029AD3F88C2024
:105E10004FF0200842F00202C3F88C20D3F88C30F7
:105E2000012203F002030393039BFFF746FC0122C8
:105E300004214C48FFF741FC0323494805A9CDE95B
:105E40000834CDE90654CDF81480FFF793FB4146A2
:105E50004FF0800822464248FFF72AFC404805A937
:105E6000CDF81480FFF786FB224641463C48FFF7F9
:105E70001FFC4023CDE906450424394805A90593B4
:105E8000FFF778FB374805A90594CDE90655FFF7DC
:105E900071FB21462A463348FFF70AFC1024FF20F5
:105EA000FFF7A6FD013CFAD1AB2322468DF8033063
:105EB000012123460DF10300FFF790FE4FF4FA5342
:105EC0000593059CB4BB6623224601218DF803305F
:105ED0000DF103002346FFF781FE992322468DF83A
:105EE0000330012123460DF10300FFF777FE49F649
:105EF00040430493049B03BB01A8FFF74BFF9DF8AD
:105F000004109DF80520EF299DF8063003D1402AA2
:105F100001D1162B14D0307840F0020030701248B6
:105F200000F0F8FC114800F0F5FC4FF0FF300AB02B
:105F3000BDE8F081059B013BC2E7049B013BD8E72C
:105F40000B4800F0E7FC01230A483B7000F0E2FC3C
:105F50000020ECE71048043014480430000C0254D0
:105F6000000002520004025237AC010C6AAC010C72
:105F700096AC010CB7AC010C0020704708B5FBF7DC
:105F80005FF9002070470020704701207047012012
:105F9000704700000A4B37B51B786BB1094C636939
:105FA000984748B9E56AA847C307FCD4236A019318
:105FB00003B0BDE830401847002003B030BD00BF3B
:105FC00018480430B0B2010C10B50B4C0020A36887
:105FD000984780B902202369984760B94FF4E131AE
:105FE0000120A46AA04730B901211520A04710B9AB
:105FF0000122024B1A7010BDB0B2010C18480430D7
:1060000010B5064C00202369984708B1043004D12C
:10601000E368984708B9024B187010BDB0B2010C84
:106020001848043037B50422BD3084000D462046A0
:106030000DEB020100F052F958B9019B5A1C0AD02D
:10604000AB420BD8042220460DEB0201019500F073
:1060500085F903B030BD45F2A350FAE74AF2C530E6
:10606000F7E770B5A2B00D4601A9064600F0F2FAB6
:10607000044610BB019B802B28BF8023B5EBC30FC8
:10608000019321D80146802202A8FAF796FAFF214F
:10609000EA0802ABA24213D104F188030DEB03041A
:1060A000012305F00705AB40013B3046019902AAE8
:1060B00004F8803C00F0A6FB0446204622B070BDE8
:1060C00003F8011B0134E5E745F2A354F5E7F0B509
:1060D000A3B00D466946064600F0BCFA0446C8B9AE
:1060E00000993046802928BF802102AA009100F043
:1060F000E5FA044670B901460246009F019002ABE2
:10610000B8420AD102B10191042228460DEB0201E6
:10611000FAF776FA204623B0F0BD002213F801CB3F
:106120004CFA02F6013206F00106082A3144F7D192
:1061300001220130E4E706281BD8DFE800F004095B
:106140000D111416180004224FF43D7000F0C6B86B
:1061500004224FF43E70F9E704224FF43F70F5E754
:106160001020FFF7B4BF1120FBE71220F9E713203E
:10617000F7E74CF25A30704700F0C4B9042902D155
:106180001146FFF7D8BF43F65C20704737B5054688
:106190000C46062824D8DFE800F0041517191D1F47
:1061A00021000020FFF73EFF50B9284601A9FFF764
:1061B000C2FF28B943F65C23019AA24218BF1846D1
:1061C00003B030BD0120EDE70220EBE71020FFF720
:1061D00048FFE9E71120FAE71220F8E71320F6E775
:1061E0004CF25A30ECE7012837B5154610D800F1CB
:1061F0000C040A462046296800F060FA30B92046AF
:1062000001A900F027FA08B9019B2B6003B030BD4B
:106210004AF2C530FAE7000070B50446074E45184B
:10622000A54201D8002070BD2046F369984710B9F7
:1062300004F50054F4E743F65C20F4E750B1010C98
:106240002DE9F84FDFF85CA00746DAF804308846FD
:10625000154698470024144BC0F3410013F82090D2
:1062600004F18003AB4294BF80262E1BB6FBF9FBE2
:10627000DAF814305A460D493819984700280EDBD1
:106280005A46DAF81830094908EB04009847002804
:1062900005DB3444A542E3D80020BDE8F88F43F67F
:1062A0005C20FAE750B1010C00B2010C194804302F
:1062B00008B54FF400514FF42830FFF7ADFF48B94F
:1062C000BDE808404FF400524FF428314FF420301D
:1062D000FFF7B6BF43F65C2008BD00002DE9F34789
:1062E000DFF870900546D9F8043088461446984780
:1062F000194BC0F3410013F820A0B5FBFAF70AFBD5
:10630000175727BBA4B9384602B0BDE8F0870AFB8F
:1063100006F6A41BF7D0012201A9A819C847002836
:1063200012DB224601A908EB0600FAF769F9EAE751
:10633000B4FBFAF605F52035324641462846D9F831
:106340001490C8470028E2DA43F65C27DBE74AF2FC
:10635000C537D8E750B1010C00B2010C2DE9F04F60
:1063600086187542C5F30C05354485B0B5F5005F58
:106370000446019104D943F65C2005B0BDE8F08FD6
:10638000DFF86C81D8F8043098470422594BC0F3E9
:10639000410053F82070D8F8143057480093FBB2EE
:1063A000B2FBF3F203A9009B9847039A531C0232F5
:1063B00008BF01230393002D34D024F4FF5B2BF09E
:1063C0001F0BA5EB0B010BF52030FFF725FF002875
:1063D000D1D1B5F5407FAA4628BF4FF4407ADA45BF
:1063E00029D8B5F5407F5ED3FBB21027B7FBF3F792
:1063F000424D3A4629464048009B9847B6F5407FB3
:106400005CD8042203A93D48FAF7FAF8384B3A461B
:106410003A493B489B69984708B18742ABD1FFF79F
:1064200047FFAAE74FF400514FF42030FFF7F4FE86
:106430000028C2D09FE70BF180039A452CBF4FF094
:106440008009AAEB0B095FFA87F8B9FBF8F82B492A
:106450004246009B0BF5283098475E4516D909EB5C
:106460000B039C4212D2A3455A4638BF2246111B49
:10647000A2EB0B009E4294BFC2EB0602C2EB0302EA
:10648000019B19441D4B1844FAF7BAF8184B4246C1
:106490009B691A490BF52030984710B180457FF46D
:1064A0006AAFCB449BE74FF440724FF420314FF476
:1064B0002830FFF7C5FE002896D05CE7B4F5447F8E
:1064C0009FD2B4F5407F224638BF4FF44072019B03
:1064D000111BA2F540700B44B6F5447F94BFC2EB8C
:1064E0000602C2F5447219462844FAF789F888E78B
:1064F00050B1010C00B2010C00A302001948043095
:10650000008302002DE9F0414D4F86B00020BB68AA
:10651000984700286BD104226946FFF7DFFE044646
:1065200000283FD104224FF440700DEB0201FFF729
:10653000D5FE0446002835D1424E009BB34203D11C
:10654000019B013B03335ED97B6898473E4BC0F308
:10655000410053F8205004224FF4005004A9FFF7E3
:10656000BDFE0446F0B904224FF40C5005A9FFF714
:10657000B5FE0446B0B9049B4FF40051B3424FF44A
:10658000203013D1059B013B03330FD8FFF744FEA6
:1065900068BB4FF400524FF420314FF42830FFF71E
:1065A0004FFE20BB204606B0BDE8F081FFF734FE69
:1065B0000146E0B94FF08008EDB280222348F9F798
:1065C000FCFFB8FBF5F84FF42035BF69284642467A
:1065D0001E498035B847B5F5283FF7D1FFF768FE6B
:1065E00028B9042202A90296FFF7B8FE10B143F6BB
:1065F0005C24D7E70123042203A94FF440700393DE
:10660000FFF7ACFECDE704224FF40C5005A9FFF7CD
:1066100065FE04460028C5D1059B5A1E033206D8E4
:10662000019A934203D30233BCD1012ABAD1FFF7B6
:106630003FFE43F65C23002818BF1C46B2E700BFAC
:1066400050B1010C1281DEC000B2010C19480430B7
:10665000FFF758BF1E280BD8012303FA00F00A4B9E
:10666000034043B9094B18420BD110F0980F06D1E3
:106670004CF25A307047202300200B6070470423EF
:10668000FAE74023F8E700BF65FF004000000F2055
:1066900037B50C4601A91D46FFF7DCFF50B9019B39
:1066A00029469A4228BF1A46204603B0BDE830402A
:1066B000FFF714BE4CF25A3003B030BD13461E280B
:1066C00070D8DFE800F0106F15191D2125292D3134
:1066D00035393D42474C51565B606F6F6F6F6F6F3E
:1066E0006F6F6F656A000A4600200421FFF7D0BF74
:1066F0000A4602202421F9E70A4603204421F5E74F
:106700000A4604204821F1E70A4605204C21EDE71E
:106710000A4606206C21E9E70A4607208C21E5E7B6
:106720000A4608209021E1E70A460920B021DDE76A
:106730000A460A20D021D9E70A460B20F021D5E7E6
:106740000A460C204FF48871D0E70A460D204FF41A
:106750009871CBE70A460E204FF41471C6E70A463B
:106760000F204FF41C71C1E70A4610204FF4A871A6
:10677000BCE70A4611204FF4C871B7E70A46122059
:106780004FF4E871B2E70A4613204FF40471ADE705
:106790000A461D204FF42571A8E70A461E204FF433
:1067A0003571A3E74CF25A307047F0B593B00E46FE
:1067B00001A915461C46FFF74DFF00BB019B934204
:1067C00003D24AF2C53013B0F0BD402BF9D83046A1
:1067D00002A9FFF783FD0028F5D1224602AB281954
:1067E000824205D12A4621463046FFF7B7FDEAE747
:1067F00013F8011B12F8017BB943F1D0E1E74CF229
:106800005A30E0E713461E2870D8DFE800F0106F1A
:1068100015191D2125292D3135393D42474C515639
:106820005B606F6F6F6F6F6F6F6F6F656A000A46A7
:1068300000200421FFF7B9BF0A4602202421F9E70E
:106840000A4603204421F5E70A4604204821F1E7DF
:106850000A4605204C21EDE70A4606206C21E9E7AF
:106860000A4607208C21E5E70A4608209021E1E747
:106870000A460920B021DDE70A460A20D021D9E7DF
:106880000A460B20F021D5E70A460C204FF4887108
:10689000D0E70A460D204FF49871CBE70A460E2048
:1068A0004FF41471C6E70A460F204FF41C71C1E77C
:1068B0000A4610204FF4A871BCE70A4611204FF495
:1068C000C871B7E70A4612204FF4E871B2E70A46EA
:1068D00013204FF40471ADE70A461D204FF42571D3
:1068E000A8E70A461E204FF43571A3E74CF25A3050
:1068F0007047002070470020704700000048704734
:1069000000FC04304FF48060704708461146FFF7E2
:1069100041BB00000FB41FB5012106AB53F8042B97
:10692000054800910021039300F0B0F805B05DF830
:1069300004EB04B0704700BF0B69010C07B50346B8
:106940008DF80720084601220DF10701984703B092
:106950005DF804FB2DE9F84F1D46074688461646AC
:10696000BDF828409DF82CA09DF830909DF834305B
:106970007AB333B113461D4613F8012B002AFAD11E
:10698000AD1BAC428ABF641B0024A4B2BAF1000F55
:1069900014D02A4631464046B847BAF1000F18D005
:1069A000002513E04A4641463846FFF7C7FF0BF182
:1069B000010B1FFA8BF39C42F4D8EAE7D346F8E7C1
:1069C0004A4641463846FFF7B9FF0135ABB29C4213
:1069D000F6D8BDE8F88F2DE9F04F002489B09DF876
:1069E00048C006469DF85800A4450F469DF854102F
:1069F0000CBF4FF0200A4FF0300AA0429846CDE974
:106A000005440CBF612041209DF85030CDF81B405B
:106A100019B1A242ACBF214652420DF11E04A1465B
:106A20000A38B2FBF3FB03FB1B2B5FFA8BF5BBF1C0
:106A3000090F94BF30352D18A646EDB2934204F1EC
:106A4000FF346570B2FBF3F518D931B1BCF1000F1A
:106A500016D12D232370AEF102040023CDE902A349
:106A60009DF84C303946CDE900833046A9EB04034C
:106A7000621CFFF76FFF09B0BDE8F08F2A46D0E730
:106A80002D2239463046FFF759FFE6E72DE9F04F52
:106A900089B01C469DF8483006460F469246F3B131
:106AA00012783C2A19D00A3AD2B2282A98BF624BEF
:106AB0004FF0010098BF53F822204FF0000388BF29
:106AC0000022CDE90230CDE900333046FFF742FF26
:106AD000202239463046FFF731FF0AF1010A4FF014
:106AE0000009CB46C846002511E0BDB9252B00F0B2
:106AF0009B800A2B06D10D22394630460793FFF7BB
:106B00001DFF079B1A4639463046FFF717FF1AF854
:106B1000013B002BE9D109B0BDE8F08F7A2B08D8F2
:106B2000682B0ED8302B74D036D8252B76D02D2B51
:106B30007FD000230122CDE90033CDE902323F4A64
:106B400062E0693B112BF4D801A252F823F000BF98
:106B5000BB6B010C336B010C336B010C0F6B010C25
:106B6000336B010C336B010C336B010C336B010C79
:106B7000336B010C336B010CF76B010C336B010CA5
:106B8000C56B010C336B010C336B010CE56B010C15
:106B9000336B010C0F6B010C582B28D00BD8A3F1D1
:106BA0003102082AC5D808EB8808303B03EB4803BC
:106BB0001FFA83F8ABE7642BBBD101230025CDE995
:106BC000033502E00025CDE903550A23CDE9019301
:106BD000CDF800B043463946304654F8042BFFF751
:106BE000FAFE94E70025049510230395EEE70123B0
:106BF00000250493F8E720230121CDE90231002389
:106C0000CDE9008954F8042B39463046FFF7A2FE3F
:106C100069E7B8F1000FC6D1AB4678E71A463946A6
:106C20003046FFF78BFE5EE7A946AB46A846012536
:106C30006DE7A9466BE700BF0CB2010CD9AC010CA3
:106C4000044B82B0186883B26FF30F00184302B090
:106C5000704700BFE8B2010C012070470020704768
:106C6000002070476FF0030070470020704700203D
:106C70007047002070476FF0030070470020704796
:106C800010B50C46014630B12CB10448A2B200F058
:106C9000A1FD204610BD6FF00400FBE79C480430C6
:106CA0000A4608B5014640B13AB14FF47A73044838
:106CB00092B200F046FC002008BD6FF00400FBE734
:106CC0009C48043010B52B4B88B0D3F88C20072497
:106CD00042F00102C3F88C20D3F88C2003A902F003
:106CE00001020092009AD3F88C20234842F001025E
:106CF000C3F88C20D3F88C2002F001020192019A93
:106D0000D3F8A42042F48042C3F8A420D3F8A430DE
:106D10004FF4007203F480430293029B0223CDE9F7
:106D200003230693012307940593FEF723FC4FF4F6
:106D3000806303A9104803930794FEF71BFC0F49D7
:106D40000F4B0C220B6000234FF4E130C1E9052307
:106D50004FF40042C1E901030846C1E90333C1E928
:106D600007234B6200F07CFC003818BF0120404232
:106D700008B010BD000C0254000002529C480430C0
:106D800000380150002070477047704770477047C7
:106D9000D0F88C2008B5222A036845D15B6AB0F888
:106DA0006010826D0B401370836D01338365B0F802
:106DB0005E30013B9BB2A0F85E30B0F85E309BB213
:106DC00073BB026852E8003F23F4907342E800313D
:106DD00003680029F5D103F1080252E8001F944628
:106DE00021F001014CE80012002AF4D12021C0F862
:106DF0008C100267C16E4267012912D1C26653E846
:106E0000002F22F0100243E800210029F7D1DA69AF
:106E1000B0F85C10D20644BF10221A62FFF7B7FF29
:106E200008BDFFF7B2FFFBE79A6942F008029A61DA
:106E3000F6E7D0F88C2008B5222A036842D1596AB7
:106E4000B0F860201140826D22F8021B8265B0F814
:106E50005E20013A92B2A0F85E20B0F85E2092B2B5
:106E600062BB53E8002F22F4907243E8002100290E
:106E7000F7D103F1080252E8001F944621F0010106
:106E80004CE80012002AF4D12021C0F88C100267CF
:106E9000C16E4267012912D1C26653E8002F22F069
:106EA000100243E800210029F7D1DA69B0F85C103C
:106EB000D20644BF10221A62FFF769FF08BDFFF730
:106EC00064FFFBE79A6942F008029A61F6E7000066
:106ED00003682DE9F047DD69D3F800909F68D0F88A
:106EE0008C200446222A40F0A980B0F868303BB9D3
:106EF000B4F85E309BB2002B40F08380BDE8F08791
:106F00004FF0000AB0F860804F4E07F00107AB0663
:106F1000EED52368A26D5B6A03EA08031370A36DC4
:106F20000133A365B4F85E30013B9BB2A4F85E3038
:106F30002368DD6969072AD0EA070AD519F4807F3A
:106F400007D001221A62D4F8902042F00102C4F85E
:106F50009020A80708D53FB102221A62D4F89020E9
:106F600042F00402C4F89020690708D53FB104221A
:106F70001A62D4F8903043F00203C4F89030D4F889
:106F8000903023B12046FFF701FFC4F890A0B4F879
:106F90005E309BB2002BBAD1226852E8003F23F446
:106FA000807342E8003123680029F5D103F108021B
:106FB00052E8001F1046314040E80012002AF5D187
:106FC0002021C4F88C102267E16E6267012914D178
:106FD000E26653E8002F22F0100243E80021002966
:106FE000F7D1DA692046D20648BF1022B4F85C1007
:106FF00048BF1A62FFF7CBFE89E72046FFF7C5FEC0
:1070000085E7B4F868209A427FF678AF226802F1EB
:10701000080353E8003F23F08053083242E8003170
:1070200022680029F2D1094B636752E8003F43F020
:10703000200342E800310029F7D15FE79A6942F066
:1070400008029A615AE700BFFEFFFFEF916D010C45
:1070500003682DE9F047DD69D3F800909F68D0F808
:107060008C200446222A40F0A780B0F868303BB953
:10707000B4F85E309BB2002B40F08180BDE8F08711
:107080004FF0000AB0F860804E4E07F00107AB06E3
:10709000EED52368A26D596A08EA010122F8021BA5
:1070A000A265B4F85E20013A92B2A4F85E20DD69D0
:1070B00069072AD0EA070AD519F4807F07D0012290
:1070C0001A62D4F8902042F00102C4F89020A80778
:1070D00008D53FB102221A62D4F8902042F004028F
:1070E000C4F89020690708D53FB104221A62D4F889
:1070F000903043F00203C4F89030D4F8903023B1BC
:107100002046FFF743FEC4F890A0B4F85E309BB26F
:10711000002BBCD1226852E8003F23F4807342E880
:10712000003123680029F5D103F1080252E8001F5D
:107130001046314040E80012002AF5D12021C4F861
:107140008C102267E16E6267012914D1E26653E870
:10715000002F22F0100243E800210029F7D1DA695C
:107160002046D20648BF1022B4F85C1048BF1A620D
:10717000FFF70DFE8BE72046FFF707FE87E7B4F821
:1071800068209A427FF67AAF226802F1080353E83A
:10719000003F23F08053083242E800312268002982
:1071A000F2D1094B636752E8003F43F0200342E805
:1071B00000310029F7D161E79A6942F008029A612B
:1071C0005CE700BFFEFFFFEF336E010CF8B504462D
:1071D0000368C169826800691D68024360690243EF
:1071E00075480A43284002431A605A68E06822F44E
:1071F000405202435A60714AA069934205D002F19D
:10720000805293421CBF226A10439A6822F06E4259
:1072100022F4306202439A60DA6A606A22F00F0256
:107220000243DA62664A93426ED0A2F574429342F8
:1072300000F08F8002F58062934200F08C8002F5AE
:107240008062934200F08980B3F1502F00F0878074
:1072500002F5C052934200F0848002F5A05293429E
:1072600000F0818002F5806293427ED002F5806258
:1072700093427CD0A2F5C05293427BD002F580624B
:1072800093427AD002F5C052934279D04D4A93424C
:107290001CD002F1704293424FF0000035D1002122
:1072A00000F0B2FD70B3616A474A656832F8112098
:1072B00005EB4501B0FBF2F399420AD901204FF0EA
:1072C0000113A3660023C4E91D33F8BD4FF48050B9
:1072D000E5E7B3EB053FF1D80023194602F06EFC59
:1072E0000023064619464FF4807768082A46E6FBD5
:1072F000070102F063FC354BA0F540729A42DDD8DD
:107300002368D8600020DAE70120B1F5004F4FF084
:10731000000138D100F078FD0028F3D0616A2A4BD3
:10732000626833F81130B0FBF3F0530803EB40030D
:10733000B3FBF2F34FF6EF72A3F110019142BDD807
:1073400023F00F02216892B2C3F342031343CB60D0
:10735000D8E70220D9E70420D7E70820D5E7102096
:10736000D3E72020D1E74020CFE78020CDE74FF4BE
:107370008070CAE74FF40070C7E74FF48060C4E73D
:107380004FF40060C1E700F03FFD0028BAD0616A09
:107390000D4B626833F81130B0FBF3F303EB52038B
:1073A000B3FBF2F34FF6EF72A3F11001914285D8CF
:1073B0002268D360A6E700BFF369FFCF0024004432
:1073C0000038015000240054ECB2010CFFFC0F0007
:1073D000836A10B5DA0706D50168C46A4A6822F4E0
:1073E000003222434A609C0706D50168046B4A6854
:1073F00022F4803222434A60590706D50168446B63
:107400004A6822F4802222434A601A0706D501689E
:10741000846B4A6822F4004222434A60DC0606D5A7
:107420000168C46B8A6822F4805222438A609906FC
:1074300006D50168046C8A6822F4005222438A60EF
:107440005A0610D50168446C4A68B4F5801F22F4CE
:10745000801242EA04024A6005D14A68846C22F430
:10746000C00222434A601B0606D50268C16C5368FD
:1074700023F400230B43536010BD2DE9F843054668
:107480000F4616469846DDF820902A68D36937EAF9
:1074900003030CBF01230023B34201D0002029E0E5
:1074A000B9F1FF3FF2D0F9F73FFBA0EB08004845E8
:1074B0002C6802D8B9F1000F1ED154E8003F23F424
:1074C000D07344E80032002AF7D104F1080353E8EE
:1074D000003F23F0010304F1080141E80032002AD3
:1074E000F3D12023C5F88830C5F88C300023032061
:1074F00085F88430BDE8F88323685A07C5D5E36969
:107500001B05C2D54FF40063236254E8003F23F407
:10751000D07344E80032002AF7D104F1080353E89D
:10752000003F23F0010304F1080141E80032002A82
:10753000F3D12023C5F88830C5F88C30C5F89030D9
:10754000D4E72DE9F7439846D0F888300446202B3D
:107550000E4617464BD100294BD0002A49D003686C
:1075600000259A68120642BF9A6822F080029A604B
:107570002123C0F89050C0F88830F9F7D5FAA368F5
:107580008146B3F5805FA4F85470A4F8567003D117
:1075900023690BB935461E46B4F856204B4692B2C5
:1075A000CDF8008042B940212046FFF766FF48B978
:1075B0002023C4F8883006E0002280212046FFF70F
:1075C0005CFF18B1032003B0BDE8F08322685EB908
:1075D00035F8023BC3F308039362B4F85620013A2E
:1075E00092B2A4F85620D7E716F8013BF4E7022040
:1075F000E9E70120E7E773B500260446C0F890608C
:10760000F9F792FA236805461B681A0719D423680C
:107610001B685B070AD56FF07E43002200934FF48E
:1076200080012B462046FFF728FFB0B90020202319
:1076300084F88400C4F88830C4F88C30E066206791
:107640000CE06FF07E43324600934FF40011034686
:107650002046FFF712FF0028D9D0032002B070BDEA
:1076600010B5044650B3D0F888301BB980F8843088
:10767000FFF78AFB24232268C4F888301368204669
:1076800023F001031360FFF7A1FD012816D0A36AC0
:1076900013B12046FFF79CFE23682046BDE810404A
:1076A0005A6822F490425A609A6822F02A029A603C
:1076B0001A6842F001021A60FFF79DBF012010BD59
:1076C000002330B581658168A0F85C20B1F5805F4A
:1076D000A0F85E20436731D10369002B40F2FF130D
:1076E00018BFFF23A0F860300023C0F89030222399
:1076F000C0F88C30016801F1080353E8003F43F003
:107700000103083141E800340368002CF2D1456ED2
:107710008468B5F1005F016935D1B0F868509542D1
:1077200031D8B4F5805F29D1C1B1264A426753E808
:10773000002F42F4807243E8002121E029B9036957
:10774000002B0CBFFF237F23CCE7B1F1805FC9D1B1
:107750000369002B0CBF7F233F23C3E71A4A42670C
:1077600003F1080252E8002F42F0805203F10800B2
:1077700040E800210029F3D1002030BD114A4267C2
:107780000029D4D1ECE7B4F5805F16D151B10F4A8E
:10779000426753E8002F42F4907243E80021002929
:1077A000F7D1E9E70A4A426753E8002F42F0200286
:1077B00043E800210029F7D1DEE7044A42670029A7
:1077C000E7D1F1E7D16E010C5170010C916D010C04
:1077D000336E010C38B5D0F88C30202B21D111B389
:1077E0000AB30023C36603689C68650642BF9C68B1
:1077F00024F040049C600D4CA3420ED004F1805450
:10780000A3420AD05C68240207D553E8004F44F035
:10781000806443E80045002DF7D1FFF751FF0020B9
:1078200038BD0220FCE70120FAE700BF0024004435
:10783000704738B50446002839D0437A03F0FF0278
:1078400013B90272FFF7F4FF022322686372136810
:10785000616823F004031360136823F0804323F06E
:1078600020030B4343F080431360136823F08043ED
:107870001360F9F759F9054623681A68510009D4CD
:107880001A6842F004021A605B685A0611D5042394
:1078900063720CE0F9F748F9401B0428ECD923681F
:1078A0001B685800E8D5012363720223E3600120BE
:1078B00038BDF9F739F905462368586810F0040017
:1078C00003D101236372E060F2E7F9F72DF9401B61
:1078D0000428F1D923685B685B07EDD50423E3E74F
:1078E000704770B50446002833D00268136823F04F
:1078F000804323F0200343F080431360136823F098
:1079000080431360F9F710F9064623681D6815F0E7
:1079100080450FD11A68204622F00C021A605A687E
:1079200022F060025A60FFF7DBFF65722846E560CF
:1079300025720FE0F9F7F8F8801B0428E5D92368D1
:107940001B685B00E1D5012363720223E36000231F
:107950002372012070BD7047002307B501930368AF
:107960005A68510709D45A6822F040025A60C36825
:1079700023F00803C360002018E01A6842F0804238
:107980001A601A6822F080421A6004220192019A59
:10799000013A0192019A62B901234372C3680272EB
:1079A00043F00203C360FFF7D6FF012003B05DF888
:1079B00004FB1A685200EAD45A68510642BF5A685A
:1079C00022F040025A6004220192019A013A019287
:1079D000019A002AE0D05A685207F6D4C7E7F8B5F2
:1079E000037A0446012B0E4643D00123427A0372E8
:1079F0009A42D5B239D10223437203685B685F06AD
:107A00001BD4F9F791F8074623685A68D0071CD5AC
:107A10009A6859682261490642BF0822E2605A68A2
:107A20004FF0000544BF22F001025A604FF00103FD
:107A300058BF32606372002315E00823C360FFF76C
:107A40008BFF0128DDD12846F8BDF9F76DF8C01B82
:107A50000428D9D923685B6813F00103D4D101222B
:107A600062720222E2602372EDE704221D46C260C8
:107A7000E1E70225E7E700002DE9F0474A4C05461B
:107A8000D4F83490D4F82880A36AD4F828A013F44A
:107A90007C5FA66BC3F3052000F0818001F0C6FE79
:107AA000C6F3CC0607460AF01000704301F0BEFE94
:107AB0004FF0645101F012FF0646C9F3080001F0CF
:107AC000B5FE0146304601F001FE4FF07E5101F057
:107AD000FDFD08F00303022B06465AD0032B5BD0B2
:107AE00023683248C3F3C103D84001F09FFE3946F2
:107AF00001F0A8FF314601F0F1FE2B4A0446106860
:107B000010F0007012D0906A10F480300ED0506BDC
:107B1000C0F3462001F08AFE4FF07E5101F0D6FD01
:107B20000146204601F08EFF02F028F81E4A286028
:107B3000106810F0007012D0906A10F400300ED06F
:107B4000506BC0F3064001F071FE4FF07E5101F022
:107B5000BDFD0146204601F075FF02F00FF8124B03
:107B600068601A6891011CD59A6A520319D5586B3E
:107B7000C0F3066001F05AFE4FF07E5101F0A6FD01
:107B80000146204601F05EFF01F0F8FFA860BDE865
:107B9000F08739460648ABE739460648A8E7C5E905
:107BA00000000020F2E700BF000C02540090D00358
:107BB0000024744A20BCBE4B2DE9F047444C0546D6
:107BC000D4F83C90D4F82C80E36AD4F82CA013F4B9
:107BD0007C5F266CC3F3052077D001F027FEC6F347
:107BE000CC0607460AF01000704301F01FFE4FF06C
:107BF000645101F073FE0646C9F3080001F016FE59
:107C00000146304601F062FD4FF07E5101F05EFD0D
:107C100008F00303022B064641D0032B42D0236811
:107C20002C48C3F3C103D84001F000FE394601F0EF
:107C300009FF314601F052FE254B0446D86A10F484
:107C400080300ED0D86BC0F3462001F0EFFD4FF02E
:107C50007E5101F03BFD0146204601F0F3FE01F0AC
:107C60008DFF1B4B2860D86A10F400300ED0D86B03
:107C7000C0F3064001F0DAFD4FF07E5101F026FD21
:107C80000146204601F0DEFE01F078FF104B6860EF
:107C9000DA6A520309D40020A860BDE8F0873946AB
:107CA0000D48C4E739460D48C1E7D86BC0F30660FC
:107CB00001F0BCFD4FF07E5101F008FD0146204669
:107CC00001F0C0FE01F05AFFE6E7C5E90000E2E777
:107CD000000C02540090D0030024744A20BCBE4B18
:107CE0002DE9F047444C0546D4F84490D4F8308050
:107CF000236BD4F830A013F47C5FA66CC3F305208B
:107D000077D001F093FDC6F3CC0607460AF01000C9
:107D1000704301F08BFD4FF0645101F0DFFD06462A
:107D2000C9F3080001F082FD0146304601F0CEFCA7
:107D30004FF07E5101F0CAFC08F00303022B064607
:107D400041D0032B42D023682C48C3F3C103D84051
:107D500001F06CFD394601F075FE314601F0BEFDC3
:107D6000254B0446186B10F480300ED0586CC0F3CD
:107D7000462001F05BFD4FF07E5101F0A7FC01466B
:107D8000204601F05FFE01F0F9FE1B4B2860186BE6
:107D900010F400300ED0586CC0F3064001F046FDE0
:107DA0004FF07E5101F092FC0146204601F04AFE60
:107DB00001F0E4FE104B68601A6B520309D40020F6
:107DC000A860BDE8F08739460D48C4E739460D483C
:107DD000C1E7586CC0F3066001F028FD4FF07E51FA
:107DE00001F074FC0146204601F02CFE01F0C6FEB5
:107DF000E6E7C5E90000E2E7000C02540090D0037A
:107E00000024744A20BCBE4B7FB500F17E420A4379
:107E100003462DD1B54AD2F8F030D2F8F01003F471
:107E20004073890703D5B3F5807F01F08A83D2F8C8
:107E3000F020120103D5B3F5007F01F08683AB4A31
:107E4000106810F4003010D0B3F5407F41F081830A
:107E5000D36903F47C53B3F5007FC1F07D83D3690C
:107E6000A348C3F30523B0FBF3F007B05DF804FBB0
:107E7000A0F580120A4300F0C3819E4A904271F13E
:107E8000000280F09C80A0F580620A4300F0CB8461
:107E900040F20142904271F100024AD2A0F1200268
:107EA0000A4300F06483212871F1000223D20928DB
:107EB00071F1000218D250EA010201F05083431E12
:107EC00041F1FF31082B71F1000181F04B83072B49
:107ED00001F24883DFE813F0FF014302460B8902F9
:107EE000460B460B460BC702A0F110030B4300F0F4
:107EF000FC820020B9E7A0F580720A4300F00784F5
:107F000040F20112904271F100020BD2A0F1400246
:107F10000A4300F06E83A0F180030B4300F0B183AD
:107F20000020A2E7A0F500730B4300F03684002088
:107F30009BE7A0F500420A4300F0E48548F2010205
:107F4000904271F100021DD2A0F500520A4300F0E8
:107F5000858542F20102904271F100020BD2A0F538
:107F600000620A4300F0A084A0F580530B4300F0A8
:107F7000E184002079E7A0F580430B4300F0988569
:107F8000002072E7A0F580220A4300F095865A4A45
:107F9000904271F100020BD2A0F580320A4300F04A
:107FA0000B86A0F500330B4300F0268600205CE72B
:107FB000A0F500230B4300F0DA80002055E70022F3
:107FC0000220814208BF934201F023829A428841F5
:107FD00049D303F17040084301F0AA804748834227
:107FE00071F1000021D2A3F500020A4300F0628182
:107FF000434A934271F100020BD2A3F500120A43E7
:1080000000F0DB84A3F580030B4300F042810020E5
:108010002BE703F17C420A4301F03F8203F17843EE
:108020000B4301F03A8000201FE74FF000409142DF
:1080300008BF834201F06381984272EB01000BD3C9
:1080400003F160420A4301F0C88003F140430B434F
:1080500001F01081002008E7012908BF934201F0D8
:108060009381002001E74020814208BF934200F045
:10807000E3869A42884145D31020814208BF93424B
:1080800001F038829A42884129D3042908BF9342DB
:1080900000F0E1870020082908BF83427FF4E5AEA5
:1080A000124AD2F8E830D2F8F01003F0C003890782
:1080B00002D5002B01F0CC82D2F8F020100102D5BD
:1080C000402B01F0C982094A106810F400703FF497
:1080D000CCAE802B48F2120018BF0020C5E6202944
:1080E00008BF934200F048860020BEE6000C025410
:1080F00040787D0101001000010004000100001023
:10810000010080004FF40070814208BF934200F0EC
:108110008C849A42884122D3802908BF934200F080
:10812000F1860020B1F5807F08BF83427FF49DAEC9
:108130009B4AD2F8DC3003F0E043B3F1405F00F03B
:10814000658700F23F87B3F1805F00F05187B3F19C
:10815000005F00F05587002B00F0F28385E6B1F553
:10816000806F08BF934200F0F68400207DE68C4AC1
:10817000D2F8E83003F4E023B3F5003F18D007D875
:108180007BB9002303A80493FFF776FC04986CE600
:10819000B3F5403F01F0E981B3F5802F0FD0002007
:1081A00063E6002368460093FFF706FD00985CE64F
:1081B000002303A80393FFF793FD039855E6D2F835
:1081C000E830116803F04043880706D52BB91368DF
:1081D0007448C3F3C103D84047E6714A1168890562
:1081E00003D5B3F1804F01F0C381106810F4003063
:1081F0003FF43BAEB3F1004F6B4818BF002034E6AC
:10820000674AD2F8E83003F46013B3F5801F18D042
:1082100007D87BB9002303A80493FFF72DFC04982B
:1082200023E6B3F5C01F01F0A681B3F5001F0FD000
:1082300000201AE6002368460093FFF7BDFC009873
:1082400013E6002303A80393FFF74AFD03980CE607
:10825000D2F8E830116803F04043880706D52BB9FF
:1082600013685048C3F3C103D840FEE54C4A116877
:10827000890503D5B3F1804F01F08081106810F4B7
:1082800000303FF4F2ADB3F1004F474818BF002073
:10829000EBE5434BD3F8E4305B0606D4002303A898
:1082A0000493FFF7E9FB0498DFE56846FFF784FCD9
:1082B0000298DAE53A4BD3F8E430180606D40023E6
:1082C00003A80493FFF7D8FB0498CEE56846FFF7B0
:1082D00073FC0298C9E5324AD2F8D83013F007038C
:1082E00004D107B05DF804EBFDF7BEB811680901D1
:1082F00008D5012B06D1002368460193FFF75CFCEB
:108300000198B2E51268900008D5022B06D100232F
:1083100003A80493FFF7E4FC0498A6E5204A11683B
:10832000890707D5032B05D113681E48C3F3C10382
:10833000D8409AE51268920502D5042B01F02181FC
:10834000174AD2F8F00010F002003FF48EADA3F10E
:10835000050CDCF1000343EB0C03D80385E5104A60
:10836000D2F8D83013F0380304D107B05DF804EB2D
:10837000FDF768B81268100108D5082B06D1002354
:1083800068460193FFF718FC01986EE5102B0DD19C
:10839000002303A80493FFF7A3FC049865E500BF3E
:1083A000000C02540090D00340787D019B4A116874
:1083B000890707D5182B05D113689948C3F3C10362
:1083C000D84052E51268920502D5202B01F0DC80DE
:1083D000924AD2F8F00010F002003FF446ADA3F14B
:1083E000280043424341D8033FE58C4AD2F8D830B5
:1083F00013F4E073B9D01168090108D5402B06D1F8
:10840000002368460193FFF7D7FB01982DE512681A
:10841000900008D5802B06D1002303A80493FFF712
:108420005FFC049821E57D4A1168890707D5C02BB8
:1084300005D113687A48C3F3C103D84015E5126823
:10844000920503D5B3F5807F01F0A180734AD2F87D
:10845000F00010F002003FF408ADA3F5A070434215
:108460004341D80301E56D4AD2F8D83013F4606374
:108470003FF47BAF1168090109D5B3F5007F06D140
:10848000002368460193FFF797FB0198EDE412681B
:10849000900009D5B3F5806F06D1002303A804939B
:1084A000FFF71EFC0498E0E45C4A1168890708D5D0
:1084B000B3F5C06F05D113685948C3F3C103D84061
:1084C000D3E41268920503D5B3F5006F01F0628022
:1084D000524AD2F8F00010F002003FF4C6ACA3F507
:1084E000206043424341D803BFE44C4AD2F8D8301D
:1084F00013F4E0433FF439AF1168090109D5B3F52E
:10850000805F06D1002368460193FFF755FB019871
:10851000ABE41268900009D5B3F5005F06D10023E3
:1085200003A80493FFF7DCFB04989EE43B4A116820
:10853000890708D5B3F5405F05D113683848C3F300
:10854000C103D84091E41268920503D5B3F5804F7A
:1085500001F02380314AD2F8F00010F002003FF41D
:1085600084ACA3F5A04043424341D8037DE42B4AA9
:10857000D2F8D83013F460333FF4F7AE1168090134
:1085800009D5B3F5004F06D1002368460193FFF7E4
:1085900013FB019869E41268900009D5B3F5803F98
:1085A00006D1002303A80493FFF79AFB04985CE428
:1085B0001A4A1168890708D5B3F5C03F05D1136879
:1085C0001748C3F3C103D8404FE41268920503D59E
:1085D000B3F5003F00F0E487104AD2F8F00010F045
:1085E00002003FF442ACA3F5203043424341D8039C
:1085F0003BE40A4AD2F8D83013F4E0133FF4B5AEA6
:10860000116809010ED5B3F5802F0BD10023684600
:108610000193FFF7D1FA019827E400BF000C025440
:108620000090D0031268900009D5B3F5002F06D151
:10863000002303A80493FFF753FB049815E4A44A0E
:108640001168890708D5B3F5402F05D11368A148F3
:10865000C3F3C103D84008E41268920503D5B3F50B
:10866000801F00F0A0879A4AD2F8F00010F00200B4
:108670003FF4FBABA3F5A01043424341D803FFF7FF
:10868000F4BB934AD2F8D83013F460033FF46DAED4
:10869000116809010AD5B3F5001F07D10023684608
:1086A0000193FFF789FA0198FFF7DFBB126890008A
:1086B0000AD5B3F5800F07D1002303A80493FFF771
:1086C0000FFB0498FFF7D1BB814A1168890709D5D0
:1086D000B3F5C00F06D113687E48C3F3C103D84079
:1086E000FFF7C3BB1268920503D5B3F5000F00F086
:1086F0005D87774AD2F8F00010F002003FF4B5AB86
:10870000A3F5200043424341D803FFF7AEBB704AB4
:10871000D2F8D83013F0E0633FF427AE11680901B6
:108720000AD5B3F1807F07D1002368460193FFF794
:1087300043FA0198FFF799BB126890000AD5B3F18C
:10874000007F07D1002303A80493FFF7C9FA049818
:10875000FFF78BBB5E4A1168890709D5B3F1407FEB
:1087600006D113685B48C3F3C103D840FFF77DBB54
:108770001268920503D5B3F1806F00F01A87544A4E
:10878000D2F8F00010F002003FF46FAB03F17B4031
:1087900043424341D803FFF768BB4D4AD2F8D83073
:1087A00013F060533FF4E1AD116809010AD5B3F14C
:1087B000006F07D1002368460193FFF7FDF9019888
:1087C000FFF753BB126890000AD5B3F1805F07D161
:1087D000002303A80493FFF783FA0498FFF745BB2F
:1087E0003B4A1168890709D5B3F1C05F06D1136808
:1087F0003848C3F3C103D840FFF737BB126892056E
:1088000003D5B3F1005F00F0D786314AD2F8F0000B
:1088100010F002003FF429AB03F1584043424341BA
:10882000D803FFF722BB2A4AD2F8DC3013F0070343
:108830003FF49BAD1168090109D5012B07D1002335
:1088400068460193FFF7B8F90198FFF70EBB12686D
:10885000900009D5022B07D1002303A80493FFF74A
:108860003FFA0498FFF701BB194A1168890708D538
:10887000032B06D113681748C3F3C103D840FFF791
:10888000F4BA1268920502D5042B00F09886104ABB
:10889000D2F8F00010F002003FF4E7AA581F43425C
:1088A0004341D803FFF7E1BA094AD2F8DC3013F0AC
:1088B00070033FF45AAD116809010DD5102B0BD18F
:1088C000002368460193FFF777F90198FFF7CDBAC7
:1088D000000C02540090D0031268900009D5202BA0
:1088E00007D1002303A80493FFF7FAF90498FFF7D0
:1088F000BCBAAE4A1168890708D5302B06D1136877
:10890000AB48C3F3C103D840FFF7AFBA1268920572
:1089100002D5402B00F05686A44AD2F8F00010F0A1
:1089200002003FF4A2AAA3F1500043424341D803FE
:10893000FFF79BBA9D4AD2F8E03013F0E06304D110
:1089400007B05DF804EBFCF7A1BDB3F1807F07D160
:10895000002368460193FFF72FF90198FFF785BAC6
:10896000B3F1007F07D1002303A80493FFF7B8F900
:108970000498FFF77ABA1168890709D5B3F1407FE7
:1089800006D113688A48C3F3C103D840FFF76DBA14
:10899000864A1168880503D5B3F1806F00F015860B
:1089A000D2F8F00010F002003FF45FAA03F17B411F
:1089B0004B424B41D803FFF758BA7C4AD2F8E83013
:1089C00013F0070304D107B05DF804EBFCF724BDF6
:1089D000012B04D107B05DF804EBFCF767BC022B58
:1089E00005D16846FFF7E8F80298FFF73EBA12682B
:1089F000920302D5032B00F0EB856C4A11688807BF
:108A000008D5042B06D113686948C3F3C103D840C5
:108A1000FFF72BBA106810F400703FF426AA052B5C
:108A2000644818BF0020FFF720BA604AD2F8E83047
:108A3000D2F8F01003F00803890702D5002B00F0EC
:108A4000CA85D2F8F00010F000603FF40EAA002BA7
:108A500014BF4FF4FA400020FFF707BA534AD2F888
:108A6000E43013F440333FF480ACB3F5803F05D1DC
:108A700003A8FFF735F90598FFF7F7B911688807DC
:108A800009D5B3F5003F06D113684948C3F3C103C4
:108A9000D840FFF7EAB9454A106810F400703FF477
:108AA000E4A9B3F5403F434818BF0020FFF7DDB904
:108AB0003E4AD2F8E43013F440233FF456ACB3F509
:108AC000802F05D103A8FFF70BF90598FFF7CDB963
:108AD0001168890709D5B3F5002F06D1136834480A
:108AE000C3F3C103D840FFF7C0B9304A106810F48F
:108AF00000703FF4BAA9B3F5402F2E4818BF0020EC
:108B0000FFF7B3B9294AD2F8E43013F440133FF425
:108B100017AFB3F5801F05D103A8FFF7E1F805985B
:108B2000FFF7A3B91168880709D5B3F5001F06D16F
:108B300013681F48C3F3C103D840FFF796B9106804
:108B400010F400703FF491A9B3F5401F194818BF05
:108B50000020FFF78AB9154AD2F8E43013F4400335
:108B60003FF4EEAEB3F5800F05D103A8FFF7B8F8D8
:108B70000598FFF77AB91168890709D5B3F5000F91
:108B800006D113680A48C3F3C103D840FFF76DB993
:108B9000064A106810F400703FF467A9B3F5400F5F
:108BA000044818BF0020FFF760B900BF000C025452
:108BB0000090D00300093D00B24AD2F8E43013F02F
:108BC00040733FF4D2ABB3F1807F05D103A8FFF728
:108BD00087F80598FFF749B9106810F002003FF4D4
:108BE00044A9B3F1007F40F0FA841368A648C3F3A8
:108BF000C103D840FFF739B9A24AD2F8DC3003F4F8
:108C0000E063B3F5407F23D00BD8B3F5807F11D05C
:108C1000B3F5007F16D0002B3FF492AE0020FFF793
:108C200024B9B3F5806F1AD0B3F5A06F21D000201E
:108C3000FFF71BB9002368460093FEF7BDFF0098BD
:108C4000FFF713B903A8FFF74BF80598FFF70DB925
:108C5000D2F8F000C0F34000C003FFF706B9D2F825
:108C6000F03013F0006F14BF4FF4FA400020FFF70C
:108C7000FCB8D2F8E830116803F04043880707D504
:108C800033B913688048C3F3C103D840FFF7EDB888
:108C90007C4A1168890503D5B3F1804F00F0A284A6
:108CA000106810F400303FF4E0A8B3F1004F7748AB
:108CB00018BF0020FFF7D9B8724AD2F8DC3003F4AD
:108CC000E043B3F5405F23D00BD8B3F5805F11D0FC
:108CD000B3F5005F16D0002B3FF447AB0020FFF741
:108CE000C4B8B3F5804F1AD0B3F5A04F21D00020FF
:108CF000FFF7BBB8002368460093FEF75DFF0098BE
:108D0000FFF7B3B803A8FEF7EBFF0598FFF7ADB880
:108D1000D2F8F000C0F34000C003FFF7A6B8D2F8C5
:108D2000F03013F0006F14BF4FF4FA400020FFF74B
:108D30009CB8D2F8E830116803F04043880707D5A3
:108D400033B913685048C3F3C103D840FFF78DB857
:108D50004C4A1168890503D5B3F1804F00F0458472
:108D6000106810F400303FF480A8B3F1004F47487A
:108D700018BF0020FFF779B8424AD2F8DC3003F47C
:108D8000E023B3F5403F23D00BD8B3F5803F11D09B
:108D9000B3F5003F16D0002B3FF4D2AD0020FFF713
:108DA00064B8B3F5802F1AD0B3F5A02F21D00020DE
:108DB000FFF75BB8002368460093FEF7FDFE0098BE
:108DC000FFF753B803A8FEF78BFF0598FFF74DB8E0
:108DD000D2F8F000C0F34000C003FFF746B8D2F865
:108DE000F03013F0006F14BF4FF4FA400020FFF78B
:108DF0003CB8D2F8E830116803F04043880707D543
:108E000033B913682048C3F3C103D840FFF72DB826
:108E10001C4A1168890503D5B3F1804F00F0E8833F
:108E2000106810F400303FF420A8B3F1004F174849
:108E300018BF0020FFF719B8124AD2F8DC3003F44B
:108E4000E003B3F5401F29D00BD8B3F5801F11D034
:108E5000B3F5001F1CD0002B3FF472AD0020FFF7CC
:108E600004B8B3F5800F20D0B3F5A00F27D00020B1
:108E7000FEF7FBBF002368460093FEF79DFE0098B7
:108E8000FEF7F3BF000C02540090D00340787D0140
:108E900003A8FEF725FF0598FEF7E7BFD2F8F0001C
:108EA000C0F34000C003FEF7E0BFD2F8F03013F08B
:108EB000006F14BF4FF4FA400020FEF7D6BFD2F87F
:108EC000E830116803F04043880707D533B91368C9
:108ED000AC48C3F3C103D840FEF7C7BFAA4A116824
:108EE000890503D5B3F1804F00F08583106810F435
:108EF00000303EF4BAAFB3F1004FA44818BF0020D1
:108F0000FEF7B3BFA04AD2F8DC3003F0E063B3F160
:108F1000407F23D00BD8B3F1807F11D0B3F1007F15
:108F200016D0002B3FF40CAD0020FEF79EBFB3F12E
:108F3000806F1AD0B3F1A06F21D00020FEF795BF4B
:108F4000002368460093FEF737FE0098FEF78DBFBA
:108F500003A8FEF7C5FE0598FEF787BFD2F8F0001C
:108F6000C0F34000C003FEF780BFD2F8F03013F02A
:108F7000006F14BF4FF4FA400020FEF776BFD2F81E
:108F8000E830116803F04043880707D533B9136808
:108F90007C48C3F3C103D840FEF767BF7A4A116823
:108FA000890503D5B3F1804F00F02883106810F4D1
:108FB00000303EF45AAFB3F1004F744818BF0020A0
:108FC000FEF753BFB3F1804F27D0B3F1A04F7EF42B
:108FD0004CAFD2F8E830116803F04043880726D53B
:108FE0002BBB13686748C3F3C103D840FEF73DBFEE
:108FF000002368460093FEF7DFFD0098FEF735BFBB
:1090000003A8FEF76DFE0598FEF72FBFD2F8F0001B
:10901000C0F34000C003FEF728BFD2F8F03013F0D1
:10902000006F14BF4FF4FA400020FEF71EBF564AEF
:109030001168890503D5B3F1804F00F0E282106812
:1090400010F400303EF411AFB3F1004F4F4818BF99
:109050000020FEF70ABF4C4AD2F8E830126803F449
:109060004073900302D5002B00F0CE82B3F5807FD1
:1090700007D1002303A80493FEF7FEFC0498FEF733
:10908000F4BEB3F5007F40F0C2820023684601932E
:10909000FEF792FD0198FEF7E8BE3B4AD2F8E030B9
:1090A00003F00703042B00F2B582DFE803F0060E9D
:1090B00016031E003648FEF7D8BE002303A804930B
:1090C000FEF7DAFC0498FEF7D0BE00236846009352
:1090D000FEF772FD0098FEF7C8BE002303A80393B5
:1090E000FEF7FEFD0398FEF7C0BED2F8E830116827
:1090F00003F04043890707D533B913682148C3F308
:10910000C103D840FEF7B1BE1F4A1168880503D5D8
:10911000B3F1804F00F08182106810F400303EF40B
:10912000A4AEB3F1004F194818BF0020FEF79DBE52
:10913000154AD2F8E03003F03803102B19D008D8C4
:109140007BB9002303A80493FEF796FC0498FEF76E
:109150008CBE182B00F06482202B1BD00020FEF761
:1091600084BE002368460093FEF726FD0098FEF7B4
:109170007CBE002303A80393FEF7B2FD0398FEF71D
:1091800074BE00BF0090D003000C025440787D01F3
:109190000080BB00D2F8E830116803F04043890733
:1091A00007D533B91368A548C3F3C103D840FEF708
:1091B0005CBEA34A1168880503D5B3F1804F00F067
:1091C0003282106810F400303EF44FAEB3F1004F1D
:1091D0009C4818BF0020FEF748BE994AD2F8E030FC
:1091E00003F4E073802B1AD008D883B9002303A8B6
:1091F0000493FEF741FC0498FEF737BEC02B00F045
:109200001582B3F5807F12D00020FEF72EBE00231A
:1092100068460093FEF7D0FC0098FEF726BE0023B8
:1092200003A80393FEF75CFD0398FEF71EBED2F879
:10923000E830116803F04043890707D533B9136854
:109240007E48C3F3C103D840FEF70FBE7C4A1168C5
:10925000880503D5B3F1804F00F0EB81106810F45E
:1092600000303EF402AEB3F1004F764818BF002044
:10927000FEF7FBBD724AD2F8E03013F460633FF4AE
:1092800030A8116809010AD5B3F5007F07D1002382
:1092900068460193FEF790FC0198FEF7E6BD126860
:1092A00090000AD5B3F5806F07D1002303A804937B
:1092B000FEF716FD0498FEF7D8BD614A11688907CC
:1092C00009D5B3F5C06F06D113685C48C3F3C10379
:1092D000D840FEF7CABD1268900503D5B3F5006FFC
:1092E00000F0AA81564A106810F400303EF4BDAD7B
:1092F000B3F5206F534818BF0020FEF7B6BD504AA3
:10930000D2F8E03013F4E0433FF41AAB11680901DE
:109310000AD5B3F5805F07D1002368460193FEF7B5
:109320004BFC0198FEF7A1BD126890000AD5B3F579
:10933000005F07D1002303A80493FEF7D1FC049833
:10934000FEF793BD3E4A1168890709D5B3F5405F22
:1093500006D113683948C3F3C103D840FEF785BD71
:109360001268900503D5B3F5804F00F06881344A48
:10937000106810F400303EF478ADB3F5A04F3148DA
:1093800018BF0020FEF771BD2D4AD2F8E03013F46B
:1093900060333EF4A6AF116809010AD5B3F5004F5A
:1093A00007D1002368460193FEF706FC0198FEF7FB
:1093B0005CBD126890000AD5B3F5803F07D1002349
:1093C00003A80493FEF78CFC0498FEF74EBD1C4ADC
:1093D0001168890709D5B3F5C03F06D1136817484E
:1093E000C3F3C103D840FEF740BD1268900503D512
:1093F000B3F5003F00F02681114A106810F40030E8
:109400003EF433ADB3F5203F0E4818BF0020FEF701
:109410002CBD0B4AD2F8E43003F00303022B13D027
:10942000032B17D0012B7FF4CEAA002303A80493AB
:10943000FEF722FB0498FEF718BD00BF0090D00392
:10944000000C025440787D016846FEF7B5FB029897
:10945000FEF70BBDD2F8E830116803F040438907EE
:1094600007D533B913688248C3F3C103D840FEF768
:10947000FCBC804A1168880503D5B3F1804F00F029
:10948000E480106810F400303EF4EFACB3F1004F0C
:10949000794818BF0020FEF7E8BC764AD2F8E830D9
:1094A000116803F03003890402D5002B00F0D88046
:1094B0001268920109D5102B07D1002303A8049349
:1094C000FEF7DAFA0498FEF7D0BC6A4AD2F8F01038
:1094D000880702D5202B00F0C680D2F8F00010F0EB
:1094E00000603EF4C2AC302B0CBF4FF4FA400020B9
:1094F000FEF7BBBC5F4AD2F8E43003F03003102B18
:1095000007D1002303A80493FEF7B6FA0498FEF7E8
:10951000ACBC1168890009D5202B07D1002303A812
:109520000493FEF7DDFB0498FEF79FBC106810F46F
:1095300000503EF49AAC302B504818BF0020FEF784
:1095400094BC4FF40040FEF790BC4FF4FA40FEF795
:109550008CBC0020FEF789BC0020FEF786BC0020F2
:10956000FEF783BC0020FEF780BC4548FEF77DBCBB
:109570004448FEF77ABC4248FEF777BC4148FEF704
:1095800074BC4048FEF771BC3E48FEF76EBC3D48D7
:10959000FEF76BBC3B48FEF768BC3A48FEF765BC7B
:1095A0003848FEF762BC3748FEF75FBC3548FEF727
:1095B0005CBC3448FEF759BC3248FEF756BC314813
:1095C000FEF753BC2F48FEF750BC2E48FEF74DBCAB
:1095D0002948FEF74ABC4FF40040FEF746BC002085
:1095E000FEF743BC2748FEF740BC2648FEF73DBCCB
:1095F0002448FEF73ABC2348FEF737BC2148FEF763
:1096000034BC2048FEF731BC1B48FEF72EBC0020BE
:10961000FEF72BBC0020FEF728BC1A48FEF725BC3D
:109620001748FEF722BC1748FEF71FBC1448FEF788
:109630001CBC1448FEF719BC1248FEF716BC1148B2
:10964000FEF713BC0F48FEF710BC0E48FEF70DBC2A
:109650004FF40040FEF709BC4FF4FA40FEF705BC9A
:109660000648FEF702BC4FF40040FEF7FEBB00BF09
:109670000090D003000C025440787D01006CDC02A5
:109680000080BB0000093D002DE9E04F2746A046C1
:10969000A146A246A346A446A2B02DEC000A84F33C
:1096A000008825462646A447EFF3148515F0080FD9
:1096B00018BFB0EE400A3DEC000A22B0BDE8E08FD2
:1096C00080F0004002E000BF81F0004142001FBF77
:1096D0005FEA410392EA030F7FEA226C7FEA236C80
:1096E0006AD04FEA1262D2EB1363C1BFD218414075
:1096F00048404140B8BF5B42192B88BF704710F00B
:10970000004F40F4000020F07F4018BF404211F0AD
:10971000004F41F4000121F07F4118BF494292EA15
:10972000030F3FD0A2F1010241FA03FC10EB0C0041
:10973000C3F1200301FA03F100F0004302D54942CE
:1097400060EB4000B0F5000F13D3B0F1807F06D37B
:1097500040084FEA310102F10102FE2A51D2B1F173
:10976000004F40EBC25008BF20F0010040EA030068
:109770007047490040EB0000013A28BFB0F5000FE8
:10978000EDD2B0FA80FCACF1080CB2EB0C0200FA9E
:109790000CF0AABF00EBC25052421843BCBFD040ED
:1097A0001843704792F0000F81F4000106BF80F467
:1097B00000000132013BB5E74FEA41037FEA226C2A
:1097C00018BF7FEA236C21D092EA030F04D092F0F5
:1097D000000F08BF0846704790EA010F1CBF002029
:1097E000704712F07F4F04D1400028BF40F0004086
:1097F000704712F100723CBF00F50000704700F0A6
:10980000004343F0FE4040F4000070477FEA2262CC
:1098100016BF08467FEA23630146420206BF5FEA9D
:10982000412390EA010F40F4800070474FF000039D
:1098300004E000BF10F0004348BF40425FEA000C64
:1098400008BF704743F0964301464FF000001CE00C
:1098500050EA010208BF70474FF000030AE000BF62
:1098600050EA010208BF704711F0004302D54042A0
:1098700061EB41015FEA010C02BF84460146002012
:1098800043F0B64308BFA3F18053A3F50003BCFA2D
:109890008CF2083AA3EBC25310DB01FA02FC6344DA
:1098A00000FA02FCC2F12002BCF1004F20FA02F2E1
:1098B00043EB020008BF20F00100704702F12002D4
:1098C00001FA02FCC2F1200250EA4C0021FA02F235
:1098D00043EB020008BF20EADC7070474FF0FF0C3A
:1098E0001CEAD0521EBF1CEAD15392EA0C0F93EA35
:1098F0000C0F6FD01A4480EA010C400218BF5FEAD7
:1099000041211ED04FF0006343EA501043EA511149
:10991000A0FB01310CF00040B1F5000F3EBF490043
:1099200041EAD3715B0040EA010062F17F02FD2A47
:109930001DD8B3F1004F40EBC25008BF20F001002A
:10994000704790F0000F0CF0004C08BF49024CEA41
:10995000502040EA51207F3AC2BFD2F1FF0340EAD3
:10996000C250704740F400004FF00003013A5DDC44
:1099700012F1190FDCBF00F000407047C2F1000285
:10998000410021FA02F1C2F1200200FA02FC5FEA72
:10999000310040F1000053EA4C0308BF20EADC70BC
:1099A000704792F0000F00F0004C02BF400010F42E
:1099B000000F013AF9D040EA0C0093F0000F01F0DB
:1099C000004C02BF490011F4000F013BF9D041EAFD
:1099D0000C018FE70CEAD15392EA0C0F18BF93EAFF
:1099E0000C0F0AD030F0004C18BF31F0004CD8D129
:1099F00080EA010000F00040704790F0000F17BFB0
:109A000090F0004F084691F0000F91F0004F14D0F5
:109A100092EA0C0F01D142020FD193EA0C0F03D14D
:109A20004B0218BF084608D180EA010000F0004050
:109A300040F0FE4040F40000704740F0FE4040F42B
:109A4000400070474FF0FF0C1CEAD0521EBF1CEACA
:109A5000D15392EA0C0F93EA0C0F69D0A2EB0302E8
:109A600080EA010C49024FEA402037D04FF0805382
:109A700043EA111143EA10130CF000408B4238BF47
:109A80005B0042F17D024FF4000C8B4224BF5B1A55
:109A900040EA0C00B3EB510F24BFA3EB510340EAA3
:109AA0005C00B3EB910F24BFA3EB910340EA9C0051
:109AB000B3EBD10F24BFA3EBD10340EADC001B01C1
:109AC00018BF5FEA1C1CE0D1FD2A3FF650AF8B4265
:109AD00040EBC25008BF20F0010070470CF0004C72
:109AE0004CEA50207F32C2BFD2F1FF0340EAC2509D
:109AF000704740F400004FF00003013A37E792F05E
:109B0000000F00F0004C02BF400010F4000F013ABB
:109B1000F9D040EA0C0093F0000F01F0004C02BFB6
:109B2000490011F4000F013BF9D041EA0C0195E71F
:109B30000CEAD15392EA0C0F08D142027FF47DAFB8
:109B400093EA0C0F7FF470AF084676E793EA0C0FA8
:109B500004D14B023FF44CAF08466EE730F0004CA6
:109B600018BF31F0004CCAD130F000427FF45CAF36
:109B700031F000437FF43CAF5FE700BF42000ED2FC
:109B8000B2F1FE4F0BD34FF09E03B3EB126209D438
:109B90004FEA002343F0004323FA02F070474FF0EE
:109BA0000000704712F1610F01D1420202D14FF063
:109BB000FF3070474FF00000704700BF53B94AB9FB
:109BC000002908BF00281CBF4FF0FF314FF0FF30C5
:109BD00000F0B2B9ADF1080C6DE904CE00F006F862
:109BE000DDF804E0DDE9022304B070472DE9F04F11
:109BF0008C46099E04460F46002B48D18A421546E2
:109C00005ED9B2FA82F33BB1C3F120029F409D407E
:109C10009C4020FA02F217434FEA154E1FFA85FCCA
:109C2000220CB7FBFEF10EFB117701FB0CF042EAB0
:109C30000742904207D9AA1801F1FF3702D2904299
:109C400000F258813946121AA4B2B2FBFEF00EFBA4
:109C5000102200FB0CFC44EA0244A4450BD92C1949
:109C600000F1FF322CBF01270027A44502D9002FA5
:109C700000F04381104640EA0140A4EB0C040021AF
:109C80001EB1DC400023C6E90043BDE8F08F8B42E3
:109C900006D90EB1C6E9000100210846BDE8F08FE3
:109CA000B3FA83F1002951D16345C0F01681824295
:109CB00040F213810846002EE7D0C6E90047E4E7EA
:109CC000002A00F0AF80B2FA82F3002B40F0C2808D
:109CD0008A1A4FEA154EAFB20121200CB2FBFEFCEE
:109CE0000EFB1C2240EA024207FB0CF090420ED908
:109CF000AA180CF1FF382CBF4FF001094FF00009F2
:109D0000904203D9B9F1000F00F0F080C446121A56
:109D1000A4B2B2FBFEF00EFB102200FB07F744EAF0
:109D20000244A7420ED92C1900F1FF322CBF4FF08C
:109D3000010E4FF0000EA74203D9BEF1000F00F054
:109D4000D2801046E41B40EA0C4099E7C1F120059F
:109D50008B400CFA01F400FA01F922FA05F72CFA0B
:109D600005FC8A401F4320FA05F3380C23431FFAF1
:109D700087FE1C0CBCFBF0F800FB18CC44EA0C443A
:109D800008FB0EFCA4450ED93C1908F1FF3A2CBF84
:109D90004FF0010B4FF0000BA44503D9BBF1000FAE
:109DA00000F0B880D046A4EB0C041FFA83FCB4FB8F
:109DB000F0F300FB134403FB0EFE4CEA0444A645FB
:109DC0000ED93C1903F1FF302CBF4FF0010C4FF0BE
:109DD000000CA64503D9BCF1000F00F09F8003469C
:109DE00043EA0840A4EB0E04A0FB02EC6445734672
:109DF000E04602D307D1F14505D2BEEB02036CEB7E
:109E0000070C0138E0465EB1B9EB030264EB0804CD
:109E100004FA05F522FA01F3CC401D43C6E90054CB
:109E2000002132E742082F464B08AC4642EAC17295
:109E3000AE46C407110C92B241EA034142EA014224
:109E4000B1FBF5F1B3FBF5F01F23A2EB0C0241EAE5
:109E5000004142E79D40C3F1200299409C402CFA0A
:109E600002FC4FEA154E20FA02F2AFB2BCFBFEF83C
:109E70000A430EFB18CC110C41EA0C4108FB07FC0D
:109E80008C4550D9691808F1FF302CBF4FF00109FB
:109E90004FF000098C4502D9B9F1000F30D0A1EB89
:109EA0000C01B1FBFEF808FB07FC0EFB181192B287
:109EB00042EA0142624534D2AA1808F1FF312CBFB0
:109EC0004FF001094FF000096245BED2B9F1000F11
:109ED000BBD1A8F102012A44B7E7841A6CEB030254
:109EE00001201746E7E62C4402382BE7ACF1020CC0
:109EF0002A440CE702392A44A5E62C440238BAE683
:109F0000A5EB0C0CA8F102006144B1FBFEF808FBC4
:109F100007FCCAE7A8F102083C4444E7023B3C4482
:109F20005EE7414691E7A1EB0C014046B1FBFEF82C
:109F300008FB07FCB9E700BF704700BF58B4010C2D
:109F4000000004302E0000000000000000000000AF
:109F500000000000B80004301E12000000000000E5
:109F600000000000010000000200000004000000EA
:109F7000040000000164000050B1010C0040040026
:109F8000000008000365000098B1010C00001000FB
:109F9000000008000264000050B1010C0000100035
:109FA000000010000465000098B1010C00001800CA
:109FB0000000100054686973206465766963652049
:109FC0006973201B5B313B316D4E4F542053454329
:109FD000555245005468697320646576696365204D
:109FE0007761732070726F766973696F6E65642034
:109FF000776974682064756D6D79206B6579732E4F
:10A0000020001B5B313B33316D001E25732573250A
:10A010007325730A001B5B306D0028426567696E0B
:10A020006E696E6720424C322070726F7669736978
:10A030006F6E696E670A0054464D5F44554D4D5929
:10A040005F50524F564953494F4E494E472069730E
:10A05000206E6F74207375697461626C6520666F21
:10A06000722070726F64756374696F6E2120000ACC
:10A07000506C6174666F726D20696E6974206661E0
:10A08000696C65640A00285374617274696E672094
:10A09000626F6F746C6F616465720A000A4F54508E
:10A0A0002073797374656D20696E697469616C6978
:10A0B0007A6174696F6E206661696C65640A000A72
:10A0C00050726F766973696F6E696E672072657121
:10A0D000756972656420636865636B206661696C8D
:10A0E00065640A000A50726F766973696F6E696EF3
:10A0F00067206661696C65640A000A4572726F7256
:10A10000207768696C6520696E697469616C697A29
:10A11000696E672074686520736563757269747908
:10A1200020636F756E7465720A000A506C61746604
:10A130006F726D20706F737420696E697420666130
:10A14000696C65640A000A50534120437279707447
:10A150006F20696E6974206661696C656420776937
:10A160007468206572726F7220636F646520256465
:10A170000A0045432D5032353600285053412043C4
:10A18000727970746F20696E697420646F6E652CCB
:10A19000207369675F747970653A20257325730AA7
:10A1A000000A5072652D6C6F6164207374657020B5
:10A1B000666F7220696D616765202564206661693C
:10A1C0006C65640A000A556E61626C6520746F20CC
:10A1D00066696E6420626F6F7461626C6520696D80
:10A1E0006167650A000A506F73742D6C6F6164209B
:10A1F0007374657020666F7220696D6167652025D4
:10A2000064206661696C65640A0028426F6F746C33
:10A210006F6164657220636861696E6C6F61642050
:10A2200061646472657373206F66667365743A2047
:10A23000307825780A0028496D6167652076657257
:10A2400073696F6E3A207625642E25642E25640A84
:10A2500000284A756D70696E6720746F2074686598
:10A2600020666972737420696D61676520736C6F15
:10A27000740A000A617265612025642073697A6539
:10A280002030782578206E6F742064697669736950
:10A29000626C6520627920736563746F72207369E4
:10A2A0007A6520307825780A000A666C6173682028
:10A2B0006172656120256420736563746F72206329
:10A2C0006F756E74206F766572666C6F770A000A20
:10A2D000496D6167652025643A2053504920646FB9
:10A2E000776E6C6F6164206F70656E20666F722090
:10A2F0006572617365206661696C65640A0028494E
:10A300006D6167652025643A2065726173696E67C7
:10A310002053504920646F776E6C6F6164203078F1
:10A3200025782B307825780A000A496D6167652009
:10A3300025643A2053504920646F776E6C6F6164D6
:10A34000206572617365206661696C6564202825EB
:10A3500064290A0028496D6167652025643A205305
:10A36000504920646F776E6C6F6164206572617311
:10A3700065640A0028496D6167652025643A20708C
:10A3800072696D617279206F70656E206661696CAB
:10A3900065642C20666F6C6C6F77206465666175F0
:10A3A0006C74207570646174650A0028496D61677A
:10A3B000652025643A206861736820636F6D706161
:10A3C000726520736B69707065642C20666F6C6CAD
:10A3D0006F772064656661756C7420757064617454
:10A3E000650A0028496D6167652025643A20736518
:10A3F000636F6E64617279206D6174636865732048
:10A400007072696D6172792C20736B6970206F7640
:10A41000657277726974650A0028496D6167652005
:10A4200025643A207365636F6E6461727920646994
:10A4300066666572732C206F7665727772697465D3
:10A44000207072696D6172790A007072696D617253
:10A4500079007365636F6E64617279000A496E7387
:10A46000756666696369656E742076657273696F77
:10A470006E20696E207365636F6E646172792073FC
:10A480006C6F740A000A496D61676520696E2074FB
:10A49000686520257320736C6F74206973206E6F5C
:10A4A000742076616C6964210A000A4661696C65F2
:10A4B0006420746F206F70656E20666C6173682015
:10A4C00061726561732C2063616E6E6F7420636FBF
:10A4D0006E74696E75650A001E4661696C6564205C
:10A4E00072656164696E6720736563746F72733B34
:10A4F00020424F4F545F4D41585F494D475F534590
:10A5000043544F52533D2564202D20746F6F2073A8
:10A510006D616C6C3F0A001E4661696C6564207257
:10A52000656164696E6720696D6167652068656152
:10A53000646572733B20496D6167653D25750A004E
:10A5400028496D61676520256420757067726164B4
:10A5500065207365636F6E6461727920736C6F74CC
:10A56000202D3E207072696D61727920736C6F745A
:10A570000A002845726173696E67207468652070EF
:10A5800072696D61727920736C6F740A0028496D6D
:10A5900061676520256420636F7079696E67207438
:10A5A0006865207365636F6E6461727920736C6F88
:10A5B0007420746F20746865207072696D6172799F
:10A5C00020736C6F743A203078257A782062797421
:10A5D00065730A000A536563757269747920636F45
:10A5E000756E74657220757064617465206661694A
:10A5F0006C656420616674657220696D61676520B1
:10A60000757067726164653A2025640A000A70619A
:10A610006E6963210A000A53656375726974792053
:10A62000636F756E74657220757064617465206601
:10A6300061696C656420616674657220696D61672B
:10A64000652025642076616C69646174696F6E3A77
:10A650002025640A001E43616E6E6F74207570675A
:10A66000726164653A206D6F726520736563746F03
:10A670007273207468616E20616C6C6F7765640A18
:10A68000001E43616E6E6F74207570677261646541
:10A690003A20736C6F74732068617665206E6F6EFC
:10A6A0002D636F6D70617469626C6520736563748E
:10A6B0006F72730A001E43616E6E6F74207570674F
:10A6C000726164653A20736C6F74732061726520E7
:10A6D0006E6F7420636F6D70617469626C650A00DF
:10A6E0000A4661696C656420746F20616464206946
:10A6F0006D616765206461746120746F20736861A7
:10A7000072656420617265610A000A4661696C6560
:10A710006420746F20616464206461746120746FCC
:10A7200020736861726564206D656D6F7279206158
:10A730007265612E0A000A4661696C656420746F57
:10A74000206F70656E20666C617368206172656150
:10A750002049442025642028696D616765202564AF
:10A7600020736C6F7420257A75293A2025640A00BD
:10A770004255473B2063616E2774206861707065A5
:10A780006E00285365636F6E6461727920696D6134
:10A790006765206F6620696D616765207061697209
:10A7A000202825642920697320756E7265616368AD
:10A7B00061626C652E205472656174206974206139
:10A7C0007320656D7074790A0028496D6167652092
:10A7D000696E6465783A2025642C20537761702077
:10A7E000747970653A2025730A0028496D616765A0
:10A7F00020696E6465783A2025642C205377617057
:10A8000020747970653A206E6F6E650A0074657306
:10A8100074007065726D00726576657274000A4925
:10A820006D61676520736563757269747920636F04
:10A83000756E7465722076616C7565202575206C67
:10A840006F776572207468616E206D6F6E6F746FC4
:10A850006E69632076616C75652025750A000A694A
:10A860006E76616C696420666C617368204944206F
:10A8700025643B2065787065637465642025640AEF
:10A88000000A4572726F72207768696C6520756E78
:10A89000696E697469616C697A696E6720466C617A
:10A8A000736820496E746572666163650A000A45C3
:10A8B00072726F72207768696C6520696E6974695D
:10A8C000616C697A696E6720524E472049700A00B0
:10A8D0000A4572726F72207768696C6520696E69CB
:10A8E0007469616C697A696E672048572061636397
:10A8F000656C657261746F722049700A000A457256
:10A90000726F72207768696C6520696E697469611D
:10A910006C697A696E6720466C61736820496E7451
:10A920006572666163650A000A535049204E4F52B2
:10A9300020696E6974206661696C65643B20636F91
:10A940006E74696E7565207769746820696E7465C8
:10A95000726E616C207072696D6172790A000A55BD
:10A960006E65787065637465642076616C756520CA
:10A97000666F7220545A454E0A000A556E6578700B
:10A9800065637465642076616C756520666F7220FE
:10A99000737761702062616E6B20636F6E666967AA
:10A9A00075726174696F6E0A000A556E657870651C
:10A9B000637465642076616C756520666F722042F1
:10A9C0004F4F542055424520636F6E66696775721C
:10A9D0006174696F6E0A0028426F6F74416464721B
:10A9E00020307825780A000A556E657870656374A2
:10A9F00065642076616C756520666F7220534543EF
:10AA000020424F4F5420416464726573730A0028DA
:10AA100042414E4B20312073656375726520666C30
:10AA2000617368205B25642C2025645D203A204FEB
:10AA300042205B25642C2025645D0A000A556E6562
:10AA4000787065637465642076616C756520666FE7
:10AA5000722073656375726520666C61736820701F
:10AA6000726F74656374696F6E3A207365742077D2
:10AA70006D736563310A002842414E4B20322073CA
:10AA8000656375726520666C617368205B25642C54
:10AA90002025645D203A204F42205B25642C202530
:10AAA000645D0A002842414E4B203120666C617380
:10AAB000682077726974652070726F746563746959
:10AAC0006F6E2067726F757020307825783A204F4E
:10AAD0004220307825780A000A556E6578706563E3
:10AAE0007465642076616C756520666F722077727C
:10AAF0006974652070726F74656374696F6E203A53
:10AB00002073657420777270310A002842414E4BE1
:10AB1000203120686964652070726F7465637469A0
:10AB20006F6E205B25642C2025645D203A204F4207
:10AB3000205B25642C2025645D0A000A556E65782B
:10AB40007065637465642076616C756520666F72EC
:10AB500020686964652070726F74656374696F6ED4
:10AB6000203A2073657420686470310A000A556EBB
:10AB700065787065637465642076616C75652066C0
:10AB80006F72205352414D3220455241534520614E
:10AB9000742052657365740A000A556E6578706595
:10ABA000637465642076616C756520666F722053EE
:10ABB00052414D32204543430A000A4572726F727A
:10ABC000207768696C652073657474696E67204FBF
:10ABD000422042616E6B3120636F6E6669670A00C6
:10ABE0000A4572726F72207768696C6520657865B6
:10ABF000637574696F6E204F425F4C61756E636858
:10AC00000A0028426F6F744C6F636B203078257890
:10AC10000A000A556E657870656374656420766114
:10AC20006C756520666F722053454320424F4F5428
:10AC3000204C4F434B0A000A573235513332204AD9
:10AC40004544454320494420253032783A25303266
:10AC5000783A2530327820286578706563742065ED
:10AC6000663A34303A3136290A000A5732355133C0
:10AC700032204A45444543206D69736D61746368B1
:10AC8000202D20535049204E4F52206E6F74207259
:10AC9000656164790A0028573235513332204A45BC
:10ACA00044454320494420253032783A25303278D3
:10ACB0003A253032780A002853504920466C617397
:10ACC0006820496E7465726661636520696E697497
:10ACD00069616C697A65640A005B556E73757070A2
:10ACE0006F727465645D005B4552525D005B4E4F50
:10ACF000545D005B57524E5D005B494E465D005B04
:10AD00005645525D00EDFEDEC0F4B4A4DE52220CC6
:10AD10000E2B2171CDFAAE6B3166DDBD58FBCACA70
:10AD2000A676AC8DD26FC81E0FCD1514ADC645C426
:10AD3000963FF1955329909270738A8CFE33C8B177
:10AD40004E000BC0B38B7DD9D20000000100000083
:10AD500000000002000000000000000000000000F1
:10AD600000000000000000000000000000000000E3
:10AD700000000000000000000000000000000000D3
:10AD800000000000000000000000000000000000C3
:10AD900000000000000000000000000000000000B3
:10ADA00000000000000000000000000000000000A3
:10ADB0000000000000000000000000000000000093
:10ADC0000000000000000000000000000000000083
:10ADD0000000000000000000000000000000000073
:10ADE0000000000000000000000000000000000063
:10ADF0000000000000000000000000000000000053
:10AE00000000000000000000000000000000000042
:10AE10000000000000000000000000000000000032
:10AE20000000000000000000000000000000000022
:10AE30000000000000000000000000000000000012
:10AE40000000000000000000000200000000000000
:10AE500000000000000000000C00000000000000E6
:10AE600000000000000000000000000000000000E2
:10AE700000000004000000000000000000000000CE
:10AE800000000000000000000000000000000000C2
:10AE900000000000000000000000000000000000B2
:10AEA00000000000000000000DA8010C12A8010C19
:10AEB00017A8010C040104030402040104010403A3
:10AEC00001040304010410002DE15D29410B8D777D
:10AED000679C110F1F8A06082A8648CE3D0301078A
:10AEE00006072A8648CE3D0201000000BB05010C82
:10AEF00010141400001C2030401C2000001C2030C6
:10AF000040000000982F8A4291443771CFFBC0B5B2
:10AF1000A5DBB5E95BC25639F111F159A4823F9224
:10AF2000D55E1CAB98AA07D8015B8312BE8531247D
:10AF3000C37D0C55745DBE72FEB1DE80A706DC9B3E
:10AF400074F19BC1C1699BE48647BEEFC69DC10FEA
:10AF5000CCA10C246F2CE92DAA84744ADCA9B05C26
:10AF6000DA88F97652513E986DC631A8C82703B0E9
:10AF7000C77F59BFF30BE0C64791A7D55163CA06F7
:10AF800067292914850AB72738211B2EFC6D2C4D03
:10AF9000130D385354730A65BB0A6A762EC9C281F1
:10AFA000852C7292A1E8BFA24B661AA8708B4BC287
:10AFB000A3516CC719E892D1240699D685350EF4B1
:10AFC00070A06A1016C1A419086C371E4C77482768
:10AFD000B5BCB034B30C1C394AAAD84E4FCA9C5BDE
:10AFE000F36F2E68EE828F746F63A5781478C8842F
:10AFF0000802C78CFAFFBE90EB6C50A4F7A3F9BE11
:10B00000F27871C66BFF79FF79FF7CFF00000000CA
:10B010000A5695CE5753F2DD5CE419BAE4B84A8B70
:10B0200025F321DD8886E8D2855D882518FF7185A6
:10B030003C14A918D430E77901B6ED5FFC95BA75D8
:10B04000102562772B73FB79C65537A5765F90186C
:10B05000DFBDC42962DF9CD890308478CD05F0AC88
:10B06000D62E21F7AB20A2E5344887041D0630DC3C
:10B07000512563FCC2CAB9F3849E17A7ADFAE6BC9A
:10B08000FFFFFFFFFFFFFFFF00000000FFFFFFFFCC
:10B09000A2EE79BE954C2483A66FBD499C79994652
:10B0A00059EC6B2B39B245282056D9F3942DE16623
:10B0B0004FBC00EEFFFFFFFFFFFFFFFFFFFFFFFFA3
:10B0C000000000000000000000000000010000007F
:10B0D000FFFFFFFF0300000000000000FFFFFFFF75
:10B0E000FBFFFFFFFEFFFFFFFFFFFFFFFDFFFFFF77
:10B0F0000400000001000000000000000102030441
:10B100000000000000000000010203040607080917
:10B110000000000000200240FF1F0340000000006C
:10B120000100000000001008FFFF1F0800000000E1
:10B130000200000000F8FF083FF8FF0800000000D0
:10B140000300000000FBF90BFFFEF90B00000000FC
:10B150000146010C1946010C5146010C1D46010C1B
:10B160002146010C9946010CA147010CC948010C6C
:10B170003746010C3D46010C4946010C0000000019
:10B18000000100000020000000200000100000006E
:10B19000FF00000003020001355A010C4D5A010C5A
:10B1A000BD5D010C515A010C5D5A010C095B010C8B
:10B1B000D95B010C215D010C615A010C695A010C2B
:10B1C000755A010C10002DE15D29410B8D77679CAC
:10B1D000110F1F8A00000000000400000010000092
:10B1E0000001000001000000FF0000000302000158
:10B1F000000010000000080000001800000010000F
:10B20000010000000200000004000000E7AC010C97
:10B21000000000000000000000000000000000002E
:10B22000000000000000000000000000000000001E
:10B2300000000000EDAC010C000000000000000068
:10B2400000000000000000000000000000000000FE
:10B25000000000000000000000000000F3AC010C42
:10B2600000000000000000000000000000000000DE
:10B2700000000000000000000000000000000000CE
:10B2800000000000F9AC010C00000000000000000C
:10B2900000000000000000000000000000000000AE
:10B2A000000000000000000000000000FFAC010CE6
:10B2B000416C010C596C010CC56C010C5D6C010CEE
:10B2C000616C010CA16C010C816C010C656C010CB2
:10B2D0006B6C010C856D010C6F6C010C736C010CB7
:10B2E000776C010C7D6C010C04020202010002006B
:10B2F0000400060008000A000C00100020004000B6
:04B3000080000001C8
:10B304000746884600F00FF800200146024603462F
:10B31400044605460646814682468346844686465A
:10B324004046884638470021034B044A43F8041B2F
:10B334009342FBD1704700BF0000043000FC04308E
:10B3440000210C4B0C4A43F8041B9342FBD100230D
:10B3540018460A4A03F140010133182B42F8210030
:10B36400F8D10021064B074A43F8041B9342FBD152
:10B37400704700BF0001003000010430002C03506E
:10B384000000043000FC043008B500231E4E0446BF
:10B394003360F5F735FBFAF713FB1C4BDB68984772
:10B3A40020B11B48FBF7B4FA00F03CF8194BDD68F8
:10B3B400A84720B11648FBF7ABFA00F033F8A847CA
:10B3C40020B11348FBF7A4FA00F02CF8FAF7AAFA14
:10B3D40008B100F027F8F8F7DFFF0F4D0F4B9C6022
:10B3E4002C6000243460F8F7D7FF84F30A882B68B4
:10B3F4001B6883F30888BFF34F8FBFF36F8F2B68ED
:10B4040007485968FFF77CFF3447043050B1010CFA
:10B4140081A8010C98B1010C3047043000ED00E024
:04B4240005B3010C5F
:10B4280010B54EF2FE734FF0005424F8013BBFF301
:10B438004F8FBFF36F8F6408640020462146224671
:08B448002346FEF71DF910BDBB
:08B450009CE7FF7F01000000F2
:10B4580000000000C4200430E1F6C11988EACD1FBD
:10B4680055555515AAAAAA1A3F08010C3D08010C02
:10B478003908010C0090D003000000000000000013
:10B4880000000000000000000100000000000000B3
:10B4980000000000040000007800043004000000F0
:10B4A8009800043003000000600004300100000030
:10B4B80000800200FFBF020000000000FFBF000084
:10B4C80000400400FF3F0C0000800200FFBF0200A4
:10B4D80000000000FFBF000000400400FF3F0C0018
:10B4E80000001000FFFF1F0000800200FFBF0200E5
:10B4F80000000000FFBF000000400400FF3F0C00F8
:08B5080000001000FFFF1F000E
:020000040C02EC
:108000001281DEC0000102030405060708090A0BFD
:108010000C0D0E0F000102030405060708090A0BE8
:108020000C0D0E0FA9B454B26D6F90A4EA3119353E
:1080300064CBA91FEC6F9A002A7DC0504B92A1938C
:108040007134585F200000001200000073746D2E20
:108050006578616D706C652E7863756265210000CE
:10806000000000000000000000000000A0A1A2A38A
:10807000A4A5A6A7A8A9AAABACADAEAFB0B1B2B348
:10808000B4B5B6B7B8B9BABBBCBDBEBF030000003B
:10809000AAAAAAAAAAAAAAAABBBBBBBBBBBBBBBBB8
:1080A000CCCCCCCCCCCCCCCCDDDDDDDDDDDDDDDD88
:1080B0003036303435363532373238323931303087
:1080C000313000000000000000000000000000004F
:1080D0007777772E747275737465646669726D77DD
:1080E0006172652E6F7267000000000000000000E2
:1080F0005053415F494F545F50524F46494C455F82
:10810000310000000000000000000000000000003E
:10811000F4B4A4DE52220C0E2B2171CDFAAE6B31D9
:1081200066DDBD58FBCACAA676AC8DD26FC81E0FDD
:10813000CD1514ADC645C4963FF195532990927064
:10814000738A8CFE33C8B14E000BC0B38B7DD9D27D
:10815000000000000000000000000000000000001F
:10816000000000000000000000000000000000000F
:1081700000000000000000000000000000000000FF
:1081800000000000000000000000000000000000EF
:1081900000000000000000000000000000000000DF
:1081A00000000000000000000000000000000000CF
:1081B00000000000000000000000000000000000BF
:1081C00000000000000000000000000000000000AF
:1081D000000000000000000000000000000000009F
:1081E000000000000000000000000000000000008F
:1081F000000000000000000000000000000000007F
:10820000000000000000000000000000000000006E
:10821000000000000000000000000000000000005E
:10822000000000000000000000000000000000004E
:10823000000000000000000000000000000000003E
:10824000000000000000000000000000000000002E
:10825000CD1514ADC645C4963FF195532990927043
:10826000738A8CFE33C8B14E000BC0B38B7DD9D25C
:1082700000000000000000000000000000000000FE
:1082800000000000000000000000000000000000EE
:1082900000000000121323340A058978A3668C0DB0
:1082A000975553CAB576186229C6B67975C85A8DDE
:1082B0009E118F85DEC45F662152F939D9779328E4
:1082C000B05E02FA58B416C80F3891BB2817CD8A91
:1082D000C9537266000000000000000000000000AA
:1082E000000000000000000000000000000000008E
:1082F000000000000000000000000000000000007E
:048300000100000078
:10E000004200DEC04200DEC0000000000000000050
:10E010000000000000000000000000000000000000
:040000050C010E419B
:00000001FF
