:020000040C00EE
:10E000004200DEC04200DEC0000000000000000050
:10E010000000000000000000000000000000000000
:020000040C01ED
:10000000685D0430DD0E010CBD57010CA54F010CDD
:10001000B94F010CCD4F010CE14F010CF54F010C14
:10002000000000000000000000000000D10D010CE5
:10003000D30D010C00000000D50D010CD70D010CF3
:10004000D90D010CDB0D010CDD0D010CDF0D010CD8
:10005000E10D010C71BF010CE30D010CE50D010C6C
:10006000E70D010CE90D010CEB0D010CED0D010C80
:10007000EF0D010CF10D010CF30D010CF50D010C50
:10008000F70D010CF90D010CFB0D010CFD0D010C20
:10009000FF0D010C010E010C030E010C050E010CED
:1000A000070E010C090E010C0B0E010C0D0E010CBC
:1000B0000F0E010C110E010C130E010C150E010C8C
:1000C000170E010C190E010C1B0E010C1D0E010C5C
:1000D0001F0E010C210E010C230E010C250E010C2C
:1000E000270E010C290E010C2B0E010C2D0E010CFC
:1000F0002F0E010C310E010C330E010C350E010CCC
:10010000370E010C390E010C3B0E010C3D0E010C9B
:100110003F0E010C410E010C430E010C450E010C6B
:10012000470E010C490E010C4B0E010C4D0E010C3B
:100130004F0E010C510E010C530E010C550E010C0B
:10014000570E010C590E010C5B0E010C5D0E010CDB
:100150005F0E010C610E010C630E010C650E010CAB
:10016000670E010C690E010C6B0E010C6D0E010C7B
:100170006F0E010C710E010C730E010C750E010C4B
:10018000770E010C790E010C7B0E010C7D0E010C1B
:100190007F0E010C810E010C830E010C850E010CEB
:1001A000870E010C890E010C8B0E010C8D0E010CBB
:1001B0008F0E010C910E010C930E010C950E010C8B
:1001C000970E010C990E010C9B0E010C9D0E010C5B
:1001D0009F0E010CA10E010CA30E010CA50E010C2B
:1001E000A70E010CA90E010CAB0E010CAD0E010CFB
:1001F000AF0E010CB10E010CB30E010CB50E010CCB
:10020000B70E010CB90E010CBB0E010CBD0E010C9A
:10021000BF0E010CC10E010CC30E010CC50E010C6A
:10022000C70E010CC90E010CCB0E010CCD0E010C3A
:10023000CF0E010CD10E010CD30E010CD50E010C0A
:10024000D70E010CD90E010CDB0E010C40B1521877
:1002500005D2C068904234BF0020012070470020C2
:10026000704700000B4B30B51A6800230A4C9342CC
:1002700003DB06D14FF0FF3008E01D01655D8542CC
:1002800005D10020044A02EB03130B6030BD01339B
:10029000EDE700BF48B8010C4CB8010C70470000F6
:1002A0002DE9F0431E4603780546032B0C461746FE
:1002B00085B00AD183684B480B4403F10062009279
:1002C00003F14063324606F071FFAA68B2F5001FE1
:1002D0000AD3454B197839B9012119700096234684
:1002E0002978424806F062FF324621462846FFF749
:1002F000ADFF002873D06B6802965B6898473C4B53
:10030000C0F3410013F82090C9F1000303EA040888
:1003100034EA03032BD0D5E9013001225B6903A93C
:1003200040449847002816DB0022A319A3EB0803DA
:100330004B4524BFA8EB04064E44A4EB08035FFA28
:1003400082F8464502F1010208D8029B9B1B0293EA
:10035000029B7BB9002005B0BDE8F08308F11001D5
:100360006944194411F8041C07F80810E7E74FF036
:100370000008EDE7029B4B45B3FBF9F61CD209FBE5
:1003800006F6AB68301918446B6801225B6903A953
:10039000404498470028DEDB002237440299D3B25C
:1003A000994202F10102D5D9F91810336B4413F8C0
:1003B000043C01F80830F1E7A8686B682044324635
:1003C0005B6907EB0801404498470028C3DB029BA8
:1003D00009FB16330293029B002BD0D1BAE74FF0F2
:1003E000FF30B8E748A8010CDC0004308DA8010CF0
:1003F0003CB8010C2DE9F04F8DB002921A4605462B
:100400000F461E4621F00F0A01F00F08FFF71EFFEE
:1004100028B94FF0FF3318460DB0BDE8F08F6B6878
:100420000DF1200B5B689847584BC0F3410053F81F
:1004300020305A460093514643462846FFF730FF86
:100440000028E6D106F10F03434423F00F03AAEB83
:100450000709A9EB06091A46514628460193994413
:10046000FFF7F4FE0028D4D04B46284604AAB91959
:10047000FFF716FF03460028CBD1B8F1000F63D178
:100480004446B442C7D2A6EB040A3AF00F0A10D091
:10049000A86869689DF800203844D1F818B0BAFB04
:1004A000F2F2029920440393D8470028B1DB039B62
:1004B0005444B9F1000FAED008A8224600230146EB
:1004C00096420AD9DDF808C001331CF802C0102B8F
:1004D00000F801CB02F10102F2D1964299D100223B
:1004E00004A8102B01D04A4549D108F11008102B5F
:1004F000A0448ED14A458CD1019A424589D1A86841
:100500009DF800206D683844B3FBF2F2AD692044D9
:10051000A847C3177FE7029A125D01340BF8012048
:1005200001310F2913D8B442F5D1002204A80DF1EE
:10053000200C0F2920D84A450BD010F801EB0132CE
:1005400001F80CE00131F4E741460446E9E7B44222
:10055000EBD0102903937FF45CAFD5E901309DF80F
:100560000020D3F818B0B1FBF2F2504408A9D847E4
:100570000028039B85DA4CE74A45EAD049E710F8A2
:10058000016B0132CE540133ABE700BF3CB8010C24
:100590002DE9F04105460E469046FFF757FEA8B1FB
:1005A0006B689B6A98470468074664B10020BDE801
:1005B000F081D5E90130DB69304498470028F6D155
:1005C000BB681C441E444445F3D3EFE74FF0FF30B3
:1005D000EDE708B543689B6A9847006908BD0021AC
:1005E00008B5084600F054F9FEE70346002030B590
:1005F000013A00D230BD1D780C78A54202D008B96E
:10060000281BF5E701330131F2E7F0B505460C048C
:1006100044EA01640C4344EA012462B913465619C2
:10062000032A0ED823F003022A4403F003031344E1
:100630009A420AD1F0BDAB07F0D005F8011B013A90
:10064000EBE7B71A3C60043AEAE702F8011BEFE770
:10065000034670B56AB900241519032D13D822F08A
:10066000030421441C44002302F003029A4210D1E7
:1006700070BD41EA0304A407EDD011F8014B013A23
:1006800003F8014BE6E70D1B2E681D1B2E60043C92
:10069000E2E7CD5CE5540133E8E7000010B506F071
:1006A000B7F928B1034B1C6800F04CFD204610BD83
:1006B000014BF8E70C0004301000043037B50C464D
:1006C00031B900F03FFD0E4B1D68284603B030BD28
:1006D000031DF6D8C31C052B184628BF0520042B84
:1006E000EFD8042101AA06F095F930B1044B1D683A
:1006F000019B236000F026FDE7E7024BF7E700BF10
:100700000C00043010000430031D08D8C31C052B56
:10071000184628BF0520042B01D806F083B94AF2F9
:10072000C53070477FB50E46054618B94FF0FF300B
:1007300004B070BD0029F9D0012001A9FFF792FD96
:10074000044610B9019B9E4209D0022001A9FFF77F
:1007500089FD0028EAD1019B9E42E7D10124686906
:10076000A96902AB03C3082202ABA101022000F079
:100770001FFCDDE71FB5082102AA022006F0EAFBF4
:10078000DDE902020B490C4B9A4208BF884207D1AF
:100790000A4B0B4A00930B490B4B0C4806F006FD25
:1007A000082200210DEB0200FFF72FFF05B05DF8D6
:1007B00004FB00BFA9B454B26D6F90A428A9010C2A
:1007C000E7A8010C15A9010CC7A8010C1DA9010C73
:1007D00013B5044668B10421072001AA06F0BAFB4C
:1007E00028B9019B012B8CBF00230123237002B089
:1007F00010BD4AF2C530FAE708B520210C20084A9E
:1008000006F04CFC18B14CF25A32904206D1BDE8C9
:10081000084020210D20034A06F040BC08BD00BF5F
:10082000A0B8010CC0B8010C1FB50421072003AA11
:1008300006F090FB0446B8B90D4806F0B7FC0D4B26
:100840000D4A00930D490E4B0E4806F0AFFC039B7A
:1008500053B906F09AFC044630B9FFF7CDFF0446C1
:1008600010B906F094FC0446204604B010BD00BF49
:100870002DA9010C28A9010C4AA9010C15A9010CEC
:10088000C7A8010C1DA9010C002070477047FEE7A6
:100890002DE9F3414FF400515D4803F0B9F805F03C
:1008A000DFFF5C495C4806F081FC04F0E1FA044695
:1008B00028B15A4806F07AFC204605F0ABFF4FF409
:1008C0000011574806F072FC06F00EFB044608B112
:1008D0005448EFE70DF10300FFF77AFF044608B133
:1008E0005148E7E79DF803302BB1FFF79DFF044621
:1008F00008B14E48DEE7FFF73DFF00F01BFC054660
:10090000FFF7CCFE0446284600F038FC484E33681A
:10091000A34201D04748CDE705F07AFF044608B16D
:100920004548C7E702F008FE044620B101464348A7
:1009300006F03CFCC0E7424A4249434806F036FC18
:100940000124424F204605F06CFF00283CD0204691
:1009500005F063FF0546A0B121463D4806F026FCA0
:100960002846AAE70024EDE73A4806F01FFC204697
:1009700005F059FF336810B1386883429DD1AB420E
:100980001AD00C2200213448FFF73FFE214633489D
:1009900006F00CFC00F0CEFB214680462E4801F00C
:1009A00095F80546404600F0E9FB2D48214606F043
:1009B000FDFB3368AB42D7D1204605F030FF05463A
:1009C00010B121462748C9E7002CCBD1224D26483B
:1009D000A96806F0EBFB29682448CB8A4A7D097D8B
:1009E00006F0E4FB224806F0E1FB01A9287900F0BB
:1009F00049F82B681A691C8992065BBFAB68019A9B
:100A00005B689B181C4405F047FF20460BF074FA06
:100A1000EC000430E0B8010C82A9010C87A9010C9C
:100A20009EA9010CBFA9010CE2A9010C07AA010CA7
:100A3000100004301DAA010C4DAA010C69AA010C7A
:100A4000BBB1010C95AA010C9DAA010C0C0004304D
:100A5000C4AA010C14AB010CE0000430E8AA010C9C
:100A6000FCAA010C34AB010C59AB010C85AB010C99
:100A7000A0AB010C0020704708B502F059FE002021
:100A800008BD0000642808B507D001466422054867
:100A900006F08CFB4FF0FF3008BD4FF040630020A4
:100AA0000B60F9E7C2AB010C012909D002290CD077
:100AB00069B978B1012808BF022018BFFF2070472C
:100AC00050B1012808BF0420F7E7052070474FF018
:100AD000FF307047012070470320704708B5436816
:100AE0009B6A9847007D08BD436870B59B6A1646AF
:100AF0000D46044698478368B5FBF3F563689B6A27
:100B0000984783686B43336063689B6A9847836840
:100B10000020736070BD00002DE9F341D1F8008022
:100B200006460D46C0B201A91746FFF79BFB0446D7
:100B300088BB2B68CBB103464FF40050019AD168B3
:100B40002B6009B1984506D8984510D23146134814
:100B500006F02CFB09E0B1F5005F0FD24FF4005313
:100B60003146D2680E4806F021FB4FF0FF34019861
:100B7000FFF794FB204602B0BDE8F0814FEA433C0A
:100B800047F833C02B68A1F5005107EBC303586049
:100B90002B680133D4E74FF0FF34EBE71BAC010CBB
:100BA000E5AB010C05F06BBF054B00201A684FF058
:100BB000E023013A5A61052298611A61704700BF2B
:100BC000200004304FF0E02130B50E480E4C8A6909
:100BD0000568236893422B444FF47A753CBF4969FA
:100BE0005B180A499B1A09680360B1FBF5F1994249
:100BF000074B04D200251968056001311960186897
:100C0000226030BDF4200430F8200430200004308D
:100C1000F020043038B570B30368190701D4002000
:100C200038BD8369154C9BB1D4F8F03043F0806334
:100C3000C4F8F030FFF7C6FF0546D4F8F0301A01CB
:100C4000EDD4FFF7BFFF401B0228F6D90320E7E7EA
:100C5000D4F8F03023F08063C4F8F030FFF7B2FF2F
:100C60000546D4F8F0301B01D9D5FFF7ABFF401B88
:100C70000228F6D9EAE70120D2E700BF000C0254AF
:100C8000F8B50368054698014FD5314C636A43F0C7
:100C900001036362FFF796FF0646636AD90746D5EC
:100CA0002C4CD4F8F03013F4407320D0D5F8FC204D
:100CB00093421CD0D4F8F020D4F8F03022F44071E4
:100CC00043F48033C4F8F030D4F8F030D20723F482
:100CD0008033C4F8F030C4F8F01008D5FFF772FF85
:100CE00041F288370646D4F8F0309B0726D5D5F870
:100CF000FC30184903F44072B2F5407F24D1C86932
:100D0000154A20F47C5002EA13120243CA61114AC8
:100D1000C3F30B03D2F8F01021F44071C2F8F010C5
:100D2000D2F8F0100B43C2F8F030002005E0FFF7D6
:100D300049FF801B0228B0D90320F8BDFFF742FF0E
:100D4000801BB842CFD9F7E7CA6922F47C52DDE7AD
:100D500000080254000C0254CFFFFF0013B5194CD9
:100D600005F0C4F9D4F8F030174843F01803C4F87C
:100D7000F030FFF74FFF08B10BF0FAF81348FFF718
:100D80007FFF08B10BF0F4F80421D4F8F0300846E6
:100D900043F40043C4F8F030D4F8A830002243F400
:100DA0000013C4F8A830D4F8A83003F4001301935A
:100DB000019B05F0B7FA042002B0BDE8104005F031
:100DC000E1BA00BF000C025400BA010CF0B8010CEB
:100DD000FEE7FEE7FEE7FEE7FEE7FEE7FEE7FEE7EB
:100DE000FEE7FEE7FEE7FEE7FEE7FEE7FEE7FEE7DB
:100DF000FEE7FEE7FEE7FEE7FEE7FEE7FEE7FEE7CB
:100E0000FEE7FEE7FEE7FEE7FEE7FEE7FEE7FEE7BA
:100E1000FEE7FEE7FEE7FEE7FEE7FEE7FEE7FEE7AA
:100E2000FEE7FEE7FEE7FEE7FEE7FEE7FEE7FEE79A
:100E3000FEE7FEE7FEE7FEE7FEE7FEE7FEE7FEE78A
:100E4000FEE7FEE7FEE7FEE7FEE7FEE7FEE7FEE77A
:100E5000FEE7FEE7FEE7FEE7FEE7FEE7FEE7FEE76A
:100E6000FEE7FEE7FEE7FEE7FEE7FEE7FEE7FEE75A
:100E7000FEE7FEE7FEE7FEE7FEE7FEE7FEE7FEE74A
:100E8000FEE7FEE7FEE7FEE7FEE7FEE7FEE7FEE73A
:100E9000FEE7FEE7FEE7FEE7FEE7FEE7FEE7FEE72A
:100EA000FEE7FEE7FEE7FEE7FEE7FEE7FEE7FEE71A
:100EB000FEE7FEE7FEE7FEE7FEE7FEE7FEE7FEE70A
:100EC000FEE7FEE7FEE7FEE7FEE7FEE7FEE7FEE7FA
:100ED000FEE7FEE7FEE7FEE7FEE7FEE707B52C4B81
:100EE00083F30A8803F026FF05F000F9294B2A490D
:100EF000D3F8F02042F40042C3F8F020D3F8A82041
:100F000042F40012C3F8A820D3F8A82002F400127B
:100F10000192019A0A6B8AB1D3F8F02042F4803230
:100F2000C3F8F020D3F8F02022F48032C3F8F02088
:100F30000B6B002BFCD10122184B1A60154A184983
:100F4000136843F480531360164B8B4212D3002076
:100F5000154B16498B4218D3FFF741FB186850F820
:100F60002240586840F82240013298688242F5D306
:100F70000C33EAE70022F8E71C6844F8220001324B
:100F80005C68A242F8D30833E4E70022F8E700BF28
:100F9000643D0430000C0254007C0054FC200430FA
:100FA00038A8010C20A8010C38A8010C48A8010C95
:100FB0002DE9F74F9146002282460C469846019251
:100FC0001BB9032003B0BDE8F08F06F0E3F82F4F04
:100FD000054697F800B0BBF1000F10D106F0DAF823
:100FE000064606F0DBF8594602463046FFF70DFB91
:100FF00042F216032B8004236B8001233B7006F022
:10100000C9F86F88074406F0C5F8061DBE4225D30F
:10101000C4F30B031FFA89F46E88ADF8064004345C
:10102000A4B2264443EA0A30B6F5803FADF8040086
:10103000C7DA06F0B3F8B6B2864225D8042238469D
:101040000DEB0201FFF704FB4A464146381DFFF74E
:10105000FFFA6B8800201C446C80B3E70422314601
:101060000DEB0200FFF7F4FABDF80430BAEB133FC2
:1010700003D1C3F30B039C4204D0BDF80630043304
:101080001E44C3E702209DE701209BE700210430B6
:101090000023F0B5B5B0009305464FF6FF7305A8E1
:1010A000174601F077FA044618B14FF0FF3035B01B
:1010B000F0BD06460DF10E0303AA04A905A801F030
:1010C000B5FA0028F1D1BDF80E30602B0ED1BDF875
:1010D0000C30842BE9D83846049913AAFFF7E0F8BE
:1010E0000028E2D10124BDF80C60E3E7102BE1D128
:1010F000BDF80C30202BD8D8384604990BAAFFF73E
:10110000CFF80028D1D1002CCFD01F2ECDD9A6F1F9
:10111000200013AC04900BA920222044FFF798FA7A
:10112000A9012346324641F03F010120FFF740FF6D
:10113000BDE70000024B1868421C1A60704700BFF0
:1011400004210430024A1368013B1360704700BF5A
:1011500004210430FFF7FEBFFFF7FCBFFFF7FABF23
:10116000FFF7F8BFFFF7F6BFFFF7F4BFFFF7F2BFD7
:10117000FFF7F0BFFFF7EEBFFEE7000008B5034B37
:101180001B68834201D0FFF7E5FF08BD042104304E
:101190002DE9F843582390F8C85006465D432C23A8
:1011A00003FB015505440C469046D5F8209001F00C
:1011B0005EFC10B92B69DB060BD51CB149463046E5
:1011C00000F0AEFC164B1D68FFF7BCFF2846BDE8DB
:1011D000F8832146304601F057FCA0B9114B1D6839
:1011E000114B1B68AB42EFD01049114B1148002C3A
:1011F00018BF194605F0DAFF002CE3D0012148465C
:1012000001F030FCDEE7FFF795FF22460746414636
:10121000304601F081FC05463846FFF7AFFFDFE7B7
:10122000080004300C0004301000043041AC010C04
:1012300049AC010C53AC010C004870470825043040
:101240004379012B07D10368012B04D10079431E98
:1012500058425841704700207047000073B50D4652
:101260000021044690F8C8202846CDE90011FFF778
:10127000E7FF58B358235A431C4EA358B34203D137
:10128000204601AA01F0B1FA582294F8C83002FBB6
:101290000343DB6AB34204D16A460121204601F0D0
:1012A000A4FADDE900239A4284BF13460192AB60A1
:1012B00029462046019A00F0F7FE0D4B19680029D7
:1012C00002DD0C4805F072FF02B070BD11462046E9
:1012D00001F03CFA064605F1080101F067FAAB6837
:1012E00030460193FEF7DAFFE2E700BF3DB8F39620
:1012F000E425043078AC010CF0B58B7904460F4638
:1013000085B043B3D0F8B050284601F00FFA94F8F6
:10131000C8300646303354F82310384600F0BAFD82
:1013200034182846FFF755F906462846FFF7D6FB3E
:10133000102201466846FFF768F93B796A468DF846
:101340000030214633462846FFF754F8003818BFCE
:10135000012005B0F0BD582290F8C83002FB03030D
:101360001D6AD1E72DE9F8430E46904699460024C0
:10137000099FBC4201D300200EE03D1BB5F5806FF4
:1013800028BF4FF4806530462B460A4A04EB09011A
:10139000FEF786FF10B10120BDE8F88308992B46BF
:1013A0004046044A6118FFF725F80028F3D12C4481
:1013B000DFE700BF082104302DE9F04F95B0044667
:1013C0000E4601F055FC002800F09581BA4805F062
:1013D000EDFEFFF7BFFE231893F8C91069BB204646
:1013E00001F086FA804690B900222046114601F0AD
:1013F00071FB00283DD094F8C810B04805F0D6FE27
:10140000012294F8C830234483F8BC200BE08021EB
:10141000AB4805F0CBFE012294F8C8309045234438
:1014200083F8BC20E0D194F8C800231893F8BC30AE
:10143000023B022B98BF45F001050130C0B20128E4
:1014400084F8C800C7D9002D00F0A68100232C27FE
:101450004FF0580884F8C830E21892F8C9100029F3
:1014600000F04C810133DBB2012B84F8C830F3D992
:1014700092E1204600F094FF002807DD012294F855
:10148000C83007F8332007EBC3035860204600F04C
:101490000DFD4FF0010988B100238A4A20460AA9B0
:1014A000CDE90B23CDF828900D9300F077FB804613
:1014B00050B194F8C810844805F078FE94F8C8300C
:1014C000234483F8BC90AEE70AA8FFF7B9FE80F08A
:1014D00001010AAA2046C9B201F0FCFA40B1414616
:1014E000204601F0C4FA18B994F8C8107348E3E72D
:1014F0000AA8FFF7A5FE00284BD194F8C83053BBCB
:1015000020460AA9FFF7AAFE94F8C8009DF82F30DC
:10151000221882F8BC30033B012B08D800F0C0FB36
:1015200028B1FF2294F8C830234483F8BC209DF8EA
:101530002F30023B022B1FD894F8C80000F098FB14
:10154000D0B1FF2294F8C830234483F8BC205F4810
:1015500005F02CFEFEE794F8BC20042A04BF01220B
:1015600084F8BC20012BCBD094F8BD30042BC7D11C
:10157000012384F8BD30C3E794F8C830234493F8BE
:10158000BC30FF2BE3D000222046114601F0A2FA26
:1015900036E79DF82F80B8F1010F61D194F8C800AB
:1015A00001F0DEFC831E022B814617D8FFF7C2FD37
:1015B000414682460AAA2046FFF7EAFD8046504689
:1015C000FFF7DCFD424B1B68984507D0414B18687C
:1015D000804514BF4FF005094FF0010994F8C83059
:1015E0005FFA89F0E21882F8BC00002B79D123441D
:1015F00093F8BC30012B7FF416AFFFF79BFD002161
:1016000081460AAA2046FFF7C3FD80464846FFF7F9
:10161000B5FD0021204601F02AFA002866D05822A4
:1016200094F8C83002FB0343D3F82CA0FFF782FDE7
:10163000012181460AAA2046FFF7AAFD80464846B6
:10164000FFF79CFD244B9A457FF4EDAE204B1B68C1
:1016500098457FF4E8AE94F8C83004222344D3E6DA
:10166000FFF768FD012181460AAA2046FFF790FD99
:1016700080464846FFF782FD154A94F8C830126844
:10168000904504EB030229D0052182F8BC10002B01
:101690003FF4C9AE94F8BC20042A04BF012284F8A8
:1016A000BC20012BA3D094F8BD20042A9FD1012295
:1016B00084F8BD209BE700BFA4AC010C11AD010C68
:1016C000D2AC010C010100013AAD010C61AD010C7D
:1016D00010000430080004303DB8F3969DF82F0048
:1016E00081E7012889D00428D4D19CE6B74B1B6838
:1016F000984594D197E60546B54FA0E692F8BC20F0
:101700000EA802F0FB02012A14BF0121002108FBF0
:1017100003F207FB012214BF2C2100215B4203F0DE
:101720005803194401232244156A214400932A4690
:10173000402300F02FFF58BB00230DF1160206A92D
:101740000EA800F073FF002822DB40F0BA81BDF83C
:1017500016300C2B1CD12846069907AAFEF7A0FDCF
:10176000B0B99DF81C30012B12D8E21892F8BC20B9
:101770005B42023A022A94BF2C20002003F0580357
:101780001433184408A9204401F0EEF90028D3DAF4
:1017900040F20113A4F8BC300020012884F8C800EE
:1017A00024D900238B4D894FDFF82C820793012B1E
:1017B00084F8C83040F2F880079A022A7FF409AE14
:1017C000002384F8C83094F8C930002B00F06B81F6
:1017D000012394F8CA1084F8C830002900F063810E
:1017E00084F8C820794BD3F800900CE1221892F8C5
:1017F000C980B8F1000F40F0D48001230A9340F271
:101800000113ADF82C3092F8BC30CDE90C88042BD4
:101810008DF82E808DF82F3007D8012B0DD800F0D1
:10182000B780FF2382F8BC30B2E0052BF9D100F07D
:1018300037FA002800F0AC8054E0FFF77BFC41460B
:1018400007460AAA2046FFF7A3FC05463846FFF7DD
:1018500095FC4146204601F00AF918B95B4B1B681C
:101860009D4277D000254FF0580B2F4694F8C8A022
:101870005A48514605F09AFC594805F097FC94F8EF
:10188000C8300BFB0343D3F82090D3F84C809B6AFD
:101890000293029BBB422CD12A465146514805F087
:1018A00085FC002341464A46204601950093FFF7F8
:1018B00059FD014648B90122204601F06BF9054661
:1018C00048B30146484805F071FC94F8C800231855
:1018D00093F8BC50EB1E012B57D800F0E1F90146FC
:1018E00000283CD0FF2294F8C830234483F8BC2061
:1018F0004EE094F8C83029460BFB03435B6A484628
:1019000003EBC7035A680023039201F064F8039ABB
:1019100001371544BDE7582794F8C830014607FB46
:1019200003431A6D03465268404601F093F894F859
:10193000C82007FB0242D2E91432013A53F83200C0
:10194000196803EBC207411A2B4640467A6801F03A
:1019500081F8BAE720460AA9FFF780FCB5E7032D16
:101960000ED10122204601F015F9014640B11E4872
:1019700005F01CFCFF2294F8C830234483F8BC20F7
:1019800094F8C80000F074F953E7023D012DF7D92F
:1019900094F8C800231893F8BC30FF2B01D11348EA
:1019A00015E50130C0B2F8E6234493F8C9208DF85C
:1019B00018209DF8181001F0FF02C9B1079B0133F0
:1019C000079394F8C8300133DBB2F0E6100004301E
:1019D000082504300C000430080004306AAD010C06
:1019E0009CAD010CB7AD010CFEAD010C61AD010C5D
:1019F00093F8BC30012B14D01146204601F06AF850
:101A000078B1D5F80090102200210AA8FEF7FDFD5C
:101A1000204601F007F9FFF795FB484615B0BDE8F1
:101A2000F08FFFF787FB0022814611462046FFF723
:101A3000AFFB82464846FFF7A1FB3B68D5F8009014
:101A40009A45E0D1CA45DED0D8F800309A45DAD0C0
:101A500094F8C830BBB1012B14BFFF2002200EA99F
:101A600001F058FA0028CCD19DF83830012B0CD168
:101A70009DF83B30012B08D00021204601F0A2F850
:101A800000289BD0BDE70120E9E70022204611464F
:101A900001F080F802460028EED094F8C8100A48F9
:101AA00005F084FBADE7582202FB0342126A5B4259
:101AB000517803F05803317192682344B260336067
:101AC00090E694F8C830CDE437AE010C0129F8B5A2
:101AD00006460C4605D9FFF735FB0E4B1C68204621
:101AE000F8BD022201210C48FEF78FFD00230B4FA9
:101AF0003C4484F8C930FFF71DFB314605463846A3
:101B0000FFF75AFC04462846FFF738FBFFF71AFB9D
:101B1000E5E700BF0C000430E1250430182504304F
:101B200013B50C4690F8C83001AA303350F8231092
:101B3000204600F034FF002809DB0199E268012308
:101B40002046521A00F086FFC00F02B010BD0120DF
:101B5000FBE7582373B5154690F8C8600C4603FBA5
:101B600006006946C06C01F07FF9E979012903D0CC
:101B70003246204601F0E2F99DF80330012B02D1F4
:101B8000204601F063F9A968204600F01DFE2046BA
:101B900001F006F9002002B070BD00007FB50646D6
:101BA0000C46304B00F0EAF90128E06006D002282C
:101BB0004ED000284AD0072004B070BDD6F8B050EF
:101BC00022463146284600F00BF90028F4D1284679
:101BD00001F0A2F8012301460DF10B022846FEF7A1
:101BE0005FFB00283BD1012228460DF10B0101F0DB
:101BF000A7F810B101238DF80B309DF80B3020466B
:101C000003F00F03E371FFF71BFBF8B9039003A97F
:101C10002846EE6800F0CAFD054600962168039B41
:101C20002279114805F0C2FA039925B94B1E0333F6
:101C300001D88E420AD20D4805F0B8FA012323607C
:101C400003F1012363600023C4E902330020B3E7FA
:101C5000582296F8C83002FB03631D6AB0E70120E2
:101C6000AAE700BF50BA010C76AE010CA8AE010C79
:101C700013B588B1012814BFFF20022001A9FEF787
:101C8000F1FA58B9019801F0E3F904460198FEF71A
:101C900005FB204602B010BD0120EFE70124F8E764
:101CA0001FB5D8B1012814BFFF20022001A9FEF7FB
:101CB000D9FAB8B9019802A901F0D6F8044678B962
:101CC0009DF80B30032B03D1019801F0BFF80446B7
:101CD0000198FEF7E3FA204604B010BD0120E5E7C5
:101CE0000124F5E70124F6E75822F8B590F8C8304A
:101CF00002FB0306481E0330B26A736D01D802B1BD
:101D00002BB91C4805F052FA4FF0FF30F8BD002403
:101D10002546274620468D4201D3A5420DD290424A
:101D200003D3154805F042FAEEE7D6F824C00CEBD1
:101D3000C00CDCF804C0013065448C4201D3A542DC
:101D400015D99F4202D31A460C48EBE7D6F850C08B
:101D50008D420CEBC70CDCF804C007F101076444AA
:101D6000DDD3A142D7D8A542D5D10138CEE78D42E7
:101D7000F9D2D4E7DAAE010C12AF010C48AF010C76
:101D800010B5582490F8C83063432C2404FB013369
:101D9000C118886A4B6A013803EBC00149680433F3
:101DA000914200D310BD013853F830402144F7E789
:101DB00038B504460D46FFF7E3FF582294F8C830C3
:101DC00053432C2202FB05310C44626A02EBC00330
:101DD00052F830105B6810680B44181A38BD0000C8
:101DE0002DE9F74F88460746164600F09FFC394616
:101DF000834698F8C80000F079FCB0F1000A42DB95
:101E000000242546A146544513D1B9F1000F0CD04A
:101E1000002D18BF2C460323B4FBF3F35A1C03EB2D
:101E20004303E31A013332603371002003B0BDE88D
:101E3000F08F98F8C8303846303358F823100DF139
:101E40000702012301FB04B1FEF72AFA00281CDB7C
:101E5000012238460DF1070100F072FF38B1B9F1E7
:101E6000000F02D0002D08BF25460134CBE7B9F1A1
:101E7000000F05D0002DF8D0054805F097F9C7E709
:101E80004FF00109F1E70720D0E70120CEE700BFBE
:101E90007EAF010C10B5036801EB41045A1E0379B3
:101EA000013B594304FB021010BD00002DE9F8432B
:101EB000582390F8C84003FB0404D4F82880B8F1F4
:101EC000800F04D8D4F854E0BEF1800F05D927481C
:101ED00005F06CF90020BDE8F883D0F8B030D3F8F5
:101EE0000C900023194618461E469C461D461A466D
:101EF000404509D3714507D3404503D1714501D110
:101F0000B44530D01A48E3E7AA4213D1676A07EB19
:101F1000C0077F6801303A44276D07EBC1077F682F
:101F200001313D44AA42E3D14A459444164418D9AC
:101F30001048CDE70BD2676A022B07EBC0077F681A
:101F40003A4401D10C48C3E701230130EAE7276D89
:101F5000012B07EBC1077F683D44F3D00223013119
:101F6000E0E70023C2E70120B5E700BF9EAF010C08
:101F700033B0010CFEAF010CCAAF010C5822F0B512
:101F8000054690F8C83087B002FB030304A9186A1D
:101F900000F06AFFD5F8B00002A900F065FF9DF8D7
:101FA0001030012B4DD0334A3349032B08BF0A466A
:101FB0009DF81330314901939DF812303048009359
:101FC0009DF8113005F0F2F89DF80830012B3AD059
:101FD000284A2949032B08BF0A469DF80B30294C93
:101FE00001939DF80A302849009325489DF809304F
:101FF00005F0DCF8002627469DF81010207800F048
:1020000091FE60B39DF80810607800F08BFE30B34D
:10201000A378042B03D09DF812209A421FD107EB1E
:102020008607FC78012C10D19DF80C2095F8C8305B
:102030009A4211D11549164805F0B8F8204607B064
:10204000F0BD144AB4E7134AC7E734B11249134B41
:10205000022C08BF1946EEE700241149EBE70136D0
:10206000042E04F10404C7D10E4805F09FF80020A7
:10207000E5E700BF5EB0010C67B0010C99B0010C40
:10208000A7B0010C59BA010CE5B0010C6DB0010C00
:10209000EDB0010C62B0010C87B0010C7AB0010CFC
:1020A00075B0010CFFB0010C2DE9F04F1646044647
:1020B0008DB0B8480D4605F079F831462046FFF757
:1020C00013FEB0F1FF3F824606D13146B2480DB053
:1020D000BDE8F04F05F06AB800230693582294F843
:1020E000C830D4F8B080029302FB03435A6A00233D
:1020F000D8F80C10101D1F4650F83A303B44994256
:1021000003D3BAF1010AF6D21F462B680699013BA8
:102110008B4200F21F815826029B06FB0343D3F833
:102120002090DB6C03930AF1010352F833300493DF
:1021300013680593DDE90432A3EB020B029B3033F5
:1021400054F8230000F022FC0021024607902046AC
:10215000FFF716FE94F8C83007EB0B0106FB0343AC
:102160005A6A089052F8303012689B1A994240F22D
:10217000E880059BD9F80C6040461E44049BF61A83
:10218000079BF61A00F0D2FA864228BF06462B6853
:10219000012B40F0D880BB1B18BF0123AB712B79FA
:1021A000012B40F0D280002340461946D8F80C207D
:1021B00000F011FC2B68012B17D12A46414620461E
:1021C000FFF7C7FCAB7983B9494620460993FFF76F
:1021D000A7FC2A4649462046FFF7BBFC099B404620
:1021E0001946D8F80C2000F0F6FB0023424603996C
:1021F000009320465B460196FFF7B4F82946204637
:10220000FFF77AF802232B7118B1644A136801337F
:1022100013602B68012B09D1204603990993FFF71E
:102220007FFCAA79099B002A40F09F803A4622B1A0
:1022300000235946039800F0CEFB5B464946039ABB
:102240002046CDE900B6FFF78DF829462046FFF776
:1022500053F803232B7118B1504A136801331360EC
:10226000AB7993B149462046FFF75AFC582294F8BF
:10227000C83002FB03435B6A059A1F68D71B049AA8
:10228000BF1A089A53F832301F442FB100233A4640
:102290005946484600F09FFB00234A4641462046E7
:1022A000CDE900B6FFF75EF8AB7983B3404600F0A6
:1022B0003DFA94F8C8205E44303254F82220034698
:1022C0005200019241464A4620460096FFF74AF8DE
:1022D00018B1324A13680133136040460AA900F06E
:1022E000C3FD9DF82B30012B02D1484600F0AEFD16
:1022F0009DF82910012903D04846029A00F01EFEDD
:102300004846A96800F060FA484600F049FD0023FD
:10231000AE792946AB712046FEF7EEFF2B680133FC
:102320002B6001232B7118B11C4A13680133136011
:1023300086B1012300214046D8F80C2000F08AFB2A
:1023400008E03E4623E7002328E7022B3FF461AF75
:10235000032B85D0069BBAF1FF3F03F101030693DF
:102360007FF4BCAE0DB0BDE8F08F1946079A204649
:10237000FFF706FD582294F8C830059902FB034385
:102380001B6D1A6853F830308A1A0499521A1A448D
:102390004DE700BF13B1010C3CB1010CE425043042
:1023A000D0F8B0302DE9F0475821D3F80C90002335
:1023B00090F8C8E0044601FB0E019C4618461E46F4
:1023C000D1F82880D1F854A01D461A46C44526D31A
:1023D000504524D30EF1300E54F82E0000F0D6FAFA
:1023E000002105460246371A2046FFF7E1FC2A463F
:1023F000804601212046FFF7DBFC94F8C830AD1B76
:10240000303380452CBF45442D1854F8230000F08C
:10241000C2FA85422CBF0020401B381A21E0AA4294
:1024200013D14F6A07EBCC077F680CF1010C3A44DB
:102430000F6D07EBC0077F6801303D44AA42C5D14C
:102440004A4516441DD9104808E010D24F6A022BA5
:1024500007EBCC077F683A4405D10C4804F0A6FE90
:102460000020BDE8F08701230CF1010CE6E70F6DB9
:10247000012B07EBC0077F683D44EED002230130FB
:10248000DCE70023A0E700BFFEAF010CCAAF010CE0
:102490002DE9F04304460D4690461F4685B0002BBB
:1024A00042D01846FEF7CCFE00283DD194F8C81063
:1024B000204600F04BF903A9814600F077F9064663
:1024C0004846FDF7EBFE002E5ED14FF0580994F818
:1024D000C830039909FB03435A6D2C4800929B6A4C
:1024E0003A6804F063FE20460399FFF7FDFB431CA6
:1024F00016D03146D4F8B030DA6894F8C83009FB09
:1025000003435B6A0433002653F830C06644B2428A
:1025100001D30138F8D2461C01F10101F3D131B9E0
:1025200003991B4804F042FE022D07D117E03B68D7
:102530005A1E8A420CD3B5FA85F56D09582294F8D3
:10254000C83053432C2202FB05331C44206A08E0A8
:102550008B42E9D1012D0FD13B79012BEED9D4F873
:10256000B000202342460021FDF79AFE003818BF34
:10257000012005B0BDE8F083002DD5D13D79022DB5
:1025800094BF00250125D9E70120F2E75EB1010CD7
:10259000A8AE010C2DE9F7430E46174699460446AE
:1025A00028B94FF0FF38404603B0BDE8F08300295A
:1025B000F7D0002AF5D0CB680D8938461D44042396
:1025C00029460DEB0302FDF76BFE80460028E8D19B
:1025D00046F60812BDF804107389914223D1BDF864
:1025E00006109942DDD1042338460DEB030229443D
:1025F000FDF756FE0028D4D146F60713BDF8042097
:102600009A42CED19DF82830C4E90067A4F808901A
:10261000A3727389BDF806202B44E360043513448C
:1026200063612561BFE7002BE6D0BAE72DE9F743E8
:102630000F4690461E46044620B94FF0FF3003B0C7
:10264000BDE8F0830368002BF7D04368002BF4D07B
:102650004FF6FF79D4E90413994215D223685B89B8
:1026600023B1E3688B4204BF043121610423606815
:102670000DEB0302FDF714FE0028DED1A37A2569D5
:1026800023B1E368AB4201D80120D8E72189BDF826
:102690000620494502F1040303D0BDF804C08C456F
:1026A0000BD116B1BDF80410318004353D60A8F897
:1026B000002022691A442261C1E72B442361C9E743
:1026C00038B50023934201D1064B04E0C55CCC5CD5
:1026D000A54205D0044B1C68FEF734FD204638BDEA
:1026E0000133EFE7100004300C0004300B78052BA9
:1026F00006D088B1012808D1022B03D004220EE0B5
:10270000032070474FF4C0707047FF2B0CBF4FF48D
:10271000C0704FF0FF307047012BF3D0032293427B
:102720000CBF4FF4C0704FF0FF30704710B5044637
:10273000FDF74FFF2378052B04D100F02CF9E36857
:10274000181A10BD00F022F9F9E7000070B5D0F8B2
:10275000B03086B0009358236E46002503FB01007D
:10276000036A019356F8044B02AAE168102320463D
:102770001039FDF795FD024638B12178094804F07B
:1027800015FD0024204606B070BD1022064902A89F
:10279000FDF72BFF0028F5D06B1C022B4FF0010535
:1027A000F0D0DFE793B1010C8ABA010C70B50D4689
:1027B000044600F0B1FA2A46A0F110010423204695
:1027C000BDE87040FDF76CBD13B50446019100F003
:1027D000A3FA0423A0F110010DEB0302204600F040
:1027E000FFFA02B010BDFFF7DBBD2DE9F347174636
:1027F0002C224FF0580802FB01F690F8C83004462E
:1028000008FB03630344D3F82090B3F808A0DB6807
:1028100048469A44042351460DEB0302FDF740FD60
:10282000054620B10125284602B0BDE8F08794F89E
:10283000C830BDF8042008FB036646F6081334448C
:102840009A4264891BD1BDF806309C4201D0032511
:10285000E9E7042348460DEB030204EB0A01FDF708
:102860001FFD0028DED146F60713BDF804209A426A
:10287000EDD1BDF80610214451443960D3E7002C56
:10288000F1D0E4E737B580230546019395F8C830C9
:102890000846EBB1012B0BD102290BD004221AE020
:1028A000052803D1D5F8B420B83509E001200DE0A2
:1028B000FF29F5D158225343EA18526A28331D44A0
:1028C00001A9FEF729F908B9019B2B6003B030BDBF
:1028D0000129EFD003228242E2D1582202FB0352A7
:1028E0005C4204F058045434126D2544E8E70000BB
:1028F0005822F8B5244B90F8C850002918BF0B4651
:1029000002FB050203EB8521516203F5805301F5BB
:10291000006111650446C0F8B43055B1012D14BFF3
:10292000FF2102212046FFF7ADFF20B101252846F7
:10293000F8BD0121F6E71DB3012D14BFFF210421CD
:102940002046FFF79FFFE8B905212046FFF79AFFD1
:1029500005460028EAD1582394F8C86003FB0643D3
:10296000186AFDF736FE0746D4F8B000FDF731FED1
:10297000303687422CBF44F8267044F82600D6E74C
:102980000321DDE70925D2E7E82504304FF4C073C1
:1029900058435030704700EB40005030704773B5DB
:1029A0000C4605461646FDF714FEA04203D92846FC
:1029B000FDF70FFE04464FF4C073E9686A465039CC
:1029C00003FB14112846FEF78FF80028A4BF009BD4
:1029D000336002B070BD2DE9F3411E46C368054661
:1029E00099420C46174630D25B1A93422DD3EEB172
:1029F0006A46FEF779F8002829DB013FDDF8008000
:102A00003C446A4621462846FEF76EF800281EDB45
:102A1000DDE9004728463A462146FDF7B9FD002882
:102A200015DB6EB1444512D9013CEAE7511E214441
:102A30006A46FEF759F8002809DBDDF80080E0E778
:102A40003C44444503D80134DBE74FF0FF3002B08B
:102A5000BDE8F08110B412B110BCFFF7BCBF104646
:102A600010BC70470023C2681946FFF7F3BF582215
:102A700090F8C83053432C2202FB0133C1180422C2
:102A8000086A00F05DB90000582290F8C83053433E
:102A90002C2202FB01310E4B42184158994206D1BB
:102AA000D16813895B1802D25189C91801D300205B
:102AB0007047136ADB689942F9D2106920F4F97003
:102AC00020F001000005000DB0FA80F040097047C9
:102AD0003DB8F3962DE9F04116464FF0580890F8AE
:102AE000C8200F463346002108FB02020446FFF7C8
:102AF000CFFC054668B994F8C820334608FB02426B
:102B0000012120462C32FFF7C3FC10B1002F18BF63
:102B100005462846BDE8F0815823F0B590F8C84036
:102B200085B05C432C2303FB024404440546276A1A
:102B3000FEF700FB0023CDE9023301934FF48073CD
:102B4000214606463A4600932846064B00F088FA8E
:102B500004463046FEF712FBFEF7F4FA204605B0B5
:102B6000F0BD00BFE839043002780B789A420FD8E4
:102B70000BD342784B789A420AD806D342884B88C6
:102B80009A4205D860EB000070474FF0FF30704765
:102B90000120704737B558250B46114690F8C820DC
:102BA00004466A432C2505FB03220244126A01AB4A
:102BB00000F0F6FB20B9019994F8C800FDF7A4FDD8
:102BC00003B030BD2DE9F0412C264FF058080446E3
:102BD0004E4390F8C8000F4608FB006121440A6A82
:102BE000FEF756FA054628B10C4804F0DFFA2846ED
:102BF000BDE8F08194F8C83008FB03663444256AC8
:102C0000FEF71AFB294603463A462046FDF78AFDA1
:102C100005460028EBD00248E7E700BFBCB1010C35
:102C2000E6B1010C38B50446D0F8B00008B1FDF7A4
:102C300035FB00235825012B84F8C83000D938BD56
:102C4000E21892F8C9206AB905FB0343D86C08B1B1
:102C5000FDF724FB94F8C83005FB0343186A08B15C
:102C6000FDF71CFB94F8C8300133DBB2E3E700004A
:102C70002DE9F743054600264FF05809012E85F847
:102C8000C8600BD9052005F1B001FDF7EBFA044649
:102C900090B301461E4804F089FA2AE0AB1993F874
:102CA000C980B8F1000F2DD141463046FDF7FCFE3A
:102CB00095F8C810074609FB0151C0B22031FDF755
:102CC000D1FA0446E0B901213046FDF7EDFE95F852
:102CD000C810074609FB0151C0B24C31FDF7C2FADA
:102CE000044678B10123324639460A48009404F07C
:102CF0005DFA2846FFF796FF204603B0BDE8F08353
:102D00004346F0E795F8C8600136F6B2B6E700BF73
:102D10004CB2010C12B2010CC068203820F00F0038
:102D200020387047042809D0052803D1481E18BF51
:102D300001207047431A584258417047012070479C
:102D400038B515460C4661B15AB1FDF7C7FE2146AC
:102D5000254411F8013B834203D1A942F9D1012056
:102D600038BD0020FCE738B50C4601231146224649
:102D70000546FDF795FA00280FDB0122214628467B
:102D8000FFF7DEFF18B103230020237038BD23783E
:102D9000012B14BF02230123F6E70120F6E7000010
:102DA00030B5C16885B0103921F00F040546FDF734
:102DB00095FE102201466846FDF727FC1022684662
:102DC0000649FDF745FC10236A4621462846FDF7D3
:102DD00011FB003818BF012005B030BD8ABA010CC4
:102DE0002DE9FF471D4606460F469046FDF7F1FBCD
:102DF0006C1E044440420440102C1AD83046FDF7A3
:102E00006DFE82462A4641466846FDF721FC514642
:102E1000621B0DEB0500FDF7F8FB23466A463946B9
:102E20003046FDF7E7FA003818BF012004B0BDE8CE
:102E3000F0874FF0FF30F9E707B501238DF8042044
:102E400001AAFFF7CDFF03B05DF804FBC1680122C2
:102E5000203921F00F01FFF7EFBFC268203A22F0BE
:102E60000F02FFF780BF000030B50D46C16887B084
:102E7000102302AA10390446FDF712FA002802DADC
:102E8000012007B030BD1022204602A9FFF758FFED
:102E900000283AD110221E4902A8FDF7A6FB0028FF
:102EA0000CBF012302232B702046FFF735FF0123BF
:102EB00001460DF107022046FDF7F2F90028DFDB9D
:102EC0009DF80730204603F00F021B096A702B7132
:102ED00001220DF10701FFF733FF10B96B78042BC6
:102EE00003D901236B7000232B71E2682046203A3E
:102EF00022F00F02103AA91CFFF735FF0028BFD1BE
:102F00002046E91CFFF7A9FFBBE70323CBE700BF7F
:102F10008ABA010C13B50C46C0B201A9FDF7A2F99B
:102F200050B921460198FFF79FFF04460198FDF72D
:102F3000B5F9204602B010BD0124FAE713B541EA05
:102F4000021104468DF80710FFF7E6FE0123014643
:102F50000DF107022046FFF743FF02B010BD00004D
:102F6000F0B5044685B050B1012814BFFF200220FF
:102F70006946FFF7CFFF20B1FF2005B0F0BD01206B
:102F8000F6E7002C41D0012C14BFFF20042002A939
:102F9000FFF7C0FF012808D12146264804F006F9B2
:102FA000254B029300238DF80C3000229DF8006021
:102FB0009DF80870214D31462878FFF7B3FE50B3D5
:102FC00039466878FFF7AEFE28B3AB78042B03D000
:102FD0009DF8031099421ED1EB78042B03D09DF885
:102FE0000B10994217D12B79042B10D16B79023B2E
:102FF000DBB2022B1AD9124A1248214604F0D6F845
:103000006879831E022BB8D9B6E70320BFE79DF885
:1030100002109942EAD00132032A05F10605CAD10D
:103020000948214604F0C2F80120A6E7074A52F8F1
:103030002320E1E774B2010C0301030378BA010C09
:1030400087B0010CBBB2010CDCB2010C6CBA010CF4
:10305000C1680122203921F00F011039FFF7ECBEC1
:103060002DE9F04FDFB00E46144605466B9F002851
:1030700040D090F8C82005926FF000410022DFF8A0
:10308000C481CDE908126A9AD8F800900392699A2F
:103090000DF1400A0292689A314600922846224673
:1030A000CDF804A000F02CF900285BD127B1202234
:1030B00051463846FDF7CCFA00230AAF009322466A
:1030C0004FF6FF7331463846FFF764FA8246002810
:1030D00048D1214628460F9EFFF785FBB04246D2D5
:1030E00021462846FFF77FFB31460246564804F04A
:1030F0005DF837E00590BFE74FF0010A06AF0DF12C
:103100001C0B3A4659460DF11A030AA8FFF78EFA2E
:10311000002827DB40F08880BDF81A30222B63D0CE
:1031200029D8022B4ED0102BE8D1B7F800A0BAF165
:10313000200F17D153462046DBF8001018AAFDF7E0
:10314000AFF878B9FDF7F6FF5246074618A910A860
:10315000FFF7B6FA82463846FEF710F83B4B1B687D
:103160005345C9D0D8F8006065E09946C6E74E4699
:103170004FF0FF35C2E7502BC0D13B88042BF1D173
:103180002046DBF8001009AAFDF78AF80028E9D1EB
:10319000FDF7D0FF08A907460598FDF78FFA83468B
:1031A0003846FDF7EBFF294BD3F80090D945D9D12C
:1031B000DDE908218A42A1D9D8F800309945D4D058
:1031C000234894E73B88982BCCD82046DBF80010A6
:1031D00038AAFDF765F80028C4D13A88059838A9BF
:1031E00000F03AF8054689E7002DC1DB194B1B6852
:1031F000AB42BDDD3B88802BB4D82046DBF8001005
:1032000018AAFDF74DF80028ACD1FDF793FF009503
:10321000834620213B8818AA10A800F0F7F806463C
:103220005846FDF7ABFFA3E7BAF1010F9AD1074B60
:103230001B684B4596D1FDF785FF30465FB0BDE872
:10324000F08F00BF0C00043010B3010C10000430EC
:1032500037B3010CE8B8010C2DE9F0414FF020081C
:103260000E461546C2B004467022002126A8CDF8AD
:103270000480FDF7CAF9702226A90AA8FDF7E8F92B
:103280001B490AA800F074F92A4631460AA800F042
:103290008AF90023424602A926930AA826AB00F029
:1032A0009EF901AF0AA800F049F920463A4626A93E
:1032B000FDF778FC044628B14FF0FF34204642B0B9
:1032C000BDE8F081FDF736FF3A68804626A902A8DE
:1032D000FFF7F6F907464046FDF750FF054B1B6820
:1032E000BB42E9D1044B1E60044B1D60E6E700BF02
:1032F000090000021000043000000430EC2004300B
:103300002DE9F04792467022B8B00DEB02000C4652
:10331000DDE9425700219946409EFDF776F970227B
:1033200068460DEB0201FDF793F968461B4900F072
:103330001FF935B1002F04DD3A462946684600F0F2
:1033400032F9002563892289D4F80C80134498440B
:10335000454508D300242022684641991CAB1C94A3
:1033600000F03DF90CE0A8EB0507B74228BF37464F
:103370004A463B4629465046FCF792FF044630B188
:10338000684600F0DBF8204638B0BDE8F0873A46E2
:103390004946684600F007F93D44D9E709000002B4
:1033A00070B514461D468AB058B390F8C83042B381
:1033B0003DB3582673432C2606FB013101444B894B
:1033C00013B903200AB070BD012304A80093502351
:1033D000FFF7E0F80028F5D103460DF10A0203A932
:1033E00004A8FFF723F970B9BDF80A30042BE8D11F
:1033F0002A4620460399FCF753FF003818BF0120E6
:10340000E0E70720DEE74FF0FF30DBE72DE9F0478C
:10341000894600219EB0414B1646269ADFF800A14E
:1034200053F8324006AF182280463846CDE90311E2
:103430000591DAF80050FDF7E8F809223949201D16
:10344000FDF7D3F8002854D10A22374904F10D00C2
:10345000FDF7CBF800284CD120224FF42050334BFD
:10346000CDE90423E3780733E118314B11F8022C3E
:10347000CDE9080344F212133846ADF81830013A8A
:1034800003AB00F0CFF80146002832D16022384665
:10349000FDF7BBF8F578049C0436AC4233D82B1BFF
:1034A0001E44224631463846FDF7D2F805F0FE05A7
:1034B00073195A78023594429ABF131B2246C2EB05
:1034C000440406EB05019ABFC918B8183819FDF76E
:1034D000BFF8049B9DF814105B00CDE900734246D1
:1034E0004B46039841F0062100F0EEF890B9114BDD
:1034F0001D68039808B100F0C3F8FDF723FE2846C5
:103500001EB0BDE8F087601B2A4631463844FDF7FF
:103510009FF8CDE7DAF80050EBE700BF0000043079
:103520000C000430A4BA010C9ABA010C0900000284
:1035300009060006100004300020704770B50546EB
:10354000FDF7F8FD2C68064634B9FDF7FBFD304663
:10355000FDF714FE204670BD012C06D1281D00F099
:1035600089FA044600232B60EFE76FF08804F9E73F
:10357000F8B505460C46FDF7DDFD2F1D6C22002138
:1035800006463846FDF741F82146384600F084FAF1
:10359000044608B901232B60FDF7D4FD3046FDF742
:1035A000EDFD2046F8BDF8B505460F461446FDF77B
:1035B000C1FD064634B9FDF7C5FD3046FDF7DEFD19
:1035C0002046F8BD2B68012B06D122463946281D1E
:1035D00000F08EFA0446EEE76FF08804EBE72DE981
:1035E000F04104460F4690461D46FDF7A3FD00231B
:1035F0002B6023680646012B11D12B4642463946E3
:10360000201D00F087FA05462046FFF797FFFDF7DB
:1036100099FD3046FDF7B2FD2846BDE8F0816FF018
:103620008805F1E770B51E46038803F44F44B4F5EE
:10363000824F17D1551E6D08ED00104CC4E90012E1
:103640000146182204F10800FDF702F80123226A5E
:103650006581013242F0004222620020326084F82B
:10366000243070BD03F4E043B3F5805F02D0B3F5BE
:10367000005F01D1D500E0E70025DEE7E83A04303D
:10368000F0B5002887B004DB442200210C48FCF789
:10369000BCFF00266C460B4F31461822684607F1E6
:1036A0000805C7E90066FCF7B0FF0FCC0FC594E82A
:1036B000030085E80300304687F8246007B0F0BDBA
:1036C000103B0430E83A043030B5002885B02ADADF
:1036D0001648C468240A26D1048904F44F45B5F578
:1036E000824F1CD121F4FF7525F00105B5F1062F9D
:1036F00019D1E4B2122C12D14489B4F5807F0ED1D5
:10370000099C00920394089CCDE901340B46426861
:1037100050F8081B00F0A4FE10F1860F01D16FF0E5
:10372000850005B030BD6FF08600FAE7E83A043056
:103730007047002818BF6FF08300704710B514461B
:103740001846FCF785FF039B00201C6010BD00009D
:1037500010B50A46044619B1024B00211B68984770
:1037600010BD00BFB0BA010C01680E4A0346914279
:1037700015D1C169A2F11022A2F1EF1291420ED12E
:103780008268012A0BD8C26812B101698A4206D048
:10379000586928B19B691B1A58425841704701204B
:1037A000704700BF55AA00FF0E4B70B59E68B6B1BA
:1037B0003046FFF7D9FF044618B9F3687BB935697D
:1037C0000DB9204670BD2846FFF7CEFF28B9EB683B
:1037D000B34204D12E462D69F2E70446F1E70124F5
:1037E000EFE700BF543B04302DE9F843404E346806
:1037F000D4B1B468C4B1002877D0002975D001FBDA
:1038000000F5B5FBF0F088426FD1281D6DD8A907EF
:103810000DD025F003070437F46803E06368BB426A
:1038200007D2A469002CF9D12046BDE8F8832F46C1
:10383000F2E7A3681BB12F4B01201B689847D4E91E
:103840000520616804F12008C91B23291CD8012325
:10385000A360BAB19061A36903B15A610023C4E9BE
:1038600005333369DA0706D5FFF79EFF18B101204B
:10387000204B1B6898472A46002140464446FCF7E7
:10388000C4FED1E7F060E6E707F1200C04EB0C037F
:10389000203959600021DFF860E0C3E90214216992
:1038A000196144F80CE0DFF854C0C3F81CC001B142
:1038B000CB60C3E90520B2B193619A6902B153614B
:1038C000236100234FF00109C4E905333369C4E9DA
:1038D0000179DB07CFD5FFF767FF0028CBD0054B79
:1038E00048461B68C6E7F360E7E700249CE700BF93
:1038F000543B04301400043055AA00FF669911EEC1
:103900002DE9F041054600287CD03F4F3B68002B55
:1039100078D0BA68002A75D0834203D87A681344F5
:10392000984203D3394B01201B689847A5F1200426
:103930002046FFF719FF18B1344B01201B68984748
:1039400055F8183C012B03D0304B01201B689847D9
:10395000002355F8146C45F8183CAEB1B26892B922
:1039600055F81C3C03F1200273681344736055F84A
:10397000103C336103B1DE60204620220021FCF7B9
:1039800044FE234634461E462069002832D0836810
:10399000002B2FD1636842682033134463600369AE
:1039A000D4E905212361DAB901BB42698169626109
:1039B000A161EAB19461A26902B1546103B1DC6012
:1039C00020220021FCF721FE3B699B071AD5FFF757
:1039D000EBFEB8B1BDE8F0410C4B01201B68184765
:1039E0009161A1690029E0D04A61DEE7F960F8E75A
:1039F000FC60E0E7002EE7D1FB68A36103B15C61E6
:103A0000FC60E1E7BDE8F081543B04301400043071
:103A100038B50D461422002104461248FCF7F5FD86
:103A20001149124801F07CF9232D1AD914F003032F
:103A30001FBF043DED18C3F10403E4182A4600211A
:103A40002046FCF7E2FD074B094AC3E900459C60AC
:103A50002260A2F11022203DA2F1EF126560E26126
:103A6000DC6038BD543B04300139010CE937010CEE
:103A700055AA00FF036810B504462BB1054A9342CE
:103A800005D1043000F0DEFB0020206010BD6FF097
:103A90008800FBE709000002F8B5076805460C46F8
:103AA00007BB124B994213D1061D304600F0C6FBEE
:103AB0003046394600F0CCFB064628B92C6030462B
:103AC000BDE8F840FFF735BE2846FFF7D3FFF6E71D
:103AD00001F0FE44B4F1007F14BF6FF086006FF078
:103AE0008500F8BD6FF08800FBE700BF0900000209
:103AF00010B5074B04689C4206D1043000F0D6FB99
:103B0000BDE81040FFF715BE6FF0880010BD00BF84
:103B1000090000022DE9F0411F460478064644F0F2
:103B2000007404F17E44033C102C98BF104B88466F
:103B300015468CBF00241C5D3A601AB12121404615
:103B4000FCF763FDAC420DD832680A4B9A420CD1A7
:103B50004146301D00F0EAFBFFF7EBFD00B93C6089
:103B6000BDE8F0816FF08900FAE76FF08800F7E7B1
:103B7000B4BA010C090000022DE9F04F0D46D5B092
:103B800000F1440304934BAB059300F164030693E7
:103B9000DDE9043253F8041F42F8041F06999942E4
:103BA000F8D100240BAE09AF291904223846FCF7DE
:103BB0004FFD3B6804341BBA402C46F8043FF3D158
:103BC00097490DF1280A5546DDE951EBDDE94C76C0
:103BD000DDE94E328C46DDF84C81DDF840910191F3
:103BE000A868DCF800104FEAF92484EAB91401440B
:103BF0008BEA0E0084EA796400EA090080EA0B008F
:103C00002144014441444FEA773888EAB70888EAFA
:103C1000B7580A44884447EA060107EA06001940F3
:103C200001438844E868DCF804104FEA7834014422
:103C300089EA0E00104080EA0E00594401444FEA20
:103C4000F22080EAB21080EA726084EAB80401448B
:103C500084EAB8540B440C4448EA070108EA070018
:103C6000314001430C442869DCF808102035014438
:103C700082EA0900184080EA0900714401444FEAD1
:103C8000F32080EAB31080EA736001444FEA743095
:103C900080EAB40080EAB45001EB060E084448EA1A
:103CA000040108EA040639403143084455F80C6C15
:103CB000DCF80C100CF1200C0E444E4482EA03098F
:103CC00009EA0E094FEAFE2189EA020981EABE11DA
:103CD00081EA7E614E440E444FEA703181EAB001C0
:103CE00081EAB05106EB0709314444EA000604EAD0
:103CF000000706EA08063E43314455F8087C5CF8A4
:103D0000106C3E44164483EA0E0202EA09025A404D
:103D100016444FEAF92282EAB91282EA796216441D
:103D20004FEA713282EAB10282EAB152B0443244BF
:103D300040EA010600EA010726403E43324455F8B6
:103D4000047C5CF80C6C3E441E448EEA090303EAD2
:103D5000080383EA0E031E444FEAF82383EAB813EC
:103D600083EA78631E444FEA723383EAB20304EBBA
:103D7000060B83EAB25341EA02043344044001EAE9
:103D80000206344323442E685CF8084C344489EA24
:103D9000080606EA0B0686EA0906744434444FEA2C
:103DA000FB2686EABB1686EA7B66344400EB040EEB
:103DB0004FEA733080EAB30080EAB350204442EA0D
:103DC00003040C4002EA0306344306196C685CF8ED
:103DD000040C204488EA0B0404EA0E04484484EAF4
:103DE000080420444FEAFE2484EABE1484EA7E6478
:103DF000204401EB00094FEA763181EAB60181EAFD
:103E0000B651014443EA0600104003EA0604204389
:103E10000F181AA9A9427FF4E3AE3AA9079101E06D
:103E2000C8BA010CDAF84010DAF80C404FEAF14554
:103E300085EA7145DAF8080085EA9125DAF82C1050
:103E40000AF1200A01444FEAB44080EAF41080EA03
:103E5000D4002944014403918BEA0E004FEAF92172
:103E600081EAB91100EA090081EA796180EA0B0070
:103E70000844019907EA0605096C084403990844B7
:103E8000404402440292CAF8281047EA06024FEA68
:103E9000773181EAB7011A402A4381EAB7511144C8
:103EA000DAF8242001444FEAF24585EA72455AF8CF
:103EB000100C85EA9225DAF81020DDF808C01444C9
:103EC0004FEAB04282EAF01282EAD0022C44144453
:103ED000029A89EA0E051540019A85EA0E05526C90
:103EE000CAF82C405A4422441544029A4FEAF2225E
:103EF00082EABC1282EA7C622A4403EB020B47EAA4
:103F000001054FEA713307EA010C83EAB10335403A
:103F100045EA0C0583EAB1532B441344039A5AF83B
:103F20000CCC4FEAF24585EA724585EA9225DAF82B
:103F3000142000EB02084FEABC4282EAFC1282EA3B
:103F4000DC02A8449044029A4FEA733589EA0200E1
:103F5000019A00EA0B00926C80EA09007244424424
:103F600010444FEAFB2282EABB1282EA7B620244DF
:103F700041EA030006EB020E85EAB30501EA0306F7
:103F80003840304385EAB355054415445AF8086C67
:103F9000DAF818204FEAF44080EA744080EA94206E
:103FA0000CEB02044FEAB64282EAF61282EAD6022B
:103FB00004441444029A03EA050C82EA0B0000EA66
:103FC0000E005040019ACAF83080D26CCAF83440D2
:103FD0004A44224410444FEAFE2282EABE1282EA98
:103FE0007E62024407EB02094FEA753043EA050797
:103FF00080EAB5000F4047EA0C0780EAB550384424
:1040000010445AF8047CDAF81C204FEAF84C8CEA89
:10401000784C16444FEAB7428CEA982C82EAF712A1
:1040200082EAD70266441644019ADDF808C0126D90
:10403000CAF83860324462448BEA0E0C0CEA090C70
:104040008CEA0B0C62444FEAF92C8CEAB91C8CEA1E
:10405000796C94444FEA703282EAB00201EB0C08AA
:1040600082EAB05245EA00010292194005EA0002D4
:104070001143029A0A444FEAF44181EA744181EA09
:104080009421DAF820406244DAF800C03C440C4441
:104090004FEABC4181EAFC1181EADC010C44019940
:1040A0008EEA0907496D07EA08072144594487EA5F
:1040B0000E070F444FEAF82181EAB81181EA7861CE
:1040C000394403EB010B4FEA723383EAB20383EA0C
:1040D000B25340EA020702932F4000EA02031F4353
:1040E000029BCAF83C403B440B444FEAF64181EA4C
:1040F000764181EA9621DAF82460DAF804706644A1
:1041000031444FEAB74686EAF71686EAD7063144C5
:1041100002910199DDF808C0896D89EA08066144B9
:1041200006EA0B06714486EA09060E444FEAFB21B3
:1041300081EABB1181EA7B61314405EB010E42EA61
:1041400003064FEA7335CAF840C0064002EA030C82
:1041500085EAB30546EA0C0685EAB35535446E1880
:10416000DAF80810039D4FEAF44C3D444FEAB1479A
:1041700087EAF11787EAD1078CEA744C01998CEA37
:10418000942C6544C96D3D4488EA0B0707EA0E0785
:104190002944494487EA08070F444FEAFE2181EA8F
:1041A000BE1181EA7E61394443EA060703EA060943
:1041B000174047EA090700EB010901984FEA763CEE
:1041C00020308CEAB60C019007988CEAB65CCAF8ED
:1041D0004450BC44504501EB0C077FF423AE0AA8C1
:1041E000C0F81031C0E9001C029BC0F82481C0F85F
:1041F0000031C0F81421C0F8FC40C0F820B1C0F86C
:104200001CE1C0F80C61C0F80451C0F81891C0F866
:104210000871049A059952F8043F049251F8042F4A
:104220001344049A05911360069B9342F1D14FF415
:104230009471FFF78DFA55B0BDE8F08F6822002128
:10424000FCF7E3B910B16821FFF782BA70470000AC
:1042500003460846C1B9C3E910110D4A0D49DFF8FC
:1042600038C0C3E912120D4A0D49C3E914C20D4A00
:10427000C3E916120C4A1A6602F17452A2F523021F
:10428000A2F692425A6670476FF08600704700BFF0
:1042900085AE67BB67E6096A72F36E3C3AF54FA5D7
:1042A0007F520E518C68059BABD9831F2DE9F041DD
:1042B00005460E46144612B3036C03F03F079B18E5
:1042C000036422BF436C013343647FB1C7F14008EC
:1042D00042450FD342463844FCF7BAF929462846EE
:1042E000FFF74AFC27444644A7F140043F2C09D875
:1042F0002CB1002722463146E819FCF7A9F9002025
:10430000BDE8F081374606EB0408394628464037B9
:10431000FFF732FCA8EB07033F2BF6D8A4F14003CC
:1043200023F03F0340331E44E41ADFE773B50D4624
:104330008021036C044603F03F035A1C382AC15401
:10434000104474D80021C2F13802FCF75EF9D4E9B8
:104350001062730F43EAC20304221BBA0DEB020181
:1043600004F138000193FCF773F90422F6000DEB19
:10437000020136BA04F13C000196FCF769F92146C6
:104380002046FFF7F9FB0422A36C0DEB02011BBAD8
:1043900028460193FCF75CF90422E36C0DEB020163
:1043A0001BBAA8180193FCF753F90422236D0DEBF7
:1043B00002011BBA05F108000193FCF749F9042238
:1043C000636D0DEB02011BBA05F10C000193FCF7C4
:1043D0003FF90422A36D0DEB02011BBA05F1100099
:1043E0000193FCF735F90422E36D0DEB02011BBAD2
:1043F00005F114000193FCF72BF90422236E0DEB59
:1044000002011BBA05F118000193FCF721F90422FF
:10441000636E0DEB02011BBA05F11C000193FCF762
:1044200017F92046FFF70EFF002002B070BDC2F161
:1044300040020021FCF7E9F821462046FFF79CFBEB
:1044400038220021204680E7043004289ABF034B1D
:1044500033F910006FF08300704700BFC8BB010C38
:104460004123F0B595B00DF1080CCDE9003CDDE934
:104470001A56DDE91C47029303ABFFF75FF998B9C1
:104480009DF80C30042B0DD1402F0FD133462A4616
:1044900020460DF10D0100F08DFB15B0BDE8F04098
:1044A000FFF7D2BF6FF0860015B0F0BD6FF094003B
:1044B000FAE70022016000F11C0340F8042F984243
:1044C000FBD17047F0B5002405462646204652F839
:1044D000247051F82430DB1946EB06071B1845F809
:1044E000243004F1010447F10000082CEFD1F0BDA5
:1044F000002370B50646184652F8235051F8234061
:10450000641B65EB0505241A46F8234003F10103FB
:1045100065F10005082BC5F10000EDD170BD70B547
:1045200004395642041F013A1C3054F8043F51F834
:10453000045F134035402B4384422360F5D170BDA6
:10454000002330B50446184654F8232051F8235070
:1045500001336A40082B40EA0200F5D130BD021F4A
:1045600000F11C03002052F8041F9A4240EA0100A7
:10457000F9D170472DE9F047002506468946AA463D
:10458000171FA0F1040C02F11C0857F8043F5CF857
:1045900004EF4C46200C1A0CA4B29BB2110041430C
:1045A00062435C43434318041B0C24184B41100422
:1045B000120C2418534170460022241853416419E8
:1045C000534147451D46CCF80040DED1336A5A19A5
:1045D0005B1932624AEB0A00BDE8F08710B5043877
:1045E000A1F120024B7F0C7F1B0443EA0463CC7FC4
:1045F0000439234391F822408A4243EA042340F8D5
:10460000043FEFD110BD70B588B01E460446FFF7D9
:1046100059FF3246054621466846FFF769FFC0F15B
:104620000102694620462A43FFF779FF08B070BDB2
:104630002DE9F04F9846D3F840A0002307461846CE
:104640008BB0914601AA0133092B42F8040BFAD131
:10465000A1F1040B01F11C06D9F800305BF8041F2E
:10466000019D4A4601A803FB0155FFF783FF0AFBA2
:1046700005F504464246294601A8FFF77BFF0823BB
:10468000044401AA5168013B42F8041BFAD1B34526
:104690000994E1D1424601A93846FFF729FFC0F14C
:1046A000010222433846C2F10102FFF738FF0BB086
:1046B000BDE8F08F014BFFF7BBBF00BF78BC010C1A
:1046C0000B4601F120020146FFF7B2BF30B50446A8
:1046D0000D4689B068460121FFF7EBFE2B466A467E
:1046E00021462046FFF7A4FF09B030BD38B5044687
:1046F0001546FFF7DEFE29462046BDE83840FFF7A5
:10470000DFBF2DE9F04314460646274689B0012253
:104710006846FFF704FF224601213046FFF7E6FF17
:10472000256804F11C09023D4FF02008EB0705D570
:1047300023466A4631463046FFF77AFF23466A46EB
:1047400069466846FFF774FFB8F101084FEA55055E
:10475000ECD14F4502D057F8045FE5E709B0BDE85A
:10476000F083000070B5144606460D4688B0214619
:1047700020460C4AFFF7C5FF224621466846FFF750
:1047800099FF6A4631463046FFF794FF2246694654
:104790006846FFF78FFF6A4629462846FFF78AFFDB
:1047A00008B070BD78BC010C30B5044689B0FFF785
:1047B00015FF0C4A21466846FFF79AFE054601217F
:1047C0006846FFF776FE6A4621466846FFF790FE88
:1047D0002DB1003818BF0120404209B030BD4FF064
:1047E000FF30FAE734BC010C10B588B0044601462E
:1047F000054A6846FFF77CFE6946C0F10102204683
:10480000FFF78DFE08B010BD34BC010C70B51F2A37
:1048100004460B4688B00FD800206D466946064610
:104820000130202805F8016BFAD1C2F11F000844BD
:104830001A4493420CD12046FFF7D0FE2046FFF7E2
:10484000D3FF2046054908B0BDE87040FFF738BFE8
:1048500013F8015B00F8015FEBE700BF34BC010C0B
:1048600030B589B00446FFF743FE05462146684649
:10487000044AFFF727FE2A4669462046FFF74FFE07
:1048800009B030BD78BC010CF0B516461F46044691
:104890000D4699B011466846FFF70CFF324669464F
:1048A00008A8FFF707FF3A4669466846FFF702FF88
:1048B00008A908461E9AFFF7FDFE2246694668468B
:1048C000FFF7CEFF08A92A460846FFF7C9FF6A4648
:1048D00031463046FFF7EEFE6A46694610A8FFF7FC
:1048E000E9FE6A46684610A9FFF7E4FE10A92246D1
:1048F0000846FFF7DFFE08AA11462046FFF7DAFE5A
:104900002146204610AAFFF7ABFF2146204610AAF9
:10491000FFF7A6FF6A4621462046FFF7A1FF10A930
:1049200022460846FFF79CFF10A9084608AAFFF791
:10493000C1FE2A4669466846FFF7BCFE6A4628461D
:1049400010A9FFF78DFF19B0F0BD000070B5044647
:1049500090B00D4611461646FFF740FE2146234A09
:1049600008A8FFF7C5FD012803D04FF0FF3010B0B5
:1049700070BD11462046FFF7A3FE284606F1200130
:10498000FFF72CFE2946194A08A8FFF7B1FD0128B8
:10499000EBD111462846FFF793FE2A462946684682
:1049A000FFF788FE2246214608A8FFF783FE08A9E4
:1049B00022460846FFF77EFE08A922460846FFF772
:1049C0004FFF08A922460846FFF74AFF08A92246DA
:1049D0000846FFF745FF08A90846044B044AFFF7BD
:1049E00012FE684608A9FFF7ABFDC0E778BC010CD2
:1049F00014BC010C70B504460D46164698B011461D
:104A000008A8FFF757FE344B2146684608AAFFF76F
:104A1000FAFD214608AA10A8FFF722FF694610AA4E
:104A200008A8FFF747FE08AA114668462A4BFFF779
:104A3000EAFD69466846284B08AAFFF7E4FD2A46C6
:104A4000294610A8FFF736FE10AA11461046224B41
:104A5000FFF7D9FD214610AA08A8FFF72BFE08AAE8
:104A6000114610461C4BFFF7CEFD10AA114610460A
:104A7000FFF720FE10AA184B11461046FFF7C3FDA2
:104A80006A4669462046FFF715FE2146204608AAD9
:104A9000FFF7E6FE2146204608AAFFF7E1FE324670
:104AA00029463046FFF706FE0B4B3246314630466C
:104AB000FFF7A9FD2246284608A9FFF7D1FE6A465E
:104AC00029462846FFF7F6FD2946284610AAFFF793
:104AD000C7FE18B070BD00BF78BC010C2DE9F04FC7
:104AE0009946054692460C46A3B02C9E2F49324665
:104AF00002A8FFF7FDFCD6F800B031460BF001022A
:104B000002A80DF14808FFF70AFD00214046FFF713
:104B1000D0FC4A4641460AA8FFF7A2FE01225146B0
:104B20002846FFF7FCFC012249462046FFF7F7FC28
:104B300001211F4A1AA8FFF7D9FD6FEA0B02204690
:104B400002F001020AA9FFF7EAFCFF277B0922AA6B
:104B500002EB830353F8806C07F01F02D64086EA0D
:104B60000B06F2434946404602F00102FFF7D7FC2C
:104B7000404606F001020AA9FFF7D1FC214628466B
:104B80001AAAFFF737FF534621462846CDF8008082
:104B90001AAAFFF779FE013FD8D1214628461AAA62
:104BA000FFF7E0FD23B0BDE8F08F00BF34BC010C7F
:104BB00078BC010C2DE9F041C2B004460F46014615
:104BC00002A815469846FFF7EFFD28B16FF00307DE
:104BD000384642B0BDE8F0810AAE304604F120010B
:104BE000FFF7E2FD0028F1D14246294612A8FFF75F
:104BF0000DFE30464649FFF763FD1AAC314630469C
:104C0000434AFFF77EFD424B3246204612A9FFF78A
:104C10000FFD22AD20463E49FFF758FD01222846F0
:104C200002A9FFF77CFC28463949FFF749FD3246C7
:104C3000374B29462846FFF7FBFC28463449FFF747
:104C400045FD3A4632A92AA8FFF780FE074600280C
:104C50005BD112A83146009532AB2AAAFFF73EFF7E
:104C60002046FFF77CFC90B90122204612A9FFF7ED
:104C700056FC28492046FFF729FD2046FFF7B4FDE2
:104C8000204602A9FFF75CFC0028A1D09EE7224B3A
:104C9000224A32A92AA80094FFF720FF01222046C9
:104CA0002AA9FFF73CFC0122284632A9FFF737FC6E
:104CB00001213AA8174AFFF719FD12A92AA8FFF700
:104CC0003FFC60B10B462046294600963AAAFFF702
:104CD000DBFD294620463AAAFFF744FDC9E73146E5
:104CE00032A8FFF72DFC28B9294620463AAAFFF73B
:104CF00081FEEEE739462046064AFFF7F7FC3946C3
:104D00002846044AFFF7F2FCB3E76FF001075FE7BC
:104D100034BC010C78BC010CD4BB010CF4BB010CFD
:104D2000024B1860024B0020196070471C000430D1
:104D300018000430464A136B23F4807323F00103F8
:104D400043F480731363136943F0300313615369B1
:104D50001807FCD53F4B1A6922F4FE0242F4800288
:104D60001A611A6822F018021A601A6842F00102E9
:104D70001A601A689107FCD537490A6822F00F02B9
:104D800042F005020A609A6A22F0030242F0010230
:104D90009A629A6A42F480329A629A6A42F40032C3
:104DA0009A629A6A42F480229A629A6A22F0100207
:104DB0009A629A6A22F00C0242F008029A629A6A97
:104DC00022F020029A629A6A22F47C5242F4006233
:104DD0009A625A6B6FF3080242F03B025A635A6BB5
:104DE00022F47E4242F400725A635A6B22F4FE02AD
:104DF00042F480325A635A6B22F0FE4242F08072D3
:104E00005A631A6842F080721A60124B1A68920153
:104E1000FCD51A6A22F00F021A621A6A22F0700296
:104E20001A621A6A22F4E0621A621A6A22F4E042F2
:104E30001A62DA6942F00302DA61064BDA6902F0BB
:104E40001802182AFAD11A6842F480521A60704780
:104E500000080254000C02540020025008B501F072
:104E600029FC18B1BDE8084007F082B808BD000071
:104E70001FB51D4B1B6801931C4B5B6802931C4BB9
:104E80005B680393019B029B039B00F0CDFC01F048
:104E9000E7FCFFF7E3FF01F067FC20B1154802F0E3
:104EA00085F907F065F8FBF7E5FD20B1124802F03F
:104EB0007DF907F05DF8002400F0A6F800F082F913
:104EC0000E4B1C6000F0A0F800F07CF90C4B204663
:104ED0009B68984720B10B4802F068F907F048F842
:104EE000002004B010BD00BF0080020C00E0020CE6
:104EF00000E0000C05B4010C27B4010C6C3B04303D
:104F000024BD010C54B4010C30B585B00192CB69BD
:104F10000093D1E9053201460B4802F047F90B48EE
:104F2000816AC26AD0F8E430446B856BD0F8E8003F
:104F30000094CDE90150064802F038F905B0BDE80B
:104F4000304007F015B800BF7FB4010C00ED00E061
:104F5000ABB4010C0A4601460148FFF7D5BF00BFBC
:104F6000EAB4010C0A4601460148FFF7CDBF00BF75
:104F7000F4B4010C0A4601460148FFF7C5BF00BF63
:104F8000FEB4010C0A4601460148FFF7BDBF00BF51
:104F900007B5010C0A4601460148FFF7B5BF00BF3F
:104FA00012B5010C1EF0040F0CBFEFF30880EFF3F5
:104FB00009807146FFF7CEBF1EF0040F0CBFEFF360
:104FC0000880EFF309807146FFF7CCBF1EF0040F95
:104FD0000CBFEFF30880EFF309807146FFF7CABFFB
:104FE0001EF0040F0CBFEFF30880EFF30980714649
:104FF000FFF7C8BF1EF0040F0CBFEFF30880EFF3FC
:1050000009807146FFF7C6BFF7B5644C236883B9C2
:10501000634BD3F8882042F08072C3F888204FF4A5
:105020000022D3F8883003F080730193019B5D4B1D
:105030009A612068002872D15B4B5C49D3F8D0207C
:1050400022F00102C3F8D0200A680130C3F8D8204A
:105050004A68103122F01F02C3F8DC2011F8045C0A
:1050600051F8082C003D18BF012522F01F0242EA2A
:10507000450242F001020528C3F8E020E4D1BFF365
:105080004F8FBFF36F8FD3F8D02042F00102C3F8E7
:10509000D020454A536A43F4702353622368D3B93E
:1050A0004022434843497F25C0E90012F922C0E964
:1050B0000433C0E90252C0E90633036201F080FA0A
:1050C00008B106F055FFFF21394801F0CFFA3A49FF
:1050D000374801F0E1FA2368002B4FD1012000F09E
:1050E00071FF2268002A50D12D4B0520D3F888107B
:1050F00041F40031C3F88810D3F88830114603F426
:1051000000330093009B01F00DF9052001F03AF9FE
:105110002A4A536C43F00203536403B0F0BD0027E6
:10512000224D214E2B68C6F8D830D6F8D800D6F8D4
:10513000DC208342D6F8E01011D16B6823F01F0306
:1051400093420CD12A7BAB68003A18BF012223F0AE
:105150001F0343EA420343F001038B4201D006F0F0
:1051600007FF0137052F05F11005DBD10E4BD3F8F2
:10517000D030DE078DD406F0FBFE8AE700F02CFF6E
:105180000128AED006F0F4FEABE70C4B5B6C9B073E
:10519000C3D403B0BDE8F04006F0EABE6C3B043077
:1051A000000C02540024035000ED00E0D4BC010CBC
:1051B000FC3B0430007800540000FF5D00600250AA
:1051C000704700006D4B73B51A6832B901224FF475
:1051D00000116B481A6001F0E9FF01230226694CB7
:1051E000694D20466361266200F082FE28466E61AA
:1051F00000F07EFE002323602B60236903F07F43D1
:10520000B3F1344F04D0614801F0D0FF06F0B0FE96
:10521000E368002B04DA5E4801F0C8FF06F0A8FE40
:10522000E36803F07F53B3F1345F04D0594801F0D1
:10523000BDFF06F09DFE616A574B994207D0574863
:1052400001F0B4FF564801F0B1FF06F091FED4E939
:105250000F320BB97B2A10D00021524800927B22DA
:1052600001F0A4FF504801F0A1FF7B230020C4E916
:105270000F03236843F4007323602B6C3F220093D9
:10528000EB6B0021494801F091FFD5E90F320BB9D2
:105290003F2A13D00021464800923F2201F086FFAA
:1052A0003F21444801F082FF434801F07FFF3F2344
:1052B0000021C5E90F134FF400732B6023691A070F
:1052C00004D53E4801F072FF06F052FE23695B06EA
:1052D00004D53B4801F06AFF06F04AFE23682A68BD
:1052E000134326D0374801F061FF00F047FB00F080
:1052F00067FB236843B1234800F06AFC20B13248C1
:1053000001F054FF06F034FE2B6843B11E4800F054
:105310005FFC20B12C4801F049FF06F029FE00F0A7
:105320000BFC20B1294801F041FF06F021FE01F0FD
:1053300037F8A16AC32907D0254801F037FF25486F
:1053400001F034FF06F014FE6368B3F56D4F13D01F
:10535000B3F5B85F10D0B3F5385F0DD0B3F5464F55
:105360000AD0B3F5E44F07D0B3F5B84F04D002B07C
:10537000BDE8704006F0FCBD02B070BDF83B0430E3
:105380001EB5010CB43B0430703B04303FB5010C3A
:105390005BB5010C8AB5010C0000010CB8B5010C1D
:1053A000C8B5010CF0B5010C1DB6010C58B6010CC6
:1053B00088B6010CB5B6010CDFB6010C1AB7010CAA
:1053C00046B7010C67B7010C90B7010CB6B7010CDA
:1053D000D8B7010CE8B7010C042A09DB0B6803609D
:1053E00000F1040001F10401A2F10402042AF5DA3B
:1053F000002A09D00B78037000F1010001F10101CE
:10540000A2F10102012AF5DA70470000044B82B0D4
:10541000186883B26FF30F00184302B0704700BFE3
:1054200068BD010C0C20704700207047012805D989
:1054300002280CBF00206FF0040070476FF00300DB
:1054400070476FF003007047014B1868704700BF4A
:105450002C3C04300048704750BD010C08B54FF497
:105460007A7000F0BFFA002008BD00000C4B70B548
:105470005A6992B11C69002301390144151DA342E8
:1054800001D1002070BD52F83360864203D855F830
:105490003360B14201D90133F1E70120F2E700BFE7
:1054A000400004302DE9F0411446204B96001A7854
:1054B000074622F002021A70421E02EB8402B2F585
:1054C000800F0D4611D31A4A94693CB16FF0040065
:1054D0001A7842F002021A70BDE8F0813246FF21CC
:1054E0002846FBF792F82046F6E70023DFF84480D1
:1054F0003146C8F80030FFF7B9FF324690B107F1E6
:1055000040612846FFF768FFD8F8003023B13246E3
:1055100000212846FBF779F8002324F04040C8F822
:105520000030D9E707F10061EBE700BF2C3C043005
:1055300040000430303C043038B50E4D6B68DC0759
:1055400009D40C4B5A68900711D45A68520744BFCB
:105550000422DA6038BDFBF735FB04466B68990717
:10556000EFD4FBF72FFB001B0128F7D9E9E7022254
:10557000DA60EAE7000403500B4A10B5D36823F061
:105580000203D36001F0A0F8FBF71CFB044601F016
:10559000B7F840B1FBF716FB001B0128F7D901F063
:1055A000AFF80028F3D010BD000403502DE9F04FF0
:1055B000454F87B03B784FEA8208019123F0020300
:1055C0004146064615463B70FFF750FFF0B14FF0DD
:1055D000020B4FF0406A721E4244B2F5800F0CD2AB
:1055E00048EA060414F00F0407D1384BD3E902014E
:1055F000234601F1040E83420DD16FF004003B7885
:1056000043F002033B7007B0BDE8F08F4FF0006A33
:10561000DFF8BCB0DFE751F833C0664503D35EF86E
:1056200033C0624544D90133E5E700F093F93B7894
:1056300043F001033B70019B1022191902A8FBF7EC
:1056400007F8029B049A05991A40039B0B40B3F19B
:10565000FF3F08BFB2F1FF3F24D00AEB06015846D6
:1056600002AA214400F00AFA81461034A04502D073
:10567000B9F1000FDFD03B78414623F00103301928
:105680003B70FFF7F3FE80B100F08EF9FFF754FF97
:1056900001F010F8B9F1000F25F0404018BF4FF0AD
:1056A000FF30B0E74FF00009DFE700F071F9EDE7F8
:1056B000FFF762FF41463046FFF7D8FE0028B4D11D
:1056C00000F034F9B3E700BF2C3C04304000043054
:1056D0000200008070B5B0F5800F044686B008D295
:1056E000C0F30C032BB9324AD2E90012101D8B42D1
:1056F00008D16FF004002F4A137843F002031370AF
:1057000006B070BD52F83350AC4203D350F833505A
:10571000AC4207D90133EAE700F008F929E000F0CC
:1057200037F93BE004212046FFF7A0FE0028224B7A
:1057300018BF0423B4F5001F029334BF01230223D2
:1057400003934FF0010305934FEA543301D3A3F5BC
:105750008073184E0493FFF70FFF3378042123F072
:10576000020320463370FFF781FE0028D4D000F0FA
:10577000F1F8337801A943F0010302A8337000F077
:1057800059FC3378054623F0010304212046337089
:10579000FFF76CFE0028C2D000F006F9FFF7CCFE40
:1057A00000F088FF281E18BF01204042A8E700BF74
:1057B000400004302C3C043004000080174BD3F828
:1057C0000421002A29DAD3F8042142F00042C3F868
:1057D0000421134A136801331360734603F00F0367
:1057E0000D2B14D1EFF30982D2E90631C9010CD592
:1057F00023F00101098801F46840B0F5684F04D036
:1058000001F47841B1F5704F04D1043303E0EFF3B4
:105810000882E9E7023393617047FEE700200250F7
:10582000303C04307047000010B5032000F068FDE4
:1058300000F064FC094B0A4A1B6A03F00F03D35CB7
:10584000D840084B18600F20FBF7AEF9044618B992
:10585000FFF7E8FF204610BD0124FBE7000C0254CF
:10586000C4BC010C200004300C4B10B50C4A9C68E1
:105870000C4B13EA240338BF13461A6842F00202A5
:105880001A60EFF3108272B60023CC58C450043370
:10589000102BFAD182F3108810BD00BF2400043011
:1058A0002C2002502820024030B50F4DAB68002B51
:1058B000AABF0E4B0E4B0F4A1C68B8BF0E4A44F0ED
:1058C00002041C60AB68146803F0040323431360F4
:1058D000EFF3108272B60023CC58C4500433102B5F
:1058E000FAD182F3108830BD240004302C200250FD
:1058F000282002404420025040200240084B10B5AE
:10590000084A9C68084B13EA240338BF13461A68F8
:1059100042F002021A600B889BB2038010BD00BFE8
:10592000240004302C20025028200240074B9A6AA1
:10593000D20741BF064A5A6002F188325A6046BF18
:10594000986A00F001000120704700BF002002505B
:1059500023016745074BDA6AD20741BF064A9A60BE
:1059600002F188329A6046BFD86A00F00100012037
:10597000704700BF002002502301674508B5FFF7BC
:10598000D5FF18B9BDE80840FFF7E4BF08BD000027
:10599000044B9A6A42F001029A62986AC04300F08E
:1059A0000100704700200250044BDA6A42F0010205
:1059B000DA62D86AC04300F001007047002002504C
:1059C000064BD86910F0010007D0054ADA6002F1F1
:1059D0004432DA60D86900F00100704700200250BC
:1059E0003B2A1908F8B50546FBF7ECF81D4E1E4C8E
:1059F000B2681E4B074614EA220438BF1C462368CF
:105A000013F00B0F1AD1B168194B1A4A1A4812EA4F
:105A1000210238BF1A462168036A01F47E0103F4AB
:105A200000030B4315D071681943716013601A02AB
:105A300002D54FF40003036301200EE0691CDED0A1
:105A4000FBF7C0F8C01BA84201D8002DD7D1032016
:105A500003E02368DB0301D40020F8BD4FF480335A
:105A60001360F9E724000430202002402420025073
:105A70003420025030200240002002502DE9F04135
:105A8000264D04462B780E46012B174644D00123A1
:105A90002B7000234FF47A706B60FFF7A3FF50BBAD
:105AA0001F4B204AAC6012EA240838BF984624F005
:105AB0000043022B23D139463046FFF7D5FE4FF481
:105AC0007A70FFF78FFFD8F8003024F0304222F0D0
:105AD000040223EA0203C8F80030134B9C420AD1A7
:105AE000A968124A124B13EA210338BF13461A68F9
:105AF00022F004021A6000232B70BDE8F0810D4BE8
:105B000024F004029A423946304602D1FFF7CCFE17
:105B1000D5E7FFF7F3FED2E70220EEE724000430DA
:105B20002C20025028200240060000104420025081
:105B30004020024002000010044A4FF47A70D369FA
:105B400043F00203D361FFF74DBF00BF00200250B6
:105B5000124B134A9968134B13EA210338BF1346BB
:105B600000F00302032A06D11A6842F4004242F010
:105B700020021A607047C10707D51A6822F0004258
:105B800022F0280242F028021A608207F2D51A6831
:105B900042F0004242F02802EBE700BF240004304C
:105BA0002C20025028200240064B074A9968074BD8
:105BB00013EA210338BF13461A6842F008021A603C
:105BC000704700BF240004304420025040200240AF
:105BD0002DE9F041DFF8A882044698F80030012B47
:105BE00000F081810123002088F800304FF08023ED
:105BF000C8E901034FF47A70FFF7F4FE002840F083
:105C000039812768F90719D5A5696369012D03F062
:105C10000101E26903F0020340F0368131B1994D90
:105C2000D5F8EC1021EA0201C5F8EC1033B1954922
:105C3000D1F8EC3123EA0203C1F8EC31BA0706D5FA
:105C4000904A6168536D23F47F430B4353657B0790
:105C500040F1AE80D4E9021511F001030EBF1A46DF
:105C6000032205F003038E0742BF05F00406334309
:105C700042F004024E0742BF05F00806334342F0EB
:105C800008020E0742BF05F01006334342F010022F
:105C9000CE0642BF05F04006334342F040028E0676
:105CA00042BF05F08006334342F080024E0642BFF9
:105CB00005F48036334342F480320E0642BF05F4C9
:105CC0000036334342F40032CE0542BF05F480165D
:105CD000334342F480128E0542BF05F4001633436D
:105CE00042F400124E0542BF05F07F56334342F0A6
:105CF0007F520E0542BF05F000452B4342F00042A3
:105D000011F4805518BF0426D4F810C00CBF2E46DD
:105D10000CF0040511F4005F1EBF0CF0080E45EAFC
:105D20000E0546F0080611F4804F1EBF0CF0100E51
:105D300045EA0E0546F0100611F4004F1EBF0CF0A8
:105D4000200E45EA0E0546F0200611F4803F1EBFE6
:105D50000CF0400E45EA0E0546F0400611F4802F87
:105D60001EBF0CF4004E45EA0E0546F4004611F441
:105D7000002F1CBF0CF07F4C45EA0C05C1F30B0C47
:105D800018BF46F07F46BCF1000F08D0DFF8F4E002
:105D9000DEF854C02CEA02021343CEF8543011F45A
:105DA0007F2F05D0374A536F23EA06032B435367EF
:105DB000B90510D5D4E90F316569EA0742BF314E04
:105DC00043EA0142C6F8E420AE0742BF2D4A43EA47
:105DD0000143C2F8E4313D070AD5D4E90831012B6B
:105DE00061D1284AD2F88430DBB20B43C2F8843048
:105DF000F9060BD5236AA16A012B5ED1214AD2F89C
:105E0000843023F0FF030B43C2F88430BA0606D572
:105E10001C4AE16AD2F894300B43C2F894307B06F6
:105E200010D5D4E90C316569EE0742BF154E43EA3F
:105E30000142C6F8FC20AA0742BF124A43EA0143C6
:105E4000C2F8FC313B0615D56269A36B02F0010173
:105E500002F00202002B3BD029B10A4C591E41F43A
:105E60000041C4F8F4102AB1064A013B43F4004350
:105E7000C2F8F431002388F80030BDE8F08100BF9B
:105E8000240004300020025029B1184DD5F8EC1040
:105E90001143C5F8EC10002B3FF4D0AE1349D1F8F4
:105EA000EC311343C8E6022BA2D1104AD2F88C3051
:105EB000DBB20B43C2F88C309AE7022BA6D10B4A17
:105EC000D2F88C3023F0FF030B43C2F88C309DE7EF
:105ED00011B10649C1F8F430002ACBD00022034B9F
:105EE000C3F8F421C6E70220C7E700BF0020025034
:105EF00006230360324B1A6D02F47F4242601A6D32
:105F000022F47F42C2601A6F02614269511E012968
:105F100030D8012A0CBFD3F8E830D3F8E831DB439E
:105F2000C361003B18BF01238361254B012A0CBFCD
:105F3000D3F8E030D3F8E031012AD9B2C3F30743F4
:105F400003641F4BC1630CBFD3F8F830D3F8F831AA
:105F5000012AD9B2C3F30743436340F2C723036066
:105F6000174B01630CBFD3F8F030D3F8F03103F0D6
:105F70000F038363026A531E012B17D80368012A9B
:105F800043F0180303600E4B0BBFD3F88020D3F807
:105F9000882022F0FF0222F0FF020BBF4262426221
:105FA000D3F88030D3F88830DBB28362036843F0E3
:105FB00020030360024BD3F89030C362704700BFE8
:105FC00000200250034AD36B23F003030343D3633F
:105FD000704700BF00200250024BD86B00F0030056
:105FE000704700BF002002500F4B104A10B59C684C
:105FF0000F4B800113EA240338BF1346C9071A6800
:106000000AD522F0004222F47F521A601A68024335
:1060100042F024021A6010BD22F47F521A601A68FE
:10602000024342F00042F3E7240004302C200250E7
:10603000282002402DE9F843294E05463378894649
:10604000012B4AD00123337000234FF47A70736020
:10605000FFF7C8FC0446F0B92B682249224AB36016
:1060600011EA230838BF904648F2080223F00041A5
:10607000914215D16868FFF76BFD4FF47A70FFF716
:10608000B1FC04462A68D8F8003022F0004223EA26
:106090000203C8F80030002333702046BDE8F883BF
:1060A000082B02D1FFF780FDE7E74FF0FF33C9F877
:1060B0000030AF68D5E902231344BB42E2D9384629
:1060C0006968FFF791FF4FF47A70FFF78BFC10B10E
:1060D000C9F80070D5E70137ECE70224DDE700BF1F
:1060E00024000430282002402C200250024A536A27
:1060F00043F0010353627047000802542DE9F04158
:10610000524CE36903F01803082B00F09980E3690F
:1061100013F0180F0AD123684D4813F0200F03D055
:106120002368C3F3C103D840BDE8F081E36903F0FD
:106130001803102B00F08680E36903F01803182B76
:1061400040F08280A76AA36AA66A13F47C5FD4F841
:106150003880C3F30520E7D003F0DAFFC6F300165A
:106160000546C8F3CC00704303F0D2FF4FF06451F2
:1061700004F026F807F00303012B064611D0032B89
:106180004ED0606BC0F3080003F0C2FF314603F04D
:106190000FFF4FF07E5103F00BFF294604462D48B8
:1061A0003BE023689B0629D523682948C3F3C10334
:1061B000D84003F0ADFF294604F0B6F8676B0446FB
:1061C000C7F3080003F0A4FF314603F0F1FE4FF0DF
:1061D0007E5103F0EDFE0146204603F0F1FF1B4B1C
:1061E0000446586BC0F34620013003F091FF01468E
:1061F000204604F099F804F033F995E7606BC0F39A
:10620000080003F085FF314603F0D2FE4FF07E51C7
:1062100003F0CEFE294604460F4804F085F8DAE77D
:10622000606BC0F3080003F073FF314603F0C0FE5B
:106230004FF07E5103F0BCFE294604460748ECE7C8
:10624000074871E707486FE701486DE7000C025403
:106250000090D0030024744A0024744C20BCBE4B30
:1062600000093D0040787D0108B5FFF747FF064B68
:10627000064A1B6A03F00F03D35C03F01F03D840E8
:10628000034B186008BD00BF000C0254C4BC010CD5
:106290002000043008B5FFF7E7FF054B054A1B6AED
:1062A000C3F30213D35C03F01F03D84008BD00BF43
:1062B000000C0254BCBC010C08B5FFF7D5FF054B20
:1062C000054A1B6AC3F30223D35C03F01F03D840C3
:1062D00008BD00BF000C0254BCBC010C08B5FFF7A0
:1062E000C3FF054B054A1B6AC3F30233D35C03F0BB
:1062F0001F03D84008BD00BF000C0254BCBC010CF9
:1063000007490302CA6803F4E06322F4E06212045E
:10631000120C134343F0BF6343F40033CB60704768
:1063200000ED00E0154B30B5DC68C4F30224C4F185
:106330000703251D042B28BF0423062D4FF0FF352E
:1063400094BF0024033C05FA03F321EA0303A540AC
:1063500022EA0502A340002843EA0203ACBF00F191
:106360006040074A4FEA0313DBB2ABBF00F5614060
:1063700000F00F0080F80033135430BD00ED00E052
:1063800014ED00E0002807DB01234109034A00F077
:106390001F00834042F82130704700BF00E100E059
:1063A000BFF34F8F0549064BCA6802F4E0621343FE
:1063B000CB60BFF34F8F00BFFDE700BF00ED00E0F3
:1063C0000400FA052DE9F04F00234FF00F094A4A67
:1063D0004A4D02EA90280A6832FA03F401D1BDE876
:1063E000F08F012404FA03FA1AEA020270D04C6812
:1063F00024F01007022F16D14FEAD30C00EB8C0CBF
:1064000003F0070EDCF820604FEA8E0E09FA0EFB4F
:1064100026EA0B0B0E6906F00F0606FA0EF646EAA0
:106420000B06CCF820600326D0F800B04FEA430EEC
:1064300006FA0EFC2BEA0C0B6FEA0C0604F0030CB8
:106440000CFA0EFC013F4CEA0B0C012FC0F800C007
:1064500040D9032C3CD0C76837408E6806FA0EF648
:106460003E43C660E60033D523F0030707F1A84793
:1064700007F5083703F00306D7F860C0F60009FAFD
:1064800006FE2CEA0E0C08FA06F646EA0C063E66F4
:10649000D743D5F8806014F4803F0CBF3E401643CC
:1064A000C5F88060D5F8846014F4003F0CBF3E400E
:1064B0001643C5F884602E6814F4801F0CBF3E405C
:1064C00016432E606E68A40254BF3E4016436E60B1
:1064D000013380E7876806EA070CCF6807FA0EF7F2
:1064E00047EA0C078760476827EA0A0C27099F409C
:1064F00047EA0C074760AEE77F7F2B00002002547D
:1065000038B50A4CE36823F02003E360FAF75AFB3E
:106510000546E3689B0601D5002038BDFAF752FB1B
:10652000401BB0F57A7FF4D90320F6E700780054D9
:10653000F8B5114D0646EC6814F040041AD1EB682A
:1065400043F08003EB60FAF73DFB23460746EC6817
:1065500014F0400401D1032B01D11846F8BDFAF71D
:1065600031FBC01BB0F57A7F234684BF032386F836
:106570002D30ECE70023F0E70078005438B50F4CDD
:106580000546E36823F08003E360A3699B0606D415
:10659000FFF7B6FF10B1032085F82D0038BDA369C1
:1065A00023F02003A361FFF7ABFF10B1032085F8B0
:1065B0002D00A36943F02003A361EFE700780054A6
:1065C00038B5044600284CD090F82D3003F0FF0277
:1065D0001BB980F82C20FAF7C1FB0223224D84F866
:1065E0002D30EB68DB0637D4CA236B625323204679
:1065F0006B62FFF79DFF18B1FF2303206B6238BD6C
:10660000AB69204623F08E6323F04003AB61216920
:106610006368AA690B431343A2691343AB61D4E9CE
:10662000022343EA02432B61EA68D4E9093122F4E8
:10663000F8520B431343EB60FFF7A0FF0028DBD1B8
:10664000D4E90713AA690B4322F06042134362693D
:106650001343AB61FF236B620123002084F82D30CC
:10666000CDE70120CBE700BF00780054094B1A6842
:1066700022EA01021A60D9630A04586842EA0162F8
:106680000A4320EA02025A60DA6A002022EA010282
:10669000DA627047007C0054054B00201A6822EA39
:1066A00001021A60DA6A22EA0102DA62D9637047EB
:1066B000007C0054034A0020136843F00103136078
:1066C000704700BF0004035038B502230B4CE36051
:1066D000236823F001032360FAF774FA0546206863
:1066E00010F0010000D138BDFAF76CFA401B012808
:1066F000F5D92368DB07F2D50320F4E70004035043
:10670000024B186800F00100704700BF00040350FE
:1067100038B50C4C6368D90704D400200222094B19
:10672000DA6038BDFAF74EFA054663689B07F4D481
:10673000FAF748FA401B0128F7D963689A07F4D49E
:106740000320EBE700040350064B5A68D20707D436
:106750000222DA601A6842F002021A60FFF7D8BF1C
:10676000012070470004035037B51A49D1E84F3F64
:106770000133DBB2C1E8423F002AF7D1012B23D815
:10678000154B164DD3F8E810284621F03001C3F818
:10679000E810D3F88C1041F48021C3F88C10D3F8A2
:1067A0008C302A7203F480230193019B0C4B6A7294
:1067B0002B6001F088FC044648B96946284601F080
:1067C00058FD204603B030BD4FF0FF30FAE76FF0C0
:1067D0000100F7E7343C0430000C0254383C04302C
:1067E00000080C5208B5074801F0C5FC064AD2F86B
:1067F0008C3023F48023C2F88C300022034B1A70B3
:1068000008BD00BF383C0430000C0254343C043056
:106810000020704708B5FAF79DFC00207047002063
:106820007047012070470120704700000A4B37B5C0
:106830001B786BB1094C6369984748B9E56AA8476A
:10684000C307FCD4236A019303B0BDE83040184766
:10685000002003B030BD00BF4C3C04301CBE010C16
:1068600010B50B4C0020A368984780B9022023691B
:10687000984760B94FF4E1310120A46AA04730B9CC
:1068800001211520A04710B90122024B1A7010BD3A
:106890001CBE010C4C3C043010B5064C0020236992
:1068A000984708B1043004D1E368984708B9024B0F
:1068B000187010BD1CBE010C4C3C043037B50422CE
:1068C000BD3084000D4620460DEB020100F052F968
:1068D00058B9019B5A1C0AD0AB420BD8042220465F
:1068E0000DEB0201019500F085F903B030BD45F2D2
:1068F000A350FAE74AF2C530F7E770B5A2B00D46EB
:1069000001A9064600F0F2FA044610BB019B802B59
:1069100028BF8023B5EBC30F019321D80146802205
:1069200002A8F9F772FEFF21EA0802ABA24213D1D6
:1069300004F188030DEB0304012305F00705AB40C8
:10694000013B3046019902AA04F8803C00F0A6FB06
:106950000446204622B070BD03F8011B0134E5E770
:1069600045F2A354F5E7F0B5A3B00D4669460646D7
:1069700000F0BCFA0446C8B900993046802928BF07
:10698000802102AA009100F0E5FA044670B90146A0
:106990000246009F019002ABB8420AD102B10191B8
:1069A000042228460DEB0201F9F752FE204623B0DF
:1069B000F0BD002213F801CB4CFA02F6013206F0CA
:1069C0000106082A3144F7D101220130E4E7062804
:1069D0001BD8DFE800F004090D111416180004227A
:1069E0004FF43D7000F0C6B804224FF43E70F9E752
:1069F00004224FF43F70F5E71020FFF7B4BF1120D9
:106A0000FBE71220F9E71320F7E74CF25A30704702
:106A100000F0C4B9042902D11146FFF7D8BF43F6EC
:106A20005C20704737B505460C46062824D8DFE8B9
:106A300000F0041517191D1F21000020FFF73EFF6D
:106A400050B9284601A9FFF7C2FF28B943F65C23D5
:106A5000019AA24218BF184603B030BD0120EDE7ED
:106A60000220EBE71020FFF748FFE9E71120FAE7E3
:106A70001220F8E71320F6E74CF25A30ECE7012831
:106A800037B5154610D800F10C040A46204629688F
:106A900000F060FA30B9204601A900F027FA08B9E1
:106AA000019B2B6003B030BD4AF2C530FAE700000D
:106AB00070B50446074E4518A54201D8002070BDA8
:106AC0002046F369984710B904F50054F4E743F6FB
:106AD0005C20F4E724BD010C2DE9F84FDFF85CA041
:106AE0000746DAF804308846154698470024144BC8
:106AF000C0F3410013F8209004F18003AB4294BF2F
:106B000080262E1BB6FBF9FBDAF814305A460D49E5
:106B10003819984700280EDB5A46DAF81830094928
:106B200008EB04009847002805DB3444A542E3D86D
:106B30000020BDE8F88F43F65C20FAE724BD010C85
:106B40006CBD010C4D3C043008B54FF400514FF4BE
:106B50002830FFF7ADFF48B9BDE808404FF40052B8
:106B60004FF428314FF42030FFF7B6BF43F65C20D6
:106B700008BD00002DE9F347DFF870900546D9F80D
:106B80000430884614469847194BC0F3410013F867
:106B900020A0B5FBFAF70AFB175727BBA4B9384664
:106BA00002B0BDE8F0870AFB06F6A41BF7D001226D
:106BB00001A9A819C847002812DB224601A908EB41
:106BC0000600F9F745FDEAE7B4FBFAF605F52035CE
:106BD000324641462846D9F81490C8470028E2DAE0
:106BE00043F65C27DBE74AF2C537D8E724BD010C42
:106BF0006CBD010C2DE9F04F86187542C5F30C05EC
:106C0000354485B0B5F5005F0446019104D943F6DB
:106C10005C2005B0BDE8F08FDFF86C81D8F8043057
:106C200098470422594BC0F3410053F82070D8F81C
:106C3000143057480093FBB2B2FBF3F203A9009B58
:106C40009847039A531C023208BF01230393002D77
:106C500034D024F4FF5B2BF01F0BA5EB0B010BF5DD
:106C60002030FFF725FF0028D1D1B5F5407FAA4697
:106C700028BF4FF4407ADA4529D8B5F5407F5ED376
:106C8000FBB21027B7FBF3F7424D3A46294640487E
:106C9000009B9847B6F5407F5CD8042203A93D4885
:106CA000F9F7D6FC384B3A463A493B489B69984736
:106CB00008B18742ABD1FFF747FFAAE74FF4005175
:106CC0004FF42030FFF7F4FE0028C2D09FE70BF10D
:106CD00080039A452CBF4FF08009AAEB0B095FFA9D
:106CE00087F8B9FBF8F82B494246009B0BF5283092
:106CF00098475E4516D909EB0B039C4212D2A34577
:106D00005A4638BF2246111BA2EB0B009E4294BF8D
:106D1000C2EB0602C2EB0302019B19441D4B18444F
:106D2000F9F796FC184B42469B691A490BF520303F
:106D3000984710B180457FF46AAFCB449BE74FF48E
:106D400040724FF420314FF42830FFF7C5FE002881
:106D500096D05CE7B4F5447F9FD2B4F5407F2246DD
:106D600038BF4FF44072019B111BA2F540700B44D9
:106D7000B6F5447F94BFC2EB0602C2F544721946D1
:106D80002844F9F765FC88E724BD010C6CBD010CB3
:106D900000A302004D3C0430008302002DE9F041C5
:106DA0004D4F86B00020BB68984700286BD1042265
:106DB0006946FFF7DFFE044600283FD104224FF466
:106DC00040700DEB0201FFF7D5FE0446002835D1D7
:106DD000424E009BB34203D1019B013B03335ED97A
:106DE0007B6898473E4BC0F3410053F82050042283
:106DF0004FF4005004A9FFF7BDFE0446F0B9042289
:106E00004FF40C5005A9FFF7B5FE0446B0B9049B3A
:106E10004FF40051B3424FF4203013D1059B013B96
:106E200003330FD8FFF744FE68BB4FF400524FF412
:106E300020314FF42830FFF74FFE20BB204606B02C
:106E4000BDE8F081FFF734FE0146E0B94FF080085D
:106E5000EDB280222348F9F7D8FBB8FBF5F84FF4E0
:106E60002035BF69284642461E498035B847B5F5EA
:106E7000283FF7D1FFF768FE28B9042202A902963D
:106E8000FFF7B8FE10B143F65C24D7E701230422D4
:106E900003A94FF440700393FFF7ACFECDE7042243
:106EA0004FF40C5005A9FFF765FE04460028C5D134
:106EB000059B5A1E033206D8019A934203D302332C
:106EC000BCD1012ABAD1FFF73FFE43F65C2300286C
:106ED00018BF1C46B2E700BF24BD010C1281DEC002
:106EE0006CBD010C4D3C0430FFF758BF1E280BD879
:106EF000012303FA00F00A4B034043B9094B18423F
:106F00000BD110F0980F06D14CF25A307047202365
:106F100000200B6070470423FAE74023F8E700BF26
:106F200065FF004000000F2037B50C4601A91D4643
:106F3000FFF7DCFF50B9019B29469A4228BF1A4649
:106F4000204603B0BDE83040FFF714BE4CF25A3083
:106F500003B030BD13461E2870D8DFE800F0106F74
:106F600015191D2125292D3135393D42474C5156E2
:106F70005B606F6F6F6F6F6F6F6F6F656A000A4650
:106F800000200421FFF7D0BF0A4602202421F9E7A0
:106F90000A4603204421F5E70A4604204821F1E788
:106FA0000A4605204C21EDE70A4606206C21E9E758
:106FB0000A4607208C21E5E70A4608209021E1E7F0
:106FC0000A460920B021DDE70A460A20D021D9E788
:106FD0000A460B20F021D5E70A460C204FF48871B1
:106FE000D0E70A460D204FF49871CBE70A460E20F1
:106FF0004FF41471C6E70A460F204FF41C71C1E725
:107000000A4610204FF4A871BCE70A4611204FF43D
:10701000C871B7E70A4612204FF4E871B2E70A4692
:1070200013204FF40471ADE70A461D204FF425717B
:10703000A8E70A461E204FF43571A3E74CF25A30F8
:107040007047F0B593B00E4601A915461C46FFF7F0
:107050004DFF00BB019B934203D24AF2C53013B0EF
:10706000F0BD402BF9D8304602A9FFF783FD002878
:10707000F5D1224602AB2819824205D12A46214683
:107080003046FFF7B7FDEAE713F8011B12F8017B62
:10709000B943F1D0E1E74CF25A30E0E713461E283D
:1070A00070D8DFE800F0106F15191D2125292D314A
:1070B00035393D42474C51565B606F6F6F6F6F6F54
:1070C0006F6F6F656A000A4600200421FFF7B9BFA1
:1070D0000A4602202421F9E70A4603204421F5E765
:1070E0000A4604204821F1E70A4605204C21EDE735
:1070F0000A4606206C21E9E70A4607208C21E5E7CD
:107100000A4608209021E1E70A460920B021DDE780
:107110000A460A20D021D9E70A460B20F021D5E7FC
:107120000A460C204FF48871D0E70A460D204FF430
:107130009871CBE70A460E204FF41471C6E70A4651
:107140000F204FF41C71C1E70A4610204FF4A871BC
:10715000BCE70A4611204FF4C871B7E70A4612206F
:107160004FF4E871B2E70A4613204FF40471ADE71B
:107170000A461D204FF42571A8E70A461E204FF449
:107180003571A3E74CF25A30704700207047002059
:10719000704700000048704700FC05304FF48060E5
:1071A000704708461146FFF741BB00000FB41FB5FA
:1071B000012106AB53F8042B0548009100210393ED
:1071C00000F0B0F805B05DF804EB04B0704700BF04
:1071D000A371010C07B503468DF80720084601226C
:1071E0000DF10701984703B05DF804FB2DE9F84F56
:1071F0001D46074688461646BDF828409DF82CA037
:107200009DF830909DF834307AB333B113461D4663
:1072100013F8012B002AFAD1AD1BAC428ABF641BC4
:107220000024A4B2BAF1000F14D02A4631464046D9
:10723000B847BAF1000F18D0002513E04A4641467E
:107240003846FFF7C7FF0BF1010B1FFA8BF39C4287
:10725000F4D8EAE7D346F8E74A4641463846FFF70E
:10726000B9FF0135ABB29C42F6D8BDE8F88F2DE9E5
:10727000F04F002489B09DF848C006469DF858009C
:10728000A4450F469DF854100CBF4FF0200A4FF054
:10729000300AA0429846CDE905440CBF6120412048
:1072A0009DF85030CDF81B4019B1A242ACBF214629
:1072B00052420DF11E04A1460A38B2FBF3FB03FB58
:1072C0001B2B5FFA8BF5BBF1090F94BF30352D18DE
:1072D000A646EDB2934204F1FF346570B2FBF3F5BC
:1072E00018D931B1BCF1000F16D12D232370AEF1A6
:1072F00002040023CDE902A39DF84C303946CDE9C4
:1073000000833046A9EB0403621CFFF76FFF09B04E
:10731000BDE8F08F2A46D0E72D2239463046FFF7E8
:1073200059FFE6E72DE9F04F89B01C469DF848303B
:1073300006460F469246F3B112783C2A19D00A3A13
:10734000D2B2282A98BF624B4FF0010098BF53F881
:1073500022204FF0000388BF0022CDE90230CDE9A2
:1073600000333046FFF742FF202239463046FFF710
:1073700031FF0AF1010A4FF00009CB46C84600254B
:1073800011E0BDB9252B00F09B800A2B06D10D2200
:10739000394630460793FFF71DFF079B1A463946CB
:1073A0003046FFF717FF1AF8013B002BE9D109B06F
:1073B000BDE8F08F7A2B08D8682B0ED8302B74D00C
:1073C00036D8252B76D02D2B7FD000230122CDE976
:1073D0000033CDE902323F4A62E0693B112BF4D819
:1073E00001A252F823F000BF5374010CCB73010CBF
:1073F000CB73010CA773010CCB73010CCB73010C85
:10740000CB73010CCB73010CCB73010CCB73010C50
:107410008F74010CCB73010C5D74010CCB73010CE8
:10742000CB73010C7D74010CCB73010CA773010CA1
:10743000582B28D00BD8A3F13102082AC5D808EB65
:107440008808303B03EB48031FFA83F8ABE7642B53
:10745000BBD101230025CDE9033502E00025CDE9AC
:1074600003550A23CDE90193CDF800B043463946D0
:10747000304654F8042BFFF7FAFE94E700250495F4
:1074800010230395EEE7012300250493F8E720235A
:107490000121CDE902310023CDE9008954F8042B04
:1074A00039463046FFF7A2FE69E7B8F1000FC6D1B2
:1074B000AB4678E71A4639463046FFF78BFE5EE763
:1074C000A946AB46A84601256DE7A9466BE700BF74
:1074D00078BD010C0DB8010C044B82B0186883B262
:1074E0006FF30F00184302B0704700BF54BE010C89
:1074F0000120704700207047002070476FF00300A4
:1075000070470020704700207047002070476FF0E0
:10751000030070470020704710B50C46014630B19B
:107520002CB10448A2B200F09FFD204610BD6FF0C0
:107530000400FBE7D03C04300A4608B5014640B1E0
:107540003AB14FF47A73044892B200F044FC002040
:1075500008BD6FF00400FBE7D03C043010B52A4BA7
:1075600088B0D3F88C20072442F00402C3F88C20A2
:10757000D3F88C2003A902F004020092009AD3F8F9
:107580008C20224842F00402C3F88C20D3F88C20CF
:1075900002F004020192019AD3F89C2042F000729A
:1075A000C3F89C20D3F89C30402203F00073029370
:1075B000029B0223CDE9032306930123079405933D
:1075C000FEF700FF802303A9104803930794FEF7FA
:1075D000F9FE0F490F4B0C220B6000234FF4E130F2
:1075E000C1E905234FF40042C1E901030846C1E99E
:1075F0000333C1E907234B6200F07CFC003818BF5D
:107600000120404208B010BD000C02540008025294
:10761000D03C043000640050002070477047704731
:1076200070477047D0F88C2008B5222A036845D1EE
:107630005B6AB0F86010826D0B401370836D01338C
:107640008365B0F85E30013B9BB2A0F85E30B0F8C5
:107650005E309BB273BB026852E8003F23F4907324
:1076600042E8003103680029F5D103F1080252E82D
:10767000001F944621F001014CE80012002AF4D1C9
:107680002021C0F88C100267C16E4267012912D117
:10769000C26653E8002F22F0100243E800210029BF
:1076A000F7D1DA69B0F85C10D20644BF10221A6232
:1076B000FFF7B7FF08BDFFF7B2FFFBE79A6942F09B
:1076C00008029A61F6E7D0F88C2008B5222A0368F0
:1076D00042D1596AB0F860201140826D22F8021B35
:1076E0008265B0F85E20013A92B2A0F85E20B0F850
:1076F0005E2092B262BB53E8002F22F4907243E8FE
:1077000000210029F7D103F1080252E8001F944636
:1077100021F001014CE80012002AF4D12021C0F828
:107720008C100267C16E4267012912D1C26653E80C
:10773000002F22F0100243E800210029F7D1DA6976
:10774000B0F85C10D20644BF10221A62FFF769FF3E
:1077500008BDFFF764FFFBE79A6942F008029A61EF
:10776000F6E7000003682DE9F047DD69D3F80090E3
:107770009F68D0F88C200446222A40F0A980B0F8F7
:1077800068303BB9B4F85E309BB2002B40F0838088
:10779000BDE8F0874FF0000AB0F860804F4E07F068
:1077A0000107AB06EED52368A26D5B6A03EA080306
:1077B0001370A36D0133A365B4F85E30013B9BB237
:1077C000A4F85E302368DD6969072AD0EA070AD584
:1077D00019F4807F07D001221A62D4F8902042F079
:1077E0000102C4F89020A80708D53FB102221A620E
:1077F000D4F8902042F00402C4F89020690708D51C
:107800003FB104221A62D4F8903043F00203C4F866
:107810009030D4F8903023B12046FFF701FFC4F830
:1078200090A0B4F85E309BB2002BBAD1226852E827
:10783000003F23F4807342E8003123680029F5D12A
:1078400003F1080252E8001F1046314040E80012E0
:10785000002AF5D12021C4F88C102267E16E6267FE
:10786000012914D1E26653E8002F22F0100243E808
:1078700000210029F7D1DA692046D20648BF10223C
:10788000B4F85C1048BF1A62FFF7CBFE89E72046C8
:10789000FFF7C5FE85E7B4F868209A427FF678AF17
:1078A000226802F1080353E8003F23F080530832B6
:1078B00042E8003122680029F2D1094B636752E89F
:1078C000003F43F0200342E800310029F7D15FE791
:1078D0009A6942F008029A615AE700BFFEFFFFEF83
:1078E0002576010C03682DE9F047DD69D3F8009097
:1078F0009F68D0F88C200446222A40F0A780B0F878
:1079000068303BB9B4F85E309BB2002B40F0818008
:10791000BDE8F0874FF0000AB0F860804E4E07F0E7
:107920000107AB06EED52368A26D596A08EA01018A
:1079300022F8021BA265B4F85E20013A92B2A4F8C4
:107940005E20DD6969072AD0EA070AD519F4807F2D
:1079500007D001221A62D4F8902042F00102C4F844
:107960009020A80708D53FB102221A62D4F89020CF
:1079700042F00402C4F89020690708D53FB1042200
:107980001A62D4F8903043F00203C4F89030D4F86F
:10799000903023B12046FFF743FEC4F890A0B4F81E
:1079A0005E309BB2002BBCD1226852E8003F23F42A
:1079B000807342E8003123680029F5D103F1080201
:1079C00052E8001F1046314040E80012002AF5D16D
:1079D0002021C4F88C102267E16E6267012914D15E
:1079E000E26653E8002F22F0100243E8002100294C
:1079F000F7D1DA692046D20648BF1022B4F85C10ED
:107A000048BF1A62FFF70DFE8BE72046FFF707FE1F
:107A100087E7B4F868209A427FF67AAF226802F1CD
:107A2000080353E8003F23F08053083242E8003156
:107A300022680029F2D1094B636752E8003F43F006
:107A4000200342E800310029F7D161E79A6942F04A
:107A500008029A615CE700BFFEFFFFEFC776010CEA
:107A6000F8B504460368C169826800691D6802436D
:107A70006069024375480A43284002431A605A6805
:107A8000E06822F4405202435A60714AA06993426E
:107A900005D002F1805293421CBF226A10439A68BB
:107AA00022F06E4222F4306202439A60DA6A606A1F
:107AB00022F00F020243DA62664A93426ED0A2F5C8
:107AC0007442934200F08F8002F58062934200F08E
:107AD0008C8002F58062934200F08980B3F1502FD0
:107AE00000F0878002F5C052934200F0848002F5D6
:107AF000A052934200F0818002F5806293427ED0D2
:107B000002F5806293427CD0A2F5C05293427BD0B2
:107B100002F5806293427AD002F5C052934279D046
:107B20004D4A93421CD002F1704293424FF0000044
:107B300035D1002100F0B2FD70B3616A474A656833
:107B400032F8112005EB4501B0FBF2F399420AD956
:107B500001204FF00113A3660023C4E91D33F8BDD3
:107B60004FF48050E5E7B3EB053FF1D80023194609
:107B700002F096FC0023064619464FF48077680809
:107B80002A46E6FB070102F08BFC354BA0F540725C
:107B90009A42DDD82368D8600020DAE70120B1F5E9
:107BA000004F4FF0000138D100F078FD0028F3D0ED
:107BB000616A2A4B626833F81130B0FBF3F0530866
:107BC00003EB4003B3FBF2F34FF6EF72A3F11001A6
:107BD0009142BDD823F00F02216892B2C3F3420351
:107BE0001343CB60D8E70220D9E70420D7E7082069
:107BF000D5E71020D3E72020D1E74020CFE7802031
:107C0000CDE74FF48070CAE74FF40070C7E74FF438
:107C10008060C4E74FF40060C1E700F03FFD00283A
:107C2000BAD0616A0D4B626833F81130B0FBF3F3E0
:107C300003EB5203B3FBF2F34FF6EF72A3F1100123
:107C4000914285D82268D360A6E700BFF369FFCFD1
:107C500000240044003801500024005458BE010C98
:107C6000FFFC0F00836A10B5DA0706D50168C46A05
:107C70004A6822F4003222434A609C0706D5016814
:107C8000046B4A6822F4803222434A60590706D5C1
:107C90000168446B4A6822F4802222434A601A0732
:107CA00006D50168846B4A6822F4004222434A6088
:107CB000DC0606D50168C46B8A6822F48052224330
:107CC0008A60990606D50168046C8A6822F400521D
:107CD00022438A605A0610D50168446C4A68B4F59C
:107CE000801F22F4801242EA04024A6005D14A68E9
:107CF000846C22F4C00222434A601B0606D5026847
:107D0000C16C536823F400230B43536010BD2DE96D
:107D1000F84305460F4616469846DDF820902A6837
:107D2000D36937EA03030CBF01230023B34201D018
:107D3000002029E0B9F1FF3FF2D0F8F743FFA0EBB4
:107D4000080048452C6802D8B9F1000F1ED154E84C
:107D5000003F23F4D07344E80032002AF7D104F145
:107D6000080353E8003F23F0010304F1080141E850
:107D70000032002AF3D12023C5F88830C5F88C30B2
:107D80000023032085F88430BDE8F88323685A0770
:107D9000C5D5E3691B05C2D54FF40063236254E8DF
:107DA000003F23F4D07344E80032002AF7D104F1F5
:107DB000080353E8003F23F0010304F1080141E800
:107DC0000032002AF3D12023C5F88830C5F88C3062
:107DD000C5F89030D4E72DE9F7439846D0F88830BD
:107DE0000446202B0E4617464BD100294BD0002AC3
:107DF00049D0036800259A68120642BF9A6822F0AB
:107E000080029A602123C0F89050C0F88830F8F7BB
:107E1000D9FEA3688146B3F5805FA4F85470A4F836
:107E2000567003D123690BB935461E46B4F8562067
:107E30004B4692B2CDF8008042B940212046FFF770
:107E400066FF48B92023C4F8883006E0002280216C
:107E50002046FFF75CFF18B1032003B0BDE8F083B4
:107E600022685EB935F8023BC3F308039362B4F8A5
:107E70005620013A92B2A4F85620D7E716F8013BF3
:107E8000F4E70220E9E70120E7E773B5002604469E
:107E9000C0F89060F8F796FE236805461B681A073D
:107EA00019D423681B685B070AD56FF07E43002254
:107EB00000934FF480012B462046FFF728FFB0B90E
:107EC0000020202384F88400C4F88830C4F88C3063
:107ED000E06620670CE06FF07E43324600934FF47B
:107EE000001103462046FFF712FF0028D9D00320D7
:107EF00002B070BD10B5044650B3D0F888301BB93D
:107F000080F88430FFF78AFB24232268C4F8883085
:107F10001368204623F001031360FFF7A1FD012839
:107F200016D0A36A13B12046FFF79CFE23682046B3
:107F3000BDE810405A6822F490425A609A6822F0D4
:107F40002A029A601A6842F001021A60FFF79DBF88
:107F5000012010BD002330B581658168A0F85C2048
:107F6000B1F5805FA0F85E20436731D10369002B33
:107F700040F2FF1318BFFF23A0F860300023C0F8C1
:107F800090302223C0F88C30016801F1080353E8D7
:107F9000003F43F00103083141E800340368002C3E
:107FA000F2D1456E8468B5F1005F016935D1B0F852
:107FB0006850954231D8B4F5805F29D1C1B1264AC5
:107FC000426753E8002F42F4807243E8002121E029
:107FD00029B90369002B0CBFFF237F23CCE7B1F144
:107FE000805FC9D10369002B0CBF7F233F23C3E708
:107FF0001A4A426703F1080252E8002F42F0805209
:1080000003F1080040E800210029F3D1002030BD31
:10801000114A42670029D4D1ECE7B4F5805F16D14C
:1080200051B10F4A426753E8002F42F4907243E87F
:1080300000210029F7D1E9E70A4A426753E8002FF7
:1080400042F0200243E800210029F7D1DEE7044A8C
:1080500042670029E7D1F1E76577010CE578010C6B
:108060002576010CC776010C38B5D0F88C30202B62
:1080700021D111B30AB30023C36603689C68650667
:1080800042BF9C6824F040049C600D4CA3420ED07B
:1080900004F18054A3420AD05C68240207D553E857
:1080A000004F44F0806443E80045002DF7D1FFF70E
:1080B00051FF002038BD0220FCE70120FAE700BF95
:1080C00000240044704738B50446002839D0437A6C
:1080D00003F0FF0213B90272FFF7F4FF02232268D4
:1080E00063721368616823F004031360136823F05C
:1080F000804323F020030B4343F080431360136855
:1081000023F080431360F8F75DFD054623681A6885
:10811000510009D41A6842F004021A605B685A06DA
:1081200011D5042363720CE0F8F74CFD401B0428C2
:10813000ECD923681B685800E8D501236372022339
:10814000E360012038BDF8F73DFD05462368586817
:1081500010F0040003D101236372E060F2E7F8F746
:1081600031FD401B0428F1D923685B685B07EDD51E
:108170000423E3E7704770B50446002833D0026853
:10818000136823F0804323F0200343F080431360FF
:10819000136823F080431360F8F714FD0646236844
:1081A0001D6815F080450FD11A68204622F00C0298
:1081B0001A605A6822F060025A60FFF7DBFF6572AE
:1081C0002846E56025720FE0F8F7FCFC801B0428C8
:1081D000E5D923681B685B00E1D5012363720223A4
:1081E000E36000232372012070BD7047002307B5B0
:1081F000019303685A68510709D45A6822F0400273
:108200005A60C36823F00803C360002018E01A68AE
:1082100042F080421A601A6822F080421A600422FA
:108220000192019A013A0192019A62B901234372C3
:10823000C368027243F00203C360FFF7D6FF012058
:1082400003B05DF804FB1A685200EAD45A6851067C
:1082500042BF5A6822F040025A6004220192019AF9
:10826000013A0192019A002AE0D05A685207F6D4E6
:10827000C7E7F8B5037A0446012B0E4643D0012325
:10828000427A03729A42D5B239D10223437203680B
:108290005B685F061BD4F8F795FC074623685A68AD
:1082A000D0071CD59A6859682261490642BF082246
:1082B000E2605A684FF0000544BF22F001025A60A4
:1082C0004FF0010358BF32606372002315E00823AA
:1082D000C360FFF78BFF0128DDD12846F8BDF8F712
:1082E00071FCC01B0428D9D923685B6813F0010313
:1082F000D4D1012262720222E2602372EDE70422ED
:108300001D46C260E1E70225E7E700002DE9F047DE
:108310004A4C0546D4F83490D4F82880A36AD4F89F
:1083200028A013F47C5FA66BC3F3052000F08180C6
:1083300001F0EEFEC6F3CC0607460AF010007043CB
:1083400001F0E6FE4FF0645101F03AFF0646C9F332
:10835000080001F0DDFE0146304601F029FE4FF035
:108360007E5101F025FE08F00303022B06465AD089
:10837000032B5BD023683248C3F3C103D84001F01C
:10838000C7FE394601F0D0FF314601F019FF2B4AF4
:108390000446106810F0007012D0906A10F480301B
:1083A0000ED0506BC0F3462001F0B2FE4FF07E516C
:1083B00001F0FEFD0146204601F0B6FF02F050F844
:1083C0001E4A2860106810F0007012D0906A10F4F5
:1083D00000300ED0506BC0F3064001F099FE4FF014
:1083E0007E5101F0E5FD0146204601F09DFF02F0BF
:1083F00037F8124B68601A6891011CD59A6A5203CB
:1084000019D5586BC0F3066001F082FE4FF07E5123
:1084100001F0CEFD0146204601F086FF02F020F873
:10842000A860BDE8F08739460648ABE739460648FC
:10843000A8E7C5E900000020F2E700BF000C0254E5
:108440000090D0030024744A20BCBE4B2DE9F047B5
:10845000444C0546D4F83C90D4F82C80E36AD4F818
:108460002CA013F47C5F266CC3F3052077D001F0B9
:108470004FFEC6F3CC0607460AF01000704301F029
:1084800047FE4FF0645101F09BFE0646C9F3080019
:1084900001F03EFE0146304601F08AFD4FF07E516C
:1084A00001F086FD08F00303022B064641D0032BA2
:1084B00042D023682C48C3F3C103D84001F028FE02
:1084C000394601F031FF314601F07AFE254B044672
:1084D000D86A10F480300ED0D86BC0F3462001F07B
:1084E00017FE4FF07E5101F063FD0146204601F07A
:1084F0001BFF01F0B5FF1B4B2860D86A10F4003059
:108500000ED0D86BC0F3064001F002FE4FF07E5152
:1085100001F04EFD0146204601F006FF01F0A0FFEC
:10852000104B6860DA6A520309D40020A860BDE8E5
:10853000F08739460D48C4E739460D48C1E7D86B86
:10854000C0F3066001F0E4FD4FF07E5101F030FD14
:108550000146204601F0E8FE01F082FFE6E7C5E9AA
:108560000000E2E7000C02540090D0030024744A9B
:1085700020BCBE4B2DE9F047444C0546D4F844904E
:10858000D4F83080236BD4F830A013F47C5FA66C51
:10859000C3F3052077D001F0BBFDC6F3CC06074638
:1085A0000AF01000704301F0B3FD4FF0645101F088
:1085B00007FE0646C9F3080001F0AAFD0146304651
:1085C00001F0F6FC4FF07E5101F0F2FC08F00303DD
:1085D000022B064641D0032B42D023682C48C3F31C
:1085E000C103D84001F094FD394601F09DFE3146AB
:1085F00001F0E6FD254B0446186B10F480300ED0D8
:10860000586CC0F3462001F083FD4FF07E5101F01D
:10861000CFFC0146204601F087FE01F021FF1B4BF5
:108620002860186B10F400300ED0586CC0F3064070
:1086300001F06EFD4FF07E5101F0BAFC014620467C
:1086400001F072FE01F00CFF104B68601A6B5203D0
:1086500009D40020A860BDE8F08739460D48C4E77A
:1086600039460D48C1E7586CC0F3066001F050FD73
:108670004FF07E5101F09CFC0146204601F054FE73
:1086800001F0EEFEE6E7C5E90000E2E7000C025467
:108690000090D0030024744A20BCBE4B7FB500F18B
:1086A0007E420A4303462DD1B94AD2F8F030D2F8BF
:1086B000F01003F44073890703D5B3F5807F01F010
:1086C000B283D2F8F020120103D5B3F5007F01F098
:1086D000AE83AF4A106810F4003010D0B3F5407F7D
:1086E00041F0A983D36903F47C53B3F5007FC1F053
:1086F000A583D369A748C3F30523B0FBF3F007B004
:108700005DF804FBA0F500120A4300F0AC85A24A14
:10871000904271F1000280F0A080A0F580620A43CF
:1087200000F0D68440F20142904271F100024AD238
:10873000A0F120020A4300F06E83212871F10002AB
:1087400023D2092871F1000218D250EA010201F087
:108750007883431E41F1FF31082B71F1000181F054
:108760007383072B01F27083DFE813F009024D02D7
:108770006E0B93026E0B6E0B6E0BD102A0F1100309
:108780000B4300F006830020B9E7A0F580720A438E
:1087900000F0128440F20112904271F100020BD2FB
:1087A000A0F140020A4300F07883A0F180030B435C
:1087B00000F0BC830020A2E7A0F500730B4300F09B
:1087C000418400209BE7A0F580320A4300F02B860D
:1087D000B0F1011F71F1000222D2A0F500520A434C
:1087E00000F0798542F20102904271F100020BD251
:1087F000A0F500620A4300F0AC84A0F580530B435F
:1088000000F0EE8400207AE7A0F580420A4300F0F1
:108810008C85A0F500430B4300F0B18500206EE786
:10882000A0F500220A4300F0F6805C4A904271F104
:1088300000020BD2A0F500320A4300F03C86A0F5FE
:1088400080230B4300F09786002058E7A0F58013A3
:108850000B4300F02981002051E7002204208142CF
:1088600008BF934201F06E809A4288415DD303F1C4
:108870006040084301F027814948834271F10000BC
:1088800021D203F17C420A4301F08882454A934297
:1088900071F100020BD2A3F580020A4300F04D8172
:1088A000A3F500030B4300F05981002027E703F1F3
:1088B00078420A4301F0688003F170430B4301F0F2
:1088C000AE8000201BE70120814208BF934201F0E7
:1088D000BC819A42884121D303F140420A4301F00E
:1088E0003F810020814208BFB3F1004F7FF407AF02
:1088F000274AD2F8E03013F4E04300F0778411689F
:10890000090141F17281B3F5805F41F06E8100236E
:1089100068460193FFF79AFD0198F0E6022908BF27
:10892000934201F0D7810020E9E68020814208BF10
:10893000934200F047879A42884135D320208142F4
:1089400008BF934200F077869A42884119D30829DC
:1089500008BF934201F002820020102908BF834221
:108960007FF4CDAE0A4AD2F8E43003F03003102B86
:1089700041F04182002303A80493FFF7C7FC049849
:10898000BDE6402908BF934200F0B5860020B6E658
:10899000000C025440787D01010020000100080015
:1089A00001000020010000044FF48060814208BFF4
:1089B000934200F00E859A42884124D3B1F5807F1E
:1089C00008BF934200F05E870020B1F5007F08BF2A
:1089D00083427FF494AE9C4AD2F8E830D2F8F0108B
:1089E00003F00803890702D5002B01F06682D2F854
:1089F000F00010F000603FF482AE002B14BF4FF483
:108A0000FA4000207BE6B1F5805F08BF934200F09A
:108A10003285002073E68C4AD2F8E83003F4E02374
:108A2000B3F5003F18D007D87BB9002303A80493FF
:108A3000FFF76CFC049862E6B3F5403F01F0078253
:108A4000B3F5802F0FD0002059E60023684600932D
:108A5000FFF7FCFC009852E6002303A80393FFF7FE
:108A600089FD03984BE6D2F8E830116803F04043E3
:108A7000880706D52BB913687448C3F3C103D840DF
:108A80003DE6714A1168890503D5B3F1804F01F0C5
:108A9000E181106810F400303FF431AEB3F1004FC3
:108AA0006B4818BF00202AE6674AD2F8E83003F482
:108AB0006013B3F5801F18D007D87BB9002303A833
:108AC0000493FFF723FC049819E6B3F5C01F01F0E7
:108AD000C481B3F5001F0FD0002010E600236846C4
:108AE0000093FFF7B3FC009809E6002303A8039363
:108AF000FFF740FD039802E6D2F8E830116803F072
:108B00004043880706D52BB913685048C3F3C10307
:108B1000D840F4E54C4A1168890503D5B3F1804F7C
:108B200001F09E81106810F400303FF4E8ADB3F11D
:108B3000004F474818BF0020E1E5434BD3F8E4302D
:108B40005B0606D4002303A80493FFF7DFFB049819
:108B5000D5E56846FFF77AFC0298D0E53A4BD3F8A2
:108B6000E430180606D4002303A80493FFF7CEFBD5
:108B70000498C4E56846FFF769FC0298BFE5324AED
:108B8000D2F8D83013F0070304D107B05DF804EB36
:108B9000FDF792BB1168090108D5012B06D100230E
:108BA00068460193FFF752FC0198A8E5126890000F
:108BB00008D5022B06D1002303A80493FFF7DAFCA3
:108BC00004989CE5204A1168890707D5032B05D135
:108BD00013681E48C3F3C103D84090E5126892059C
:108BE00002D5042B01F03F81174AD2F8F00010F0B3
:108BF00002003FF484ADA3F1050CDCF1000343EB6C
:108C00000C03D8037BE5104AD2F8D83013F03803B0
:108C100004D107B05DF804EBFDF73CBB126810010E
:108C200008D5082B06D1002368460193FFF70EFCF8
:108C3000019864E5102B0DD1002303A80493FFF7DE
:108C400099FC04985BE500BF000C02540090D0032F
:108C500040787D019B4A1168890707D5182B05D1FB
:108C600013689948C3F3C103D84048E512689205D8
:108C700002D5202B01F0FA80924AD2F8F00010F0D1
:108C800002003FF43CADA3F1280043424341D80326
:108C900035E58C4AD2F8D83013F4E073B9D01168B6
:108CA000090108D5402B06D1002368460193FFF740
:108CB000CDFB019823E51268900008D5802B06D1E2
:108CC000002303A80493FFF755FC049817E57D4A99
:108CD0001168890707D5C02B05D113687A48C3F3FB
:108CE000C103D8400BE51268920503D5B3F5807F28
:108CF00001F0BF80734AD2F8F00010F002003FF498
:108D0000FEACA3F5A07043424341D803F7E46D4A9B
:108D1000D2F8D83013F460633FF47BAF11680901D7
:108D200009D5B3F5007F06D1002368460193FFF70C
:108D30008DFB0198E3E41268900009D5B3F5806FCC
:108D400006D1002303A80493FFF714FC0498D6E48B
:108D50005C4A1168890708D5B3F5C06F05D113685F
:108D60005948C3F3C103D840C9E41268920503D53A
:108D7000B3F5006F01F08080524AD2F8F00010F095
:108D800002003FF4BCACA3F5206043424341D8034A
:108D9000B5E44C4AD2F8D83013F4E0433FF439AF8D
:108DA0001168090109D5B3F5805F06D10023684633
:108DB0000193FFF74BFB0198A1E41268900009D5DD
:108DC000B3F5005F06D1002303A80493FFF7D2FB9D
:108DD000049894E43B4A1168890708D5B3F5405FCD
:108DE00005D113683848C3F3C103D84087E412683B
:108DF000920503D5B3F5804F01F04180314AD2F896
:108E0000F00010F002003FF47AACA3F5A04043421A
:108E10004341D80373E42B4AD2F8D83013F46033BB
:108E20003FF4F7AE1168090109D5B3F5004F06D13B
:108E3000002368460193FFF709FB01985FE412687D
:108E4000900009D5B3F5803F06D1002303A8049311
:108E5000FFF790FB049852E41A4A1168890708D575
:108E6000B3F5C03F05D113681748C3F3C103D84019
:108E700045E41268920503D5B3F5003F01F0028086
:108E8000104AD2F8F00010F002003FF438ACA3F51D
:108E9000203043424341D80331E40A4AD2F8D83063
:108EA00013F4E0133FF4B5AE116809010ED5B3F524
:108EB000802F0BD1002368460193FFF7C7FA019872
:108EC0001DE400BF000C02540090D0031268900013
:108ED00009D5B3F5002F06D1002303A80493FFF7AB
:108EE00049FB04980BE4A54A1168890709D5B3F535
:108EF000402F06D11368A248C3F3C103D840FFF73F
:108F0000FEBB1268920503D5B3F5801F00F0BD8744
:108F10009A4AD2F8F00010F002003FF4F0ABA3F54B
:108F2000A01043424341D803FFF7E9BB934AD2F86C
:108F3000D83013F460033FF46CAE116809010AD510
:108F4000B3F5001F07D1002368460193FFF77EFAAF
:108F50000198FFF7D4BB126890000AD5B3F5800FD3
:108F600007D1002303A80493FFF704FB0498FFF73D
:108F7000C6BB824A1168890709D5B3F5C00F06D16F
:108F800013687F48C3F3C103D840FFF7B8BB12682A
:108F9000920503D5B3F5000F00F07A87774AD2F82F
:108FA000F00010F002003FF4AAABA3F5200043420A
:108FB0004341D803FFF7A3BB704AD2F8D83013F06F
:108FC000E0633FF426AE116809010AD5B3F1807F52
:108FD00007D1002368460193FFF738FA0198FFF79D
:108FE0008EBB126890000AD5B3F1007F07D1002331
:108FF00003A80493FFF7BEFA0498FFF780BB5F4A0B
:109000001168890709D5B3F1407F06D113685C4820
:10901000C3F3C103D840FFF772BB1268920503D5B2
:10902000B3F1806F00F03787544AD2F8F00010F0A7
:1090300002003FF464AB03F17B4043424341D80359
:10904000FFF75DBB4D4AD2F8D83013F060533FF4C0
:10905000E0AD116809010AD5B3F1006F07D1002313
:1090600068460193FFF7F2F90198FFF748BB1268D1
:1090700090000AD5B3F1805F07D1002303A80493C1
:10908000FFF778FA0498FFF73ABB3C4A1168890762
:1090900009D5B3F1C05F06D113683948C3F3C103E2
:1090A000D840FFF72CBB1268920503D5B3F1005FDF
:1090B00000F0F486314AD2F8F00010F002003FF4DC
:1090C0001EAB03F1584043424341D803FFF717BB9F
:1090D0002A4AD2F8DC3013F007033FF49AAD116846
:1090E000090109D5012B07D1002368460193FFF739
:1090F000ADF90198FFF703BB1268900009D5022B68
:1091000007D1002303A80493FFF734FA0498FFF76C
:10911000F6BA1A4A1168890708D5032B06D11368D5
:109120001748C3F3C103D840FFF7E9BA12689205A4
:1091300002D5042B00F0B586104AD2F8F00010F0EA
:1091400002003FF4DCAA581F43424341D803FFF713
:10915000D6BA0A4AD2F8DC3013F070033FF459ADA6
:10916000116809010ED5102B0CD10023684601931C
:10917000FFF76CF90198FFF7C2BA00BF000C025468
:109180000090D0031268900009D5202B07D100234E
:1091900003A80493FFF7EEF90498FFF7B0BAAA4AC0
:1091A0001168890708D5302B06D11368A748C3F387
:1091B000C103D840FFF7A3BA1268920502D5402B2D
:1091C00000F07286A04AD2F8F00010F002003FF4DE
:1091D00096AAA3F1500043424341D803FFF78FBA48
:1091E000994AD2F8E03013F0E06304D107B05DF89B
:1091F00004EBFDF773B8B3F1807F07D10023684615
:109200000193FFF723F90198FFF779BAB3F1007FD3
:1092100007D1002303A80493FFF7ACF90498FFF7E4
:109220006EBA1168890709D5B3F1407F06D113687A
:109230008648C3F3C103D840FFF761BA824A116878
:10924000880503D5B3F1806F00F03186D2F8F000C5
:1092500010F002003FF453AA03F17B414B424B4113
:10926000D803FFF74CBA784AD2F8E83013F0070376
:1092700004D107B05DF804EBFCF7F6BF012B04D175
:1092800007B05DF804EBFCF739BF022B05D1684647
:10929000FFF7DCF80298FFF732BA1268920302D5A2
:1092A000032B00F00786684A1168880708D5042B4D
:1092B00006D113686548C3F3C103D840FFF71FBA4E
:1092C000106810F400703FF41AAA052B604818BF0C
:1092D0000020FFF714BA5C4AD2F8E43013F44033AC
:1092E0003FF497ACB3F5803F05D103A8FFF742F9EF
:1092F0000598FFF704BA1168880709D5B3F5003F50
:1093000006D113685148C3F3C103D840FFF7F7B93A
:109310004D4A106810F400703FF4F1A9B3F5403FD6
:109320004B4818BF0020FFF7EAB9474AD2F8E430AB
:1093300013F440233FF46DACB3F5802F05D103A89F
:10934000FFF718F90598FFF7DAB91168890709D509
:10935000B3F5002F06D113683C48C3F3C103D840CE
:10936000FFF7CDB9384A106810F400703FF4C7A970
:10937000B3F5402F364818BF0020FFF7C0B9324A76
:10938000D2F8E43013F440133FF430AFB3F5801F4C
:1093900005D103A8FFF7EEF80598FFF7B0B91168FB
:1093A000880709D5B3F5001F06D113682748C3F312
:1093B000C103D840FFF7A3B9234A106810F4007026
:1093C0003FF49DA9B3F5401F214818BF0020FFF7C7
:1093D00096B91D4AD2F8E43013F440033FF406AFC7
:1093E000B3F5800F05D103A8FFF7C4F80598FFF780
:1093F00086B91168890709D5B3F5000F06D113683E
:109400001248C3F3C103D840FFF779B90E4A106878
:1094100010F400703FF473A9B3F5400F0C4818BF67
:109420000020FFF76CB9084AD2F8E43013F040731B
:109430003FF4EFABB3F1807F0CD103A8FFF79AF8AC
:109440000598FFF75CB900BF000C02540090D003F0
:1094500000093D00106810F002003FF450A9B3F17C
:10946000007F40F02E85B34BB3481B68C3F3C103A4
:10947000D840FFF744B9AF4AD2F8E43013F0406364
:109480003FF4B4AEB3F1806F05D16846FEF7DEFF5E
:109490000298FFF734B9106810F002003FF42FA9CA
:1094A000B3F1006F40F010851368A348C3F3C10304
:1094B000D840FFF724B99F4AD2F8DC3003F4E063C8
:1094C000B3F5407F23D00BD8B3F5807F11D0B3F52F
:1094D000007F16D0002B3FF489AE0020FFF70FB9B4
:1094E000B3F5806F1AD0B3F5A06F21D00020FFF73D
:1094F00006B9002368460093FEF7A8FF0098FFF71F
:10950000FEB803A8FFF736F80598FFF7F8B8D2F8C9
:10951000F000C0F34000C003FFF7F1B8D2F8F0301C
:1095200013F0006F14BF4FF4FA400020FFF7E7B8C4
:10953000D2F8E830116803F04043880707D533B903
:1095400013687D48C3F3C103D840FFF7D8B8794A00
:109550001168890503D5B3F1804F00F0B884106815
:1095600010F400303FF4CBA8B3F1004F734818BF9C
:109570000020FFF7C4B86F4AD2F8DC3003F4E043B0
:10958000B3F5405F23D00BD8B3F5805F11D0B3F5AE
:10959000005F16D0002B3FF43CAB0020FFF7AFB8C4
:1095A000B3F5804F1AD0B3F5A04F21D00020FFF7BC
:1095B000A6B8002368460093FEF748FF0098FFF71F
:1095C0009EB803A8FEF7D6FF0598FFF798B8D2F823
:1095D000F000C0F34000C003FFF791B8D2F8F030BC
:1095E00013F0006F14BF4FF4FA400020FFF787B864
:1095F000D2F8E830116803F04043880707D533B943
:1096000013684D48C3F3C103D840FFF778B8494AFF
:109610001168890503D5B3F1804F00F05B841068B1
:1096200010F400303FF46BA8B3F1004F434818BF6B
:109630000020FFF764B83F4AD2F8DC3003F4E0239F
:10964000B3F5403F23D00BD8B3F5803F11D0B3F52D
:10965000003F16D0002B3FF4C9AD0020FFF74FB8F4
:10966000B3F5802F1AD0B3F5A02F21D00020FFF73B
:1096700046B8002368460093FEF7E8FE0098FFF71F
:109680003EB803A8FEF776FF0598FFF738B8D2F882
:10969000F000C0F34000C003FFF731B8D2F8F0305B
:1096A00013F0006F14BF4FF4FA400020FFF727B803
:1096B000D2F8E830116803F04043880707D533B982
:1096C00013681D48C3F3C103D840FFF718B8194AFF
:1096D0001168890503D5B3F1804F00F0FE8310684F
:1096E00010F400303FF40BA8B3F1004F134818BF3B
:1096F0000020FFF704B80F4AD2F8DC3003F4E0038F
:10970000B3F5401F2AD00BD8B3F5801F18D0B3F59E
:10971000001F1DD0002B3FF469AD0020FEF7EFBF06
:10972000B3F5800F21D0B3F5A00F28D00020FEF7AD
:10973000E6BF00BF000C02540090D00340787D01CA
:10974000002368460093FEF781FE0098FEF7D7BF1E
:1097500003A8FEF70FFF0598FEF7D1BFD2F8F0007F
:10976000C0F34000C003FEF7CABFD2F8F03013F0D8
:10977000006F14BF4FF4FA400020FEF7C0BFD2F8CC
:10978000E830116803F04043880707D533B9136800
:10979000AB48C3F3C103D840FEF7B1BFA94A116873
:1097A000890503D5B3F1804F00F09A83106810F457
:1097B00000303EF4A4AFB3F1004FA34818BF00201F
:1097C000FEF79DBF9F4AD2F8DC3003F0E063B3F1AF
:1097D000407F23D00BD8B3F1807F11D0B3F1007F4D
:1097E00016D0002B3FF402AD0020FEF788BFB3F186
:1097F000806F1AD0B3F1A06F21D00020FEF77FBF99
:10980000002368460093FEF721FE0098FEF777BF1D
:1098100003A8FEF7AFFE0598FEF771BFD2F8F0007F
:10982000C0F34000C003FEF76ABFD2F8F03013F077
:10983000006F14BF4FF4FA400020FEF760BFD2F86B
:10984000E830116803F04043880707D533B913683F
:109850007B48C3F3C103D840FEF751BF794A116872
:10986000890503D5B3F1804F00F03D83106810F4F3
:1098700000303EF444AFB3F1004F734818BF0020EE
:10988000FEF73DBF6F4AD2F8DC3003F0E043B3F19E
:10989000405F23D00BD8B3F1805F11D0B3F1005FEC
:1098A00016D0002B3FF4A2AC0020FEF728BFB3F186
:1098B000804F1AD0B3F1A04F21D00020FEF71FBF78
:1098C000002368460093FEF7C1FD0098FEF717BF1E
:1098D00003A8FEF74FFE0598FEF711BFD2F8F0007F
:1098E000C0F34000C003FEF70ABFD2F8F03013F017
:1098F000006F14BF4FF4FA400020FEF700BFD2F80B
:10990000E830116803F04043880707D533B913687E
:109910004B48C3F3C103D840FEF7F1BE494A116872
:10992000890503D5B3F1804F00F0E082106810F490
:1099300000303EF4E4AEB3F1004F434818BF0020BE
:10994000FEF7DDBE3F4AD2F8E830126803F44073F8
:10995000900302D5002B00F0CC82B3F5807F07D1B5
:10996000002303A80493FEF7D1FC0498FEF7C7BEBA
:10997000B3F5007F40F0C082002368460193FEF7F4
:1099800065FD0198FEF7BBBE2E4AD2F8E03003F029
:109990000703042B00F2B382DFE803F0060E160380
:1099A0001E002A48FEF7ABBE002303A80493FEF76F
:1099B000ADFC0498FEF7A3BE002368460093FEF7B3
:1099C00045FD0098FEF79BBE002303A80393FEF716
:1099D000D1FD0398FEF793BED2F8E830116803F08A
:1099E0004043890707D533B913681548C3F3C1034A
:1099F000D840FEF784BE134A1168880503D5B3F139
:109A0000804F00F07F82106810F400303EF477AE93
:109A1000B3F1004F0C4818BF0020FEF770BE094A92
:109A2000D2F8E03003F03803102B21D010D8BBB9A6
:109A3000002303A80493FEF769FC0498FEF75FBEB9
:109A40000090D003000C025440787D010080BB00E0
:109A5000182B00F05A82202B12D00020FEF74FBEA8
:109A6000002368460093FEF7F1FC0098FEF747BE1E
:109A7000002303A80393FEF77DFD0398FEF73FBE86
:109A8000D2F8E830116803F04043890707D533B9AD
:109A90001368A548C3F3C103D840FEF730BEA34AFC
:109AA0001168880503D5B3F1804F00F0318210684A
:109AB00010F400303EF423AEB3F1004F9C4818BFC1
:109AC0000020FEF71CBE994AD2F8E03003F4E073A0
:109AD000802B1AD008D883B9002303A80493FEF77B
:109AE00015FC0498FEF70BBEC02B00F01482B3F5F2
:109AF000807F12D00020FEF702BE0023684600934C
:109B0000FEF7A4FC0098FEF7FABD002303A8039318
:109B1000FEF730FD0398FEF7F2BDD2F8E830116889
:109B200003F04043890707D533B913687E48C3F370
:109B3000C103D840FEF7E3BD7C4A1168880503D510
:109B4000B3F1804F00F0EA81106810F400303EF469
:109B5000D6ADB3F1004F764818BF0020FEF7CFBD59
:109B6000724AD2F8E03013F460633FF40EA8116833
:109B700009010AD5B3F5007F07D100236846019398
:109B8000FEF764FC0198FEF7BABD126890000AD592
:109B9000B3F5806F07D1002303A80493FEF7EAFC16
:109BA0000498FEF7ACBD614A1168890709D5B3F581
:109BB000C06F06D113685C48C3F3C103D840FEF7F9
:109BC0009EBD1268900503D5B3F5006F00F0A98122
:109BD000564A106810F400303EF491ADB3F5206F92
:109BE000534818BF0020FEF78ABD126890000AD5BE
:109BF000B3F5005F07D1002303A80493FEF7BAFC76
:109C00000498FEF77CBD494A1168890709D5B3F568
:109C1000405F06D113684448C3F3C103D840FEF740
:109C20006EBD1268900503D5B3F5804F00F07C81BE
:109C30003E4A106810F400303EF461ADB3F5A04F19
:109C40003B4818BF0020FEF75ABD384AD2F8E03032
:109C500013F460333EF499AF116809010AD5B3F5E6
:109C6000004F07D1002368460193FEF7EFFB0198F0
:109C7000FEF745BD126890000AD5B3F5803F07D1C5
:109C8000002303A80493FEF775FC0498FEF737BD84
:109C9000264A1168890709D5B3F5C03F06D1136874
:109CA0002148C3F3C103D840FEF729BD12689005CF
:109CB00003D5B3F5003F00F03A811C4A106810F458
:109CC00000303EF41CADB3F5203F194818BF00200A
:109CD000FEF715BD154AD2F8E43003F00303022B5A
:109CE0000CD0032B10D0012B7FF4C3AA002303A8B0
:109CF0000493FEF70BFB0498FEF701BD6846FEF7E0
:109D0000A5FB0298FEF7FBBCD2F8E830116803F01F
:109D1000404389070ED56BB913680348C3F3C103E9
:109D2000D840FEF7ECBC00BF0090D003000C0254FA
:109D300040787D01884A1168880503D5B3F1804FCA
:109D400000F0F880106810F400303EF4D8ACB3F1A5
:109D5000004F824818BF0020FEF7D1BC7E4AD2F8DF
:109D6000E830D2F8F01003F0C003890702D5002BC9
:109D700000F0E380D2F8F020100102D5402B00F073
:109D8000E080754A106810F400703EF4B8AC802B87
:109D900048F2120018BF0020FEF7B1BC6E4AD2F89C
:109DA000E830116803F03003890402D5002B00F07D
:109DB000CC801268920109D5102B07D1002303A88B
:109DC0000493FEF7A3FA0498FEF799BC624AD2F80E
:109DD000F010880702D5202B00F0BA80D2F8F000EE
:109DE00010F000603EF48BAC302B0CBF4FF4FA4007
:109DF0000020FEF784BC1168890009D5202B07D10B
:109E0000002303A80493FEF7B5FB0498FEF777BC84
:109E1000106810F400503EF472AC302B504818BF5C
:109E20000020FEF76CBC4FF40040FEF768BC4FF416
:109E3000FA40FEF764BC0020FEF761BC0020FEF78C
:109E40005EBC0020FEF75BBC0020FEF758BC454816
:109E5000FEF755BC4448FEF752BC4248FEF74FBCE3
:109E60004148FEF74CBC4048FEF749BC3E48FEF76F
:109E700046BC3D48FEF743BC3B48FEF740BC3A4871
:109E8000FEF73DBC3848FEF73ABC3748FEF737BC12
:109E90003548FEF734BC3448FEF731BC3248FEF793
:109EA0002EBC3148FEF72BBC2F48FEF728BC2E48AD
:109EB000FEF725BC2948FEF722BC4FF40040FEF710
:109EC0001EBC0020FEF71BBC0020FEF718BC264875
:109ED000FEF715BC2448FEF712BC2348FEF70FBC62
:109EE0002148FEF70CBC2048FEF709BC1E48FEF7CF
:109EF00006BC1A48FEF703BC0020FEF700BC002099
:109F0000FEF7FDBB1848FEF7FABB1648FEF7F7BB95
:109F10001548FEF7F4BB1348FEF7F1BB1248FEF7F5
:109F2000EEBB1148FEF7EBBB0F48FEF7E8BB0E484F
:109F3000FEF7E5BB0C48FEF7E2BB4FF40040FEF72E
:109F4000DEBB4FF4FA40FEF7DABB0548FEF7D7BB9D
:109F50004FF40040FEF7D3BB000C025440787D0163
:109F6000006CDC020080BB0000093D002DE9E04FE1
:109F70002746A046A146A246A346A446A2B02DEC81
:109F8000000A84F3008825462646A447EFF314858B
:109F900015F0080F18BFB0EE400A3DEC000A22B0E1
:109FA000BDE8E08F80F0004002E000BF81F000419A
:109FB00042001FBF5FEA410392EA030F7FEA226C6F
:109FC0007FEA236C6AD04FEA1262D2EB1363C1BFFF
:109FD000D218414048404140B8BF5B42192B88BF6E
:109FE000704710F0004F40F4000020F07F4018BF91
:109FF000404211F0004F41F4000121F07F4118BFB1
:10A00000494292EA030F3FD0A2F1010241FA03FC58
:10A0100010EB0C00C3F1200301FA03F100F0004340
:10A0200002D5494260EB4000B0F5000F13D3B0F108
:10A03000807F06D340084FEA310102F10102FE2A77
:10A0400051D2B1F1004F40EBC25008BF20F00100E7
:10A0500040EA03007047490040EB0000013A28BF86
:10A06000B0F5000FEDD2B0FA80FCACF1080CB2EB09
:10A070000C0200FA0CF0AABF00EBC2505242184387
:10A08000BCBFD0401843704792F0000F81F400012C
:10A0900006BF80F400000132013BB5E74FEA4103FF
:10A0A0007FEA226C18BF7FEA236C21D092EA030F6B
:10A0B00004D092F0000F08BF0846704790EA010FE5
:10A0C0001CBF0020704712F07F4F04D1400028BF12
:10A0D00040F00040704712F100723CBF00F50000F4
:10A0E000704700F0004343F0FE4040F4000070472A
:10A0F0007FEA226216BF08467FEA236301464202D6
:10A1000006BF5FEA412390EA010F40F480007047E8
:10A110004FF0000304E000BF10F0004348BF40428E
:10A120005FEA000C08BF704743F0964301464FF0CA
:10A1300000001CE050EA010208BF70474FF0000326
:10A140000AE000BF50EA010208BF704711F0004367
:10A1500002D5404261EB41015FEA010C02BF844637
:10A160000146002043F0B64308BFA3F18053A3F596
:10A170000003BCFA8CF2083AA3EBC25310DB01FADD
:10A1800002FC634400FA02FCC2F12002BCF1004F61
:10A1900020FA02F243EB020008BF20F001007047F2
:10A1A00002F1200201FA02FCC2F1200250EA4C0046
:10A1B00021FA02F243EB020008BF20EADC7070478C
:10A1C0004FF0FF0C1CEAD0521EBF1CEAD15392EA9A
:10A1D0000C0F93EA0C0F6FD01A4480EA010C400276
:10A1E00018BF5FEA41211ED04FF0006343EA5010D0
:10A1F00043EA5111A0FB01310CF00040B1F5000F12
:10A200003EBF490041EAD3715B0040EA010062F1C0
:10A210007F02FD2A1DD8B3F1004F40EBC25008BFAA
:10A2200020F00100704790F0000F0CF0004C08BFC8
:10A2300049024CEA502040EA51207F3AC2BFD2F195
:10A24000FF0340EAC250704740F400004FF00003A3
:10A25000013A5DDC12F1190FDCBF00F000407047DD
:10A26000C2F10002410021FA02F1C2F1200200FA1B
:10A2700002FC5FEA310040F1000053EA4C0308BFE2
:10A2800020EADC70704792F0000F00F0004C02BF33
:10A29000400010F4000F013AF9D040EA0C0093F0AE
:10A2A000000F01F0004C02BF490011F4000F013B08
:10A2B000F9D041EA0C018FE70CEAD15392EA0C0F76
:10A2C00018BF93EA0C0F0AD030F0004C18BF31F0E1
:10A2D000004CD8D180EA010000F00040704790F0B7
:10A2E000000F17BF90F0004F084691F0000F91F05B
:10A2F000004F14D092EA0C0F01D142020FD193EA21
:10A300000C0F03D14B0218BF084608D180EA0100A8
:10A3100000F0004040F0FE4040F40000704740F084
:10A32000FE4040F4400070474FF0FF0C1CEAD05252
:10A330001EBF1CEAD15392EA0C0F93EA0C0F69D0AE
:10A34000A2EB030280EA010C49024FEA402037D019
:10A350004FF0805343EA111143EA10130CF0004010
:10A360008B4238BF5B0042F17D024FF4000C8B4200
:10A3700024BF5B1A40EA0C00B3EB510F24BFA3EBE0
:10A38000510340EA5C00B3EB910F24BFA3EB9103B0
:10A3900040EA9C00B3EBD10F24BFA3EBD10340EA0A
:10A3A000DC001B0118BF5FEA1C1CE0D1FD2A3FF650
:10A3B00050AF8B4240EBC25008BF20F00100704705
:10A3C0000CF0004C4CEA50207F32C2BFD2F1FF03A8
:10A3D00040EAC250704740F400004FF00003013AD9
:10A3E00037E792F0000F00F0004C02BF400010F47D
:10A3F000000F013AF9D040EA0C0093F0000F01F091
:10A40000004C02BF490011F4000F013BF9D041EAB2
:10A410000C0195E70CEAD15392EA0C0F08D14202E5
:10A420007FF47DAF93EA0C0F7FF470AF084676E7B8
:10A4300093EA0C0F04D14B023FF44CAF08466EE791
:10A4400030F0004C18BF31F0004CCAD130F000425F
:10A450007FF45CAF31F000437FF43CAF5FE700BFB7
:10A4600042000ED2B2F1FE4F0BD34FF09E03B3EB7E
:10A47000126209D44FEA002343F0004323FA02F0AA
:10A4800070474FF00000704712F1610F01D1420296
:10A4900002D14FF0FF3070474FF00000704700BF0F
:10A4A00053B94AB9002908BF00281CBF4FF0FF313B
:10A4B0004FF0FF3000F0B2B9ADF1080C6DE904CEF9
:10A4C00000F006F8DDF804E0DDE9022304B070478F
:10A4D0002DE9F04F8C46099E04460F46002B48D1CB
:10A4E0008A4215465ED9B2FA82F33BB1C3F120022B
:10A4F0009F409D409C4020FA02F217434FEA154EC0
:10A500001FFA85FC220CB7FBFEF10EFB117701FB55
:10A510000CF042EA0742904207D9AA1801F1FF372E
:10A5200002D2904200F258813946121AA4B2B2FB0C
:10A53000FEF00EFB102200FB0CFC44EA0244A44592
:10A540000BD92C1900F1FF322CBF01270027A4459D
:10A5500002D9002F00F04381104640EA0140A4EBED
:10A560000C0400211EB1DC400023C6E90043BDE815
:10A57000F08F8B4206D90EB1C6E9000100210846D2
:10A58000BDE8F08FB3FA83F1002951D16345C0F0E3
:10A590001681824240F213810846002EE7D0C6E9B8
:10A5A0000047E4E7002A00F0AF80B2FA82F3002B04
:10A5B00040F0C2808A1A4FEA154EAFB20121200C3A
:10A5C000B2FBFEFC0EFB1C2240EA024207FB0CF031
:10A5D00090420ED9AA180CF1FF382CBF4FF0010998
:10A5E0004FF00009904203D9B9F1000F00F0F0805C
:10A5F000C446121AA4B2B2FBFEF00EFB102200FBFE
:10A6000007F744EA0244A7420ED92C1900F1FF32A1
:10A610002CBF4FF0010E4FF0000EA74203D9BEF140
:10A62000000F00F0D2801046E41B40EA0C4099E78E
:10A63000C1F120058B400CFA01F400FA01F922FA6D
:10A6400005F72CFA05FC8A401F4320FA05F3380C65
:10A6500023431FFA87FE1C0CBCFBF0F800FB18CC50
:10A6600044EA0C4408FB0EFCA4450ED93C1908F141
:10A67000FF3A2CBF4FF0010B4FF0000BA44503D95C
:10A68000BBF1000F00F0B880D046A4EB0C041FFA19
:10A6900083FCB4FBF0F300FB134403FB0EFE4CEA17
:10A6A0000444A6450ED93C1903F1FF302CBF4FF0EE
:10A6B000010C4FF0000CA64503D9BCF1000F00F0CF
:10A6C0009F80034643EA0840A4EB0E04A0FB02EC83
:10A6D00064457346E04602D307D1F14505D2BEEB8F
:10A6E00002036CEB070C0138E0465EB1B9EB0302E4
:10A6F00064EB080404FA05F522FA01F3CC401D438B
:10A70000C6E90054002132E742082F464B08AC4608
:10A7100042EAC172AE46C407110C92B241EA03414B
:10A7200042EA0142B1FBF5F1B3FBF5F01F23A2EBC6
:10A730000C0241EA004142E79D40C3F120029940EA
:10A740009C402CFA02FC4FEA154E20FA02F2AFB2FE
:10A75000BCFBFEF80A430EFB18CC110C41EA0C417D
:10A7600008FB07FC8C4550D9691808F1FF302CBF55
:10A770004FF001094FF000098C4502D9B9F1000FE3
:10A7800030D0A1EB0C01B1FBFEF808FB07FC0EFB7F
:10A79000181192B242EA0142624534D2AA1808F175
:10A7A000FF312CBF4FF001094FF000096245BED2C6
:10A7B000B9F1000FBBD1A8F102012A44B7E7841A0E
:10A7C0006CEB030201201746E7E62C4402382BE726
:10A7D000ACF1020C2A440CE702392A44A5E62C44C9
:10A7E0000238BAE6A5EB0C0CA8F102006144B1FBFB
:10A7F000FEF808FB07FCCAE7A8F102083C4444E75E
:10A80000023B3C445EE7414691E7A1EB0C01404628
:10A81000B1FBFEF808FB07FCB9E700BF704700BFBB
:10A82000D4BF010C0000043037000000000000001D
:10A830000000000000000000DC000430220F0000D7
:10A840000000000000000000287265616420415291
:10A8500045415F322028532D7365636F6E646172CA
:10A860007929206F66663D30782578206C656E3DCD
:10A8700030782578206162735F733D3078257820C9
:10A880006162735F6E733D307825780A0028666CCC
:10A8900061736820726561642062616E6B3220664C
:10A8A000615F69643D25642066615F6F66663D3067
:10A8B000782578206F66663D30782578206C656E47
:10A8C0003D307825780A005468697320646576699C
:10A8D0006365206973201B5B313B316D4E4F542003
:10A8E0005345435552450054686973206465766941
:10A8F0006365207761732070726F766973696F6E1C
:10A90000656420776974682064756D6D79206B6566
:10A9100079732E20001B5B313B33316D001E257394
:10A920002573257325730A001B5B306D0028426573
:10A9300067696E6E696E6720424C322070726F7666
:10A940006973696F6E696E670A0054464D5F4455BE
:10A950004D4D595F50524F564953494F4E494E47FE
:10A96000206973206E6F74207375697461626C6501
:10A9700020666F722070726F64756374696F6E21E8
:10A9800020000A25730A000A506C6174666F726DAC
:10A9900020696E6974206661696C65640A002853D9
:10A9A00074617274696E6720626F6F746C6F61643A
:10A9B000657220532D7365633D307825780A000A4F
:10A9C0004F54502073797374656D20696E69746992
:10A9D000616C697A6174696F6E206661696C656427
:10A9E0000A000A50726F766973696F6E696E67202C
:10A9F000726571756972656420636865636B206652
:10AA000061696C65640A000A50726F766973696FD8
:10AA10006E696E67206661696C65640A000A45723A
:10AA2000726F72207768696C6520696E69746961FC
:10AA30006C697A696E6720746865207365637572E6
:10AA400069747920636F756E7465720A000A506CC0
:10AA50006174666F726D20706F737420696E6974B3
:10AA6000206661696C65640A000A50534120437294
:10AA70007970746F20696E6974206661696C6564B1
:10AA80002077697468206572726F7220636F6465E5
:10AA90002025640A0045432D503235360028505396
:10AAA000412043727970746F20696E697420646FFD
:10AAB0006E652C207369675F747970653A20257321
:10AAC00025730A000A5072652D6C6F6164207374DF
:10AAD000657020666F7220696D616765202564204E
:10AAE0006661696C65640A0028436865636B696E1A
:10AAF0006720696D6167652025640A0028496D61DA
:10AB0000676520256420626F6F745F676F20646FD4
:10AB10006E650A000A556E61626C6520746F20666E
:10AB2000696E6420626F6F7461626C6520696D612B
:10AB300067650A000A506F73742D6C6F616420732F
:10AB400074657020666F7220696D61676520256489
:10AB5000206661696C65640A0028426F6F746C6FCF
:10AB60006164657220636861696E6C6F6164206105
:10AB7000646472657373206F66667365743A20301F
:10AB80007825780A0028496D6167652076657273BB
:10AB9000696F6E3A207625642E25642E25640A009E
:10ABA000284A756D70696E6720746F20746865201F
:10ABB000666972737420696D61676520736C6F7468
:10ABC0000A000A696E76616C696420666C6173685C
:10ABD0002049442025643B20657870656374656472
:10ABE0002025640A000A617265612025642073696A
:10ABF0007A652030782578206E6F742064697669D4
:10AC00007369626C6520627920736563746F72206A
:10AC100073697A6520307825780A000A666C61735A
:10AC200068206172656120256420736563746F72AA
:10AC300020636F756E74206F766572666C6F770A2D
:10AC4000007072696D617279007365636F6E646123
:10AC50007279000A496D61676520696E20746865C4
:10AC600020257320736C6F74206973206E6F7420BD
:10AC700076616C6964210A001E2564207374617416
:10AC80007573207772697465206661696C732070D2
:10AC90006572666F726D696E672074686520737780
:10ACA00061700A000A4661696C656420746F206FE8
:10ACB00070656E20666C6173682061726561732CCB
:10ACC0002063616E6E6F7420636F6E74696E75655C
:10ACD0000A001E4661696C65642072656164696E74
:10ACE0006720736563746F72733B20424F4F545FEC
:10ACF0004D41585F494D475F534543544F52533D73
:10AD00002564202D20746F6F20736D616C6C3F0A79
:10AD1000001E4661696C65642072656164696E67D6
:10AD200020696D61676520686561646572733B20A9
:10AD3000496D6167653D25750A001E4661696C6550
:10AD4000642072656164696E6720626F6F7420733E
:10AD500074617475733B20496D6167653D25750AA3
:10AD6000000A70616E6963210A0028496D61676598
:10AD70002025642075706772616465207365636F58
:10AD80006E6461727920736C6F74202D3E20707236
:10AD9000696D61727920736C6F740A002845726165
:10ADA00073696E6720746865207072696D6172796D
:10ADB00020736C6F740A0028496D616765202564F3
:10ADC00020636F7079696E672074686520736563AE
:10ADD0006F6E6461727920736C6F7420746F20746D
:10ADE0006865207072696D61727920736C6F743A56
:10ADF000203078257A782062797465730A000A53C6
:10AE00006563757269747920636F756E74657220FD
:10AE1000757064617465206661696C656420616643
:10AE200074657220696D6167652075706772616411
:10AE3000653A2025640A000A53656375726974795E
:10AE400020636F756E74657220757064617465201F
:10AE50006661696C656420616674657220696D6104
:10AE600067652025642076616C69646174696F6E22
:10AE70003A2025640A002873776170207374617426
:10AE80007573206964783D25752073746174653D20
:10AE900025752073697A653D3078257820736C6F4D
:10AEA000743D307825780A000A48354634535750A7
:10AEB000322044726F7070696E6720696E76616CC3
:10AEC0006964207377617020737461747573207383
:10AED000697A653D307825780A000A66696E645F94
:10AEE0006C6173745F736563746F725F69647820FB
:10AEF00062616420636F70795F73697A653D307851
:10AF00002578207072693D2575207365633D257530
:10AF10000A000A66696E645F6C6173745F736563CF
:10AF2000746F725F696478206F766572666C6F7794
:10AF300020636F70795F73697A653D30782578207A
:10AF40007072693D25750A000A66696E645F6C61FE
:10AF500073745F736563746F725F696478206F7672
:10AF60006572666C6F7720636F70795F73697A655D
:10AF70003D30782578207365633D25750A000A44C5
:10AF80006574656374656420696E636F6E7369735D
:10AF900074656E7420737461747573210A001E43A6
:10AFA000616E6E6F7420757067726164653A206DB2
:10AFB0006F726520736563746F7273207468616E5D
:10AFC00020616C6C6F7765640A001E43616E6E6F62
:10AFD0007420757067726164653A20736C6F747366
:10AFE0002068617665206E6F6E2D636F6D70617481
:10AFF00069626C6520736563746F72730A001E4327
:10B00000616E6E6F7420757067726164653A206E50
:10B010006F7420616C6C20736563746F727320664B
:10B02000697420696E736964652073637261746307
:10B03000680A001E43616E6E6F74207570677261DE
:10B0400064653A20736C6F747320617265206E6F53
:10B050007420636F6D70617469626C650A0062616F
:10B060006400676F6F6400756E736574007363725C
:10B0700061746368006E6F6E65007072696D6172F5
:10B080007920736C6F74004255473B2063616E27D3
:10B09000742068617070656E005072696D617279BC
:10B0A00020696D616765002825733A206D616769C5
:10B0B000633D25732C20737761705F747970653DF3
:10B0C000307825782C20636F70795F646F6E653DF2
:10B0D000307825782C20696D6167655F6F6B3D3036
:10B0E0007825780A00536372617463680028426FA0
:10B0F0006F7420736F757263653A2025730A002898
:10B10000426F6F7420736F757263653A206E6F6E55
:10B11000650A00285374617274696E6720737761E1
:10B1200070207573696E6720736372617463682041
:10B13000616C676F726974686D2E0A000A737761BB
:10B14000705F72756E2061626F7274656420636FE8
:10B1500070795F73697A653D307825780A002873C5
:10B1600077617020726573756D652073697A653DCE
:10B1700030782578206964783D2575207072692FB4
:10B1800073656320736563746F72733D25752F2536
:10B19000750A000A4661696C656420746F207265E7
:10B1A0006164207374617475732066726F6D2025FD
:10B1B000642C206572722025640A0A000A466169BF
:10B1C0006C656420746F2061646420696D616765DB
:10B1D000206461746120746F2073686172656420FB
:10B1E000617265610A000A4661696C656420746F6A
:10B1F00020616464206461746120746F20736861ED
:10B20000726564206D656D6F727920617265612E63
:10B210000A000A4661696C656420746F206F70656E
:10B220006E20666C617368206172656120494420FC
:10B2300025642028696D61676520256420736C6F23
:10B240007420257A75293A2025640A000A46616926
:10B250006C656420746F206F70656E20736372611B
:10B2600074636820666C61736820617265613A205E
:10B2700025640A00285365636F6E646172792069E2
:10B280006D616765206F6620696D6167652070611B
:10B290006972202825642920697320756E726561A2
:10B2A000636861626C652E205472656174206974F4
:10B2B00020617320656D7074790A0028496D61679B
:10B2C0006520696E6465783A2025642C2053776187
:10B2D0007020747970653A2025730A0028496D61E1
:10B2E000676520696E6465783A2025642C20537761
:10B2F000617020747970653A206E6F6E650A007413
:10B30000657374007065726D0072657665727400A5
:10B310000A483546345357503220696D61676520BD
:10B32000544C5620656E643D30782578206D6178E8
:10B330003D307825780A000A496D6167652073659C
:10B3400063757269747920636F756E7465722076A7
:10B35000616C7565202575206C6F77657220746847
:10B36000616E206D6F6E6F746F6E69632076616CB5
:10B3700075652025750A000A424C32204572726FAD
:10B38000725F48616E646C6572206C723D30782526
:10B390007820697073723D257520636673723D3045
:10B3A00078257820686673723D307825782073663A
:10B3B00073723D30782578206D6D6661723D30780E
:10B3C000257820626661723D307825782073666149
:10B3D000723D307825780A000A4572726F722077C4
:10B3E00068696C6520756E696E697469616C697AEB
:10B3F000696E6720466C61736820496E7465726679
:10B400006163650A000A4572726F72207768696C21
:10B410006520696E697469616C697A696E6720522A
:10B420004E472049700A000A4572726F7220776891
:10B43000696C6520696E697469616C697A696E67A7
:10B4400020485720616363656C657261746F722078
:10B4500049700A000A4572726F72207768696C65DC
:10B4600020696E697469616C697A696E6720466CDF
:10B4700061736820496E746572666163650A000ACB
:10B4800025732070633D30782578207265743D30D7
:10B4900078257820787073723D307825782065782B
:10B4A000635F6C723D307825780A000A63667372B8
:10B4B0003D3078257820686673723D307825782095
:10B4C000736673723D30782578206D6D6661723DCC
:10B4D0003078257820626661723D30782578207357
:10B4E0006661723D307825780A0048617264466171
:10B4F000756C74004D656D4D616E616765004275D8
:10B50000734661756C740055736167654661756C4F
:10B5100074005365637572654661756C74002842EA
:10B520004C3220666C617368206D617020532D73FE
:10B5300065636F6E646172793D307825780A000A20
:10B54000556E65787065637465642076616C7565A9
:10B5500020666F7220545A454E0A000A556E65786F
:10B560007065637465642076616C756520666F72C2
:10B5700020737761702062616E6B20636F6E666905
:10B580006775726174696F6E0A000A556E6578702E
:10B5900065637465642076616C756520666F7220E2
:10B5A000424F4F542055424520636F6E6669677560
:10B5B000726174696F6E0A0028426F6F744164642F
:10B5C0007220307825780A000A556E6578706563B8
:10B5D0007465642076616C756520666F72205345D2
:10B5E0004320424F4F5420416464726573730A00D4
:10B5F0002842414E4B203120736563757265206689
:10B600006C617368205B25642C2025645D203A20E2
:10B610004F42205B25642C2025645D0A000A556E8C
:10B6200065787065637465642076616C7565206605
:10B630006F722073656375726520666C6173682034
:10B6400070726F74656374696F6E3A2073657420ED
:10B65000776D736563310A002842414E4B203220DA
:10B6600073656375726520666C6173682077616EBF
:10B6700074205B25642C2025645D204F42205B25CF
:10B68000642C2025645D0A002842414E4B20322064
:10B6900073656375726520666C617368205B2564F1
:10B6A0002C2025645D203A204F42205B25642C200D
:10B6B00025645D0A00284835463420776D7365633C
:10B6C0003220532D7365636F6E64617279207365E8
:10B6D00063746F7273205B302C2025645D0A000A4E
:10B6E000556E65787065637465642076616C756508
:10B6F00020666F722073656375726520666C617376
:10B70000682070726F74656374696F6E3A20736538
:10B710007420776D736563320A000A556E65787020
:10B7200065637465642076616C756520666F722050
:10B730005352414D322045524153452061742052AD
:10B74000657365740A000A556E6578706563746583
:10B75000642076616C756520666F72205352414D8E
:10B7600032204543430A002850726F6772616D6D45
:10B77000696E67206F7074696F6E2062797465738B
:10B7800020616E6420726573657474696E670A0067
:10B790000A4572726F72207768696C6520736574F0
:10B7A00074696E67204F422042616E6B3120636F77
:10B7B0006E6669670A000A4572726F72207768695F
:10B7C0006C6520657865637574696F6E204F425FA4
:10B7D0004C61756E63680A0028426F6F744C6F632A
:10B7E0006B20307825780A000A556E65787065639D
:10B7F0007465642076616C756520666F72205345B0
:10B800004320424F4F54204C4F434B0A005B556E30
:10B81000737570706F727465645D005B4552525D44
:10B82000005B4E4F545D005B57524E5D005B494ECE
:10B83000465D005B5645525D0000000001000000BF
:10B840000200000004000000050000000164000088
:10B8500024BD010C00800700000008000364000004
:10B8600024BD010C0000200000000800026400005C
:10B8700024BD010C00800F000000100004640000D3
:10B8800024BD010C00002800000010000564000029
:10B8900024BD010C0000000000C00000EDFEDEC071
:10B8A000B5D8B37F006EFDE3D6DA35D7EFDF7E6023
:10B8B000BDFD0CB967B6358F25FDBC1025F5B66DFD
:10B8C000A12B9DAF88CE343A15E65C2ACEAC0E593A
:10B8D00039E2B55598DEB5592CD612168DA736E14A
:10B8E00048354634424C32000100000000000000A0
:10B8F0000000000200000000000000000000000046
:10B900000000000000000000000000000000000037
:10B910000000000000000000000000000000000027
:10B920000000000000000000000000000000000017
:10B930000000000000000000000000000000000007
:10B9400000000000000000000000000000000000F7
:10B9500000000000000000000000000000000000E7
:10B9600000000000000000000000000000000000D7
:10B9700000000000000000000000000000000000C7
:10B9800000000000000000000000000000000000B7
:10B9900000000000000000000000000000000000A7
:10B9A0000000000000000000000000000000000097
:10B9B0000000000000000000000000000000000087
:10B9C0000000000000000000000000000000000077
:10B9D0000000000000000000000000000000000067
:10B9E0000000000000000000000000000002000055
:10B9F0000000000000000000000000000000000047
:10BA00000C0000000000000000000000000000002A
:10BA10000000000000000000000000040000000022
:10BA20000000000000000000000000000000000016
:10BA30000000000000000000000000000000000006
:10BA400000000000000000000000000000000000F6
:10BA500048354634535750320001050100010503B3
:10BA6000020401040103040302000000FFB2010C00
:10BA700004B3010C09B3010C040104030402040122
:10BA80000401040301040304010410002DE15D29F5
:10BA9000410B8D77679C110F1F8A06082A8648CEB6
:10BAA0003D03010706072A8648CE3D02010000003B
:10BAB0000B06010C10141400001C2030401C200048
:10BAC000001C203040000000982F8A4291443771BA
:10BAD000CFFBC0B5A5DBB5E95BC25639F111F15911
:10BAE000A4823F92D55E1CAB98AA07D8015B831253
:10BAF000BE853124C37D0C55745DBE72FEB1DE80FF
:10BB0000A706DC9B74F19BC1C1699BE48647BEEF2D
:10BB1000C69DC10FCCA10C246F2CE92DAA84744AB8
:10BB2000DCA9B05CDA88F97652513E986DC631A82E
:10BB3000C82703B0C77F59BFF30BE0C64791A7D50D
:10BB40005163CA0667292914850AB72738211B2E95
:10BB5000FC6D2C4D130D385354730A65BB0A6A767D
:10BB60002EC9C281852C7292A1E8BFA24B661AA889
:10BB7000708B4BC2A3516CC719E892D1240699D699
:10BB800085350EF470A06A1016C1A419086C371E12
:10BB90004C774827B5BCB034B30C1C394AAAD84EF0
:10BBA0004FCA9C5BF36F2E68EE828F746F63A5782B
:10BBB0001478C8840802C78CFAFFBE90EB6C50A4BE
:10BBC000F7A3F9BEF27871C66BFF79FF79FF7CFFAE
:10BBD000000000000A5695CE5753F2DD5CE419BA16
:10BBE000E4B84A8B25F321DD8886E8D2855D882577
:10BBF00018FF71853C14A918D430E77901B6ED5FC0
:10BC0000FC95BA75102562772B73FB79C65537A55D
:10BC1000765F9018DFBDC42962DF9CD890308478AD
:10BC2000CD05F0ACD62E21F7AB20A2E53448870431
:10BC30001D0630DC512563FCC2CAB9F3849E17A7E8
:10BC4000ADFAE6BCFFFFFFFFFFFFFFFF00000000B3
:10BC5000FFFFFFFFA2EE79BE954C2483A66FBD497E
:10BC60009C79994659EC6B2B39B245282056D9F36B
:10BC7000942DE1664FBC00EEFFFFFFFFFFFFFFFFCB
:10BC8000FFFFFFFF000000000000000000000000B8
:10BC900001000000FFFFFFFF0300000000000000A4
:10BCA000FFFFFFFFFBFFFFFFFEFFFFFFFFFFFFFFA9
:10BCB000FDFFFFFF04000000010000000000000085
:10BCC0000102030400000000000000000102030460
:10BCD000060708090000000000200240FF1F034083
:10BCE000000000000100000000800F08FFFF1F0897
:10BCF000000000000200000000F8FF083FF8FF0805
:10BD0000000000000300000000FBF90BFFFEF90B30
:10BD1000000000000400000000002808FFFF3708B2
:10BD2000000000000D54010C2554010C5D54010C61
:10BD30002954010C2D54010CA554010CAD55010CD6
:10BD4000D556010C4354010C4954010C5554010CB7
:10BD500000000000000200000020000000200000A1
:10BD600010000000FF0000000302000101000000BD
:10BD700002000000040000001BB8010C00000000DD
:10BD800000000000000000000000000000000000B3
:10BD900000000000000000000000000000000000A3
:10BDA00021B8010C000000000000000000000000AD
:10BDB0000000000000000000000000000000000083
:10BDC000000000000000000027B8010C0000000087
:10BDD0000000000000000000000000000000000063
:10BDE0000000000000000000000000000000000053
:10BDF0002DB8010C00000000000000000000000051
:10BE00000000000000000000000000000000000032
:10BE1000000000000000000033B8010CD974010CD0
:10BE2000F174010C5D75010CF574010CF974010CD1
:10BE30003975010C1975010CFD74010C0375010CA9
:10BE40001976010C0775010C0B75010C0F75010CAF
:10BE50001575010C04020202010002000400060034
:10BE600008000A000C0010002000400080000001C3
:10BE70000746884600F00FF80020014602460346B8
:10BE800004460546064681468246834684468646E3
:10BE90004046884638470021034B044A43F8041BB8
:10BEA0009342FBD1704700BF0000043000FC053016
:10BEB00000210C4B0C4A43F8041B9342FBD1002396
:10BEC00018460A4A03F140010133182B42F82100B9
:10BED000F8D10021064B074A43F8041B9342FBD1DB
:10BEE000704700BF0001003000010430002C0350F7
:10BEF0000000043000FC053008B50023164E04464F
:10BF00003360F4F7B9FDFAF76DFC144BDB68984722
:10BF100020B11348FBF74AF900F02AF8FAF714FCAD
:10BF200008B100F025F8F9F74BF90E4D0E4B9C6067
:10BF30002C6000243460F9F743F984F30A882B68F5
:10BF40001B6883F30888BFF34F8FBFF36F8F2B6895
:10BF500006485968FFF78CFF6C3B043024BD010C88
:10BF6000D8B3010C683B043000ED00E071BE010C59
:10BF7000F0B5714687B0EFF305821248836AC46A50
:10BF8000D0F8E450466B876BD0F8E8000094CDE918
:10BF90000370CDE901560C48FBF708F94FF0005447
:10BFA0004EF2FE7324F8013BBFF34F8FBFF36F8F48
:10BFB000640864002046214622462346FDF7D6FF4A
:0CBFC00007B0F0BD00ED00E077B3010C0D
:08BFCC0004E5FF7F0100000005
:10BFD40000000000EC20043088EACD1F55555515AB
:10BFE400AAAAAA1A8F08010C8D08010C8908010C51
:10BFF4000090D003000000000000000000000000DA
:10C00400000000000100000000000000000000002B
:10C01400060000007C00043006000000AC00043080
:10C02400040000005C0004300100000000800200F5
:10C03400FFBF020000000000FFBF000000800700F7
:10C04400FF7F0F0000002000FFFF27000080020098
:10C05400FFBF020000000000FFBF000000800700D7
:10C06400FF7F0F0000800F00FF7F1F0000002000F3
:10C07400FFFF270000002800FFFF370000800200B8
:10C08400FFBF020000000000FFBF000000800700A7
:10C09400FF7F0F0000800F00FF7F1F0000002000C3
:0CC0A400FFFF270000002800FFFF37000E
:020000040C02EC
:108000001281DEC0000102030405060708090A0BFD
:108010000C0D0E0F000102030405060708090A0BE8
:108020000C0D0E0FA9B454B26D6F90A4EA3119353E
:1080300064CBA91FEC6F9A002A7DC0504B92A1938C
:108040007134585F200000001200000073746D2E20
:108050006578616D706C652E7863756265210000CE
:10806000000000000000000000000000A0A1A2A38A
:10807000A4A5A6A7A8A9AAABACADAEAFB0B1B2B348
:10808000B4B5B6B7B8B9BABBBCBDBEBF030000003B
:10809000AAAAAAAAAAAAAAAABBBBBBBBBBBBBBBBB8
:1080A000CCCCCCCCCCCCCCCCDDDDDDDDDDDDDDDD88
:1080B0003036303435363532373238323931303087
:1080C000313000000000000000000000000000004F
:1080D0007777772E747275737465646669726D77DD
:1080E0006172652E6F7267000000000000000000E2
:1080F0005053415F494F545F50524F46494C455F82
:10810000310000000000000000000000000000003E
:10811000B5D8B37F006EFDE3D6DA35D7EFDF7E60EA
:10812000BDFD0CB967B6358F25FDBC1025F5B66DC4
:10813000A12B9DAF88CE343A15E65C2ACEAC0E5901
:1081400039E2B55598DEB5592CD612168DA736E111
:10815000000000000000000000000000000000001F
:10816000000000000000000000000000000000000F
:1081700000000000000000000000000000000000FF
:1081800000000000000000000000000000000000EF
:1081900000000000000000000000000000000000DF
:1081A00000000000000000000000000000000000CF
:1081B00000000000000000000000000000000000BF
:1081C00000000000000000000000000000000000AF
:1081D000000000000000000000000000000000009F
:1081E000000000000000000000000000000000008F
:1081F000000000000000000000000000000000007F
:10820000000000000000000000000000000000006E
:10821000000000000000000000000000000000005E
:10822000000000000000000000000000000000004E
:10823000000000000000000000000000000000003E
:10824000000000000000000000000000000000002E
:10825000A12B9DAF88CE343A15E65C2ACEAC0E59E0
:1082600039E2B55598DEB5592CD612168DA736E1F0
:1082700000000000000000000000000000000000FE
:1082800000000000000000000000000000000000EE
:1082900000000000121323340A058978A3668C0DB0
:1082A000975553CAB576186229C6B67975C85A8DDE
:1082B0009E118F85DEC45F662152F939D9779328E4
:1082C000B05E02FA58B416C80F3891BB2817CD8A91
:1082D000C9537266000000000000000000000000AA
:1082E000000000000000000000000000000000008E
:1082F000000000000000000000000000000000007E
:048300000100000078
:10E000004200DEC04200DEC0000000000000000050
:10E010000000000000000000000000000000000000
:040000050C010EDDFF
:00000001FF
