:020000040C07E7
:108000003DB8F3960000000000047B00004C050022
:10801000000000000203000000000000000000005B
:10802000FFFFFFFFFFFFFFFFFFFFFFFFFFFFFFFF60
:10803000FFFFFFFFFFFFFFFFFFFFFFFFFFFFFFFF50
:10804000FFFFFFFFFFFFFFFFFFFFFFFFFFFFFFFF40
:10805000FFFFFFFFFFFFFFFFFFFFFFFFFFFFFFFF30
:10806000FFFFFFFFFFFFFFFFFFFFFFFFFFFFFFFF20
:10807000FFFFFFFFFFFFFFFFFFFFFFFFFFFFFFFF10
:10808000FFFFFFFFFFFFFFFFFFFFFFFFFFFFFFFF00
:10809000FFFFFFFFFFFFFFFFFFFFFFFFFFFFFFFFF0
:1080A000FFFFFFFFFFFFFFFFFFFFFFFFFFFFFFFFE0
:1080B000FFFFFFFFFFFFFFFFFFFFFFFFFFFFFFFFD0
:1080C000FFFFFFFFFFFFFFFFFFFFFFFFFFFFFFFFC0
:1080D000FFFFFFFFFFFFFFFFFFFFFFFFFFFFFFFFB0
:1080E000FFFFFFFFFFFFFFFFFFFFFFFFFFFFFFFFA0
:1080F000FFFFFFFFFFFFFFFFFFFFFFFFFFFFFFFF90
:10810000FFFFFFFFFFFFFFFFFFFFFFFFFFFFFFFF7F
:10811000FFFFFFFFFFFFFFFFFFFFFFFFFFFFFFFF6F
:10812000FFFFFFFFFFFFFFFFFFFFFFFFFFFFFFFF5F
:10813000FFFFFFFFFFFFFFFFFFFFFFFFFFFFFFFF4F
:10814000FFFFFFFFFFFFFFFFFFFFFFFFFFFFFFFF3F
:10815000FFFFFFFFFFFFFFFFFFFFFFFFFFFFFFFF2F
:10816000FFFFFFFFFFFFFFFFFFFFFFFFFFFFFFFF1F
:10817000FFFFFFFFFFFFFFFFFFFFFFFFFFFFFFFF0F
:10818000FFFFFFFFFFFFFFFFFFFFFFFFFFFFFFFFFF
:10819000FFFFFFFFFFFFFFFFFFFFFFFFFFFFFFFFEF
:1081A000FFFFFFFFFFFFFFFFFFFFFFFFFFFFFFFFDF
:1081B000FFFFFFFFFFFFFFFFFFFFFFFFFFFFFFFFCF
:1081C000FFFFFFFFFFFFFFFFFFFFFFFFFFFFFFFFBF
:1081D000FFFFFFFFFFFFFFFFFFFFFFFFFFFFFFFFAF
:1081E000FFFFFFFFFFFFFFFFFFFFFFFFFFFFFFFF9F
:1081F000FFFFFFFFFFFFFFFFFFFFFFFFFFFFFFFF8F
:10820000FFFFFFFFFFFFFFFFFFFFFFFFFFFFFFFF7E
:10821000FFFFFFFFFFFFFFFFFFFFFFFFFFFFFFFF6E
:10822000FFFFFFFFFFFFFFFFFFFFFFFFFFFFFFFF5E
:10823000FFFFFFFFFFFFFFFFFFFFFFFFFFFFFFFF4E
:10824000FFFFFFFFFFFFFFFFFFFFFFFFFFFFFFFF3E
:10825000FFFFFFFFFFFFFFFFFFFFFFFFFFFFFFFF2E
:10826000FFFFFFFFFFFFFFFFFFFFFFFFFFFFFFFF1E
:10827000FFFFFFFFFFFFFFFFFFFFFFFFFFFFFFFF0E
:10828000FFFFFFFFFFFFFFFFFFFFFFFFFFFFFFFFFE
:10829000FFFFFFFFFFFFFFFFFFFFFFFFFFFFFFFFEE
:1082A000FFFFFFFFFFFFFFFFFFFFFFFFFFFFFFFFDE
:1082B000FFFFFFFFFFFFFFFFFFFFFFFFFFFFFFFFCE
:1082C000FFFFFFFFFFFFFFFFFFFFFFFFFFFFFFFFBE
:1082D000FFFFFFFFFFFFFFFFFFFFFFFFFFFFFFFFAE
:1082E000FFFFFFFFFFFFFFFFFFFFFFFFFFFFFFFF9E
:1082F000FFFFFFFFFFFFFFFFFFFFFFFFFFFFFFFF8E
:10830000FFFFFFFFFFFFFFFFFFFFFFFFFFFFFFFF7D
:10831000FFFFFFFFFFFFFFFFFFFFFFFFFFFFFFFF6D
:10832000FFFFFFFFFFFFFFFFFFFFFFFFFFFFFFFF5D
:10833000FFFFFFFFFFFFFFFFFFFFFFFFFFFFFFFF4D
:10834000FFFFFFFFFFFFFFFFFFFFFFFFFFFFFFFF3D
:10835000FFFFFFFFFFFFFFFFFFFFFFFFFFFFFFFF2D
:10836000FFFFFFFFFFFFFFFFFFFFFFFFFFFFFFFF1D
:10837000FFFFFFFFFFFFFFFFFFFFFFFFFFFFFFFF0D
:10838000FFFFFFFFFFFFFFFFFFFFFFFFFFFFFFFFFD
:10839000FFFFFFFFFFFFFFFFFFFFFFFFFFFFFFFFED
:1083A000FFFFFFFFFFFFFFFFFFFFFFFFFFFFFFFFDD
:1083B000FFFFFFFFFFFFFFFFFFFFFFFFFFFFFFFFCD
:1083C000FFFFFFFFFFFFFFFFFFFFFFFFFFFFFFFFBD
:1083D000FFFFFFFFFFFFFFFFFFFFFFFFFFFFFFFFAD
:1083E000FFFFFFFFFFFFFFFFFFFFFFFFFFFFFFFF9D
:1083F000FFFFFFFFFFFFFFFFFFFFFFFFFFFFFFFF8D
:10840000F82B04305987070CB103080CE925080C38
:10841000E925080CE925080CF941080CCD41080CA8
:108420000000000000000000000000007D22080C99
:108430004D86070C000000004F86070C5186070C84
:108440005386070C5586070C5786070C5986070C70
:108450005B86070C5D86070C5F86070C6186070C40
:108460006386070C6586070C6786070C6986070C10
:108470006B86070C6D86070C6F86070C7186070CE0
:108480007386070C7586070C7786070C7986070CB0
:108490007B86070C7D86070C7F86070C8186070C80
:1084A0008386070C8586070C8786070C8986070C50
:1084B0008B86070C8D86070C8F86070C9186070C20
:1084C0009386070C9586070C9786070C9986070CF0
:1084D0009B86070C9D86070C9F86070CA186070CC0
:1084E000A386070CA586070CA786070CA986070C90
:1084F000AB86070CAD86070CAF86070CB186070C60
:10850000B386070CB586070CB786070CB986070C2F
:10851000BB86070CBD86070CBF86070CC186070CFF
:10852000C386070CC586070CC786070CC986070CCF
:10853000CB86070CCD86070CCF86070CD186070C9F
:10854000D386070CD586070CD786070CD986070C6F
:10855000DB86070CDD86070CDF86070CE186070C3F
:10856000E386070CE586070CE786070CE986070C0F
:10857000EB86070CED86070CEF86070CF186070CDF
:10858000F386070CF586070CF786070CF986070CAF
:10859000FB86070CFD86070CFF86070C0187070C7E
:1085A0000387070C0587070C0787070C0987070C4B
:1085B0000B87070C0D87070C0F87070C1187070C1B
:1085C0001387070C1587070C1787070C1987070CEB
:1085D0001B87070C1D87070C1F87070C2187070CBB
:1085E0002387070C2587070C2787070C2987070C8B
:1085F0002B87070C2D87070C2F87070C3187070C5B
:108600003387070C3587070C3787070C3987070C2A
:108610003B87070C3D87070C3F87070C4187070CFA
:108620004387070C4587070C4787070C4987070CCA
:108630004B87070C4D87070C4F87070C5187070C9A
:108640005387070C5587070C5787070CFEE7FEE793
:10865000FEE7FEE7FEE7FEE7FEE7FEE7FEE7FEE7F2
:10866000FEE7FEE7FEE7FEE7FEE7FEE7FEE7FEE7E2
:10867000FEE7FEE7FEE7FEE7FEE7FEE7FEE7FEE7D2
:10868000FEE7FEE7FEE7FEE7FEE7FEE7FEE7FEE7C2
:10869000FEE7FEE7FEE7FEE7FEE7FEE7FEE7FEE7B2
:1086A000FEE7FEE7FEE7FEE7FEE7FEE7FEE7FEE7A2
:1086B000FEE7FEE7FEE7FEE7FEE7FEE7FEE7FEE792
:1086C000FEE7FEE7FEE7FEE7FEE7FEE7FEE7FEE782
:1086D000FEE7FEE7FEE7FEE7FEE7FEE7FEE7FEE772
:1086E000FEE7FEE7FEE7FEE7FEE7FEE7FEE7FEE762
:1086F000FEE7FEE7FEE7FEE7FEE7FEE7FEE7FEE752
:10870000FEE7FEE7FEE7FEE7FEE7FEE7FEE7FEE741
:10871000FEE7FEE7FEE7FEE7FEE7FEE7FEE7FEE731
:10872000FEE7FEE7FEE7FEE7FEE7FEE7FEE7FEE721
:10873000FEE7FEE7FEE7FEE7FEE7FEE7FEE7FEE711
:10874000FEE7FEE7FEE7FEE7FEE7FEE7FEE7FEE701
:10875000FEE7FEE7FEE7FEE707B50022264B83F8BB
:10876000042310221A60254B83F30A88244A254BE0
:108770009360D3680193019B019B83F07F4383F453
:108780007F0343F4C043D3601F4BD3F8A82042F0CB
:108790000202C3F8A820D3F8A8301C4A0193019B19
:1087A000D2F8483143F00103C2F8483104F076FBB7
:1087B000174B18498B4212D30020174B17498B4295
:1087C00018D30BF004FE186850F82240586840F89F
:1087D0002240013298688242F5D30C33EAE7002246
:1087E000F8E71C6844F8220001325C68A242F8D322
:1087F0000833E4E70022F8E700E100E00024043059
:1088000000ED00E00084070C000C0254000400544A
:1088100060CE070C84CE070C84CE070C9CCE070CD0
:1088200001015F5F030100001F010000118B070CB5
:108830000000000000000000010000000100000036
:108840000000000000000000000000000000000028
:10885000021F000000000000000000007000000087
:10886000CC90090C80000000000F00000100000007
:108870002D8B070C01015F5F050100001F01000047
:10888000699B070C000000000000000001000000D0
:1088900001000000000000000000000000000000D7
:1088A00000000000031F00000000000000000000A6
:1088B00080000000D790090C20000000030F00008A
:1088C00001000000A59A070C01015F5F0001000094
:1088D0001F0000003949080C0000000000000000E3
:1088E0000300000001000000000000000000000084
:1088F0000000000000000000051F00000000000054
:108900000000000080000000700000004000000037
:10891000EF90090C6000000001070000010000005A
:108920001148080C01015F5F010100001F010000F8
:108930008FA1070C000000000000000000000000F4
:108940000100000000000000000000000000000026
:1089500000000000011F00000000000000000000F7
:108960000D91090C70000000020F000001000000D2
:1089700095A1070C01015F5F040100001F010000C9
:108980003FB7070C000000000000000000000000DE
:1089900001000000000000000000000000000000D6
:1089A00000000000011F00000000000000000000A7
:1089B0003291090C40000000050700000100000092
:1089C0002BB5070C01015F5F0F0100001F010000C4
:1089D000FDBB070C000000000000000002000000CA
:1089E0000100000000000000000000000000000086
:1089F00000000000041F0000000000000000000054
:108A000080000000400000004791090CA000000019
:108A1000040F00000100000001B8070C00015F5FB7
:108A200002000000FE0B00000124080C20280000BA
:108A30000000000000000000000000000000000036
:108A4000000000000100FFC3000000C400FE0000A1
:108A500020DC04300000000001015F5FC30B000058
:108A60001F000000AB55080C0000000000000000D3
:108A700000000000030000000000000000000000F3
:108A80000000000000000000011F000000000000C6
:108A9000000000006391090C00F10000060B0000CB
:108AA000010000006355080C7691090C01F10000EB
:108AB00000010000010000007955080C9091090C9C
:108AC00002F1000000010000010000009B55080CAD
:108AD0000000000000000000000000000000000096
:108AE00038B50025054B294603F5A04418462268F1
:108AF00065600DF08BFC256038BD00BF803C043004
:108B0000024B5B6803600020704700BF808C04301C
:108B100008B500F015F940B900F082FF00F08CFFB5
:108B200018B9BDE8084012F085B908BD2DE9F04F2D
:108B300004680546A3B0002C40F0F98021462022AD
:108B400004A80DF063FC214620220CA80DF05EFC69
:108B50002146042414AF382238460DF057FC05F1A5
:108B6000200353F8041D2246013C09B1144601E0DC
:108B7000002CF6D1042605F1300353F8041D3246CB
:108B8000013E09B1164601E0002EF6D12CB96FF076
:108B90008304204623B0BDE8F08F38233A460021F5
:108BA00068680BF059FC3828F1D1CDE90470012731
:108BB000DFF888A10DF1100805F110090AF5A04BA6
:108BC000BC422AD10CAF3C4600215A4A05F11C0098
:108BD000136800EB8608A2F5A04940453BD101B1DE
:108BE00013600023CDE90233059BA968382B51603F
:108BF000049A40F09080138D180A032857D001285A
:108C00007ED01268831ECDE90221072B7DD8DFE8D4
:108C100003F03F4E53595F656B7159F8043F1A1DBD
:108C200020D8DBF80000D91C21F00301C0F5A042D8
:108C3000914217D8014400EB0A02CBF80010686893
:108C4000394601920BF008FC019AC8F80C00013774
:108C500048F8082FB4E750F804EF1EF1040F06D9C6
:108C600001B11360FFF73CFF6FF08C0491E70EF148
:108C7000030C2CF0030CC3F5A04AD44504F10804FE
:108C8000EED803EB090144E9021E63440121A4E785
:108C900002AA0CA904A800F015FE04464FF0000833
:108CA000464507F1080739D1FFF71AFF71E70CA90C
:108CB00004A800F0FDF9F0E702AA0CA904A800F04E
:108CC000D9FAEAE702AA0CA904A800F011F9E4E72E
:108CD00002AA0CA904A800F084FBDEE702AA0CA9F2
:108CE00004A800F082FCD8E702AA0CA904A800F0AE
:108CF000CFFCD2E702AA0CA904A800F00BFDCCE738
:108D00000CA904A800F081FEC7E70B4804F05EFB45
:108D10006FF08504C2E76FF08004BFE7414657E972
:108D2000022368680BF0A4FB08F10108B8E76FF0B4
:108D300085042EE7808C0430F0CC070C803C043096
:108D400008B54FF48C52002102480DF05FFB002063
:108D500008BD00BF888C04300023F7B50C680746B7
:108D60000E461546019314BB22B3146001A8FFF709
:108D7000C7FEA8B94FF40C7C104A0CFB04F3D15881
:108D8000A646013471B94FF0010E02EB030C42F814
:108D900003E0019910331344CCE9011734602B60D0
:108DA00003B0F0BD082CE8D16FF08400F8E76FF055
:108DB0008800F5E76FF08600F2E700BF888C04308A
:108DC0000023F7B505680193013D072D036004D921
:108DD0006FF08604204603B0F0BD01A8FFF790FEB7
:108DE00004460028F6D14FF40C735D430A4E7359C4
:108DF0007719012BECD17A68019B9A42E8D105F1F1
:108E000010004FF40872214630440DF0FFFAC7E914
:108E100001447451DEE700BF888C0430002373B531
:108E20004C1E072C06461546019303D96FF08800A7
:108E300002B070BDC2B101A8FFF762FE0028F7D1F1
:108E40004FF40C7202FB04F1094B5C585A18012CC8
:108E5000ECD19468B442E9D15468019A9442E5D1C6
:108E6000103119442960E3E76FF08600E0E700BFA6
:108E7000888C0430B0F5105F23D101F0FE43B3F1CC
:108E8000A06F124B08BF21F47E1199421BD00DD860
:108E90000F4B994217D007D80E4B994213D00E486A
:108EA0000B1A5842584170470C48F9E70C4B99424D
:108EB00009D004D80B4B994205D00B48F0E70B487A
:108EC000EEE7002070470120704700BF0010C0048B
:108ED000004140040002C00300404004004440043C
:108EE000000140050011C0040012C004000240054A
:108EF000134640F209522DE9F04F0026D0F80080C9
:108F000089B0B8F828B0074693450D46059618D1A4
:108F10000A6883682AB96FF08004204609B0BDE86A
:108F2000F08F49680329F6D9002BF4D0C1680129D4
:108F3000F1D9D8F804101888FFF79CFF10600024BE
:108F4000EBE70DF118094846D3E9002100F065FD73
:108F5000BBF5A06F13D12B1D03936B6802932B6895
:108F60000193FB680093BB68D8F8042099E80300DC
:108F700010F0EEF904460028CFD06E60CDE740F245
:108F800001539B450FD12B1D03936B6802932B68F4
:108F90000193FB680093BB68D8F8042099E80300AC
:108FA00010F07CFAE6E7ABF2025A1FFA8AF3012BC3
:108FB00019D82E68002EAED06B68032BABD9D8F829
:108FC000083031460120336005AAFFF7C5FE04468C
:108FD000002CA2D1BAF1060F67D8DFE80AF03241BF
:108FE0001E2B495461000120D8F8081005AAFFF78C
:108FF00015FFABF20753012B0446E9D82E68002E6B
:1090000089D06B68032B86D9D8F8083033600028E4
:10901000E0D0BBF5A16F92D07FE705982B1DD5E975
:10902000001210F0E5F8044600283FF476AF002364
:109030006B6072E70598D7E9021210F022F9044636
:109040006BE7D8F80430059899E8060010F0B8F8F6
:10905000044600283FF473AF3046FFF7B1FE5CE7EB
:10906000D8F80430059899E8060010F0B5F8EFE755
:109070002B1D01936B68059800932B68D7E90212AA
:1090800010F021F9CFE7059805F10C03D5E902129C
:1090900010F03AF904460028DED00023EB603CE7EC
:1090A00005980FF0D9FF0446D6E76FF0850434E742
:1090B00000232DE9F043D0F8008085B0B8F828905F
:1090C0000546A9F540720F460293082A53D8DFE8F7
:1090D00002F01C2D38525252525205000A6812B941
:1090E0006FF080040DE04B68032BF9D9D8F80430F9
:1090F00003F17E43083B032B8CBF00230123136045
:109100000024204605B0BDE8F0830B1D01934B6899
:1091100000930B68D0E90212D8F804000FF0C5F9EB
:1091200004460028EDD000237B60EAE74369009302
:109130008168D0E90323D8F804000FF0C9F9044688
:10914000DFE70E68002ECBD04B68032BC8D9D8F8C8
:10915000083031460320336002AAFFF7FDFD0446C4
:109160000028CED1D8F8041002980FF067F8044612
:109170000028C5D02BE00320D8F8081002AAFFF77A
:109180004DFE6FF441734B44022B04465DD83E689C
:10919000002EA5D07B68032BA2D9D8F80830336005
:1091A000002856D040F207339945A9D0A9E7029884
:1091B000D5E902120FF014F9C1E7029807F10C0388
:1091C000D7E902120FF024F9044620B900243046F2
:1091D000FFF7F6FD95E70023FB6092E70298D5E9DB
:1091E00002120FF02DF9044600288AD1EEE702980A
:1091F0000FF014F80446EAE700233E680393002EBC
:109200003FF46EAF7B68032B7FF66AAFAB68002B31
:109210003FF466AFEA68032A7FF662AF1B68314607
:109220000320336003AAFFF797FD044600287FF46C
:1092300068AFDDE902010FF074F9044600283FF43D
:1092400060AFC4E76FF085045BE700287FF459AF97
:109250000646A9F20333042BF4D801A252F823F0F6
:10926000AF91070CF991070CBB91070CDD91070C2E
:10927000EF91070C2DE9F04F0027D0F8009089B04E
:10928000B9F828B00DF1180806460D46D2E90021BC
:109290004046059700F0C1FBBBF5806F15D12B1D33
:1092A00003936B6802932B680193F3680093B36890
:1092B000D9F8042098E803000FF099FB044600B1A8
:1092C0006F60204609B0BDE8F08F40F201439B4536
:1092D0000ED17369029333690193F3680093B36805
:1092E000D9F8042098E803000FF096FB0446E8E75D
:1092F000ABF2024A1FFA8AF3012B1AD82F6817B96A
:109300006FF08004DDE76B68032BF9D9D9F80830DA
:10931000394602203B6005AAFFF71EFD0446002CDB
:10932000CFD1BAF1050F59D8DFE80AF01F2D353B30
:1093300049530220D9F8081005AAFFF76FFDABF2D8
:109340000543022B0446EAD82F68002FD8D06B685B
:10935000032BD5D9D9F808303B600028E1D040F282
:1093600007439B45ADD10024ABE7D9F804300598FD
:1093700098E806000FF072F904460028F3D038464A
:10938000FFF71EFD9DE7D9F80430059898E8060020
:109390000FF070F9F0E70598D6E902120FF076F9B0
:1093A000A4E7059805F10C03D5E902120FF089F93D
:1093B000044608B90024E2E70023EB6081E7059842
:1093C000D6E902120FF0F2FA044600287FF479AFD2
:1093D000F0E705980FF0C8F80446D0E76FF0850471
:1093E0006FE72DE9F04F4FF0000807688DB0B7F830
:1093F00028B00DF1280906460D46D2E9002148465D
:10940000CDF8248000F009FBBBF5C06F1ED12B1DE9
:1094100007936B6806932B680593F3680493B3680E
:10942000039373690293336901937B6A00937A68AB
:1094300007F1140399E8030010F0AEF8044608B1F0
:10944000C5F8048020460DB0BDE8F08F40F20163FE
:109450009B4517D12B1D07936B6806932B680593CB
:10946000F3680493B36803937369029333690193B8
:109470007B6A00937A6807F1140399E8030010F0FF
:10948000E3F8DBE7ABF2026A1FFA8AF3012B20D87C
:10949000D5F80080B8F1000F02D16FF08004D1E759
:1094A0006B68032BF9D9BB6841460520C8F800302A
:1094B00009AAFFF751FC0446002CC3D1BAF1090FE9
:1094C00000F29080DFE80AF02330525F66776C3755
:1094D0007D4D0520B96809AAFFF7A0FC6FF4C163B0
:1094E0005B44022B0446E7D8D5F80080B8F1000FA2
:1094F000D3D06B68032BD0D9BB68C8F800300028E4
:10950000DCD040F20B639B459CD100249AE77B683A
:10951000099899E8060010F0A9F904460028F4D04B
:109520004046FFF74DFC8DE77B68099899E80600F7
:1095300010F0A8F9F1E705F10C030293EB68099824
:109540000193AB680093D5E9041205F1140310F000
:10955000BFFA044608B90024E2E70023EB606B6120
:1095600070E7099810F0C8F80446D9E709982B1D50
:10957000D5E9001210F0B9F9044600283FF462AFB3
:1095800000236B605EE70998D6E9021210F0ABF990
:10959000044657E70998D7E9031210F003FAF7E7F2
:1095A0002B1D01936B68099800932B68D6E9021272
:1095B00010F058FAE0E70998D6E9021210F020FA04
:1095C000E6E7F36809980193B3680093D5E90212BE
:1095D00005F10C0310F0B5FA04460028BBD00023B7
:1095E000EB602FE76FF085042CE7F0B587B00768D4
:1095F00004AE04460D46D2E90021304600F00DFAD3
:109600003B8DA3F5E063032B3FD8DFE803F00214A2
:1096100022312B1D03936B6802932B680193E3683F
:109620000093A3687A6896E803000FF029FB70B1F5
:1096300000236B600BE06369029323690193E36885
:109640000093A3687A6896E803000FF0E1FB07B087
:10965000F0BD2B1D03936B6802932B680193E368A5
:109660000093A3687A6896E803000FF01FFBDEE71B
:109670006369029323690193E3680093A3687A689E
:1096800096E803000FF002FCE1E76FF08500DEE7EB
:10969000F0B589B0076806AE04460D46D2E9002150
:1096A000304600F0BAF93B8DB3F5006F07D040F6B5
:1096B000010293421AD06FF0850009B0F0BD2B1D56
:1096C00005936B6804932B68039363690293236982
:1096D0000193E3680093A3687A6896E803000FF0AB
:1096E00013FC0028E9D000236B60E6E72B1D0593EF
:1096F0006B6804932B680393636902932369019356
:10970000E3680093A3687A6896E803000FF052FCC0
:10971000E7E7000000232DE9F04706688EB0B6F8B1
:1097200028900DF1140807460D469246D2E9002113
:109730004046049300F071F9B9F5106F0FD12B1D5D
:1097400003936B6802932B680193FB680093BB68DB
:10975000706898E8060011F0EBF9044616E040F650
:109760000113994516D12F68002F00F090806B6887
:10977000032B40F28C80B368394604203B6004AA76
:10978000FFF7EAFA0446002800F0928020460EB067
:10979000BDE8F0870420B16804AAFFF73FFB044648
:1097A000A8B140F60A139945F0D12F68002F6ED06A
:1097B0006B68032B6BD9B3683B60002C7FD1049896
:1097C00010F000FA04463846FFF7FAFADEE7A9F689
:1097D0000219B9F1080F68D801A353F829F000BFA6
:1097E0000598070C1998070C2398070C4B98070C41
:1097F0003198070C9598070C3F98070C5998070C5F
:10980000AB97070C2968002941D06B68042B3ED127
:10981000049810F08FFCA0E7316B049810F093FCD3
:109820009BE7718D0498D7E9022311F07BF894E748
:10983000718D0498D6E90C2311F07EF88DE7049819
:10984000D5E9001210F098FC87E7718D049898E82C
:109850000C0011F0A5F880E72E68C6B16B68032BE9
:1098600015D9B96899B1FA68182A10D107A80AF071
:1098700089FDDAF8040007A900F0EEF842460499E1
:1098800007A811F011F8059B044633607EE76FF0DE
:1098900080047BE7FB68718D0193BB68049800939B
:1098A00098E80C0011F0EAF857E76FF085046DE7CF
:1098B0007168049811F004F80446002883D100244C
:1098C00064E700BF2DE9F0418EB003ACD0F8008012
:1098D00006460D461746D2E90021204600F09DF8C5
:1098E00040F20322B8F82830934203D0A3F5027364
:1098F000012B0ED8B16811B96FF080043CE0F2681A
:10990000182AF9D107A80AF03DFD786807A900F0E8
:10991000A3F8B8F82830A3F50073092B72D8DFE854
:1099200003F01A717105142F3D464B63D6E90412FA
:109930002E68002EE0D06B68032BDDD9234607A8E4
:109940000EF066FB0446039B4CE094E803000EF027
:109950003CFA044610E094E8030007AA2E680EF0D3
:109960005EFA2B680446002BC6D06A681C2AC3D84E
:10997000304607A90AF006FD20460EB0BDE8F0818A
:109980002B1D0093D5E9002394E803000EF092FA12
:1099900004460028F0D000236B60EDE72B1D0093F8
:1099A000D5E9002394E803000EF003FBF0E794E808
:1099B000030011F029FCCCE7002205A811462E680F
:1099C00000F02BF82B68002B96D06B68032B93D9F3
:1099D00094E8030005AB07AA0EF086FB04460028B6
:1099E000CAD1059B3360C7E72E68002E84D06B6810
:1099F000032B81D9214607A811F0E8F90446002875
:109A0000A1D0B9E76FF08504B6E7D1E9000111F004
:109A1000E0B80FB4002004B07047C0E900217047DF
:109A200008B51422024903480AF0ACFC014808BDFD
:109A300010CD070C08CE043008B54FF4405104484F
:109A40000DF06EFA03480DF0BBFA002008BD00BF10
:109A5000089E0430139A070C88617047F0B5002403
:109A600085B0CDE9000103A816461F4603940DF00A
:109A70001DF92146009A039D814202D16FF08B00AF
:109A80000BE02B4653F8204B944208D100202B6961
:109A90003360D5E90223C7E9002305B0F0BD1D46B8
:109AA0000131E9E740F2E93270B5036805469342B7
:109AB00094B008D040F2EA32934232D06FF085047D
:109AC000204614B070BD0021036A0469B3F5147F09
:109AD00004F1FF321E4628BF4FF414763F2A03914B
:109AE00022D80BB382681E4B40681A60234604AA32
:109AF0000AF0B2FC844211D103AB21460093194A0B
:109B0000334604A800F09AF904460028D8D1039BF4
:109B1000144A214668680AF0ABFCD1E76FF0830471
:109B2000CEE70369042B02D06FF08604C8E7036A0E
:109B3000042BF9D181680A4A40681160002103AA08
:109B40000AF08AFC04280646EED1039804A900F026
:109B500099F904460028B3D1334604AAD9E700BFD7
:109B60006CD004301CCE043000F05AB9002313220C
:109B700070B588B003AE054631466846CDE900238E
:109B8000029307F07EF8044650B9009B2846054929
:109B900001AA0196029300F0D6FA204608B070BDE3
:109BA0000324FAE703DBFEFF202370B58CB004AE7C
:109BB0000546314601A8019307F024F8044650B940
:109BC000019B2846054902AA0296039300F0BBFABE
:109BD00020460CB070BD0524FAE700BFFEDAFEFF98
:109BE00070B590B003AD34220021064628460CF033
:109BF0000DFC332329466846009307F01FF80446FE
:109C0000B0B9009A019502925AB90A4B01931123F7
:109C100002933046084901AA00F095FA204610B098
:109C200070BD112AF5D1294602480CF012FCF0E76C
:109C30000524F3E790CD070C08DBFEFF10B50446C2
:109C400006F0CCFF002302460249204600F058FAF5
:109C5000002010BD06DBFEFF37B5054601A800F069
:109C600087FA044628B9019A28460349D31700F019
:109C700047FA204603B030BD07DBFEFF202370B556
:109C80008CB004AE0546314601A8019306F0E4FF0E
:109C9000044650B9019B2846054902AA029603933F
:109CA00000F03DFA20460CB070BD0324FAE700BF77
:109CB00005DBFEFF37B50546684600F075F904463A
:109CC00020B96A462846034900F029FA204603B025
:109CD00030BD00BFFFDAFEFF002370B58AB002AED0
:109CE000054631462020CDE9003306F0B0FF04469A
:109CF00050B920236A46284604490096019300F093
:109D00000EFA20460AB070BD0324FAE704DBFEFF1A
:109D100037B50B4B0546019300F0F1F96A4601A9EE
:109D200000F0D6F8009B0446034305D1012200232E
:109D30002846044900F0E4F9204603B030BD00BFD6
:109D400002DBFEFF01DBFEFF2DE9F043E7B08046BA
:109D500089463048694617460CF0ACFB6C4606460F
:109D6000A0B9BDF8005005F44F43B3F5824F12D1AE
:109D7000EDB2122D0AD1BDF80230B3F5C07F1AD072
:109D8000B3F5007F23D0B3F5807F23D00525284687
:109D900067B0BDE8F083B5F5885FF7D1BDF8023054
:109DA000B3F5C07F19D0B3F5007F18D0B3F5807F2D
:109DB000ECD1052201E06FF022024B460021204643
:109DC00000F02AF968B10128E0D10225DFE76FF041
:109DD0002302F2E76FF00602EFE70622EDE7072223
:109DE000EBE7424620460C4900F099F9DFF82C8059
:109DF000204658F8043B984705460028C7D101364D
:109E0000092EF5D13946204600F042F90028DAD172
:109E1000BDE700BF5D81FF7F00DBFEFFA4CD070C27
:109E200008B500F0B9F8042896BF034B6FF0830023
:109E300033F9100008BD00BF86CD070C7FB5CDE912
:109E4000022321F01002202ACDE9000101D040298F
:109E500014D19BB1684604AA02A9FFF775FF40B967
:109E6000089B059A1A60064B33F9100007B05DF89D
:109E700004FB0428F7D96FF08300F7E70420F2E72A
:109E800086CD070C002310B586B0CDE900300293D3
:109E90006FF00043039320F01003202B0C4601D0F9
:109EA000402811D1684604AA02A9FFF74DFF30B936
:109EB000059B2360054B33F9100006B010BD042844
:109EC000F8D96FF08300F8E70420F3E786CD070C9C
:109ED0002DE9F04F88461546044685B0002855D038
:109EE000002A53D00026DFF8ACA016600DF1080B55
:109EF00042F21603BAF800209A4203D0032005B0BC
:109F0000BDE8F08FBAF80230214F5344BB420AD863
:109F10000136072EECD12B681BB1042120460CF032
:109F20002FF90020EBE704223946584601930AF046
:109F300029FABDF80820BDF80A90C2F38511B14294
:109F4000019B1FD102F03F023F2AE1D12B68013370
:109F5000012B2B600CD1B8F1000F05D0D8F80020F0
:109F60002046D3170CF092F8042120460CF0EBF8B1
:109F70000437CDE9027909219BE80C0020460CF05A
:109F80009AF8C5E709F104094F44BFE70420B6E792
:109F900074D0043070D004304FF4017201200149B4
:109FA00000F0EEB870D0043030B504469BB028B352
:109FB000154D6B68E3B912A1D1E9000107AB03931A
:109FC0004B23049305AB0093039A4B230BF01CFB2C
:109FD00010B103201BB030BD2B1D01932023DDE900
:109FE000051200932B6809480CF020FB0028F0D1E3
:109FF000074B0020236021236360EBE70420E9E79F
:10A000005D81FF7F00000000003C04300900000279
:10A01000083C0430000000007FB51C4600230546C4
:10A0200000F1A006C0F8981019463046CDE9023379
:10A030000BF07CFC04AB13E9030013A3D3E900236A
:10A040008DE8030030460BF093FC94E806002846A8
:10A050000BF05FFF294630460BF0F6FB0446022169
:10A0600028460CF070F844B1032C0BD0192C0CBF0F
:10A0700001240324204604B070BD052128460CF0BD
:10A0800062F8F7E70424F5E75D81FF7F0000000038
:10A0900070B5044686B00D4605210CF071F800211C
:10A0A00004AE32462046CDE90211CDE904110CF090
:10A0B00070F8059B02990093019404F1A000DDE97A
:10A0C00003230BF0FBFB38B1032814D019280AD066
:10A0D0000323184606B070BD314620460CF0ABF89D
:10A0E0000128034601D10123F3E730B996E80300C4
:10A0F00085E80300EDE70423EBE70223E9E7704777
:10A1000070B5044616461D460A46CB170BF0BEFF37
:10A1100032462B462046BDE870400BF0B7BF73B502
:10A12000D2E9006504460A46CB170BF0AFFF0221C7
:10A130002046CDE9006502AB13E90C0002B0BDE892
:10A1400070400BF0B8BF73B5D2E9006504460A460B
:10A15000CB170BF09BFF03212046CDE9006502AB36
:10A1600013E90C0002B0BDE870400BF0A4BF000082
:10A17000024B1B6803600020704700BF6CD00430A6
:10A1800008B50CF041F9003818BF012008BD00F0F7
:10A19000CFB800006FF47A72F0B503680446134438
:10A1A0008DB0032B7CD8DFE803F002284C6B0369E9
:10A1B000082B02D06FF080055FE08569042DF9D18E
:10A1C0000021406808AA0AF047F90828F2D12B4676
:10A1D0000221606806AA0AF03FF90428EAD1616802
:10A1E000314A63691160069ACDE90032DDE908233E
:10A1F000A06800F011F905463FE00369082BD9D1AA
:10A200004569042DD6D10021406808AA0AF024F936
:10A210000828CFD12B460121606806AA0AF01CF954
:10A220000428C7D16168204A236A116005AACDE9D4
:10A230000132069B0093A068DDE9082300F042F993
:10A24000D9E70369082BB5D1076A0C2FB2D10021D9
:10A25000406806AA0AF000F90828ABD1DDE9062318
:10A2600008AE0096A06800F07DF9054628B90146C1
:10A270003B46324660680AF0FBF828460DB0F0BD58
:10A280000369082B96D10021406808AA0AF0E4F877
:10A2900008288FD1DDE90823A06800F075F9AAE746
:10A2A0006FF08505E9E700BF74D204300246034829
:10A2B0000B46006801210AF0CFB800BF74D2043009
:10A2C000024603480B46006800210AF0D1B800BFDF
:10A2D00074D204301FB5CDE902010843019219D0B0
:10A2E00004220E480DEB02010AF04CF808220C483B
:10A2F0000DEB02010AF046F80A4C01980A4B0B4A92
:10A30000B0F5807F08BF1C460449204600F0D0FA13
:10A3100004B010BD6FF08600FAE700BFC4D404306B
:10A32000C8D4043098D2043078D20430B8D4043081
:10A3300030B5334B85B09D6AA8470369102B23D1F4
:10A34000A847304C8368A360A847037D01A8237603
:10A3500006F031FCC0B9019BA26863609DF80C3027
:10A3600021465343029A2848B2FBF3F22282274A3D
:10A37000E36000F046FA98B9234800F07DFA30B95E
:10A38000A8470369102B0DD06FF0800008E01E482D
:10A3900000F08CFA20B91C4800F06EFA0028EFD0CB
:10A3A00005B030BDA8471A4C8368A360A847037D59
:10A3B00001A8237606F0F1FB0028E5D1019BA268F5
:10A3C00063609DF80C3021465343029A1148B2FB5A
:10A3D000F3F222820D4AE36000F013FA0028DFD185
:10A3E0000C4800F049FA0028DAD00A4800F05EFA7A
:10A3F0000028D5D1074805B0BDE8304000F03CBA90
:10A40000A434080C483C043098D20430C8CD070C62
:10A410002C3C043078D204302DE9F7431946DDE9AD
:10A420000A5752EA0103044610463BD0072F3CD896
:10A430002246FFF74FFF30B91D4B9B68DB0705D560
:10A440006FF084002BE010F18C0F28D1184E194AC0
:10A45000194B47F44037B760B4F5807F0CBF904686
:10A4600098460027DFF854907560B5F5007F2C46BC
:10A4700028BF4FF4007411482146FFF717FF234609
:10A4800032464046CDE900790D4900F025FA30B951
:10A49000B3682D1B23F44033B3602744E5D103B0E8
:10A4A000BDE8F0836FF08600F9E76FF08500F6E70E
:10A4B000B8D4043078D2043098D20430B8D2043002
:10A4C000C4D404302DE9F347194652EA0103064685
:10A4D0000A9F1046DDF8308037D03246FFF7FAFE8B
:10A4E000054630BB1A4B1C68BC422ED30B9BE41BA9
:10A4F0009C4228BF1C46174A174BDFF864A0B6F5EC
:10A50000807F0CBF91469946C8F80040B4F5007FA3
:10A51000264628BF4FF400763B46324648460F4950
:10A52000CDF800A000F0E3FA054630B10023C8F8EA
:10A530000030284602B0BDE8F08731465046FFF7AC
:10A54000BFFEA41B3744E1D1F3E76FF08605F0E7C7
:10A55000B8D4043078D2043098D20430C4D4043053
:10A56000B8D2043038B50546194610462A46049C30
:10A57000FFF7B0FE28B9034B1A689B68C4E90022B4
:10A58000A36038BDB8D4043010B50446194610464F
:10A590002246FFF79FFE80B9084B9B68DB070AD471
:10A5A0000748084B0849B4F5807F18BF1846BDE836
:10A5B000104000F08CBA6FF0840010BDB8D40430A5
:10A5C00078D2043098D20430C4D4043008B503687B
:10A5D00000209B689847002818BF6FF0910008BDC5
:10A5E000F8B51D46036804465B680E461746984753
:10A5F0000B4BC0F3410013F8202063680699E06814
:10A600001D442368B1FBF2F200FB065039469B69FA
:10A6100098470028B4BF6FF091000020F8BD00BF3C
:10A62000DCCD070C0020704770B504460E460025AF
:10A63000E368AB4201D8002070BD606806FB0300F0
:10A6400023682844DB69984710B9A3681D44EFE7E5
:10A650006FF09100F0E700002DE9F74F0C9C0746E2
:10A660009246002C55D0C26840681E183B6802FB19
:10A6700001665B689847284BC0F3410013F82080BF
:10A68000B6FBF8F908FB09F94E4540D03B680DF1DF
:10A69000040B0122594648465B699847002804DAB2
:10A6A0006FF0910003B0BDE8F08FA6EB09016218CE
:10A6B00090458EBF2546A8EB06054D442A465046D8
:10A6C000594409F05FFE641B1FD044450FD3B4FB0F
:10A6D000F8F93B684A465B690AEB0501A8199847F7
:10A6E0000028DDDB08FB09F3E41A0ED01D443B68AB
:10A6F00001225B6901A9701998470028D0DB224626
:10A7000001A90AEB050009F03DFE0020CAE700257B
:10A71000DBE72046C6E700BFDCCD070C2DE9F04F94
:10A7200003688FB006AA04460E46D3F80C8000F0EA
:10A73000FEFB00285FD10BA800F0EBFE01460028CD
:10A740005CD1DDE9067A202206A8099D0BF05EFEA9
:10A750003146204606AA00F032FD00284BD1834640
:10A7600081462368DB8A5B4515D8002D35D1294603
:10A77000204602AA00F063FC00283CD1294620466E
:10A7800002AA00F07BFEB0BB204600F060FE78B36A
:10A790006FF083002FE0B3451CD05946204606AA2F
:10A7A00000F0C5FB38BB069BBB420DD10BA800F0E7
:10A7B000B0FE48B9079B534506D9984528BF98462F
:10A7C0005B1B0793099B99445946204606AA00F053
:10A7D000F6FC80B90BF1010BC3E743462A46394624
:10A7E0002046CDE900A900F0A3F920B9002FCBD174
:10A7F000204600F087FB0FB0BDE8F08F6FF08B00B4
:10A80000F9E7F8B50D461746064660B359B352B39B
:10A810000B8AE88A012BC96812D9032B10D0022BAE
:10A82000AA8A23D1431CA1EB4313934234BF6FF098
:10A8300086040024914201D26FF08604012302E0D5
:10A840006FF08604023B03EB40030133B1EB031FBF
:10A8500009D344B92022214630460BF0D7FDC6E982
:10A8600000572046F8BD6FF08604FAE7914234BFE6
:10A870006FF086040024E5E737B5054600F08BFD50
:10A88000044658B94FF08071284601AA00F0B9FB80
:10A8900038B928460199FFF741FF0446204603B026
:10A8A00030BD10F18C0F18BF0446F7E700F097BCDD
:10A8B00010B58AB0144602AB01AA00F073FB40B990
:10A8C000059B6360049B2360BDF81830A3600AB049
:10A8D00010BD6FF08B00FAE72DE9F04393B00DF156
:10A8E00028080446894615460021202240461F4676
:10A8F0001A9E0BF08BFD4FF6FF73CDE9043325B99B
:10A900006FF0860013B0BDE8F083AB68B3F1807FD1
:10A91000F6D2236849465A8A6B682046013B1344A5
:10A92000524213406B6004AA434600F03BFB0028F0
:10A9300040F08780D5F808C004991CF4003F06D089
:10A940000D9A6B689A426FD10C90CDF838C0059182
:10A950004FF6FF73059A9A427CD121686B68898A09
:10A960008B42CDD806A9CDE9028105A90191A9683C
:10A970002046009104998A1A18BF0122494600F026
:10A98000B9FB0028BED1002F6CD120460A9906AA37
:10A9900000F074FD002851D105994246204600F090
:10A9A0000EFC0146002849D1DDE904539D4228BF31
:10A9B0001D4620462A4600F0D8FC00283ED14FF61E
:10A9C000FF72049B93420FD0059A93420CD09A4297
:10A9D00038BF1A462046691C00F0C7FC70BBDDE991
:10A9E00004539D4238BF1D4623682046DA8A691CFD
:10A9F00000F0BBFC10BB0A9B002B62D1002F60D083
:10AA0000204600F07FFA00287FF47CAF4FF6FF73FA
:10AA1000049999423FF476AF059B99423FF472AF97
:10AA20002046FFF77BFE6DE70E9B424643F08073A6
:10AA300020460E9300F0C3FB002889D06FF08300FE
:10AA400060E710F18C0F7FF45DAFAB68DB037FF53F
:10AA500059AF7DE720460A9906AA00F0F0FA0028CF
:10AA600091D0EBE723685B8A5A1E3242E6D17D1E05
:10AA70001D445B421D400C9B9E42DFD82A46314656
:10AA80000D9800F03AFD0028D8D11B9B4246CDE935
:10AA900000532046334606A900F0C0F80028CDD167
:10AAA0000C9B3E440A999E422046069D88BF0C9608
:10AAB00000F023FA294606900A9A204600F07CFB13
:10AAC00063E7204600F0C3FC002899D0B6E713B531
:10AAD000002301AA044600F065FA28B9204601992E
:10AAE000FFF71CFE02B010BD6FF08B00FAE770B5E7
:10AAF0008CB015461C4603AA04AB064600F052FA79
:10AB000098B92A462146069800F0F7FC58B9109BE0
:10AB10002246009330462B4604A900F05EF8002838
:10AB200018BF6FF083000CB070BD6FF08B00FAE7B8
:10AB30002DE9F04786B01646DDE90E9702AA0546D4
:10AB400088469A4600F07BFA044698B9049B414631
:10AB500033442846049300F0D0F906467FB10146FD
:10AB60004A462846CDE900A7029B00F0D0FB28B159
:10AB70006FF08304204606B0BDE8F0870127039AF2
:10AB80004A450BD2A9EB0203CDE900233146284602
:10AB9000029B00F0BCFB0028EAD101274246284670
:10ABA000029900F009FB4146284602AA029600F0ED
:10ABB00065FC044628B142463146284600F0FCFABE
:10ABC000D8E7B8F1000FD5D0002FD3D06B6831464D
:10ABD000DB68286898470446CCE72DE9FF410D461D
:10ABE000164609686A4604461F46DDF8288000F0CC
:10ABF00026FA70B900994B1C0BD062686B680A97F3
:10AC000055684246AC462068334404B0BDE8F04184
:10AC100060476FF0830004B0BDE8F0812DE9F34791
:10AC20001546DDE90AA90F4698461168044600F06A
:10AC300064F96B687A689844A8EB0203CDE90023B5
:10AC4000064601463B68204600F061FB20BB636876
:10AC5000CDF800A0D3F808A04A4643463146206804
:10AC6000D047C8B9EB686A68B9681A4423682046B7
:10AC7000DB685B1A9B1ACDE9002331463B6800F084
:10AC800046FB48B92B683BB1314663682068DB68F6
:10AC900002B0BDE8F047184702B0BDE8F08713B531
:10ACA00010244B1C416800948C681B01C16900682A
:10ACB000A04702B010BD436810B5C16904461B69C6
:10ACC0000068984750B923681A8A022A06D9626830
:10ACD000A1681846BDE810401269104710BD008AEF
:10ACE000022814BF03380020704708B5FFF7F7FFAC
:10ACF000013100EB4100000108BD2DE9F04F0024B7
:10AD000005460F46904626464FF010098BB0D5F801
:10AD100000A05046FFF7E3FF013086420ED3002625
:10AD20004FF02009D5F800A0BAF816309E421BD388
:10AD3000002088F800400BB0BDE8F08F6B6801364A
:10AD4000CDF80090D3F804B039465046330102AA3A
:10AD5000D8470028EFD102AB13F8012B013010289F
:10AD600084EA0204F8D1D2E76B6831465046D3F842
:10AD700004B0FFF7BAFF02AA034639465046CDF8A1
:10AD80000090D8470028D6D102AB13F8012B013030
:10AD9000202884EA0204F8D10136C3E737B5837B63
:10ADA00001685A1CD2B28273097E04469142C1697D
:10ADB00004BF02338373012900F10D020ED8FFF79F
:10ADC0009CFF48B91022636800929D68E1690346C0
:10ADD00004F108022068A84703B030BD6FF0860078
:10ADE000FAE713B50C46114622790346012A09D128
:10ADF000036862791B7E9A420CBF6FF083000020CB
:10AE000002B010BD022A04D11B68A2791B7E9A42AF
:10AE100002D16FF08300F3E701290DD80DF107028D
:10AE2000FFF76BFF0028EBD162799DF807309A425B
:10AE300018BF6FF09100E3E76FF08600E0E71022A3
:10AE4000F0B543688BB000925C68002302AA054607
:10AE500019460068A0470246002834D000264FF06B
:10AE6000FF3410226B6800925F680121002328687C
:10AE700006AAB847002839D10122284606A9FFF7BB
:10AE8000B0FF002832D1002E35D02B689DF81E204F
:10AE90001B7E9DF80E10B3FA83F35B0993421BD11E
:10AEA000002A0CBF01230223994203D191422CBFF7
:10AEB000002601263446AC61B4FA84F4002064090B
:10AEC000EC610BB0F0BD284602A9FFF78AFF0446EB
:10AED0000028C3D10126C4E78B42E7D1002B0CBF69
:10AEE000012302239342E1D00646E3E7002EE2D19C
:10AEF0006FF08300E5E70124DDE709B9C069704719
:10AF00008068704710B50446FFF748FF70B9636862
:10AF1000E169DB682068984740B9D4E906232046F8
:10AF2000C4E90632BDE81040FFF7C5BE10BDF7B555
:10AF3000066805463046FFF7D8FE034620206968BC
:10AF400000904F683046A9691446B847064640B994
:10AF50002868FFF7C4FE23680130834204D36FF0F2
:10AF60009706304603B0F0BD04F1140000F0D1FAAA
:10AF70000028F6D12D68E268AB8A9A42EFD8A36820
:10AF80009A42ECD3D4E900372BB92846E98AFFF777
:10AF9000ACFEB842E3D83946E86800F0AEFA0028C3
:10AFA000DFD0DCE72DE9F0430746884691461C4692
:10AFB000002589B03B68DB8AAB4202D86FF08B0674
:10AFC00016E06A4629463846FFF7B1FFB0B90C22B1
:10AFD000414605A80BF0C8F9064668B9C9F8005003
:10AFE00034B16D460FCD0FC495E80F0084E80F0013
:10AFF000304609B0BDE8F0830135DBE76FF083062A
:10B00000F6E7F0B505460E461746002489B02B68D2
:10B01000DB8AA34202D86FF08B0009E06A46214622
:10B020002846FFF784FF38B9049B1E4202D03C60DB
:10B0300009B0F0BD0134EAE76FF08300F8E773B5BB
:10B040004B1C06464168102000904C683068B1697E
:10B050001B011546A047044630B9336829681A8A8F
:10B06000914204D36FF09704204602B070BDD868B7
:10B07000D5E9011200F041FA04460028F2D12B680C
:10B08000012B03D83068C18AFFF72FFE6B6883421B
:10B09000EAD0E7E773B54B1C0546416810200090E5
:10B0A0004E681B01A96928681446B047034630B9A9
:10B0B0002B6821681A8A914204D36FF097031846CF
:10B0C00002B070BDD868D4E9011200F016FA034648
:10B0D0000028F2D12268012A08D82A681046FFF712
:10B0E000FEFDD28A013200EB42000001626882421A
:10B0F000E5D0E2E72DE9F04F06468B4691469846AB
:10B10000002789B0DDE9145A3068FFF7E8FD013007
:10B11000874202D36FF08D0421E052463946304613
:10B12000FFF78DFF0446002835D1DAF80820904556
:10B130002FD833685946DB682F609B1A6B600C224E
:10B14000C5F80C8005F1140009F01CF9129BAC60E5
:10B150002B61DAF80830A3EB0803CAF808300025A1
:10B160003368DB8A9D4205D26A4629463046FFF79E
:10B17000DEFE98B14FF6FF75139B1D60CCB94FF6FC
:10B18000FF739D4208BF6FF08D04204609B0BDE8F3
:10B19000F08F0137B8E76FF08304E0E705A800F00F
:10B1A000B8F920B1B9F1000FE6D14FF0010901352E
:10B1B000D6E76FF08D04E8E702B18160704773B5A0
:10B1C000056804462846FFF790FD03462020616885
:10B1D00000908E682846E169B04702B070BD70B536
:10B1E0008CB00546FFF72BFE002861D1EE696B6835
:10B1F00031461B69286898470446002878D1B6FA7A
:10B2000086F16B6828681B6949099847044600283D
:10B210006ED12A680126137EB3FA83F35B09AB7300
:10B22000138AC5E90606022B14BF02230123AB6073
:10B2300002232B73D18A1046FFF757FDD3682146AE
:10B240001B1A01906A46284602930096FFF727FDD5
:10B25000044600284CD106462B680190DB68029317
:10B260002B681846FFF73BFDB04223D8002C4BD18A
:10B270002B681846FFF733FDA04228D82022002172
:10B2800004A80BF0C3F800242B68DB8AA34232D851
:10B290002846FFF783FD48BB6B68E969DB682868CF
:10B2A0009847044620BBD5E90623C5E906321FE0CE
:10B2B00000269CE7198A6A68022914BF032100212D
:10B2C000184631441269904701360443C8E71B8A87
:10B2D0006A46022B14BF0323002323440134214672
:10B2E00028460093FFF7DBFC0028C1D06FF08304F1
:10B2F00020460CB070BD2146284604AAFFF75FFF28
:10B300000028F3D10134BFE76FF09104F0E72DE995
:10B31000F04F0446884616469946C3B0DDE94CA571
:10B320001DB9284643B0BDE8F08FB5F5807F2F46A4
:10B3300028BF4FF4807763680097D3F804B049467C
:10B340005346206802AAD8470028EBD163680097CB
:10B35000D3F808B041463346206802AAD8470028EF
:10B36000E0D13E44BA44ED1BDAE773B50668044603
:10B370003046FFF7BAFC1546024629463046FFF72D
:10B38000B4FC801ACDE900202046D4E90631FFF74D
:10B39000BEFF02B070BD2DE9F041436805461B6851
:10B3A000006886B09847044628B92846FFF747FD4D
:10B3B00028B16FF08304204606B0BDE8F081102666
:10B3C0006B6805F108070096D3F804803A462346D7
:10B3D000A9692868C0470028EBD139462846AA69E0
:10B3E000FFF7FFFC0028E4D12846FFF764FC044681
:10B3F0000028DED12B7B012B24D1014602AA28464E
:10B40000FFF748FE04460028D5D1049B2A68C3F103
:10B41000FF23D26803F57F03F0331344CDE90063C3
:10B4200032462846AB69E969FFF771FF04460028F8
:10B43000C1D16B7B2846AB7302232B73FFF762FDF0
:10B440000446B8E7022B18BF6FF08304B3E710B5CA
:10B4500086B0002102AA0446FFF7F1FD60B920681A
:10B46000039A049BD118C36820465B1ACDE90023D8
:10B47000D4E90631FFF74BFF06B010BDF0B5054625
:10B480000C4687B009B9C369136021462846FFF707
:10B4900006FC0146C0B9D5E906767CB900212868CA
:10B4A000FFF723FCA21C1201801ACDE900203B46C5
:10B4B00031462846FFF72BFF07B0F0BD284602AA09
:10B4C000FFF7BDFD014610B16FF08300F4E7284699
:10B4D00002AA0296FFF7E3FB0028F5D1012CDDD08C
:10B4E00020222301103B019331463B46284600921F
:10B4F000FFF70DFF0028D1D0DEE7814206D8401AC1
:10B50000904234BF6FF08600002070476FF08600D5
:10B51000704700F10C0310F8012B22B99842FAD1C0
:10B520006FF08B007047002070472DE9F0410368F1
:10B530000446A3F2F233A6B0032B00F2FD80DFE84D
:10B5400003F00D029195042200F1200353F8040D3D
:10B550001146013A002852D00A4652E00023042145
:10B56000169300F1200353F8040D0A46013908B17F
:10B57000114601E00029F6D1042204F1300353F80A
:10B58000045D1046013A0DB1024601E0002AF6D1F1
:10B590002369042B03D0012026B0BDE8F081206A86
:10B5A0000428F8D80129F6D1012AF4D100216068D5
:10B5B00006AA08F051FF0428EDD1A368002B16DB82
:10B5C00000220699A06805F06BFC0028E3D1216AEF
:10B5D000069816AA05F01DFC05460028DBD1236A53
:10B5E00016AA0021606808F043FF2846D4E70698B1
:10B5F00006A905F06AFC0028E2D00220CCE7002A68
:10B60000A4D1042104F1300353F8045D0846013944
:10B610000DB1014601E00029F6D12369042BBAD10E
:10B62000012AB8D10029B6D1606816AA08F014FF23
:10B630000428B0D1A368002B0DDB00221699A06866
:10B6400005F02EFC0028A6D1169805F017FC00384E
:10B6500018BF0120A0E7169816A905F036FC0028AF
:10B66000EBD0CAE705F094FA002095E70025042600
:10B670000DF1180840222946404616AFCDE9025583
:10B68000CDE904550AF0C2FE4022294638460AF0A8
:10B69000BDFE019504F1200353F8041D3246013E1E
:10B6A00059B133461646042504F1300252F8040D10
:10B6B0002946013D30B10D4606E0002EECD14FF099
:10B6C000FF33F0E7002DF1D12B43012B02D96FF0AE
:10B6D000800061E70423002160680DEB030208F09D
:10B6E000BBFE0428F3D1022E1FD16669402E20D85C
:10B6F000334642460121606808F0AEFE8642E6D13C
:10B70000CDE9028602A995B1236A402BDFD8CDE9A5
:10B71000047304AE3246019805F03DFA0546002E4A
:10B720003FF463AFDDE904235BE70021EBE72E463E
:10B73000F0E76FF089002FE76FF085002CE708B580
:10B7400005F065FB002814BF6FF09200002008BDD3
:10B75000F0B5036991B0042B03D06FF0800011B0F5
:10B76000F0BD6A460021406808F076FE0428F4D156
:10B7700000252E462846214C6279EFB23AB3237950
:10B78000032B16D104232371009B3846236000F05D
:10B79000A9FB0028E3D1012600206B1C022B4FF0EF
:10B7A000010504F10804E7D1002E08BF6FF08800FE
:10B7B000D5E7052BF1D1384600F07AFC431E012B6A
:10B7C00014D806232371009B01262360E5E701219D
:10B7D000384601AB00F072FC0028C0D19DF804305F
:10B7E000052BDAD1012223716271E4E70028B6D17A
:10B7F00004232371009B2360CDE700BFD0D8043021
:10B800006FF47A722DE9F04303680546134491B052
:10B81000092B00F2ED81DFE813F00A004D009900DA
:10B820000B01B3002A01E60194019701500104695C
:10B83000012C46D14769002F40F0DA8123466A4641
:10B840003946406808F008FE9DF80030012B00F2F0
:10B8500075816E692EB133463A462146686808F014
:10B86000FBFD9DF80000B14D05EBC0035A7922B1F4
:10B870001C79DCB16FF0880418E0012101AB00F005
:10B880001DFC044690B99DF80430002BF2D101460E
:10B8900032469DF8000000F06BFA044630B99DF87E
:10B8A000003005EBC30540F20113AB80204611B018
:10B8B000BDE8F0838669B6F5806F44D80469012C31
:10B8C00002D06FF08004F1E74769042FF9D12346D5
:10B8D0006A460021406808F0BFFD9DF80030012B4A
:10B8E00000F22C813B4601AA2146686808F0B4FDAD
:10B8F0009DF800208D4B03EBC2035A79002AB9D082
:10B900001B79012BB6D10EB90024CFE7B6F5806FB5
:10B91000374628BF4FF4806702213B46844A686857
:10B9200008F09AFD8742CCD13B46814A01999DF8A7
:10B93000000000F04FFA04460028B7D1019BF61B27
:10B940003B440193DFE76FF08604AFE70369012B07
:10B95000B7D101AA0021406808F07EFD9DF80420BF
:10B96000012A00F2EB80714B03EBC2035A79002AE3
:10B9700080D01A79012A7FF47DAF02221A71C3E7C1
:10B980004FF00008694F45463E467A795FFA88F0E5
:10B99000AAB33B79032B3FF46DAF062B3FF46AAF9C
:10B9A000022B07D105F140026B1C0DEB020505F8D7
:10B9B000400CDDB208F10103022B4FF0010807F142
:10B9C0000807E2D1002D3FF455AF2946684600F044
:10B9D000B1FA10F19C0F04463FF468AF69460022AB
:10B9E0004FF0050C471E11F8010BC30033449CB9FE
:10B9F00083F804C00132D2B2AA42F4D156E7012141
:10BA000001AB00F05BFB044600287FF44FAF9DF8CC
:10BA10000430052BCED12DE7012F89BF4FF0040E46
:10BA2000032083F804E046F8304098BF1871E1E73E
:10BA30000369012B7FF445AF0021406801AA08F09B
:10BA40000BFD9DF80430012B78D8384800EBC30279
:10BA5000517900293FF40EAF1179013901293FF6E0
:10BA600009AF04210024117140F833401EE7036937
:10BA7000012B7FF426AF0021406801AA08F0ECFCFE
:10BA80009DF80400012859D8284D05EBC0035A79C8
:10BA9000002A3FF4EFAE1B79042B02D0072B7FF472
:10BAA000E9AE00F05DFB044600287FF4FFAE9DF890
:10BAB000043005EBC305A880F8E6002406698DF87C
:10BAC0000040012E7FF4FDAE036A3C2B7FF4F9AEFB
:10BAD00033466A462146406808F0BEFC9DF80000E7
:10BAE00001282BD8114901EBC0035A7912B31B79F5
:10BAF000022B8DF804301FD003F0FD03042B08BF88
:10BB000051F830304FF000010A4608BF029301ABF4
:10BB100000F0D4FA044600287FF4C8AE01463C2366
:10BB2000686801AA08F0A4FCC0E600BFD0D80430C1
:10BB3000D0D404303146EAE72146E8E76FF08B04C1
:10BB4000B4E60AF0ABFFDFE64FF000082A4E4546A8
:10BB5000374672795FFA88F962B33379052B07D1DA
:10BB600005F140026B1C0DEB020505F8409CDDB2AF
:10BB700008F10103022B4FF0010806F10806E8D195
:10BB8000002D3FF477AE2946684600F047F9044699
:10BB900000287FF48BAE07229DF80030454507EB67
:10BBA000C3031A713FF482AE9DF8013007EBC3075F
:10BBB0003A717BE60121484601AB00F07FFA04466A
:10BBC00000287FF473AE9DF80430052BD0D105F129
:10BBD00040016A1C0DEB0105012105F8409C7171C3
:10BBE0003371D5B2C4E711B0BDE8F043FFF7B0BD83
:10BBF0006FF085045AE600BFD0D8043008B500F0D5
:10BC0000A5F8002818BF6FF0830008BD42F21603A4
:10BC10002DE9F341154C074622880E469A4204D07E
:10BC20006FF0970002B0BDE8F081658825440434C8
:10BC3000AC42F5D2042221460DEB020008F0A2FB33
:10BC4000BDF80430BDF8062013F03F080BD1C3F354
:10BC50008513BB4207D1082AE2D13046211D08F0E6
:10BC600091FB4046DEE704321444E1E7E0D80430BB
:10BC70002DE9F04F4FF000080446CDB020220E46CB
:10BC800004A84146CDF804800AF0C0FB2C4B01AD5E
:10BC900053F8342002AFC7F80080002A4DD0E01CD2
:10BCA00003EBC4032946C0B2D3F8049000F0AAFC09
:10BCB00040B124480AF098FF6FF0910420464DB03F
:10BCC000BDE8F08F0DF10C0ACAF800001E4950467D
:10BCD000D5F800B00AF036FC0446E0B16FF09104EC
:10BCE000286800F0ABFCE9E7A9EB0408B8F5807F11
:10BCF00028BF4FF480782146434658460CAA00F0EE
:10BD00009FFC0028EAD1424650460CA90AF03EFCAE
:10BD10000028E3D14444A145E6D83B4620225046C2
:10BD200004A90AF055FC04460028D7D13A6804A9B2
:10BD300006F11C0008F026FBD2E76FF08604BDE791
:10BD4000FCD8043024CD070C0900000210B51C22D9
:10BD5000022006490AF058FB044618B900F03AFCE4
:10BD6000204610BD6FF09104FAE700BFE0D8043020
:10BD700013B5044622BB012822D8002801A914BF0C
:10BD80000420032000F03EFC014630B10E480AF0CA
:10BD90002BFF6FF0910002B010BD0198C26800F057
:10BDA000ABFD28B109480AF01FFF6FF08300F2E7EE
:10BDB000074B019A43F8342003EBC4035860EAE7C9
:10BDC0006FF08600E7E700BF24CD070C45CD070CD8
:10BDD000FCD8043070B505461E46A2B1012812D821
:10BDE0000C4C54F8300088B100F0B8FC28B10A4877
:10BDF0000AF0FAFE6FF0910070BD04EBC5046268B2
:10BE000032446260F8E76FF08600F5E76FF0880073
:10BE1000F2E700BFFCD8043066CD070C2DE9F047EF
:10BE20000E46054686B020B96FF0860006B0BDE824
:10BE3000F0870446DFF8A89000EB0108444504D1E0
:10BE40000024B44213D10020F0E714F8017B012F45
:10BE5000EAD8002F14BF0420032001A900F0D2FB70
:10BE600028BB019B002BDFD049F83730E6E72F5D78
:10BE7000384600F0F2FA631C78B34FF00008DFF8A0
:10BE80006090E4B25FFA88F3A34210D259F83760A9
:10BE90003046F56800F051FD00F10F0A40420AEA11
:10BEA000000A203DBAF1100F25F00F0502D96FF0FE
:10BEB0009100BBE7304600F046FD5246014602A81D
:10BEC0000AF0A4FA53462946304602AA00F046FC7E
:10BED00008F101080028D5D0E9E71C46B1E700BF0A
:10BEE000FCD8043030B5012885B01BD8104B53F86E
:10BEF0003050D5B12846EC6800F025FD103C0146D5
:10BF00001022684624F00F040AF080FA10236A46D3
:10BF10002146284600F022FC002818BF6FF091004F
:10BF200005B030BD6FF08600FAE76FF08B00F7E7E1
:10BF3000FCD8043000232DE9F04FA1B00E46044692
:10BF4000CDE9053378B107468046DFF85C91DFF82C
:10BF50005CA100EB010BD8450AD10025B54240F0A9
:10BF60008F80012001E06FF0860021B0BDE8F08FE6
:10BF700018F8013B012BF6D859F83350002DF2D0B8
:10BF800020230021284610AA00F05AFB10B16FF0C0
:10BF90009100EAE7109B534502D06FF09700E4E769
:10BFA0000123009340232A460DEB03010AA800F069
:10BFB00070FA0028EBD100230DF10E0204A90AA8A3
:10BFC00000F0B3FA0028E2DBC5D1BDF80E300C2B2F
:10BFD000C9D82846049907AA00F032FB0028D6D118
:10BFE0009DF81C000228D8D805A9FFF70FFE0028ED
:10BFF000CDD19DF814209DF820309A42DBD80CD387
:10C000009DF815209DF821309A42D4D805D3BDF86B
:10C010001620BDF822309A42CDD200239DF81C2074
:10C02000E15C914206D00133D9B28E42F8D86FF06C
:10C030009B009AE7DBB29E42F9D959F832000028FA
:10C04000F5D02023002118AA00F0FAFA00289ED18A
:10C05000189B5345EBD19DF874209DF820309A42EF
:10C06000A9D8E4D39DF875209DF821309A42A2D832
:10C07000DDD3BDF87620BDF822309A42D7D39AE7B7
:10C080000021605D00F0CCF96B1C50B12544AF423B
:10C090003FF47DAF17F8010BFFF724FF0028F6D01F
:10C0A00075E71D465AE700BFFCD804303DB8F3964B
:10C0B00001288CBF6FF0860001207047F0B517464D
:10C0C000032285B08DF80320002206460C461D464B
:10C0D0000192002B3ED001283CD8904214BF022090
:10C0E000012001A900F08EFA38B11C480AF07CFD4D
:10C0F0006FF09104204605B0F0BD0198C3682B6134
:10C100000378AB6101236B618CB10DF1030100F089
:10C11000D6F828B16FF09104019800F08FFAE9E7A2
:10C120009DF80330012B16BF052328702B70304675
:10C1300002A9FFF76BFD04460028EBD1029BAB6020
:10C14000039BEB60002FE7D029463046FFF790FDB8
:10C150000446E1E76FF08604CCE700BF24CD070C6E
:10C16000012838B504460BD80A4D55F8300050B1B7
:10C170000021C26800F0C0FB40B945F8340038BD6A
:10C180006FF08600FBE76FF08B00F8E76FF091002F
:10C19000F5E700BFFCD80430C068203820F00F005D
:10C1A0002038704738B515460C4661B15AB100F0D9
:10C1B000CAFB2146254411F8013B834203D1A94221
:10C1C000F9D1012038BD0020FCE738B50C46012329
:10C1D00011462246054600F033FA00280FDB012203
:10C1E00021462846FFF7DEFF18B103230020237005
:10C1F00038BD2378012B14BF02230123F6E7012069
:10C20000F6E7000030B5C16885B0103921F00F04A1
:10C21000054600F098FB1022014668460AF0F6F841
:10C2200010226846064908F0ADF810236A462146F8
:10C23000284600F093FA003818BF012005B030BD41
:10C24000E8CD070C2DE9FF471D4606460F469046F0
:10C2500000F073FB6C1E044440420440102C1AD8BA
:10C26000304600F070FB82462A464146684608F098
:10C2700089F85146621B0DEB05000AF0C7F823460A
:10C280006A463946304600F069FA003818BF012086
:10C2900004B0BDE8F0874FF0FF30F9E707B50123A0
:10C2A0008DF8042001AAFFF7CDFF03B05DF804FB71
:10C2B000C1680122203921F00F01FFF7EFBFC268EA
:10C2C000203A22F00F02FFF780BF000030B50D4684
:10C2D000C16887B0102302AA1039044600F0B0F9F3
:10C2E000002802DA012007B030BD1022204602A942
:10C2F000FFF758FF00283AD110221E4902A80AF081
:10C3000033F800280CBF012302232B702046FFF7CF
:10C3100043FF012301460DF10702204600F090F98A
:10C320000028DFDB9DF80730204603F00F021B09D1
:10C330006A702B7101220DF10701FFF733FF10B96D
:10C340006B78042B03D901236B7000232B71E268F7
:10C350002046203A22F00F02103AA91CFFF735FFC1
:10C360000028BFD12046E91CFFF7A9FFBBE7032344
:10C37000CBE700BFE8CD070C13B541EA0211044634
:10C380008DF80710FFF708FF012301460DF10702A2
:10C390002046FFF757FF02B010BD73B50E46694641
:10C3A00004461546FFF792FF10B1012002B070BDA0
:10C3B0009DF80030022B2FD0032B0BD0012B2DD159
:10C3C000002EF3D09DF80330032BEFD12046FFF76A
:10C3D0006FFFEBE7002EE9D12046FFF713FF00289F
:10C3E000E3D135B9237803F0FD02012A07D10022F9
:10C3F0000AE02046FFF75CFF0028D7D1F2E7022BC6
:10C4000008D0043B5A425A41A91C2046C9B2FFF742
:10C41000B3FFCBE70122F7E7F01CC7E70320C5E72E
:10C4200013B50C46A8B1012814BFFF20042001A9B0
:10C4300000F0E8F8014670B9221E18BF01220198E9
:10C44000FFF7ABFF0446019800F0F8F8204602B071
:10C4500010BD0320EBE70124F8E7002313B5019397
:10C4600098B1012814BFFF20022001A900F0CAF8EA
:10C4700068B9012201981146FFF78FFF0446019821
:10C4800000F0DCF8204602B010BD0120EDE70124E9
:10C49000F8E72DE9F7430E4617469946044628B9B2
:10C4A0004FF0FF38404603B0BDE8F0830029F7D0D5
:10C4B000002AF5D0CB680D8938461D44042329464F
:10C4C0000DEB030200F0BCF880460028E8D146F6E8
:10C4D0000812BDF804107389914223D1BDF80610EB
:10C4E0009942DDD1042338460DEB0302294400F0C4
:10C4F000A7F80028D4D146F60713BDF804209A42C5
:10C50000CED19DF82830C4E90067A4F80890A37242
:10C510007389BDF806202B44E3600435134463613E
:10C520002561BFE7002BE6D0BAE72DE9F7430F46B8
:10C5300090461E46044620B94FF0FF3003B0BDE8D8
:10C54000F0830368002BF7D04368002BF4D04FF63C
:10C55000FF79D4E90413994215D223685B8923B18A
:10C56000E3688B4204BF04312161042360680DEB52
:10C57000030200F065F80028DED1A37A256923B113
:10C58000E368AB4201D80120D8E72189BDF8062035
:10C59000494502F1040303D0BDF804C08C450BD11A
:10C5A00016B1BDF80410318004353D60A8F80020B4
:10C5B00022691A442261C1E72B442361C9E740B1D3
:10C5C000521805D2C068904234BF00200120704745
:10C5D0000020704770B50024084B094D1E68A64224
:10C5E00001DC002070BD55F8043B00209B68984793
:10C5F00008B90134F3E74FF0FF30F3E758CE070CEA
:10C60000643C04300B4B30B51A6800230A4C93424B
:10C6100003DB06D14FF0FF3008E01D01655D854268
:10C6200005D10020044A02EB03130B6030BD013337
:10C63000EDE700BF04CE070C08CE070C70470000E2
:10C640002DE9F743984683680546B3F5001F0C466D
:10C65000174604D33F4B1A780AB901221A70424692
:10C6600021462846FFF7ABFF002870D06B68CDF855
:10C6700000805B689847384BC0F3410013F8209066
:10C68000C9F1000303EA040634EA030329D0D5E91B
:10C69000013001225B6901A930449847002815DB6D
:10C6A000002204EB08039B1B4B4524BFA6EB0408A8
:10C6B000C844A31BD6B2B04502F1010209D8009BC1
:10C6C000A3EB08030093009B6BB9002003B0BDE807
:10C6D000F08306F108016944194411F8041CB955A6
:10C6E000E8E70026EFE7009B4B45B3FBF9F81CD2C7
:10C6F00009FB08F8AB6808EB040018446B680122DA
:10C700005B6901A9304498470028DFDB00224744D9
:10C710000099D3B2994202F10102D6D9F91808332F
:10C720006B4413F8043C8B55F2E7A8686B6820440F
:10C7300042465B69B919304498470028C6DB009B24
:10C7400009FB18330093009B002BD1D1BDE74FF0BC
:10C75000FF30BBE70CD90430F8CD070C2DE9F04FC2
:10C760008DB002921A4605460F461E4621F00F0A6A
:10C7700001F00F08FFF723FF28B94FF0FF331846E9
:10C780000DB0BDE8F08F6B680DF1200B5B6898472A
:10C79000584BC0F3410053F820305A46009351469D
:10C7A00043462846FFF74CFF0028E6D106F10F0369
:10C7B000434423F00F03AAEB0709A9EB06091A4625
:10C7C0005146284601939944FFF7F9FE0028D4D03A
:10C7D0004B46284604AAB919FFF732FF0346002842
:10C7E000CBD1B8F1000F63D14446B442C7D2A6EB17
:10C7F000040A3AF00F0A10D0A86869689DF8002072
:10C800003844D1F818B0BAFBF2F2029920440393ED
:10C81000D8470028B1DB039B5444B9F1000FAED0D8
:10C8200008A8224600238646964209D90299013378
:10C8300011F802C0102B00F801CB02F10102F3D174
:10C8400096429AD1002204A8102B01D04A454AD121
:10C8500008F11008102BA0448FD14A458DD1019AC0
:10C8600042458AD1A8689DF800206D683844B3FB22
:10C87000F2F27146AD692044A847C3177FE7029AD8
:10C88000125D01340BF8012001310F2913D8B44295
:10C89000F5D1002204A80DF1200C0F2920D84A451B
:10C8A0000BD010F801EB013201F80CE00131F4E794
:10C8B00041460446E9E7B442EBD0102903937FF4E4
:10C8C0005CAFD5E901309DF80020D3F818B0B1FB7A
:10C8D000F2F2504408A9D8470028039B85DA4CE7B8
:10C8E0004A45EAD049E710F8016B01320EF80360BF
:10C8F0000133A9E7F8CD070C2DE9F04105460E46B6
:10C900009046FFF75CFEA8B16B689B6A9847046885
:10C91000074664B10020BDE8F081D5E90130DB694C
:10C92000304498470028F6D1BB681C441E44444557
:10C93000F3D3EFE74FF0FF30EDE708B543689B6AAC
:10C940009847006908BD08B543689B6A9847007D11
:10C9500008BD0368D90444BF43F4806303609A04AC
:10C9600044BF43F400630360704700002DE9F04FBB
:10C97000904600220446ADF5217D06AD2846039180
:10C9800008AE11461F46FDF748F8A26C40F20311AD
:10C990003046FDF742F84FF40872002118A809F05C
:10C9A00035FD182200210BA809F030FD00211A22C4
:10C9B0000DF1460009F02AFD4FF6F87241F201032D
:10C9C000B2EBC70F4FF6FF72ADF828304FEAC7033E
:10C9D00038BF1346ADF82A30012305A80593FFF7A9
:10C9E000B8FF0368DFF8A4B00C934FF480430360F2
:10C9F000FFF7AFFF0368214613934FF49053226B68
:10CA0000ADF8443011A83346CDF850B00BF000FB20
:10CA10000DF10C0A04460DF1280938BB594618A837
:10CA20000DF04EFF044608BB96E80C0040F20111E1
:10CA300018A80DF0B5FF0446C0B90423524640F2D1
:10CA4000032118A80DF06EFF044678B92A4648461F
:10CA500018A90DF029FF044640B9AA9B424600934D
:10CA600095E803003B460BF025FA044618A80DF0A4
:10CA7000A9F896E803000BF0A8F995E803000BF07D
:10CA8000A4F920460DF5217DBDE8F08F09010008CD
:10CA90002DE9F04700249EB006A806940AF006F996
:10CAA0000646DFF8C4802F4FB44203D100201EB0E9
:10CAB000BDE8F087069B4FEA441903EB4412116965
:10CAC00041454DD10021956809A853F80920FCF78C
:10CAD000A4FF1C2200210BA809F098FC0DF11603FD
:10CAE0000293069808AB019305AB00934844D0F835
:10CAF00014A03022806907AB12A9D04700282FD19B
:10CB00004FF6F8714FF6FF72099B10930A9B119331
:10CB1000BDF814308B4288BF1346ADF82E30089B09
:10CB20001C220E93BDF816300BA9ADF82C30069BD5
:10CB30004B441B690C9313F0FF0308BF109354235D
:10CB40005D4305F1340038443D4407F01BFC2846A2
:10CB5000079A12A907F016FC079B2B6301232B658C
:10CB60000134A1E710D90430010100807FB51546DA
:10CB7000CDE9000112B300240646146003A8039413
:10CB80000AF094F8039BA04209D01A4652F8201BE1
:10CB90008E4208D1D3E90221931E0B4306D16FF0D8
:10CBA0008B0004B070BD13460134ECE75421054BF3
:10CBB000002001FB02331B6B2B60F2E76FF0860055
:10CBC000EFE700BF10D904302DE9F04F87B01F46C2
:10CBD000109B012806461446DDF84490009304D9C2
:10CBE0006FF0860007B0BDE8F08F542141433F4D00
:10CBF000019101EB050ADAF85030002B6FD0002AC2
:10CC0000EED0D2E905B8002302A802930AF048F852
:10CC10000023029A0199984250D094465CF80CEB9C
:10CC2000F3454DD1D2E901C3BCF1000F07D000227A
:10CC300053F8320080453ED103EBC2035B683431C8
:10CC40001C2229442046019307F09CFB5A4641468A
:10CC500004A8FCF7E2FE0499626861610599019BF2
:10CC6000A161D1B221B922F0FF0242F0010262605B
:10CC700003A80393FFF76DFE542303FB06531A6BBF
:10CC8000009B03999A42A1602CD8002FA8D0B9F13B
:10CC9000000FA5D04B0416D540F20313984512D0CF
:10CCA0003A4641465046009BCDF8409007B0BDE85B
:10CCB000F04FFFF75BBE01329445B9D10023BEE7C8
:10CCC00062460133A7E75146384607F05BFB542321
:10CCD00003FB06552B6B0020C9F8003082E76FF08C
:10CCE0008B007FE76FF089007CE700BF10D904302C
:10CCF0000A5B43727970746F5D20556E7375707046
:10CD00006F727465642072657175657374210A00B1
:10CD100054462D5053412D43727970746F20312E3B
:10CD2000312E30003C54464D204657553A206F7006
:10CD3000656E696E6720666C617368206661696CF8
:10CD400065642E0A003C54464D204657553A2065EE
:10CD5000726173696E6720666C61736820666169D1
:10CD60006C65642E0A003C54464D204657553A20C7
:10CD7000777269746520666C617368206661696C9E
:10CD800065642E0A0000000070FF76FF7CFF79FFCB
:10CD90005053415F494F545F50524F46494C455F95
:10CDA00031000000D99C070CB59C070C7D9C070C3A
:10CDB000599C070C3D9C070C119D070CE19B070C2F
:10CDC000A99B070C6D9B070CCDA5070C59A6070C5A
:10CDD000E1A5070C25A6070C29A6070C01000000F9
:10CDE000020000000400000010002DE15D29410B4D
:10CDF0008D77679C110F1F8A010000000200000060
:10CE0000040000000500000001640000A434080CC8
:10CE1000008007000080050003640000A434080CB3
:10CE2000000020000080050002640000A434080C0B
:10CE300000000D0000C0120004640000A434080CBF
:10CE40000080250000C0120005640000A434080C16
:10CE50000000000000C00000010000000000000011
:10CE60006037080CC0D9043037000000E036080CE9
:10CE7000003C043020000000E036080C00000430C4
:10CE800000000000A0DA043007160000803C0430E7
:10CE9000502700000000043000080000074AD2F8C4
:10CEA000883043F47003C2F8883002F50032D2F8BB
:10CEB000883043F47003C2F88830704700ED00E01A
:10CEC000704738B50446002839D0437A03F0FF0292
:10CED00013B90272FFF7F4FF02232268637213682A
:10CEE000616823F004031360136823F0804323F088
:10CEF00020030B4343F080431360136823F0804307
:10CF0000136007F00BF9054623681A68510009D42D
:10CF10001A6842F004021A605B685A0611D50423AD
:10CF200063720CE007F0FAF8401B0428ECD9236880
:10CF30001B685800E8D5012363720223E3600120D7
:10CF400038BD07F0EBF805462368586810F0040078
:10CF500003D101236372E060F2E707F0DFF8401BC2
:10CF60000428F1D923685B685B07EDD50423E3E768
:10CF70007047002307B5019303685A68510709D425
:10CF80005A6822F040025A60C36823F00803C36065
:10CF9000002018E01A6842F080421A601A6822F0F5
:10CFA00080421A6004220192019A013A0192019A88
:10CFB00062B901234372C368027243F00203C36083
:10CFC000FFF7D6FF012003B05DF804FB1A6852009A
:10CFD000EAD45A68510642BF5A6822F040025A60A9
:10CFE00004220192019A013A0192019A002AE0D0AA
:10CFF0005A685207F6D4C7E7F8B5037A0446012BFE
:10D000000E4643D00123427A03729A42D5B239D1F7
:10D010000223437203685B685F061BD407F07EF847
:10D02000074623685A68D0071CD59A685968226158
:10D03000490642BF0822E2605A684FF0000544BF2B
:10D0400022F001025A604FF0010358BF3260637250
:10D05000002315E00823C360FFF78BFF0128DDD113
:10D060002846F8BD07F05AF8C01B0428D9D9236810
:10D070005B6813F00103D4D1012262720222E260E4
:10D080002372EDE704221D46C260E1E70225E7E7CF
:10D0900038B51D46934B944C5B68C3F3080323607B
:10D0A000EFF3038363655306C4E90120E1603BD5D8
:10D0B00002F00C020C2A08BF08460146206120221B
:10D0C0008A4807F05FF925B120222946884807F0F1
:10D0D00059F9844B9A6AA265D96AE165986B206612
:10D0E00002F400406066586BA06602F08000E066C3
:10D0F0009A62D962D3F8E4207E482267D3F8E81018
:10D10000616702F04001A167C3F8E42000F05EF916
:10D110002168CB1E042B00F2D080DFE813F0110051
:10D120001600C800CA00CC00EFF39483980704D51A
:10D13000110702D5EFF38980BFE7EFF38880BCE7E2
:10D140006D4800F043F9002503E06C4800F03EF91B
:10D1500001256B4800F03AF961686A4800F036F939
:10D16000694800F033F963685A064CBF674868485D
:10D1700000F02CF963681B074CBF6648664800F056
:10D1800025F9616D654800F021F9A168644800F057
:10D190001DF9E168634800F019F9EFF388816248EE
:10D1A00000F014F9EFF38981604800F00FF9EFF314
:10D1B00011815F4800F00AF921695E4800F006F924
:10D1C00015B15D4800F002F961695C4800F0FEF8B5
:10D1D000A1695B4800F0FAF8E1695A4800F0F6F8F6
:10D1E000216A594800F0F2F8616A584800F0EEF8F8
:10D1F000A16A574800F0EAF8E16A564800F0E6F8FC
:10D20000216B554800F0E2F8544800F0DFF8616BFC
:10D21000534800F0DBF8A16B524800F0D7F8E16BFF
:10D22000514800F0D3F8216C504800F0CFF8616C01
:10D230004F4800F0CBF8A16C4E4800F0C7F8E16C05
:10D240004D4800F0C3F8216D4C4800F0BFF8A16DC7
:10D250004B4800F0BBF894F859104A4800F0B6F873
:10D26000636E002B31D0216E474800F0AFF894F880
:10D270005810464800F0AAF8E36E53B3A16E444834
:10D2800000F0A4F8B4F85A10424800F09FF8E16D9D
:10D29000414800F09BF8216F404800F097F8A36FD9
:10D2A000DBB1616F3E48BDE8384000F08FB83D48C3
:10D2B0004CE73D484AE73D4843E70F2992BF3C48C9
:10D2C0003C48103900F082F842E73B4800F07EF815
:10D2D000CDE73A4800F07AF8D4E73948BDE838405D
:10D2E00000F074B800ED00E0580405306C0405301F
:10D2F0008C040530582E080C672E080C732E080C71
:10D30000F42E080C1E2F080C3C2F080C552F080C6F
:10D31000642F080C772F080C872F080C982F080C07
:10D32000AE2F080CC42F080CDA2F080CF02F080CB5
:10D330000630080C1C30080C3F30080C9230080CEA
:10D34000A930080CC030080CD730080CEE30080C9F
:10D350000531080C1C31080C3331080C4A31080C1B
:10D360006D31080C8431080C9B31080CB231080C6B
:10D37000C931080CE031080CF731080C0E32080CEA
:10D380002532080C3932080C4C32080C7632080C65
:10D390008932080CB432080CC832080CDC32080C94
:10D3A000F032080C852E080C902E080C9D2E080CCF
:10D3B000AB2E080CC72E080C5F32080C9D32080CEF
:10D3C0000333080C0846114600F014B80FB41FB51B
:10D3D000012106AB53F8042B05480091002103936B
:10D3E00007F03CF905B05DF804EB04B0704700BFEE
:10D3F000C5D3070C0A4B37B51B786BB1094C636971
:10D40000984748B9E56AA847C307FCD4236A019343
:10D4100003B0BDE830401847002003B030BD00BF66
:10D42000D40405305034080C10B50B4C0020A36810
:10D43000984780B902202369984760B94FF4E131D9
:10D440000120A46AA04730B901211520A04710B9D6
:10D450000122024B1A7010BD5034080CD404053060
:10D46000044B82B0186883B26FF30F00184302B008
:10D47000704700BF8834080C0120704700207047B7
:10D48000002070476FF003007047002070470020B5
:10D490007047002070476FF003007047002070470E
:10D4A00010B50C46014630B12CB10448A2B200F0D0
:10D4B0003DFE204610BD6FF00400FBE7D8040530A8
:10D4C0000A4608B5014640B13AB14FF47A730448B0
:10D4D00092B200F0E2FC002008BD6FF00400FBE710
:10D4E000D804053010B52A4B88B0D3F88C20072417
:10D4F00042F00402C3F88C20D3F88C2003A902F078
:10D5000004020092009AD3F88C20224842F00402D0
:10D51000C3F88C20D3F88C2002F004020192019A07
:10D52000D3F89C2042F00072C3F89C20D3F89C30C2
:10D53000402203F000730293029B0223CDE90323F0
:10D54000069301230794059300F02CF8802303A988
:10D5500010480393079400F025F80F490F4B0C2255
:10D560000B6000234FF4E130C1E905234FF4004282
:10D57000C1E901030846C1E90333C1E907234B624E
:10D5800000F01AFD003818BF0120404208B010BD5D
:10D59000000C025400080252D80405300064005008
:10D5A000002070472DE9F04F00234FF00F094A4A41
:10D5B0004A4D02EA90280A6832FA03F401D1BDE824
:10D5C000F08F012404FA03FA1AEA020270D04C68C0
:10D5D00024F01007022F16D14FEAD30C00EB8C0C6D
:10D5E00003F0070EDCF820604FEA8E0E09FA0EFBFE
:10D5F00026EA0B0B0E6906F00F0606FA0EF646EA4F
:10D600000B06CCF820600326D0F800B04FEA430E9A
:10D6100006FA0EFC2BEA0C0B6FEA0C0604F0030C66
:10D620000CFA0EFC013F4CEA0B0C012FC0F800C0B5
:10D6300040D9032C3CD0C76837408E6806FA0EF6F6
:10D640003E43C660E60033D523F0030707F1A84741
:10D6500007F5083703F00306D7F860C0F60009FAAB
:10D6600006FE2CEA0E0C08FA06F646EA0C063E66A2
:10D67000D743D5F8806014F4803F0CBF3E4016437A
:10D68000C5F88060D5F8846014F4003F0CBF3E40BC
:10D690001643C5F884602E6814F4801F0CBF3E400A
:10D6A00016432E606E68A40254BF3E4016436E605F
:10D6B000013380E7876806EA070CCF6807FA0EF7A0
:10D6C00047EA0C078760476827EA0A0C27099F404A
:10D6D00047EA0C074760AEE77F7F2B00002002542B
:10D6E0007047704770477047D0F88C2008B5222AE1
:10D6F000036845D15B6AB0F86010826D0B4013700F
:10D70000836D01338365B0F85E30013B9BB2A0F8B6
:10D710005E30B0F85E309BB273BB026852E8003FE7
:10D7200023F4907342E8003103680029F5D103F136
:10D73000080252E8001F944621F001014CE8001253
:10D74000002AF4D12021C0F88C100267C16E426714
:10D75000012912D1C26653E8002F22F0100243E8DB
:10D7600000210029F7D1DA69B0F85C10D20644BF75
:10D7700010221A62FFF7B7FF08BDFFF7B2FFFBE701
:10D780009A6942F008029A61F6E7D0F88C2008B551
:10D79000222A036842D1596AB0F860201140826D94
:10D7A00022F8021B8265B0F85E20013A92B2A0F81E
:10D7B0005E20B0F85E2092B262BB53E8002F22F4E4
:10D7C000907243E800210029F7D103F1080252E8E2
:10D7D000001F944621F001014CE80012002AF4D108
:10D7E0002021C0F88C100267C16E4267012912D156
:10D7F000C26653E8002F22F0100243E800210029FE
:10D80000F7D1DA69B0F85C10D20644BF10221A6270
:10D81000FFF769FF08BDFFF764FFFBE79A6942F075
:10D8200008029A61F6E7000003682DE9F047DD6918
:10D83000D3F800909F68D0F88C200446222A40F04C
:10D84000A980B0F868303BB9B4F85E309BB2002BC9
:10D8500040F08380BDE8F0874FF0000AB0F86080A8
:10D860004F4E07F00107AB06EED52368A26D5B6A49
:10D8700003EA08031370A36D0133A365B4F85E30A7
:10D88000013B9BB2A4F85E302368DD6969072AD0AA
:10D89000EA070AD519F4807F07D001221A62D4F86A
:10D8A000902042F00102C4F89020A80708D53FB1AB
:10D8B00002221A62D4F8902042F00402C4F89020A8
:10D8C000690708D53FB104221A62D4F8903043F0BA
:10D8D0000203C4F89030D4F8903023B12046FFF70B
:10D8E00001FFC4F890A0B4F85E309BB2002BBAD10F
:10D8F000226852E8003F23F4807342E80031236835
:10D900000029F5D103F1080252E8001F104631400A
:10D9100040E80012002AF5D12021C4F88C102267BB
:10D92000E16E6267012914D1E26653E8002F22F00C
:10D93000100243E800210029F7D1DA692046D20617
:10D9400048BF1022B4F85C1048BF1A62FFF7CBFE44
:10D9500089E72046FFF7C5FE85E7B4F868209A42BC
:10D960007FF678AF226802F1080353E8003F23F006
:10D970008053083242E8003122680029F2D1094B75
:10D98000636752E8003F43F0200342E8003100297A
:10D99000F7D15FE79A6942F008029A615AE700BF3F
:10D9A000FEFFFFEFE9D6070C03682DE9F047DD69BC
:10D9B000D3F800909F68D0F88C200446222A40F0CB
:10D9C000A780B0F868303BB9B4F85E309BB2002B4A
:10D9D00040F08180BDE8F0874FF0000AB0F8608029
:10D9E0004E4E07F00107AB06EED52368A26D596ACB
:10D9F00008EA010122F8021BA265B4F85E20013A90
:10DA000092B2A4F85E20DD6969072AD0EA070AD538
:10DA100019F4807F07D001221A62D4F8902042F0D6
:10DA20000102C4F89020A80708D53FB102221A626B
:10DA3000D4F8902042F00402C4F89020690708D579
:10DA40003FB104221A62D4F8903043F00203C4F8C4
:10DA50009030D4F8903023B12046FFF743FEC4F84D
:10DA600090A0B4F85E309BB2002BBCD1226852E883
:10DA7000003F23F4807342E8003123680029F5D188
:10DA800003F1080252E8001F1046314040E800123E
:10DA9000002AF5D12021C4F88C102267E16E62675C
:10DAA000012914D1E26653E8002F22F0100243E866
:10DAB00000210029F7D1DA692046D20648BF10229A
:10DAC000B4F85C1048BF1A62FFF70DFE8BE72046E2
:10DAD000FFF707FE87E7B4F868209A427FF67AAF2F
:10DAE000226802F1080353E8003F23F08053083214
:10DAF00042E8003122680029F2D1094B636752E8FD
:10DB0000003F43F0200342E800310029F7D161E7EC
:10DB10009A6942F008029A615CE700BFFEFFFFEFDE
:10DB20008BD7070CF8B504460368C16982680069A1
:10DB30001D6802436069024375480A432840024356
:10DB40001A605A68E06822F4405202435A60714AEF
:10DB5000A069934205D002F1805293421CBF226A11
:10DB600010439A6822F06E4222F4306202439A60B7
:10DB7000DA6A606A22F00F020243DA62664A93426E
:10DB80006ED0A2F57442934200F08F8002F580625D
:10DB9000934200F08C8002F58062934200F089800D
:10DBA000B3F1502F00F0878002F5C052934200F08D
:10DBB000848002F5A052934200F0818002F58062D9
:10DBC00093427ED002F5806293427CD0A2F5C0528F
:10DBD00093427BD002F5806293427AD002F5C05224
:10DBE000934279D04D4A93421CD002F17042934245
:10DBF0004FF0000035D1002100F088FC70B3616A5D
:10DC0000474A656832F8112005EB4501B0FBF2F395
:10DC100099420AD901204FF00113A3660023C4E9F9
:10DC20001D33F8BD4FF48050E5E7B3EB053FF1D865
:10DC3000002319461BF04EF80023064619464FF400
:10DC4000807768082A46E6FB07011BF043F8354B4E
:10DC5000A0F540729A42DDD82368D8600020DAE748
:10DC60000120B1F5004F4FF0000138D100F04EFC1B
:10DC70000028F3D0616A2A4B626833F81130B0FB98
:10DC8000F3F0530803EB4003B3FBF2F34FF6EF72EC
:10DC9000A3F110019142BDD823F00F02216892B286
:10DCA000C3F342031343CB60D8E70220D9E7042033
:10DCB000D7E70820D5E71020D3E72020D1E7402080
:10DCC000CFE78020CDE74FF48070CAE74FF40070B3
:10DCD000C7E74FF48060C4E74FF40060C1E700F08D
:10DCE00015FC0028BAD0616A0D4B626833F8113018
:10DCF000B0FBF3F303EB5203B3FBF2F34FF6EF7217
:10DD0000A3F11001914285D82268D360A6E700BF35
:10DD1000F369FFCF00240044003801500024005470
:10DD20008C34080CFFFC0F00836A10B5DA0706D5A7
:10DD30000168C46A4A6822F4003222434A609C07A0
:10DD400006D50168046B4A6822F4803222434A6097
:10DD5000590706D50168446B4A6822F480222243A1
:10DD60004A601A0706D50168846B4A6822F40042AB
:10DD700022434A60DC0606D50168C46B8A6822F437
:10DD8000805222438A60990606D50168046C8A682D
:10DD900022F4005222438A605A0610D50168446C6E
:10DDA0004A68B4F5801F22F4801242EA04024A60F5
:10DDB00005D14A68846C22F4C00222434A601B06E3
:10DDC00006D50268C16C536823F400230B435360EB
:10DDD00010BD2DE9F84305460F4616469846DDF876
:10DDE00020902A68D36937EA03030CBF012300237C
:10DDF000B34201D0002029E0B9F1FF3FF2D006F094
:10DE00008DF9A0EB080048452C6802D8B9F1000F45
:10DE10001ED154E8003F23F4D07344E80032002AB6
:10DE2000F7D104F1080353E8003F23F0010304F1A4
:10DE3000080141E80032002AF3D12023C5F88830D8
:10DE4000C5F88C300023032085F88430BDE8F883C2
:10DE500023685A07C5D5E3691B05C2D54FF4006393
:10DE6000236254E8003F23F4D07344E80032002AD0
:10DE7000F7D104F1080353E8003F23F0010304F154
:10DE8000080141E80032002AF3D12023C5F8883088
:10DE9000C5F88C30C5F89030D4E72DE9F7439846A3
:10DEA000D0F888300446202B0E4617464BD1002967
:10DEB0004BD0002A49D0036800259A68120642BF59
:10DEC0009A6822F080029A602123C0F89050C0F82E
:10DED000883006F023F9A3688146B3F5805FA4F883
:10DEE0005470A4F8567003D123690BB935461E4609
:10DEF000B4F856204B4692B2CDF8008042B940218A
:10DF00002046FFF766FF48B92023C4F8883006E0B2
:10DF1000002280212046FFF75CFF18B1032003B0E8
:10DF2000BDE8F08322685EB935F8023BC3F308030D
:10DF30009362B4F85620013A92B2A4F85620D7E77B
:10DF400016F8013BF4E70220E9E70120E7E773B5A3
:10DF500000260446C0F8906006F0E0F82368054605
:10DF60001B681A0719D423681B685B070AD56FF072
:10DF70007E43002200934FF480012B462046FFF79A
:10DF800028FFB0B90020202384F88400C4F888302A
:10DF9000C4F88C30E06620670CE06FF07E433246B8
:10DFA00000934FF4001103462046FFF712FF0028AC
:10DFB000D9D0032002B070BD10B5044650B3D0F8DC
:10DFC00088301BB980F88430FFF78AFB242322684D
:10DFD000C4F888301368204623F001031360FFF76C
:10DFE000A1FD012816D0A36A13B12046FFF79CFEBD
:10DFF00023682046BDE810405A6822F490425A60D7
:10E000009A6822F02A029A601A6842F001021A60A5
:10E01000FFF79DBF012010BD002330B581658168E9
:10E02000A0F85C20B1F5805FA0F85E20436731D195
:10E030000369002B40F2FF1318BFFF23A0F86030E4
:10E040000023C0F890302223C0F88C30016801F121
:10E05000080353E8003F43F00103083141E800346E
:10E060000368002CF2D1456E8468B5F1005F016948
:10E0700035D1B0F86850954231D8B4F5805F29D1D8
:10E08000C1B1264A426753E8002F42F4807243E848
:10E09000002121E029B90369002B0CBFFF237F2356
:10E0A000CCE7B1F1805FC9D10369002B0CBF7F239E
:10E0B0003F23C3E71A4A426703F1080252E8002FE0
:10E0C00042F0805203F1080040E800210029F3D11A
:10E0D000002030BD114A42670029D4D1ECE7B4F5E5
:10E0E000805F16D151B10F4A426753E8002F42F4C6
:10E0F000907243E800210029F7D1E9E70A4A426714
:10E1000053E8002F42F0200243E800210029F7D114
:10E11000DEE7044A42670029E7D1F1E729D8070C76
:10E12000A9D9070CE9D6070C8BD7070C38B5D0F85E
:10E130008C30202B21D111B30AB30023C3660368AE
:10E140009C68650642BF9C6824F040049C600D4CAE
:10E15000A3420ED004F18054A3420AD05C6824028A
:10E1600007D553E8004F44F0806443E80045002D94
:10E17000F7D1FFF751FF002038BD0220FCE7012056
:10E18000FAE700BF002400444949F0B54B6B8D6AA3
:10E190008F6A8E6A17F47C5F8C6BC7F3052200F0E0
:10E1A000828007EE902AC4F3CC0206F0100462438A
:10E1B000F8EEE76A07EE902AC3F30803B8EEE77AB1
:10E1C00007EE903A9FED3B6AF8EEE77AE7EE067AC3
:10E1D000B7EE006A05F00303022B77EE867A58D07B
:10E1E000032B5DD00A68344BC2F3C102D34007EE63
:10E1F000103AB8EEC77AC7EE265A65EEA77A2C4ACF
:10E20000136813F0007312D0936A13F480330ED0A6
:10E21000536BC3F3462306EE903AF8EEE66A76EEC9
:10E22000866A87EEA67ABCEEC77A17EE103A204AC5
:10E230000360136813F0007312D0936A13F4003371
:10E240000ED0536BC3F3064306EE903AF8EEE66A3F
:10E2500076EE866A87EEA67ABCEEC77A17EE103A9B
:10E260004360134B1A6891011FD59A6A52031CD55B
:10E270005B6BC3F3066307EE103AB8EEC77A37EE6E
:10E28000067AC7EE876AFCEEE67A17EE903A83606C
:10E29000F0BDDFED0A5A85EEA67A67EE277AAEE783
:10E2A000DFED075AF7E7C0E900220023EFE700BFE0
:10E2B000000C0254000000390090D0030024744A7E
:10E2C00020BCBE4B4349F0B5CB6BCD6ACF6ACE6A5A
:10E2D00017F47C5F0C6CC7F3052278D007EE902A08
:10E2E000C4F3CC0206F010046243F8EEE76A07EECE
:10E2F000902AC3F30803B8EEE77A07EE903A9FED51
:10E30000366AF8EEE77AE7EE067AB7EE006A05F0CD
:10E310000303022B77EE867A3FD0032B44D00A68A2
:10E320002E4BC2F3C102D34007EE103AB8EEC77AC3
:10E33000C7EE265A65EEA77A264AD36A13F48033CD
:10E340000ED0D36BC3F3462306EE903AF8EEE66A9E
:10E3500076EE866A87EEA67ABCEEC77A17EE103A9A
:10E360001C4A0360D36A13F400330ED0D36BC3F39B
:10E37000064306EE903AF8EEE66A76EE866A87EE97
:10E38000A67ABCEEC77A17EE103A4360114BDA6AF0
:10E3900052030CD400238360F0BDDFED115A85EEEB
:10E3A000A67A67EE277AC7E7DFED0E5AF7E7DB6B51
:10E3B000C3F3066307EE103AB8EEC77A37EE067A73
:10E3C000C7EE876AFCEEE67A17EE903AE3E7C0E91B
:10E3D0000022DFE7000C0254000000390090D00357
:10E3E0000024744A20BCBE4B4349F0B54B6C0D6B06
:10E3F0000F6B0E6B17F47C5F8C6CC7F3052278D023
:10E4000007EE902AC4F3CC0206F010046243F8EE43
:10E41000E76A07EE902AC3F30803B8EEE77A07EE3F
:10E42000903A9FED366AF8EEE77AE7EE067AB7EEB5
:10E43000006A05F00303022B77EE867A3FD0032BA8
:10E4400044D00A682E4BC2F3C102D34007EE103A03
:10E45000B8EEC77AC7EE265A65EEA77A264A136B3E
:10E4600013F480330ED0536CC3F3462306EE903A78
:10E47000F8EEE66A76EE866A87EEA67ABCEEC77A92
:10E4800017EE103A1C4A0360136B13F400330ED0DE
:10E49000536CC3F3064306EE903AF8EEE66A76EE66
:10E4A000866A87EEA67ABCEEC77A17EE103A43600A
:10E4B000114B1A6B52030CD400238360F0BDDFEDC7
:10E4C000115A85EEA67A67EE277AC7E7DFED0E5A76
:10E4D000F7E75B6CC3F3066307EE103AB8EEC77A52
:10E4E00037EE067AC7EE876AFCEEE67A17EE903AC8
:10E4F000E3E7C0E90022DFE7000C02540000003926
:10E500000090D0030024744A20BCBE4B7FB500F1BC
:10E510007E420A4303462DD1B94AD2F8F030D2F8F0
:10E52000F01003F44073890703D5B3F5807F01F041
:10E53000B283D2F8F020120103D5B3F5007F01F0C9
:10E54000AE83AF4A106810F4003010D0B3F5407FAE
:10E5500041F0A983D36903F47C53B3F5007FC1F084
:10E56000A583D369A748C3F30523B0FBF3F007B035
:10E570005DF804FBA0F500120A4300F0AC85A24A46
:10E58000904271F1000280F0A080A0F580620A4301
:10E5900000F0D68440F20142904271F100024AD26A
:10E5A000A0F120020A4300F06E83212871F10002DD
:10E5B00023D2092871F1000218D250EA010201F0B9
:10E5C0007883431E41F1FF31082B71F1000181F086
:10E5D0007383072B01F27083DFE813F009024D0209
:10E5E0006E0B93026E0B6E0B6E0BD102A0F110033B
:10E5F0000B4300F006830020B9E7A0F580720A43C0
:10E6000000F0128440F20112904271F100020BD22C
:10E61000A0F140020A4300F07883A0F180030B438D
:10E6200000F0BC830020A2E7A0F500730B4300F0CC
:10E63000418400209BE7A0F580320A4300F02B863E
:10E64000B0F1011F71F1000222D2A0F500520A437D
:10E6500000F0798542F20102904271F100020BD282
:10E66000A0F500620A4300F0AC84A0F580530B4390
:10E6700000F0EE8400207AE7A0F580420A4300F023
:10E680008C85A0F500430B4300F0B18500206EE7B8
:10E69000A0F500220A4300F0F6805C4A904271F136
:10E6A00000020BD2A0F500320A4300F03C86A0F530
:10E6B00080230B4300F09786002058E7A0F58013D5
:10E6C0000B4300F02981002051E700220420814201
:10E6D00008BF934201F06E809A4288415DD303F1F6
:10E6E0006040084301F027814948834271F10000EE
:10E6F00021D203F17C420A4301F08882454A9342C9
:10E7000071F100020BD2A3F580020A4300F04D81A3
:10E71000A3F500030B4300F05981002027E703F124
:10E7200078420A4301F0688003F170430B4301F023
:10E73000AE8000201BE70120814208BF934201F018
:10E74000BC819A42884121D303F140420A4301F03F
:10E750003F810020814208BFB3F1004F7FF407AF33
:10E76000274AD2F8E03013F4E04300F077841168D0
:10E77000090141F17281B3F5805F41F06E810023A0
:10E7800068460193FFF79EFD0198F0E6022908BF55
:10E79000934201F0D7810020E9E68020814208BF42
:10E7A000934200F047879A42884135D32020814226
:10E7B00008BF934200F077869A42884119D308290E
:10E7C00008BF934201F002820020102908BF834253
:10E7D0007FF4CDAE0A4AD2F8E43003F03003102BB8
:10E7E00041F04182002303A80493FFF7CDFC049875
:10E7F000BDE6402908BF934200F0B5860020B6E68A
:10E80000000C025440787D01010020000100080046
:10E8100001000020010000044FF48060814208BF25
:10E82000934200F00E859A42884124D3B1F5807F4F
:10E8300008BF934200F05E870020B1F5007F08BF5B
:10E8400083427FF494AE9C4AD2F8E830D2F8F010BC
:10E8500003F00803890702D5002B01F06682D2F885
:10E86000F00010F000603FF482AE002B14BF4FF4B4
:10E87000FA4000207BE6B1F5805F08BF934200F0CC
:10E880003285002073E68C4AD2F8E83003F4E023A6
:10E89000B3F5003F18D007D87BB9002303A8049331
:10E8A000FFF772FC049862E6B3F5403F01F007827F
:10E8B000B3F5802F0FD0002059E60023684600935F
:10E8C000FFF700FD009852E6002303A80393FFF72B
:10E8D0008BFD03984BE6D2F8E830116803F0404313
:10E8E000880706D52BB913687448C3F3C103D84011
:10E8F0003DE6714A1168890503D5B3F1804F01F0F7
:10E90000E181106810F400303FF431AEB3F1004FF4
:10E910006B4818BF00202AE6674AD2F8E83003F4B3
:10E920006013B3F5801F18D007D87BB9002303A864
:10E930000493FFF729FC049819E6B3F5C01F01F012
:10E94000C481B3F5001F0FD0002010E600236846F5
:10E950000093FFF7B7FC009809E6002303A8039390
:10E96000FFF742FD039802E6D2F8E830116803F0A1
:10E970004043880706D52BB913685048C3F3C10339
:10E98000D840F4E54C4A1168890503D5B3F1804FAE
:10E9900001F09E81106810F400303FF4E8ADB3F14F
:10E9A000004F474818BF0020E1E5434BD3F8E4305F
:10E9B0005B0606D4002303A80493FFF7E5FB049845
:10E9C000D5E56846FFF77EFC0298D0E53A4BD3F8D0
:10E9D000E430180606D4002303A80493FFF7D4FB01
:10E9E0000498C4E56846FFF76DFC0298BFE5324A1B
:10E9F000D2F8D83013F0070304D107B05DF804EB68
:10EA000001F0C0BA1168090108D5012B06D1002315
:10EA100068460193FFF756FC0198A8E5126890003C
:10EA200008D5022B06D1002303A80493FFF7DCFCD2
:10EA300004989CE5204A1168890707D5032B05D166
:10EA400013681E48C3F3C103D84090E512689205CD
:10EA500002D5042B01F03F81174AD2F8F00010F0E4
:10EA600002003FF484ADA3F1050CDCF1000343EB9D
:10EA70000C03D8037BE5104AD2F8D83013F03803E2
:10EA800004D107B05DF804EB01F06ABA1268100116
:10EA900008D5082B06D1002368460193FFF712FC26
:10EAA000019864E5102B0DD1002303A80493FFF710
:10EAB0009BFC04985BE500BF000C02540090D0035F
:10EAC00040787D019B4A1168890707D5182B05D12D
:10EAD00013689948C3F3C103D84048E5126892050A
:10EAE00002D5202B01F0FA80924AD2F8F00010F003
:10EAF00002003FF43CADA3F1280043424341D80358
:10EB000035E58C4AD2F8D83013F4E073B9D01168E7
:10EB1000090108D5402B06D1002368460193FFF771
:10EB2000D1FB019823E51268900008D5802B06D10F
:10EB3000002303A80493FFF757FC049817E57D4AC8
:10EB40001168890707D5C02B05D113687A48C3F32C
:10EB5000C103D8400BE51268920503D5B3F5807F59
:10EB600001F0BF80734AD2F8F00010F002003FF4C9
:10EB7000FEACA3F5A07043424341D803F7E46D4ACD
:10EB8000D2F8D83013F460633FF47BAF1168090109
:10EB900009D5B3F5007F06D1002368460193FFF73E
:10EBA00091FB0198E3E41268900009D5B3F5806FFA
:10EBB00006D1002303A80493FFF716FC0498D6E4BB
:10EBC0005C4A1168890708D5B3F5C06F05D1136891
:10EBD0005948C3F3C103D840C9E41268920503D56C
:10EBE000B3F5006F01F08080524AD2F8F00010F0C7
:10EBF00002003FF4BCACA3F5206043424341D8037C
:10EC0000B5E44C4AD2F8D83013F4E0433FF439AFBE
:10EC10001168090109D5B3F5805F06D10023684664
:10EC20000193FFF74FFB0198A1E41268900009D50A
:10EC3000B3F5005F06D1002303A80493FFF7D4FBCC
:10EC4000049894E43B4A1168890708D5B3F5405FFE
:10EC500005D113683848C3F3C103D84087E412686C
:10EC6000920503D5B3F5804F01F04180314AD2F8C7
:10EC7000F00010F002003FF47AACA3F5A04043424C
:10EC80004341D80373E42B4AD2F8D83013F46033ED
:10EC90003FF4F7AE1168090109D5B3F5004F06D16D
:10ECA000002368460193FFF70DFB01985FE41268AB
:10ECB000900009D5B3F5803F06D1002303A8049343
:10ECC000FFF792FB049852E41A4A1168890708D5A5
:10ECD000B3F5C03F05D113681748C3F3C103D8404B
:10ECE00045E41268920503D5B3F5003F01F00280B8
:10ECF000104AD2F8F00010F002003FF438ACA3F54F
:10ED0000203043424341D80331E40A4AD2F8D83094
:10ED100013F4E0133FF4B5AE116809010ED5B3F555
:10ED2000802F0BD1002368460193FFF7CBFA01989F
:10ED30001DE400BF000C02540090D0031268900044
:10ED400009D5B3F5002F06D1002303A80493FFF7DC
:10ED50004BFB04980BE4A54A1168890709D5B3F564
:10ED6000402F06D11368A248C3F3C103D840FFF770
:10ED7000FEBB1268920503D5B3F5801F00F0BD8776
:10ED80009A4AD2F8F00010F002003FF4F0ABA3F57D
:10ED9000A01043424341D803FFF7E9BB934AD2F89E
:10EDA000D83013F460033FF46CAE116809010AD542
:10EDB000B3F5001F07D1002368460193FFF782FADD
:10EDC0000198FFF7D4BB126890000AD5B3F5800F05
:10EDD00007D1002303A80493FFF706FB0498FFF76D
:10EDE000C6BB824A1168890709D5B3F5C00F06D1A1
:10EDF00013687F48C3F3C103D840FFF7B8BB12685C
:10EE0000920503D5B3F5000F00F07A87774AD2F860
:10EE1000F00010F002003FF4AAABA3F5200043423B
:10EE20004341D803FFF7A3BB704AD2F8D83013F0A0
:10EE3000E0633FF426AE116809010AD5B3F1807F83
:10EE400007D1002368460193FFF73CFA0198FFF7CA
:10EE50008EBB126890000AD5B3F1007F07D1002362
:10EE600003A80493FFF7C0FA0498FFF780BB5F4A3A
:10EE70001168890709D5B3F1407F06D113685C4852
:10EE8000C3F3C103D840FFF772BB1268920503D5E4
:10EE9000B3F1806F00F03787544AD2F8F00010F0D9
:10EEA00002003FF464AB03F17B4043424341D8038B
:10EEB000FFF75DBB4D4AD2F8D83013F060533FF4F2
:10EEC000E0AD116809010AD5B3F1006F07D1002345
:10EED00068460193FFF7F6F90198FFF748BB1268FF
:10EEE00090000AD5B3F1805F07D1002303A80493F3
:10EEF000FFF77AFA0498FFF73ABB3C4A1168890792
:10EF000009D5B3F1C05F06D113683948C3F3C10313
:10EF1000D840FFF72CBB1268920503D5B3F1005F10
:10EF200000F0F486314AD2F8F00010F002003FF40D
:10EF30001EAB03F1584043424341D803FFF717BBD0
:10EF40002A4AD2F8DC3013F007033FF49AAD116877
:10EF5000090109D5012B07D1002368460193FFF76A
:10EF6000B1F90198FFF703BB1268900009D5022B95
:10EF700007D1002303A80493FFF736FA0498FFF79C
:10EF8000F6BA1A4A1168890708D5032B06D1136807
:10EF90001748C3F3C103D840FFF7E9BA12689205D6
:10EFA00002D5042B00F0B586104AD2F8F00010F01C
:10EFB00002003FF4DCAA581F43424341D803FFF745
:10EFC000D6BA0A4AD2F8DC3013F070033FF459ADD8
:10EFD000116809010ED5102B0CD10023684601934E
:10EFE000FFF770F90198FFF7C2BA00BF000C025496
:10EFF0000090D0031268900009D5202B07D1002380
:10F0000003A80493FFF7F0F90498FFF7B0BAAA4AEF
:10F010001168890708D5302B06D11368A748C3F3B8
:10F02000C103D840FFF7A3BA1268920502D5402B5E
:10F0300000F07286A04AD2F8F00010F002003FF40F
:10F0400096AAA3F1500043424341D803FFF78FBA79
:10F05000994AD2F8E03013F0E06304D107B05DF8CC
:10F0600004EB00F0A1BFB3F1807F07D10023684615
:10F070000193FFF727F90198FFF779BAB3F1007F01
:10F0800007D1002303A80493FFF7AEF90498FFF714
:10F090006EBA1168890709D5B3F1407F06D11368AC
:10F0A0008648C3F3C103D840FFF761BA824A1168AA
:10F0B000880503D5B3F1806F00F03186D2F8F000F7
:10F0C00010F002003FF453AA03F17B414B424B4145
:10F0D000D803FFF74CBA784AD2F8E83013F00703A8
:10F0E00004D107B05DF804EB00F024BF012B04D17C
:10F0F00007B05DF804EB00F071BE022B05D1684645
:10F10000FFF7E0F80298FFF732BA1268920302D5CF
:10F11000032B00F00786684A1168880708D5042B7E
:10F1200006D113686548C3F3C103D840FFF71FBA7F
:10F13000106810F400703FF41AAA052B604818BF3D
:10F140000020FFF714BA5C4AD2F8E43013F44033DD
:10F150003FF497ACB3F5803F05D103A8FFF744F91E
:10F160000598FFF704BA1168880709D5B3F5003F81
:10F1700006D113685148C3F3C103D840FFF7F7B96C
:10F180004D4A106810F400703FF4F1A9B3F5403F08
:10F190004B4818BF0020FFF7EAB9474AD2F8E430DD
:10F1A00013F440233FF46DACB3F5802F05D103A8D1
:10F1B000FFF71AF90598FFF7DAB91168890709D539
:10F1C000B3F5002F06D113683C48C3F3C103D84000
:10F1D000FFF7CDB9384A106810F400703FF4C7A9A2
:10F1E000B3F5402F364818BF0020FFF7C0B9324AA8
:10F1F000D2F8E43013F440133FF430AFB3F5801F7E
:10F2000005D103A8FFF7F0F80598FFF7B0B911682A
:10F21000880709D5B3F5001F06D113682748C3F343
:10F22000C103D840FFF7A3B9234A106810F4007057
:10F230003FF49DA9B3F5401F214818BF0020FFF7F8
:10F2400096B91D4AD2F8E43013F440033FF406AFF8
:10F25000B3F5800F05D103A8FFF7C6F80598FFF7AF
:10F2600086B91168890709D5B3F5000F06D113686F
:10F270001248C3F3C103D840FFF779B90E4A1068AA
:10F2800010F400703FF473A9B3F5400F0C4818BF99
:10F290000020FFF76CB9084AD2F8E43013F040734D
:10F2A0003FF4EFABB3F1807F0CD103A8FFF79CF8DC
:10F2B0000598FFF75CB900BF000C02540090D00322
:10F2C00000093D00106810F002003FF450A9B3F1AE
:10F2D000007F40F02E85B34BB3481B68C3F3C103D6
:10F2E000D840FFF744B9AF4AD2F8E43013F0406396
:10F2F0003FF4B4AEB3F1806F05D16846FEF7E2FF8C
:10F300000298FFF734B9106810F002003FF42FA9FB
:10F31000B3F1006F40F010851368A348C3F3C10335
:10F32000D840FFF724B99F4AD2F8DC3003F4E063F9
:10F33000B3F5407F23D00BD8B3F5807F11D0B3F560
:10F34000007F16D0002B3FF489AE0020FFF70FB9E5
:10F35000B3F5806F1AD0B3F5A06F21D00020FFF76E
:10F3600006B9002368460093FEF7ACFF0098FFF74C
:10F37000FEB803A8FFF738F80598FFF7F8B8D2F8F9
:10F38000F000C0F34000C003FFF7F1B8D2F8F0304E
:10F3900013F0006F14BF4FF4FA400020FFF7E7B8F6
:10F3A000D2F8E830116803F04043880707D533B935
:10F3B00013687D48C3F3C103D840FFF7D8B8794A32
:10F3C0001168890503D5B3F1804F00F0B884106847
:10F3D00010F400303FF4CBA8B3F1004F734818BFCE
:10F3E0000020FFF7C4B86F4AD2F8DC3003F4E043E2
:10F3F000B3F5405F23D00BD8B3F5805F11D0B3F5E0
:10F40000005F16D0002B3FF43CAB0020FFF7AFB8F5
:10F41000B3F5804F1AD0B3F5A04F21D00020FFF7ED
:10F42000A6B8002368460093FEF74CFF0098FFF74C
:10F430009EB803A8FEF7D8FF0598FFF798B8D2F852
:10F44000F000C0F34000C003FFF791B8D2F8F030ED
:10F4500013F0006F14BF4FF4FA400020FFF787B895
:10F46000D2F8E830116803F04043880707D533B974
:10F4700013684D48C3F3C103D840FFF778B8494A31
:10F480001168890503D5B3F1804F00F05B841068E3
:10F4900010F400303FF46BA8B3F1004F434818BF9D
:10F4A0000020FFF764B83F4AD2F8DC3003F4E023D1
:10F4B000B3F5403F23D00BD8B3F5803F11D0B3F55F
:10F4C000003F16D0002B3FF4C9AD0020FFF74FB826
:10F4D000B3F5802F1AD0B3F5A02F21D00020FFF76D
:10F4E00046B8002368460093FEF7ECFE0098FFF74D
:10F4F0003EB803A8FEF778FF0598FFF738B8D2F8B2
:10F50000F000C0F34000C003FFF731B8D2F8F0308C
:10F5100013F0006F14BF4FF4FA400020FFF727B834
:10F52000D2F8E830116803F04043880707D533B9B3
:10F5300013681D48C3F3C103D840FFF718B8194A30
:10F540001168890503D5B3F1804F00F0FE83106880
:10F5500010F400303FF40BA8B3F1004F134818BF6C
:10F560000020FFF704B80F4AD2F8DC3003F4E003C0
:10F57000B3F5401F2AD00BD8B3F5801F18D0B3F5D0
:10F58000001F1DD0002B3FF469AD0020FEF7EFBF38
:10F59000B3F5800F21D0B3F5A00F28D00020FEF7DF
:10F5A000E6BF00BF000C02540090D00340787D01FC
:10F5B000002368460093FEF785FE0098FEF7D7BF4C
:10F5C00003A8FEF711FF0598FEF7D1BFD2F8F000AF
:10F5D000C0F34000C003FEF7CABFD2F8F03013F00A
:10F5E000006F14BF4FF4FA400020FEF7C0BFD2F8FE
:10F5F000E830116803F04043880707D533B9136832
:10F60000AB48C3F3C103D840FEF7B1BFA94A1168A4
:10F61000890503D5B3F1804F00F09A83106810F488
:10F6200000303EF4A4AFB3F1004FA34818BF002050
:10F63000FEF79DBF9F4AD2F8DC3003F0E063B3F1E0
:10F64000407F23D00BD8B3F1807F11D0B3F1007F7E
:10F6500016D0002B3FF402AD0020FEF788BFB3F1B7
:10F66000806F1AD0B3F1A06F21D00020FEF77FBFCA
:10F67000002368460093FEF725FE0098FEF777BF4B
:10F6800003A8FEF7B1FE0598FEF771BFD2F8F000AF
:10F69000C0F34000C003FEF76ABFD2F8F03013F0A9
:10F6A000006F14BF4FF4FA400020FEF760BFD2F89D
:10F6B000E830116803F04043880707D533B9136871
:10F6C0007B48C3F3C103D840FEF751BF794A1168A4
:10F6D000890503D5B3F1804F00F03D83106810F425
:10F6E00000303EF444AFB3F1004F734818BF002020
:10F6F000FEF73DBF6F4AD2F8DC3003F0E043B3F1D0
:10F70000405F23D00BD8B3F1805F11D0B3F1005F1D
:10F7100016D0002B3FF4A2AC0020FEF728BFB3F1B7
:10F72000804F1AD0B3F1A04F21D00020FEF71FBFA9
:10F73000002368460093FEF7C5FD0098FEF717BF4B
:10F7400003A8FEF751FE0598FEF711BFD2F8F000AE
:10F75000C0F34000C003FEF70ABFD2F8F03013F048
:10F76000006F14BF4FF4FA400020FEF700BFD2F83C
:10F77000E830116803F04043880707D533B91368B0
:10F780004B48C3F3C103D840FEF7F1BE494A1168A4
:10F79000890503D5B3F1804F00F0E082106810F4C2
:10F7A00000303EF4E4AEB3F1004F434818BF0020F0
:10F7B000FEF7DDBE3F4AD2F8E830126803F440732A
:10F7C000900302D5002B00F0CC82B3F5807F07D1E7
:10F7D000002303A80493FEF7D7FC0498FEF7C7BEE6
:10F7E000B3F5007F40F0C082002368460193FEF726
:10F7F00069FD0198FEF7BBBE2E4AD2F8E03003F057
:10F800000703042B00F2B382DFE803F0060E1603B1
:10F810001E002A48FEF7ABBE002303A80493FEF7A0
:10F82000B3FC0498FEF7A3BE002368460093FEF7DE
:10F8300049FD0098FEF79BBE002303A80393FEF743
:10F84000D3FD0398FEF793BED2F8E830116803F0B9
:10F850004043890707D533B913681548C3F3C1037B
:10F86000D840FEF784BE134A1168880503D5B3F16A
:10F87000804F00F07F82106810F400303EF477AEC5
:10F88000B3F1004F0C4818BF0020FEF770BE094AC4
:10F89000D2F8E03003F03803102B21D010D8BBB9D8
:10F8A000002303A80493FEF76FFC0498FEF75FBEE5
:10F8B0000090D003000C025440787D010080BB0012
:10F8C000182B00F05A82202B12D00020FEF74FBEDA
:10F8D000002368460093FEF7F5FC0098FEF747BE4C
:10F8E000002303A80393FEF77FFD0398FEF73FBEB6
:10F8F000D2F8E830116803F04043890707D533B9DF
:10F900001368A548C3F3C103D840FEF730BEA34A2D
:10F910001168880503D5B3F1804F00F0318210687B
:10F9200010F400303EF423AEB3F1004F9C4818BFF2
:10F930000020FEF71CBE994AD2F8E03003F4E073D1
:10F94000802B1AD008D883B9002303A80493FEF7AC
:10F950001BFC0498FEF70BBEC02B00F01482B3F51D
:10F96000807F12D00020FEF702BE0023684600937D
:10F97000FEF7A8FC0098FEF7FABD002303A8039346
:10F98000FEF732FD0398FEF7F2BDD2F8E8301168B9
:10F9900003F04043890707D533B913687E48C3F3A2
:10F9A000C103D840FEF7E3BD7C4A1168880503D542
:10F9B000B3F1804F00F0EA81106810F400303EF49B
:10F9C000D6ADB3F1004F764818BF0020FEF7CFBD8B
:10F9D000724AD2F8E03013F460633FF40EA8116865
:10F9E00009010AD5B3F5007F07D1002368460193CA
:10F9F000FEF768FC0198FEF7BABD126890000AD5C0
:10FA0000B3F5806F07D1002303A80493FEF7ECFC45
:10FA10000498FEF7ACBD614A1168890709D5B3F5B2
:10FA2000C06F06D113685C48C3F3C103D840FEF72A
:10FA30009EBD1268900503D5B3F5006F00F0A98153
:10FA4000564A106810F400303EF491ADB3F5206FC3
:10FA5000534818BF0020FEF78ABD126890000AD5EF
:10FA6000B3F5005F07D1002303A80493FEF7BCFCA5
:10FA70000498FEF77CBD494A1168890709D5B3F59A
:10FA8000405F06D113684448C3F3C103D840FEF772
:10FA90006EBD1268900503D5B3F5804F00F07C81F0
:10FAA0003E4A106810F400303EF461ADB3F5A04F4B
:10FAB0003B4818BF0020FEF75ABD384AD2F8E03064
:10FAC00013F460333EF499AF116809010AD5B3F518
:10FAD000004F07D1002368460193FEF7F3FB01981E
:10FAE000FEF745BD126890000AD5B3F5803F07D1F7
:10FAF000002303A80493FEF777FC0498FEF737BDB4
:10FB0000264A1168890709D5B3F5C03F06D11368A5
:10FB10002148C3F3C103D840FEF729BD1268900500
:10FB200003D5B3F5003F00F03A811C4A106810F489
:10FB300000303EF41CADB3F5203F194818BF00203B
:10FB4000FEF715BD154AD2F8E43003F00303022B8B
:10FB50000CD0032B10D0012B7FF4C3AA002303A8E1
:10FB60000493FEF711FB0498FEF701BD6846FEF70B
:10FB7000A9FB0298FEF7FBBCD2F8E830116803F04D
:10FB8000404389070ED56BB913680348C3F3C1031B
:10FB9000D840FEF7ECBC00BF0090D003000C02542C
:10FBA00040787D01884A1168880503D5B3F1804FFC
:10FBB00000F0F880106810F400303EF4D8ACB3F1D7
:10FBC000004F824818BF0020FEF7D1BC7E4AD2F811
:10FBD000E830D2F8F01003F0C003890702D5002BFB
:10FBE00000F0E380D2F8F020100102D5402B00F0A5
:10FBF000E080754A106810F400703EF4B8AC802BB9
:10FC000048F2120018BF0020FEF7B1BC6E4AD2F8CD
:10FC1000E830116803F03003890402D5002B00F0AE
:10FC2000CC801268920109D5102B07D1002303A8BC
:10FC30000493FEF7A9FA0498FEF799BC624AD2F839
:10FC4000F010880702D5202B00F0BA80D2F8F0001F
:10FC500010F000603EF48BAC302B0CBF4FF4FA4038
:10FC60000020FEF784BC1168890009D5202B07D13C
:10FC7000002303A80493FEF7B7FB0498FEF777BCB4
:10FC8000106810F400503EF472AC302B504818BF8E
:10FC90000020FEF76CBC4FF40040FEF768BC4FF448
:10FCA000FA40FEF764BC0020FEF761BC0020FEF7BE
:10FCB0005EBC0020FEF75BBC0020FEF758BC454848
:10FCC000FEF755BC4448FEF752BC4248FEF74FBC15
:10FCD0004148FEF74CBC4048FEF749BC3E48FEF7A1
:10FCE00046BC3D48FEF743BC3B48FEF740BC3A48A3
:10FCF000FEF73DBC3848FEF73ABC3748FEF737BC44
:10FD00003548FEF734BC3448FEF731BC3248FEF7C4
:10FD10002EBC3148FEF72BBC2F48FEF728BC2E48DE
:10FD2000FEF725BC2948FEF722BC4FF40040FEF741
:10FD30001EBC0020FEF71BBC0020FEF718BC2648A6
:10FD4000FEF715BC2448FEF712BC2348FEF70FBC93
:10FD50002148FEF70CBC2048FEF709BC1E48FEF700
:10FD600006BC1A48FEF703BC0020FEF700BC0020CA
:10FD7000FEF7FDBB1848FEF7FABB1648FEF7F7BBC7
:10FD80001548FEF7F4BB1348FEF7F1BB1248FEF727
:10FD9000EEBB1148FEF7EBBB0F48FEF7E8BB0E4881
:10FDA000FEF7E5BB0C48FEF7E2BB4FF40040FEF760
:10FDB000DEBB4FF4FA40FEF7DABB0548FEF7D7BBCF
:10FDC0004FF40040FEF7D3BB000C025440787D0195
:10FDD000006CDC020080BB0000093D004E4B30B5DA
:10FDE000DA6902F01802082A00F08F80DA6912F04E
:10FDF000180F09D11A68494812F0200F03D01B6868
:10FE0000C3F3C103D84030BDDA6902F01802102AEA
:10FE10007DD0DA6902F01802182A7AD1996A9D6AAF
:10FE20009A6A15F47C5F9C6BC5F30520EBD0C2F396
:10FE30000012C4F3CC04624307EE900A06EE902A47
:10FE400001F00302012AB8EEE77AFAEEE96AF7EE6A
:10FE5000005A0FD0032A4AD05B6B9FED316AC3F37F
:10FE6000080307EE903AF8EEE77A77EEA67A77EE97
:10FE7000A57A37E01A68920627D51968274AC1F390
:10FE8000C101CA4007EE902AB8EEE76A5B6BC6EE86
:10FE9000077AC3F3080307EE103AB8EEC77A37EED5
:10FEA000267A37EE257A67EE877A1B4B5B6BC3F3B6
:10FEB0004623013307EE103AF8EEC76A87EEA67ABA
:10FEC000FCEEC77A17EE900A9DE75B6B9FED156A13
:10FED000C3F3080307EE903AF8EEE77A77EEA67AD6
:10FEE00077EEA57AC6EE076A67EEA67ADDE75B6B6A
:10FEF0009FED0D6AC3F3080307EE903AF8EEE77A38
:10FF000077EEA67A77EEA57AECE708487BE7084813
:10FF100079E7024877E700BF000C02540090D00355
:10FF20000024744A0024744C20BCBE4B00093D00E0
:10FF300040787D0108B5FFF751FF064B064A1B6A62
:10FF400003F00F03D35C03F01F03D840034B18608A
:10FF500008BD00BF000C0254482E080CC0D9043064
:10FF600008B5FFF7E7FF054B054A1B6AC3F3021309
:10FF7000D35C03F01F03D84008BD00BF000C02543F
:10FF8000402E080C08B5FFF7D5FF054B054A1B6A44
:10FF9000C3F30223D35C03F01F03D84008BD00BFA6
:10FFA000000C0254402E080C08B5FFF7C3FF054BA8
:10FFB000054A1B6AC3F30233D35C03F01F03D84026
:10FFC00008BD00BF000C0254402E080C042A09DBB7
:10FFD0000B68036000F1040001F10401A2F10402C6
:10FFE000042AF5DA002A09D00B78037000F1010029
:10FFF00001F10101A2F10102012AF5DA70470000C6
:020000040C08E6
:10000000044B82B0186883B26FF30F00184302B03C
:10001000704700BFE834080C0C2070470020704780
:10002000012805D902280CBF00206FF0040070479A
:100030006FF0030070476FF003007047014B1868C2
:10004000704700BF640A053000487047D034080C80
:1000500008B54FF47A7000F081FA002008BD000066
:100060000C4B70B55A6992B11C69002301390144E7
:10007000151DA34201D1002070BD52F833608642A5
:1000800003D855F83360B14201D90133F1E70120BB
:10009000F2E700BFECD904302DE9F0411446204BC3
:1000A00096001A78074622F002021A70421E02EBEE
:1000B0008402B2F5800F0D4611D31A4A94693CB1FF
:1000C0006FF004001A7842F002021A70BDE8F08165
:1000D0003246FF21284606F099F92046F6E700232C
:1000E000DFF844803146C8F80030FFF7B9FF3246E8
:1000F00090B107F140612846FFF768FFD8F800305B
:1001000023B132460021284606F080F9002324F06E
:100110004040C8F80030D9E707F10061EBE700BFC5
:10012000640A0530ECD90430680A053038B50E4D44
:100130006B68DC0709D40C4B5A68900711D45A68D5
:10014000520744BF0422DA6038BD03F0E7FF0446DB
:100150006B689907EFD403F0E1FF001B0128F7D982
:10016000E9E70222DA60EAE7000403500B4A10B51F
:10017000D36823F00203D36004F056F803F0CEFFF7
:10018000044604F06DF840B103F0C8FF001B0128DD
:10019000F7D904F065F80028F3D010BD000403502F
:1001A0002DE9F04F454F87B03B784FEA8208019127
:1001B00023F002034146064615463B70FFF750FF09
:1001C000F0B14FF0020B4FF0406A721E4244B2F59C
:1001D000800F0CD248EA060414F00F0407D1384B04
:1001E000D3E902C1234601F1040E63450DD16FF03E
:1001F00004003B7843F002033B7007B0BDE8F08F8A
:100200004FF0006ADFF8BCB0DFE751F833008642F8
:1002100003D35EF83300824244D90133E5E700F0AE
:1002200071F93B7843F001033B70019B10221919CF
:1002300002A804F0A7F8029B049A05991A40039BB0
:100240000B40B3F1FF3F08BFB2F1FF3F24D00AEBF0
:100250000601584602AA214400F0CCF98146103428
:10026000A04502D0B9F1000FDFD03B78414623F022
:10027000010330193B70FFF7F3FE80B100F062F923
:10028000FFF754FF03F0C6FFB9F1000F25F040401F
:1002900018BF4FF0FF30B0E74FF00009DFE700F084
:1002A00045F9EDE7FFF762FF41463046FFF7D8FE1C
:1002B0000028B4D100F012F9B3E700BF640A05309A
:1002C000ECD904300200008070B5B0F5800F044610
:1002D00086B008D2C0F30C032BB9324AD2E900121F
:1002E000101D8B4208D16FF004002F4A137843F0A1
:1002F0000203137006B070BD52F83350AC4203D302
:1003000050F83350AC4207D90133EAE700F0E6F881
:1003100029E000F00BF93BE004212046FFF7A0FEA6
:100320000028224B18BF0423B4F5001F029334BFEA
:100330000123022303934FF0010305934FEA543343
:1003400001D3A3F58073184E0493FFF70FFF3378A2
:10035000042123F0020320463370FFF781FE0028BA
:10036000D4D000F0CFF8337801A943F0010302A8FC
:10037000337000F003FA3378054623F001030421BB
:1003800020463370FFF76CFE0028C2D000F0DAF888
:10039000FFF7CCFE03F03EFF281E18BF01204042AD
:1003A000A8E700BFECD90430640A053004000080DF
:1003B000174BD3F80421002A29DAD3F8042142F09C
:1003C0000042C3F80421134A1368013313607346D3
:1003D00003F00F030D2B14D1EFF30982D2E906319C
:1003E000C9010CD523F00101098801F46840B0F57A
:1003F000684F04D001F47841B1F5704F04D1043353
:1004000003E0EFF30882E9E7023393617047FEE708
:1004100000200250680A05300C4B10B50C4A9C684D
:100420000C4B13EA240338BF13461A6842F0020249
:100430001A60EFF3108272B60023CC58C450043314
:10044000102BFAD182F3108810BD00BFD0D9043030
:100450002C2002502820024030B50F4DAB68002BF5
:10046000AABF0E4B0E4B0F4A1C68B8BF0E4A44F091
:1004700002041C60AB68146803F004032343136098
:10048000EFF3108272B60023CC58C4500433102B03
:10049000FAD182F3108830BDD0D904302C2002501C
:1004A000282002404420025040200240084B10B552
:1004B000084A9C68084B13EA240338BF13461A689D
:1004C00042F002021A600B889BB2038010BD00BF8D
:1004D000D0D904302C20025028200240074B9A6AC1
:1004E000D20741BF064A5A6002F188325A6046BFBD
:1004F000986A00F001000120704700BF0020025000
:1005000023016745074BDA6AD20741BF064A9A6062
:1005100002F188329A6046BFD86A00F001000120DB
:10052000704700BF0020025023016745044B9A6AC0
:1005300042F001029A62986AC04300F001007047DD
:1005400000200250044BDA6A42F00102DA62D86AF3
:10055000C04300F00100704700200250F8B5054686
:1005600003F0DCFD1D4E1E4CB2681E4B074614EA1C
:10057000220438BF1C46236813F00B0F1AD1B16850
:10058000194B1A4A1A4812EA210238BF1A46216842
:10059000036A01F47E0103F400030B4315D0716874
:1005A0001943716013601A0202D54FF4000303630C
:1005B00001200EE0691CDED003F0B0FDC01BA84294
:1005C00001D8002DD7D1032003E02368DB0301D439
:1005D0000020F8BD4FF480331360F9E7D0D9043020
:1005E00020200240242002503420025030200240BB
:1005F000002002502DE9F041264D04462B780E468E
:10060000012B174644D001232B7000234FF47A703E
:100610006B60FFF7A3FF50BB1F4B204AAC6012EA90
:10062000240838BF984624F00043022B23D13946D2
:100630003046FFF7F1FE4FF47A70FFF78FFFD8F8DE
:10064000003024F0304222F0040223EA0203C8F80A
:100650000030134B9C420AD1A968124A124B13EA8C
:10066000210338BF13461A6822F004021A600023DF
:100670002B70BDE8F0810D4B24F004029A423946FC
:10068000304602D1FFF7E8FED5E7FFF70FFFD2E7CC
:100690000220EEE7D0D904302C200250282002405E
:1006A00006000010442002504020024002000010CA
:1006B000124B134A9968134B13EA210338BF1346B0
:1006C00000F00302032A06D11A6842F4004242F005
:1006D00020021A607047C10707D51A6822F000424D
:1006E00022F0280242F028021A608207F2D51A6826
:1006F00042F0004242F02802EBE700BFD0D90430BC
:100700002C20025028200240064B074A9968074BCC
:1007100013EA210338BF13461A6842F008021A6030
:10072000704700BFD0D9043044200250402002401E
:100730000F4B104A10B59C680F4B800113EA24033D
:1007400038BF1346C9071A680AD522F0004222F4BE
:100750007F521A601A68024342F024021A6010BDE8
:1007600022F47F521A601A68024342F00042F3E713
:10077000D0D904302C200250282002402DE9F84323
:10078000294E054633788946012B4AD00123337020
:1007900000234FF47A707360FFF7E0FE0446F0B96F
:1007A0002B682249224AB36011EA230838BF9046D9
:1007B00048F2080223F00041914215D16868FFF722
:1007C00077FF4FF47A70FFF7C9FE04462A68D8F81D
:1007D000003022F0004223EA0203C8F80030002370
:1007E00033702046BDE8F883082B02D1FFF78CFF59
:1007F000E7E74FF0FF33C9F80030AF68D5E90223CF
:100800001344BB42E2D938466968FFF791FF4FF4C1
:100810007A70FFF7A3FE10B1C9F80070D5E7013771
:10082000ECE70224DDE700BFD0D9043028200240E5
:100830002C200250B1F5417F30B580F08C80050F3F
:1008400000F01F0202EB45145A2C00F2848083064C
:1008500058D5002C7FD140F201138B432BD13F4B55
:100860001A694FF0FF321A6158693D4A02435A61D2
:100870009A6942F0BF6242F4FF2242F4E06242F021
:1008800003029A6140F202238B4327D1334B1A6A49
:100890004FF0FF321A62596A314A0A435A629A6A21
:1008A00042F0BF6242F4FF2242F4E06242F00302EF
:1008B0009A62002030BDCD05E4D5284B1A691C6131
:1008C0005869284A02405A619A6922F0BF6222F4AC
:1008D000FF2222F4E06222F00302D2E78C05E8D581
:1008E0001E4B1A6A00221A62596A1E4A0A405A624C
:1008F0009A6A22F0BF6222F4FF2222F4E06222F020
:100900000302D5E740F20110174B88432B444FEA0E
:1009100083030FD101201C6890402043186040F2EF
:10092000022088430ED10121186901FA02F2024324
:100930001A61BEE7C805F2D501241868944020EA80
:100940000400EBE78905B4D50120196900FA02F229
:1009500021EA0202ECE70120ACE700BF00240350CB
:1009600007FF0FFFF800F00004C90014036843F00C
:10097000010303607047000020F0805323F48023BC
:10098000B3F1005FF0B50CD02F4A20F080539342B2
:1009900007D002F5C022934203D002F5C022934251
:1009A00050D10E6836F000434CD14D6835F080448C
:1009B00048D120F08050B0F1005F35D0234B9842F1
:1009C00036D003F50033984236D003F5C023984261
:1009D0004FF4C02234D01E4B900B002201F184074B
:1009E00002F1800C57F804EF0132904243F82CE0FA
:1009F000F6D12E430A1D04F1400552F8047F01345C
:100A0000A04243F82570F6D14FF0FF32824000201B
:100A10001C69D1F8081122400A431A611A6822F0B1
:100A2000404232431A60F0BD4FF48022094BD3E7B5
:100A30004FF40032084BCFE74FF4C022074BCBE70F
:100A4000074BC9E70120EEE7000006200000042064
:100A5000003C0350002C035000300350003403507E
:100A60000038035020F08050B0F1005F30B532D034
:100A7000224B984233D003F50033984233D003F52C
:100A8000C023984233D003F5C023984233D14FF4AA
:100A9000C0231B4A10689B0B00F080444C604FF051
:100AA000FF3400F00040086010699C4020EA040018
:100AB000C1F808010020043102EB8004D4F8005191
:100AC000013041F8045FD4F800428342C1F880400D
:100AD000F2D1002030BD4FF480230A4ADAE74FF408
:100AE0000033094AD6E74FF4C023084AD2E74FF44F
:100AF000C023074ACEE70120ECE700BF0000042036
:100B0000003C0350002C03500030035000340350CD
:100B100000380350030F00F01F0101EB43127D2A40
:100B200019D880060CD5B2B94FF0FF320B4B1A60C2
:100B30000B4A5A600B4A9A600B4ADA6000207047F1
:100B4000012203F1A05303F54A439B0018688A4031
:100B500002431A60F2E70120704700BF00280350EB
:100B600007FF0FFF03FFFF05FF0F3F3FBFF34F8F4F
:100B70000549064BCA6802F4E0621343CB60BFF339
:100B80004F8F00BFFDE700BF00ED00E00400FA0555
:100B900008B5FFF7EBFF0320704748B14FF4403230
:100BA0004FF48023C0E90023012303720020704723
:100BB0004CF2DA20704748B14FF4E0224FF4004382
:100BC000C0E9002301230372002070474CF2DA20B1
:100BD000704772B620BFFDE7FCF70CBC07B50421D7
:100BE000072001AA00F0D6FB40B9019B072B02D8D1
:100BF000034A32F8130003B05DF804FB0020FAE763
:100C0000EC34080C73B50A4605460E4601680A2006
:100C100000F0C0FB044670B90A2001A900F086FB71
:100C2000044640B92968019B3046994228BF1946BD
:100C300005F0E0FB2860204602B070BD034618B105
:100C400011B100201860704743F65C2070470A46D7
:100C50000146062000F09EBB13B50A460446016813
:100C6000082000F097FB50B9082001A900F05EFBB6
:100C700028B92268019B9A4294BF2260236002B087
:100C800010BD73B50A4605460E460168092000F0FE
:100C900081FB044670B9092001A900F047FB044616
:100CA00040B92968019B3046994228BF194605F092
:100CB000A1FB2860204602B070BD37B50422BD30CC
:100CC00084000D4620460DEB020100F073F958B97F
:100CD000019B5A1C0AD0AB420BD8042220460DEBD4
:100CE0000201019500F0A6F903B030BD45F2A35012
:100CF000FAE74AF2C530F7E770B5A2B00D4601A990
:100D0000064600F013FB044610BB019B802B28BF56
:100D10008023B5EBC30F019321D80146802202A89E
:100D200005F074FBFF21EA0802ABA24213D104F1E3
:100D300088030DEB0304012305F00705AB40013BDD
:100D40003046019902AA04F8803C00F0C7FB044633
:100D5000204622B070BD03F8011B0134E5E745F2DF
:100D6000A354F5E7F0B5A3B00D466946064600F07A
:100D7000DDFA0446C8B900993046802928BF802191
:100D800002AA009100F006FB044670B90146024633
:100D9000009F019002ABB8420AD102B10191042236
:100DA00028460DEB020103F0EDFA204623B0F0BD1A
:100DB000002213F801CB4CFA02F6013206F00106CC
:100DC000082A3144F7D101220130E4E706281BD874
:100DD000DFE800F004090D111416180004224FF486
:100DE0003D7000F0E7B804224FF43E70F9E70422AA
:100DF0004FF43F70F5E71020FFF7B4BF1120FBE779
:100E00001220F9E71320F7E74CF25A30704700F050
:100E1000E5B9042902D11146FFF7D8BF43F65C209B
:100E2000704737B505460C46062824D8DFE800F0A1
:100E3000041517191D1F21000020FFF73EFF50B9B0
:100E4000284601A9FFF7C2FF28B943F65C23019A9F
:100E5000A24218BF184603B030BD0120EDE70220C2
:100E6000EBE71020FFF748FFE9E71120FAE712202F
:100E7000F8E71320F6E74CF25A30ECE713B501A976
:100E80000446FFF7A3FF30B901994B1C05D020465B
:100E90000131FFF7C6FF02B010BD45F2A350FAE7DB
:100EA000022905D90839022909D94CF25A3070476C
:100EB000B0F5807F4CF25A3008BF00207047002800
:100EC0004CF25A30B8BF00207047022804D819B13C
:100ED00008300860002070474AF2C53070470000B3
:100EE0000048704700FC05304FF4806070470000F8
:100EF00070B50446074E4518A54201D8002070BDC4
:100F00002046F369984710B904F50054F4E743F616
:100F10005C20F4E7A434080C2DE9F84FDFF864A056
:100F20000746DAF804308846154698470024134BE4
:100F3000C0F3410013F8209004F18003AB4294BF4A
:100F400080262E1BB6FBF9FBDAF814305A460C4902
:100F50003819984700280EDB5A46DAF81830084945
:100F600008EB04009847002805DB3444A542E3D889
:100F70000020BDE8F88F43F65C20FAE7FC34080C4B
:100F80006C0A0530A434080C08B54FF400514FF436
:100F90002830FFF7ADFF48B9BDE808404FF40052D4
:100FA0004FF428314FF42030FFF7B6BF43F65C20F2
:100FB00008BD00002DE9F347DFF874900546D9F825
:100FC0000430884614469847184BC0F3410013F884
:100FD00020A0B5FBFAF70AFB175727BBA4B9384680
:100FE00002B0BDE8F0870AFB06F6A41BF7D0012289
:100FF00001A9A819C847002812DB224601A908EB5D
:10100000060003F0BFF9EAE7B4FBFAF605F5203570
:10101000324641462846D9F81490C8470028E2DAFB
:1010200043F65C27DBE74AF2C537D8E7FC34080C07
:10103000A434080C2DE9F04F86187542C5F30C0551
:10104000354485B0B5F5005F0446019104D943F6F7
:101050005C2005B0BDE8F08FDFF87881D8F8043067
:1010600098470422584BC0F3410053F82070D8F839
:10107000143056480093FBB2B2FBF3F203A9009B75
:101080009847039A531C023208BF01230393002D93
:1010900034D024F4FF5B2BF01F0BA5EB0B010BF5F9
:1010A0002030FFF725FF0028D1D1B5F5407FAA46B3
:1010B00028BF4FF4407ADA4529D8B5F5407F5ED392
:1010C000FBB21027B7FBF3F7414D3A4629463F489C
:1010D000009B9847B6F5407F5CD8042203A93C48A2
:1010E00003F050F93B4B3A4639493B489B699847D6
:1010F00008B18742ABD1FFF747FFAAE74FF4005191
:101100004FF42030FFF7F4FE0028C2D09FE70BF128
:1011100080039A452CBF4FF08009AAEB0B095FFAB8
:1011200087F8B9FBF8F82A494246009B0BF52830AE
:1011300098475E4516D909EB0B039C4212D2A34592
:101140005A4638BF2246111BA2EB0B009E4294BFA9
:10115000C2EB0602C2EB0302019B19441C4B18446C
:1011600003F010F91B4B42469B6919490BF52030DF
:10117000984710B180457FF46AAFCB449BE74FF4AA
:1011800040724FF420314FF42830FFF7C5FE00289D
:1011900096D05CE7B4F5447F9FD2B4F5407F2246F9
:1011A00038BF4FF44072019B111BA2F540700B44F5
:1011B000B6F5447F94BFC2EB0602C2F544721946ED
:1011C000284403F0DFF888E7FC34080C00A3020091
:1011D0006C0A0530A434080C008302002DE9F041AC
:1011E0004D4F86B00020BB68984700286BD1042281
:1011F0006946FFF7DFFE044600283FD104224FF482
:1012000040700DEB0201FFF7D5FE0446002835D1F2
:10121000424E009BB34203D1019B013B03335ED995
:101220007B6898473E4BC0F3410053F8205004229E
:101230004FF4005004A9FFF7BDFE0446F0B90422A4
:101240004FF40C5005A9FFF7B5FE0446B0B9049B56
:101250004FF40051B3424FF4203013D1059B013BB2
:1012600003330FD8FFF744FE68BB4FF400524FF42E
:1012700020314FF42830FFF74FFE20BB204606B048
:10128000BDE8F081FFF734FE0146E0B94FF0800879
:10129000EDB28022234805F0B9F8B8FBF5F84FF419
:1012A0002035BF69284642461E498035B847B5F506
:1012B000283FF7D1FFF768FE28B9042202A9029659
:1012C000FFF7B8FE10B143F65C24D7E701230422F0
:1012D00003A94FF440700393FFF7ACFECDE704225F
:1012E0004FF40C5005A9FFF765FE04460028C5D150
:1012F000059B5A1E033206D8019A934203D3023348
:10130000BCD1012ABAD1FFF73FFE43F65C23002887
:1013100018BF1C46B2E700BFA434080C1281DEC01F
:10132000FC34080C6C0A0530FFF758BF1E280BD898
:10133000012303FA00F00A4B034043B9094B18425A
:101340000BD110F0980F06D14CF25A307047202381
:1013500000200B6070470423FAE74023F8E700BF42
:1013600065FF004000000F2037B50C4601A91D465F
:10137000FFF7DCFF50B9019B29469A4228BF1A4665
:10138000204603B0BDE83040FFF714BE4CF25A309F
:1013900003B030BD13461E2870D8DFE800F0106F90
:1013A00015191D2125292D3135393D42474C5156FE
:1013B0005B606F6F6F6F6F6F6F6F6F656A000A466C
:1013C00000200421FFF7D0BF0A4602202421F9E7BC
:1013D0000A4603204421F5E70A4604204821F1E7A4
:1013E0000A4605204C21EDE70A4606206C21E9E774
:1013F0000A4607208C21E5E70A4608209021E1E70C
:101400000A460920B021DDE70A460A20D021D9E7A3
:101410000A460B20F021D5E70A460C204FF48871CC
:10142000D0E70A460D204FF49871CBE70A460E200C
:101430004FF41471C6E70A460F204FF41C71C1E740
:101440000A4610204FF4A871BCE70A4611204FF459
:10145000C871B7E70A4612204FF4E871B2E70A46AE
:1014600013204FF40471ADE70A461D204FF4257197
:10147000A8E70A461E204FF43571A3E74CF25A3014
:101480007047F0B593B00E4601A915461C46FFF70C
:101490004DFF00BB019B934203D24AF2C53013B00B
:1014A000F0BD402BF9D8304602A9FFF783FD002894
:1014B000F5D1224602AB2819824205D12A4621469F
:1014C0003046FFF7B7FDEAE713F8011B12F8017B7E
:1014D000B943F1D0E1E74CF25A30E0E713461E2859
:1014E00070D8DFE800F0106F15191D2125292D3166
:1014F00035393D42474C51565B606F6F6F6F6F6F70
:101500006F6F6F656A000A4600200421FFF7B9BFBC
:101510000A4602202421F9E70A4603204421F5E780
:101520000A4604204821F1E70A4605204C21EDE750
:101530000A4606206C21E9E70A4607208C21E5E7E8
:101540000A4608209021E1E70A460920B021DDE79C
:101550000A460A20D021D9E70A460B20F021D5E718
:101560000A460C204FF48871D0E70A460D204FF44C
:101570009871CBE70A460E204FF41471C6E70A466D
:101580000F204FF41C71C1E70A4610204FF4A871D8
:10159000BCE70A4611204FF4C871B7E70A4612208B
:1015A0004FF4E871B2E70A4613204FF40471ADE737
:1015B0000A461D204FF42571A8E70A461E204FF465
:1015C0003571A3E74CF25A30704700207047002075
:1015D0007047000007B508216A460220FFF7DAFECF
:1015E000DDE900020C490D4B9A4208BF88420BD13D
:1015F0000B48FBF7EBFE0B48FBF7E8FE0A48FBF74E
:10160000E5FE0A48FBF7E2FE08220021684604F0E6
:10161000FDFE03B05DF804FBA9B454B26D6F90A455
:10162000B133080CC033080CEF33080C1034080C2D
:1016300013B5044668B10421072001AAFFF7AAFEEA
:1016400028B9019B012B8CBF00230123237002B01A
:1016500010BD4AF2C530FAE707B520210020074A3D
:10166000FFF73CFF30B901230421072001AA0193B1
:10167000FFF734FF03B05DF804FB00BF1836080C19
:1016800007B520210220214AFFF728FF00283AD180
:10169000042103201E4AFFF721FFA0BB04211D4A9D
:1016A0000846FFF71BFF70BB202106201A4AFFF7F0
:1016B00015FF40BB20210820184AFFF70FFF10BB81
:1016C00020210920164AFFF709FFE0B920210A204E
:1016D000144AFFF703FFB0B920210B20124AFFF78D
:1016E000FDFE80B940211D20104AFFF7F7FE18B11A
:1016F0004CF25A33984206D103230421072001AA51
:101700000193FFF7EBFE03B05DF804FB0C35080C0A
:101710002C35080C3035080C3435080C5435080CC1
:101720007435080C9435080CB435080CD435080C05
:1017300007B50421072001AAFFF72CFE98B9194824
:10174000FBF744FE1848FBF741FE1848FBF73EFE46
:101750001748FBF73BFE019B43B10421072001AA78
:10176000FFF718FE78B103B05DF804FBFFF72DFF1B
:101770000028F8D1FFF770FF0028F4D1FFF727FF0A
:101780000028EAD0EFE7019B012BECD1FFF71DFF0A
:101790000028E8D1FFF774FF0028E4D1FFF717FF16
:1017A000E1E700BFB133080C1734080CEF33080C25
:1017B0001034080C07B506487146826AC36AD0F82F
:1017C000E40000900348FBF701FEFFF702FA00BFB8
:1017D00000ED00E01933080C07B5164B83F30A88B7
:1017E000154801F04DF908B1FFF7E4FF01F0B8F931
:1017F0000028F9D1FFF798FD0028F5D10DF1070079
:10180000FFF716FF0028EFD19DF807301BB1FFF757
:101810008FFF0028E8D1FFF7DDFE00F07BFD01F02F
:10182000BDF900F063FD00F0F5F8002003B05DF8AD
:1018300004FB00BF002404306C05053030B5094CB2
:10184000024661680023084640B105686D6895420C
:1018500005D11BB1826860609A60816030BD03462B
:101860008068F1E7F005053003689A68DB6812F4D8
:10187000806F05D18B4234BF6FF0FA0000207047B3
:101880008B4214BF6FF0FA000020704710B542B1D0
:101890000B689B6813F4807F0CBF6FF0FC00002086
:1018A00010BD0B4B1B680BB9FFF784FF1B689969D0
:1018B00038338A4203D053F8044FA04205D19142F5
:1018C0000CBF6FF0FC000020EAE70132F1E700BF37
:1018D000F805053070B504460E4615460021302245
:1018E0000C3004F093FD064B20461B68A660636035
:1018F000656100F083FC00232061236070BD00BFA0
:10190000F8050530034B186810B1006800B1406855
:10191000704700BFF805053010B500F07FFC0446A5
:1019200000F098FC50B9FFF7EDFFA3685B681B68F7
:101930005B68834218BF0024204610BD0024FBE7EB
:1019400008B5064B1B680BB9FFF734FF1B68986896
:1019500000F44060003818BF012008BDF8050530CC
:101960002DE9F041074616460C4619B96FF0800084
:10197000BDE8F0814B0023D51E4B01F01F0253F848
:101980002250002DF2D02B68D3F80480FFF7D8FF47
:10199000294602464046FFF779FF28BB2846C4F394
:1019A0000721FFF761FF0028E0D100F04DFC04465D
:1019B000E8B132462946FFF78DFF00203C60D7E7AB
:1019C000084600F02BFC04460028CFD000F042FC73
:1019D0000028CBD16369B342C8D12368002BC5D19D
:1019E000A368002BE9D1C1E76FF08100C0E76FF079
:1019F0008200BDE77005053010B5044630B100F037
:101A0000E7FBB4EBD07F04D0FFF7D4FEFFF77AFFFB
:101A1000F7E710BD38B500F009FC0023114A536008
:101A2000114A536000F0DEFB0E4800F021F8044636
:101A3000A0B10D4980230D4A00F09AF805462046D2
:101A400000F0E4F82068211D01F036F808B1FFF736
:101A5000B1FE2946204600F071FBE5E7BDE83840BD
:101A600000F082BBFC050530F0050530700505303F
:101A70000146F8B508B9FFF79DFEDFF8F0C0DCF8C5
:101A8000003013F1350F66D8344A156803F134027B
:101A9000AA4260D2DA69986902EB82020F300244EE
:101AA000186A00EB40000244586A02EBC002920040
:101AB0009A18E0D29542DED31868294D060C3604F8
:101AC000AE42D8D180B2B0F5817FD4D25868002818
:101AD000D1DBD3E90A56B542CDDC986810F4406FEB
:101AE00003D03542C7D5486890B91E4E306800F122
:101AF000200535601C4E3668B542BCD8A842BAD81D
:101B00004C680360CCF800207CB9C4614860F8BD23
:101B10000768BC6814F4406F05D0BC6AA64202DBBB
:101B2000FF6ABD42A7DDC069DEE71E8E00222346A4
:101B30001D682D8EB54207D9002AE6D0D369C3614E
:101B4000D061E4E72B46F3E7DD691A46002DF9D1B1
:101B5000C561D861DBE70020D9E700BF4036080C3B
:101B600000005F5FC8D904303C36080CCCD9043083
:101B70002DE9F84F9B4600B109B9FFF71BFE046839
:101B8000204EA569E76904F13C0C0CEB850C356827
:101B9000A7B10C2404FB075434601B4E3668B442D2
:101BA000EBD8A542E9D800262C464FF01408B146E0
:101BB000B74200D025B90020BDE8F88F3D46F2E7D6
:101BC00008FB06CEC4E900E0DEF808E0C4F808909F
:101BD0001EF4007F0FD0002ACFD0BBF1800FCCD1F4
:101BE0001EF0E00F5FFA8EFAC7D152F82A30002BB0
:101BF000C3D142F82A404B680136A3604C600C34D4
:101C0000D6E700BFC4D904303836080C704782309C
:101C1000012808B504D8FFF793FE08B9FFF7CAFDFD
:101C200008BDF8B505460E46FFF776FE044608B92E
:101C3000FFF7C0FD80680028FAD0E368991C46D001
:101C40005A1C23D1002E3FD016F1820F4FF0020311
:101C500018D101252360EFF3108772B63146204674
:101C600000F064FA064687F310882368022B1CBF35
:101C70000023236025B100232046236000F0F8FAFA
:101C80003046F8BD16F1830FE3D0D1E7002BCFDB50
:101C9000002304F1280252F8041F19B1E16F156CFA
:101CA00019444D600833202BF5D103689D6815F465
:101CB000007502D002230125236016F1810FCAD1DD
:101CC0006369002BC7DBB3E72E460025F5E7012546
:101CD0000026C0E708B5FEF77CFF00002DE9F04FB5
:101CE00093B000935F4B0746D3F800B00BB2002BC4
:101CF0000D461646C1F30268C1F3024A04DA6FF0DA
:101D0000800013B0BDE8F08F8B42C36001D100208A
:101D1000F7E708EB0A03042BF1D8CC0F64014FEA74
:101D2000C80931464A46DBF8040044F0020300F0DB
:101D3000ECFE01460028E2D1202202A804F066FB56
:101D40004A46314602A84FEACA0602F01BFB324659
:101D50000099DBF8040044F0060300F0D6FE81464B
:101D60000028CCD1014620220AA804F04FFB3246BD
:101D700000990AA802AE02F005FB334609F10109F9
:101D8000C8452AD815F0006F18BF20241022002162
:101D900007F11C0004F03AFB07F11809102200219A
:101DA00007F12C0004F032FB09EB880844F0020331
:101DB000C1452AD1202C3FD1002D02DBC5F3C045FF
:101DC0006C0107F128050AAE05EB8A0A44F0060407
:101DD000554533D1009BFB6799E7D3E900E21EEB41
:101DE000020201928BD21A464846404501D108337F
:101DF000C4E7D2E902C161448E4503D201998C4502
:101E0000FFF47DAF01300832EFE77268DBF80400C1
:101E100056F8081B019300F078FE00287FF46FAF9E
:101E200056F8042C019B49F8042F56F8082CC9F8E1
:101E30003000C9F82020BBE70024C2E772682346BF
:101E400056F8081BDBF8040000F05FFE00287FF462
:101E500056AF56F8043C45F8043F56F8083C286451
:101E60002B63B5E7F8050530F7B50D461646044671
:101E70001F46FFF765FDFFF7BFFD2146024601A89B
:101E8000FFF76EFD68B93B46324629460198FFF7D9
:101E900025FF40B1630002D5019800F0E9F96FF029
:101EA000800003B0F0BD019800F01CF90122019BF5
:101EB0001A60F6E740F20110704770B50546FFF76B
:101EC0003FFD06462846FFF7B9FC044608B9002046
:101ED00070BD014632462846FFF7D8FC0028F6D1EF
:101EE0002368D868F4E700002DE9F0411F46174B3E
:101EF0000C461646D3F80080FFF70EFD08B9FFF731
:101F000059FCC368002BFADB032CF8D800EB8404DF
:101F1000E569E36CED1AF2D3ADB106233A463146DA
:101F2000D8F8040000F0F1FD0028E8D1BD4228BF38
:101F30003D46E36CE16B2A461944304602F022FA32
:101F4000E36C2B44E3642846BDE8F081F8050530D6
:101F5000F8B51D46154B0C4617461E68FFF7DCFC0E
:101F600008B9FFF727FCC368002BFADB032CF8D86D
:101F700000EB8404E26EE36A9A42F2D89B1AAB4209
:101F8000EFD3706802232A46394600F0BEFD0646AC
:101F90000028E6D1E36EE06D2A463946184402F087
:101FA000F1F9E36E30462B44E366F8BDF8050530E1
:101FB0002DE9F843804608460C4616461F464FEA70
:101FC000D379FFF73BFC054620B96FF0810420462A
:101FD000BDE8F88303689B689B051BD401464A460D
:101FE0002046FFF753FC0028EFD131462846FFF783
:101FF0003BFC04460028E8D100F026F9064660B113
:102000003A462946FFF766FC4FF0FF33F360C8F805
:102010000060DCE76FF08004D9E76FF08204D6E758
:1020200037B50D460446FFF78BFCFFF7E5FC2A4663
:102030000346214601A8FFF7BBFF28B9019C2046B3
:1020400000F050F80123236003B030BD07B50A4605
:1020500078B1430010D4014601A8FFF781FC40B9D4
:102060006FF001030198C36000F03CF80222019B6D
:102070001A6003B05DF804FB6FF08000F9E710B55B
:102080000446FFF75DFCFFF7B7FC01462046BDE8BC
:102090001040FFF7DBBF00002DE9F04105464FF08F
:1020A00001080E4E0E4B37685C681CB92846376035
:1020B000BDE8F0812268936813F400700CD1636965
:1020C000012B09D0D368346023B19847002801DA86
:1020D000FFF770FBC4F81480E469E6E7F805053003
:1020E000FC05053070B50446D0B18368C3B11A68E9
:1020F000B2B15D68A5B10C4BA86168691D6020B9DB
:102100002B68DB684BB901236B61A36804F10C00F9
:102110001B68BDE870401B69184798470028F2DA31
:102120006FF0800070BD00BFF80505304268024BBB
:1021300008461A60704700BFF805053000220368A2
:1021400010B5C0E905229A68044612F4406F07D022
:10215000120503D5D3E90A0100F034F8014B1C60E5
:1021600010BD00BFF805053038B5124B1B681C6860
:10217000A36813F4406F01D1FFF71CFB00F008FDCA
:10218000626B23690C49134423F00703A3F108058C
:1021900043E9021185F30988073222F0070282F32E
:1021A0000B88BFF36F8F054BE268054900F088FD8F
:1021B000002038BDF8050530A5EDF5FEF82B0430FC
:1021C0009920080C014BC3E9000170470406053053
:1021D000034BD3E900308342C8BF0020704700BFE3
:1021E0000406053008B500F0C7FC034B986000F00A
:1021F000C9FC80F3888808BD00ED02E0054A136839
:10220000013303F007031360034A0133801A03EB21
:10221000C00070470C0605301006053018B1024B9F
:10222000013803EBD00070471006053008B5802256
:10223000082340F24C41034800F0A0FD08B1FFF72D
:10224000B9FA08BD10060530014800F0BFBD00BF57
:1022500010060530014608B5044800F0D5FD0028F9
:102260000CBF6FF0FC00002008BD00BF1006053059
:102270000146014800F0BABD10060530EFF30880B2
:102280007146EFF30982EFF30B830CB406B400F050
:1022900023FD8646009900F0080001F00801401A6D
:1022A00002DC14DB04B070472DED108A1EF0200311
:1022B0001CBF2DE9F00FBDF1080D0B4C254626463D
:1022C0002746A046A146A246A34630B4704704B0B4
:1022D00030BC1EF020031CBF1DF1080DBDE8F00F3F
:1022E000BDEC108A04B07047A5EDF5FE084BDA6826
:1022F00082F07F4282F47F0242F48042DA60002260
:102300001A765A76DA76DA77702283F822207047C6
:1023100000ED00E0154B1649D3F8882042F4700216
:10232000C3F88820D1F8882042F47002C1F88820D0
:10233000BFF34F8FBFF36F8FD3F88C2042F440620E
:10234000C3F88C20D3F8342242F08042C3F8342200
:10235000D3F8342242F03C42C3F834224FF0E0225A
:10236000D36843F42003D360704700BF00ED00E062
:1023700000ED02E080EA0000E1EE100A00EE100A33
:1023800000EE900A01EE100A01EE900A02EE100A29
:1023900002EE900A03EE100A03EE900A04EE100A11
:1023A00004EE900A05EE100A05EE900A06EE100AF9
:1023B00006EE900A07EE100A07EE900A08EE100AE1
:1023C00008EE900A09EE100A09EE900A0AEE100AC9
:1023D0000AEE900A0BEE100A0BEE900A0CEE100AB1
:1023E0000CEE900A0DEE100A0DEE900A0EEE100A99
:1023F0000EEE900A0FEE100A0FEE900A70470000E2
:10240000009A164B9A4227D101229043014641EC93
:10241000100B41EC110B41EC120B41EC130B41EC96
:10242000140B41EC150B41EC160B41EC170BEFF3C1
:10243000148222F0040282F31488BFF36F8F0246E5
:1024400003460446054606460746804681468246C0
:102450008346844686460447FEE70000A5EDF5FE68
:10246000BFF34F8F0549064BCA6802F4E06213437D
:10247000CB60BFF34F8F00BFFDE700BF00ED00E072
:102480000400FA052DE9F04F5F1CC2F308048046F2
:102490000E46C7B04FEA52297F0A2CB940F2FF120C
:1024A000C3F30801914201D0FFF7DAFF721E9A428E
:1024B000FAD303AD2946FEF7D5FA0028F4D1730A02
:1024C00001934FF0FF334FF0010E1A465098DFF89A
:1024D0009CC000F0020A14F01F0619D163099A1C6F
:1024E000A14503F1220355F8222055F823303AD9AB
:1024F000019901348C42EED11C4B1B682BB9294643
:102500004046FEF739FA0028CED147B0BDE8F08F3B
:10251000A1450AD8A74208D90EFA06F0BAF1000F71
:1025200012D022EA000223EA00031F2EE0D1DCF8D9
:1025300000B06609B01C2236BBF1000F0AD145F885
:10254000202045F82630D3E7509902430029EAD1EC
:102550000343EAE755F820009042A5D155F826003C
:102560009842C5D0A0E7A742D6D8C1E75C0A05309B
:10257000F0B589B06C461A4D06460FCD0FC495E8EC
:102580000F0084E80F000022700B13460126154D42
:1025900013F01F0103F101041CD0984202D306FA84
:1025A00001F73A431F2908D108A95B0901EB83030E
:1025B000296853F8203C41B91A60B4F5807F23465E
:1025C000E6D109B0F0BD0A46E9E71B689A42F4D0AB
:1025D000FFF746FF9842F6D223460A46D8E700BFE7
:1025E000B836080C5C0A053008B5FFF739FF000063
:1025F00000234FF0FF30054A03F1A0010133102BF7
:1026000042F82100F8D10020704700BF00E100E04F
:102610003E4B88B0D3F88C2042F00102C3F88C20E6
:10262000D3F88C2002F001020092009AD3F88C209B
:1026300042F00202C3F88C20D3F88C2002F0020290
:102640000192019AD3F88C2042F00402C3F88C2046
:10265000D3F88C2002F004020292029AD3F88C2064
:1026600042F00802C3F88C20D3F88C2002F0080254
:102670000392039AD3F88C2042F01002C3F88C2006
:10268000D3F88C2002F010020492049AD3F88C2024
:1026900042F02002C3F88C20D3F88C2002F02002F4
:1026A0000592059AD3F88C2042F04002C3F88C20A2
:1026B000D3F88C2002F040020692069AD3F88C20C0
:1026C00042F08002C3F88C20D3F88C30104A03F01B
:1026D00080030793079B00231363C2F83034C2F8CA
:1026E0003038C2F8303C02F58062C2F8303C02F566
:1026F0008062C2F8303C02F58062C2F8303C02F5DC
:102700008062C2F8303C08B0704700BF000C025431
:1027100000000252434BF7B5186800283BD1424BEA
:102720004249D3F88C2042F44062C3F88C204A6BB3
:1027300022F0E05242F080524A63D3F8D0203C4964
:1027400022F00102C3F8D0200A680130C3F8D82073
:102750004A68103122F01F02C3F8DC2011F8044C43
:1027600051F8082C003C18BF012422F01F0242EA55
:10277000440242F001020628C3F8E020E4D1BFF38E
:102780004F8FBFF36F8FD3F8D02042F00102C3F810
:10279000D02003B0F0BD0020254A23491668C1F8B7
:1027A000D860157B5368003D18BF012523F01F0436
:1027B0009368D1F8D8C023F01F0343EA4503664568
:1027C000D1F8DC7043F00103D1F8E05003D1BC42F2
:1027D00001D1AB4200D0FEE70130062802F1100221
:1027E000DCD1D1F8D03003B9FEE7124B0093124B85
:1027F000D3F8A82042F00202C3F8A820D3F8A830EA
:102800000E4A03F002030193019BD2F8483143F0D2
:102810000403C2F84831009B1B685B07B9D4FFF77B
:102820001FFE00BF5C0A053000ED00E000EF00E095
:102830004436080C48050054000C025400040054AF
:1028400070B5754B754D1C6886B0002C40F09780B4
:10285000734BD3F84831DA0701D4FFF701FE714B0F
:10286000DB685B04F9D503266F4B4FF48021D3F866
:1028700088204FF0405042F08072C3F88820D3F88F
:10288000882002F080720392039AD3F88C2042F0E1
:102890008052C3F88C20D3F88C2002F0805204922E
:1028A000049AD3F88C2042F00052C3F88C20D3F85D
:1028B0008C30224603F000530593059B00965B4B3A
:1028C000FFF7E0FD0123224600934FF40031584BFF
:1028D0005848FFF7D7FD05F57C024FF40031564B01
:1028E00054480094FFF7CEFD22464FF4C021534BCD
:1028F00053480096FFF7C6FD22464FF4C0214F4BC8
:1029000050480096FFF7BEFD22464FF4C0214B4BC6
:102910004D480096FFF7B6FD4FF6FF724B4B4C4803
:102920001A61FF22C3F810246FF07F43494A1361F4
:10293000C2F81034C2F81038FFF71AFE40F2033123
:102940004548FDF777FF4448FEF7E4F84348FEF7B3
:10295000E1F84348FEF7DEF84248FEF7DBF842486C
:10296000FEF7D8F84148FEF7D5F8BFF34F8FBFF315
:102970006F8F3F4806B0BDE87040FDF7F7BF0123F9
:10298000002400224FF400312A480093284BFFF71F
:1029900079FD05F57C0203254FF40031264B2548CF
:1029A0000094FFF76FFD22464FF4C021234B2448CB
:1029B0000095FFF767FD22464FF4C0211F4B2148C9
:1029C0000095FFF75FFD22461C4B4FF4C0211E48C7
:1029D0000095FFF757FD1D4B1A694FF6FF739A429A
:1029E0007FF43BAF234B1B69FF2B7FF436AF194BB2
:1029F0001A696FF07F439A427FF42FAF1E4B1B6919
:102A000093427FF42AAF1D4A12699A427FF425AFA0
:102A10000F48FFF7ADFDACE75C0A0530002004FF6E
:102A20000004005400ED00E0000C0254FFFF03001E
:102A3000FF1F000000000430FFFF0100FFFF050042
:102A40000000063000000C3000001230002C035053
:102A5000FF3F080000340350120000200200003045
:102A6000030000301A000030100000301100003068
:102A7000002403500030035000380350003C035042
:102A800038B500230B4D04462B60FFF7D9FEFFF746
:102A900041FEFFF7BDFD01232B60FFF7D1FEFFF7DD
:102AA00039FE01F0E5FB08B1FFF79EFD022300208F
:102AB000236038BD5C0A0530F0B518B311B3142497
:102AC000826900F13C0303EB8203C2690C2604FB1C
:102AD00002330022056A95420AD18368002003F47C
:102AE0004063003B18BF012343F002030B60F0BDBD
:102AF00006FB02F4E718BF683F0701D5E4580CB99C
:102B00000132E8E743F6DA30F1E710B5044608464B
:102B100011460AB9002010BDF8B103F00602062ADA
:102B200019D09A0719D50822A30758BF42F004020A
:102B3000E40709D5EFF39483DB074CBF42F00402AE
:102B400022F0040242F0120216F058F80028E1D1F7
:102B50006FF07F00DFE70122E6E74CF2DA20DAE7E8
:102B600008B562B6FAF760FCFFF742FD002843F6AD
:102B7000DA3008BF002008BD014B1868704700BF5D
:102B8000A436080C014B1B6818687047A436080C63
:102B9000014B1B6858687047A436080C10B5FEF747
:102BA0009FF90446FEF7A0F9032811D92318013B29
:102BB0009C420DD2074A944202D2B3F1005F07D87B
:102BC00042F2160322889A4202BF0122024B1A6087
:102BD00010BD00BFFFFF0320600A0530334B2DE915
:102BE000F74FD0E900868568074618681FFA85F90F
:102BF00006234A4631464068FFF787FF28B16FF049
:102C000086033B6003B0BDE8F08F294B1B68012BA6
:102C1000F5D1FEF777FE40F2051398421ED15FFA18
:102C200088F3012BEBD1FEF75BF90446FEF75CF964
:102C3000B4F802A08245E2D8ADB2032DDFD942F24A
:102C4000160333800423A2445FFA88F804347380A7
:102C500006EB030B544509D30023D2E740F20F13D0
:102C60009842CCD15FFA88F3022BDBE7042221469D
:102C70000DEB020001F086FBBDF80430BDF80650F4
:102C8000B8EB133F05F104050DD1ABEB06032B4464
:102C90004B45B4D858462A46214601F073FB738849
:102CA000AB442B4473802C44D4E700BFF8050530B7
:102CB000600A053004460D46FFF75CFBA546284731
:102CC00083F3088896460222EFF31483134383F3B9
:102CD0001488BFF36F8F084738B501F00C030C2B35
:102CE00014BF044614464A060D460ED58B0658BF3F
:102CF0002834A36913F8021CC5F3C00383F0010351
:102D0000C1F38012DBB29A4201D0FEF753FD11F0FD
:102D1000A00F28D102290FD0032909D0E1B9FEF76D
:102D200079FE054601461148FFF7C4FF284638BD25
:102D30002046FFF753FFF9E70D4B18680B46D4E91F
:102D400000124068FFF7E1FE0028DED1D4E900015F
:102D5000FDF742FF2060E9E70648FAF737FB6FF01E
:102D600083032360E2E70448F7E700BFF82B043051
:102D7000F80505306633080C8A33080C2DE9F84352
:102D80000E4690461F460446E0B1DBB102F1080949
:102D900003FB09F30C338B4214D10A46002103F0E4
:102DA00035FB0025204640F80C5B10B1236803601A
:102DB00020600135AF424844F7D10020C4E90186C4
:102DC000BDE8F8836FF0F800FAE70000034648B169
:102DD000006838B102681A600022034BC0E9002382
:102DE00008307047704700BFAACCF0F00022A1F174
:102DF000080341F8042C28B108291EBF026841F8D5
:102E0000082C036070470000B8B100F10C03994230
:102E100012D38268CB1A9A420ED942680832B3FBA9
:102E2000F2F002FB1033082B06D151F8040C034BCF
:102E3000C31A58425841704700207047AACCF0F09E
:102E40000000000001020304000000000000000078
:102E500001020304060708093C464154414C204541
:102E600052524F523A20003C486172644661756C80
:102E7000740A003C4D656D4D616E61676520666149
:102E8000756C740A003C4275734661756C740A0077
:102E90003C55736167654661756C740A003C536507
:102EA000637572654661756C740A003C52657365A2
:102EB0007276656420457863657074696F6E203042
:102EC00078253038780A003C506C6174666F726DFA
:102ED0002065787465726E616C20696E74657272BB
:102EE00075707420284952516E293A203078253067
:102EF00038780A003C4865726520697320736F6DED
:102F00006520636F6E7465787420666F72207468D4
:102F10006520657863657074696F6E3A0A003C20BD
:102F20002020204558435F52455455524E20284C8E
:102F300052293A203078253038780A003C20202069
:102F400020457863657074696F6E2063616D6520DC
:102F500066726F6D003C207365637572652046571D
:102F600020696E003C206E6F6E2D7365637572650F
:102F700020465720696E003C2074687265616420A9
:102F80006D6F64652E0A003C2068616E646C65722A
:102F9000206D6F64652E0A003C202020207850535D
:102FA000523A202020203078253038780A003C2002
:102FB0002020204D53503A202020202030782530EA
:102FC00038780A003C202020205053503A202020FE
:102FD00020203078253038780A003C202020204DF1
:102FE00053505F4E533A20203078253038780A000D
:102FF0003C202020205053505F4E533A2020307800
:10300000253038780A003C2020202042415345508A
:1030100052493A203078253038780A003C20202068
:1030200020457863657074696F6E206672616D65A6
:103030002061743A2020203078253038780A003C0E
:1030400020202020202020284E6F74652074686185
:10305000742074686520657863657074696F6E208C
:103060006672616D65206D617920626520636F72A3
:1030700072757074656420666F722074686973205D
:1030800074797065206F66206572726F722E290DDB
:103090000A003C202020202020202052303A2020EE
:1030A000203078253038780A003C2020202020204D
:1030B000202052313A2020203078253038780A00FC
:1030C0003C202020202020202052323A2020203076
:1030D00078253038780A003C20202020202020202D
:1030E00052333A2020203078253038780A003C20AE
:1030F000202020202020205231323A2020307825F4
:103100003038780A003C20202020202020204C52FB
:103110003A2020203078253038780A003C202020C2
:10312000202020202050433A20202030782530389D
:10313000780A003C20202020202020207850535264
:103140003A203078253038780A003C20202020436F
:10315000616C6C6565207361766564207265676972
:10316000737465722073746174653A0A003C2020A0
:1031700020202020202052343A2020203078253072
:1031800038780A003C202020202020202052353A88
:103190002020203078253038780A003C202020205C
:1031A0002020202052363A202020307825303878D0
:1031B0000A003C202020202020202052373A2020C6
:1031C000203078253038780A003C2020202020202C
:1031D000202052383A2020203078253038780A00D4
:1031E0003C202020202020202052393A202020304E
:1031F00078253038780A003C20202020202020200C
:103200005231303A20203078253038780A003C207E
:10321000202020202020205231313A2020307825D3
:103220003038780A003C20202020434653523A2070
:10323000203078253038780A003C20202020424673
:1032400053523A2020307825303278003C2020201C
:1032500020424641523A203078253038780A003CE6
:1032600020202020424641523A20204E6F742056A2
:10327000616C69640A003C202020204D4D46535269
:103280003A20307825303278003C202020204D4DE7
:103290004641523A203078253038780A003C2020C8
:1032A00020204D4D4641523A204E6F742056616C9D
:1032B00069640A003C20202020554653523A2020C1
:1032C0003078253038780A003C20202020484653AA
:1032D000523A20203078253038780A003C202020CF
:1032E00020534653523A20203078253038780A004F
:1032F0003C20202020534641523A20307825303857
:10330000780A003C20202020534641523A204E6F3C
:10331000742056616C69640A003C0D0A50414E49A4
:10332000432074666D5F636F72655F70616E696381
:103330002066726F6D206C723D30782530387820B1
:10334000636673723D307825303878206866737212
:103350003D30782530387820736673723D3078259B
:103360003038780D0A003C556E6B6E6F776E2053C7
:10337000504D2053564320726571756573746564B2
:103380003A203078253038780A003C556E6B6E6FE5
:10339000776E20535643206E756D6265722072659C
:1033A000717565737465643A203078253038780A11
:1033B000003C5B57524E5D1B5B313B33316D20004F
:1033C0003C5468697320646576696365207761732E
:1033D0002070726F766973696F6E656420776974A7
:1033E000682064756D6D79206B6579732E20003CC3
:1033F0005468697320646576696365206973201B6E
:103400005B313B316D4E4F5420534543555245007F
:103410003C1B5B306D0A003C54464D5F44554D4D9E
:10342000595F50524F564953494F4E494E472069B4
:1034300073206E6F74207375697461626C652066A9
:103440006F722070726F64756374696F6E212000F3
:1034500061D4070C79D4070CE5D4070C7DD4070C94
:1034600081D4070CC1D4070CA1D4070C85D4070C58
:103470008BD4070CA1D5070C8FD4070C93D4070C61
:1034800097D4070C9DD4070C04020202010002002D
:103490000400060008000A000C0010002000400094
:1034A000800000010100080C1900080C5100080CF4
:1034B0001D00080C2100080C9900080CA101080C43
:1034C000C902080C3700080C3D00080C4900080C24
:1034D00000000000000200000020000000200000AA
:1034E00010000000FF000000030200010010002097
:1034F000000000300000000000000060010000003B
:103500000200000004000000EDFEEFBEA9B454B2BA
:103510006D6F90A4EA31193564CBA91FEC6F9A0046
:103520002A7DC0504B92A1937134585F2000000057
:1035300012000000A0A1A2A3A4A5A6A7A8A9AAABB7
:10354000ACADAEAFB0B1B2B3B4B5B6B7B8B9BABB43
:10355000BCBDBEBFAAAAAAAAAAAAAAAABBBBBBBB39
:10356000BBBBBBBBCCCCCCCCCCCCCCCCDDDDDDDD9B
:10357000DDDDDDDD30363034353635323732383268
:10358000392D3130303130000000000000000000E3
:10359000000000007777772E747275737465646627
:1035A00069726D776172652E6F72670000000000AE
:1035B000000000005053415F494F545F50524F4646
:1035C000494C455F31000000000000000000000091
:1035D00000000000121323340A058978A3668C0DBD
:1035E000975553CAB576186229C6B67975C85A8DEB
:1035F0009E118F85DEC45F662152F939D9779328F1
:10360000B05E02FA58B416C80F3891BB2817CD8A9D
:10361000C9537266EDFEDEC0000102030405060711
:1036200008090A0B0C0D0E0F000102030405060722
:1036300008090A0B0C0D0E0F0CDC0430A0DB043063
:10364000D08A070C0000000000040D08FFFF3F08AF
:10365000000000000100000000000020FFFF032028
:10366000000000000200000000000620FFFF1720FD
:103670000000000003000000C0CF0C0C00D00C0CB8
:10368000010000000400000000000040FFFFFF4FA9
:1036900000000000050000000EF8FF080D080009FA
:1036A0000000000000040D0800040D08FFFF3F08A3
:1036B000C0CF0C0C00D00C0CC0200250C420025013
:1036C000C8200250CC200250C0210250C421025018
:1036D000C8210250CC210250000000000000000070
:1036E000093C043000000000010000000000000060
:1036F00000000000000000000000000000000000CA
:10370000000000000000000000000000A434080CCD
:103710000000000000000000000000000000100099
:1037200050107B0000000000A434080C00000000D2
:103730000000000000000000000010000002110066
:1037400000000000A434080C00000000000000008D
:103750000000000000000000000000000000000069
:103760000090D003A0DB0430A0DA04302088070CDE
:103770000000000000000000000000000000000049
:103780000100000000000000000000000500000033
:1037900030DA04300700000058DA04300500000079
:1037A00008DA04300100000000800200FFBF0200C0
:1037B00000000300FFFF060000000700FF7F070076
:1037C00000800700FFFF0C0000002000FF7F2500A5
:1037D00000800200FFBF020000000300FFFF0600A0
:1037E00000000700FF7F070000002000FF7F25008A
:1037F00000802500FF3F380000800200FFBF02006C
:1038000000000300FFFF060000000700FF7F070025
:1038100000800700FFFF0C0000000D00FFBF1F002D
:1038200000002000FF7F250000802500FF3F3800BA
:10383000896F080C916F080C856F080C0000000060
:103840000000000000000000000000000000000078
:103850000000000000000000000000000000000068
:103860000000000000000000000000000000000058
:103870000000000000000000000000000000000048
:103880000000000000000000000000000000000038
:103890000000000000000000000000000000000028
:1038A0000000000000000000000000000000000018
:1038B0000000000000000000000000000000000008
:1038C00000000000000000000000000000000000F8
:1038D00000000000000000000000000000000000E8
:1038E00000000000000000000000000000000000D8
:1038F00000000000000000000000000000000000C8
:1039000000000000000000000000000000000000B7
:1039100000000000000000000000000000000000A7
:103920000000000000000000000000000000000097
:103930000000000000000000000000000000000087
:103940000000000000000000000000000000000077
:103950000000000000000000000000000000000067
:103960000000000000000000000000000000000057
:103970000000000000000000000000000000000047
:103980000000000000000000000000000000000037
:103990000000000000000000000000000000000027
:1039A0000000000000000000000000000000000017
:1039B0000000000000000000000000000000000007
:1039C00000000000000000000000000000000000F7
:1039D00000000000000000000000000000000000E7
:1039E00000000000000000000000000000000000D7
:1039F00000000000000000000000000000000000C7
:103A000000000000000000000000000000000000B6
:103A100000000000000000000000000000000000A6
:103A20000000000000000000000000000000000096
:103A30000000000000000000000000000000000086
:103A40000000000000000000000000000000000076
:103A50000000000000000000000000000000000066
:103A60000000000000000000000000000000000056
:103A70000000000000000000000000000000000046
:103A80000000000000000000000000000000000036
:103A90000000000000000000000000000000000026
:103AA0000000000000000000000000000000000016
:103AB0000000000000000000000000000000000006
:103AC00000000000000000000000000000000000F6
:103AD00000000000000000000000000000000000E6
:103AE00000000000000000000000000000000000D6
:103AF00000000000000000000000000000000000C6
:103B000000000000000000000000000000000000B5
:103B100000000000000000000000000000000000A5
:103B20000000000000000000000000000000000095
:103B30000000000000000000000000000000000085
:103B40000000000000000000000000000000000075
:103B50000000000000000000000000000000000065
:103B60000000000000000000000000000000000055
:103B70000000000000000000000000000000000045
:103B80000000000000000000000000000000000035
:103B90000000000000000000000000000000000025
:103BA0000000000000000000000000000000000015
:103BB0000000000000000000000000000000000005
:103BC00000000000000000000000000000000000F5
:103BD00000000000000000000000000000000000E5
:103BE00000000000000000000000000000000000D5
:103BF00000000000000000000000000000000000C5
:103C000000000000000000000000000000000000B4
:103C100000000000000000000000000000000000A4
:103C20000000000000000000000000000000000094
:103C30000000000000000000000000000000000084
:103C40000000000000000000000000000000000074
:103C50000000000000000000000000000000000064
:103C60000000000000000000000000000000000054
:103C70000000000000000000000000000000000044
:103C80000000000000000000000000000000000034
:103C90000000000000000000000000000000000024
:103CA0000000000000000000000000000000000014
:103CB0000000000000000000000000000000000004
:103CC00000000000000000000000000000000000F4
:103CD00000000000000000000000000000000000E4
:103CE00000000000000000000000000000000000D4
:103CF00000000000000000000000000000000000C4
:103D000000000000000000000000000000000000B3
:103D100000000000000000000000000000000000A3
:103D20000000000000000000000000000000000093
:103D30000000000000000000000000000000000083
:103D40000000000000000000000000000000000073
:103D50000000000000000000000000000000000063
:103D60000000000000000000000000000000000053
:103D70000000000000000000000000000000000043
:103D80000000000000000000000000000000000033
:103D90000000000000000000000000000000000023
:103DA0000000000000000000000000000000000013
:103DB0000000000000000000000000000000000003
:103DC00000000000000000000000000000000000F3
:103DD00000000000000000000000000000000000E3
:103DE00000000000000000000000000000000000D3
:103DF00000000000000000000000000000000000C3
:103E000000000000000000000000000000000000B2
:103E100000000000000000000000000000000000A2
:103E20000000000000000000000000000000000092
:103E30000000000000000000000000000000000082
:103E40000000000000000000000000000000000072
:103E50000000000000000000000000000000000062
:103E60000000000000000000000000000000000052
:103E70000000000000000000000000000000000042
:103E80000000000000000000000000000000000032
:103E90000000000000000000000000000000000022
:103EA0000000000000000000000000000000000012
:103EB0000000000000000000000000000000000002
:103EC00000000000000000000000000000000000F2
:103ED00000000000000000000000000000000000E2
:103EE00000000000000000000000000000000000D2
:103EF00000000000000000000000000000000000C2
:103F000000000000000000000000000000000000B1
:103F100000000000000000000000000000000000A1
:103F20000000000000000000000000000000000091
:103F30000000000000000000000000000000000081
:103F40000000000000000000000000000000000071
:103F50000000000000000000000000000000000061
:103F60000000000000000000000000000000000051
:103F70000000000000000000000000000000000041
:103F80000000000000000000000000000000000031
:103F90000000000000000000000000000000000021
:103FA0000000000000000000000000000000000011
:103FB0000000000000000000000000000000000001
:103FC00000000000000000000000000000000000F1
:103FD00000000000000000000000000000000000E1
:103FE00000000000000000000000000000000000D1
:103FF00000000000000000000000000000000000C1
:10400000B7EE000AF7EE000AB7EE001AF7EE001A54
:10401000B7EE002AF7EE002AB7EE003AF7EE003AC4
:10402000B7EE004AF7EE004AB7EE005AF7EE005A34
:10403000B7EE006AF7EE006AB7EE007AF7EE007AA4
:10404000F1EE10CA40F29F01CFF200013CEA010CF0
:10405000E1EE10CA00239C4683F3008870470000FD
:10406000009A074B9A4208D110B500F0C0F9FFF74B
:10407000C7FF06BC96460C46744700F005FA0000E0
:10408000A5EDF5FE009A074B9A4208D110B500F055
:10409000BAF9FFF7B5FF06BC96460C46744700F028
:1040A000F3F90000A5EDF5FE0CB4029A084B9A4214
:1040B0000CD14FF0004319430CBC10B500F0B0F91F
:1040C000FFF79EFF06BC96460C46744700F0DCF9ED
:1040D000A5EDF5FE009A074B9A4208D110B500F005
:1040E000DDF9FFF78DFF06BC96460C46744700F0DD
:1040F000CBF90000A5EDF5FE009A074B9A4208D1D6
:1041000010B500F0E7F9FFF77BFF06BC96460C46BA
:10411000744700F0B9F90000A5EDF5FE37B50020B1
:10412000124B01AA9A4201901DD94FF0E02110488C
:10413000104C8A690568236893422B444FF47A75C2
:104140003CBF49695B180C499B1A09680360B1FBC5
:10415000F5F19942094B04D2002519680560013137
:1041600019601868226003B030BD00BF0020043021
:1041700010DC043014DC0430C0D904300CDC043012
:10418000F0B50C4C01466268A36AE06AD4F8E450CA
:10419000A66B676BD4F8E84087B00090CDE9037454
:1041A000CDE901560448C2F30802F9F70FF907B048
:1041B000F0BD00BF00ED00E05490090C08B50248C6
:1041C000FFF7DEFFFDF7F6FAB590090CEFF3088074
:1041D000EFF309812DE9F00F6B467246F8F758FFAF
:1041E00008B0FFF7EBFFFEE708B50248FFF7C8FF8E
:1041F000FDF7E0FAC190090CEFF30880EFF30981B5
:104200002DE9F00F6B467246F8F742FF08B0FFF752
:10421000EBFFFEE7034A0020136843F0010313603D
:10422000704700BF0004035038B502230B4CE36015
:10423000236823F001032360FFF770FF0546206821
:1042400010F0010000D138BDFFF768FF401B0128C6
:10425000F5D92368DB07F2D50320F4E70004035007
:10426000024B186800F00100704700BF00040350C3
:1042700037B51A49D1E84F3F0133DBB2C1E8423FBD
:10428000002AF7D1012B23D8154B164DD3F8E8108F
:10429000284621F03001C3F8E810D3F88C1041F41F
:1042A0008021C3F88C10D3F88C302A7203F4802359
:1042B0000193019B0C4B6A722B60F8F702FE0446D7
:1042C00048B969462846F8F797FE204603B030BD46
:1042D0004FF0FF30FAE76FF00100F7E740040530D8
:1042E000000C02544404053000080C522DE9F74F2D
:1042F000002481468A4690462546A3461460D8F895
:104300000030534529D31B4B1B685B6803F0060341
:10431000062B02D10023C8F8003003B0BDE8F08FAF
:1043200003F108020DEB020717F8042C013309F81A
:10433000012BD8F80060042B06F10106C8F80060D4
:1043400007F804BCDBD0D8F800205245E8D3D6E704
:104350002B46F8E74FF0FF35D1E7002DD3D10548C4
:1043600001A9F8F749FE0028F2D0022CF2D8013456
:10437000E4B2C4E74404053008B500F085F808B598
:1043800000F082F8034670B56AB900241519032DB0
:1043900013D822F0030421441C44002302F003023A
:1043A0009A4210D170BD41EA0304A407EDD011F880
:1043B000014B013A03F8014BE6E70D1B2E681D1B6C
:1043C0002E60043CE2E7CD5CE5540133E8E70021D0
:1043D00008B50846FDF700FAFEE708B583690BB992
:1043E000FDF7E8F91869BDE80840FDF71ABC08B503
:1043F000EFF30583C3F308030BB1FDF7DBF9BDE869
:104400000840FDF757BD08B5EFF30583C3F3080374
:104410000BB1FDF7CFF9BDE80840FDF74EBD000038
:1044200070B5EFF30584C4F308040CB1FDF7C2F9CD
:10443000084D2E68FDF718FD2B6804469E4205D0F6
:10444000BDE8704001461846FFF7C7BFFDF7DFFB28
:10445000204670BDF805053010B5EFF30584C4F3B0
:1044600008040CB1FDF7A6F9BDE81040FDF73CBD0E
:1044700010B5EFF30584C4F308040CB1FDF79AF905
:10448000BDE81040FDF764BD08B5EFF30583C3F345
:1044900008030BB1FDF78EF9FDF71CFC70B5EFF3C7
:1044A0000583C3F308030BB1FDF784F9084D2E68AB
:1044B000FDF7B6FD2B6804469E4205D0BDE870406E
:1044C00001461846FFF789BFFDF7A1FB204670BDE6
:1044D000F805053070B5EFF30584C4F308040CB19A
:1044E000FDF768F9084D2E68FDF7C9FD2B689E425F
:1044F00005D02146BDE870401846FFF76EBFBDE805
:104500007040FDF784BB00BFF805053007B50346D2
:104510008DF80720084601220DF10701984703B0E6
:104520005DF804FB2DE9F84F1D4607468846164600
:10453000BDF828409DF82CA09DF830909DF83430AF
:104540007AB333B113461D4613F8012B002AFAD172
:10455000AD1BAC428ABF641B0024A4B2BAF1000FA9
:1045600014D02A4631464046B847BAF1000F18D059
:10457000002513E04A4641463846FFF7C7FF0BF1D6
:10458000010B1FFA8BF39C42F4D8EAE7D346F8E715
:104590004A4641463846FFF7B9FF0135ABB29C4267
:1045A000F6D8BDE8F88F2DE9F04F002489B09DF8CA
:1045B00048C006469DF85800A4450F469DF8541083
:1045C0000CBF4FF0200A4FF0300AA0429846CDE9C8
:1045D00005440CBF612041209DF85030CDF81B40B0
:1045E00019B1A242ACBF214652420DF11E04A146B0
:1045F0000A38B2FBF3FB03FB1B2B5FFA8BF5BBF115
:10460000090F94BF30352D18A646EDB2934204F140
:10461000FF346570B2FBF3F518D931B1BCF1000F6E
:1046200016D12D232370AEF102040023CDE902A39D
:104630009DF84C303946CDE900833046A9EB0403A0
:10464000621CFFF76FFF09B0BDE8F08F2A46D0E784
:104650002D2239463046FFF759FFE6E72DE9F04FA6
:1046600089B01C469DF8483006460F469246F3B185
:1046700012783C2A19D00A3AD2B2282A98BF624B43
:104680004FF0010098BF53F822204FF0000388BF7D
:104690000022CDE90230CDE900333046FFF742FF7A
:1046A000202239463046FFF731FF0AF1010A4FF068
:1046B0000009CB46C846002511E0BDB9252B00F006
:1046C0009B800A2B06D10D22394630460793FFF70F
:1046D0001DFF079B1A4639463046FFF717FF1AF8A9
:1046E000013B002BE9D109B0BDE8F08F7A2B08D847
:1046F000682B0ED8302B74D036D8252B76D02D2BA6
:104700007FD000230122CDE90033CDE902323F4AB8
:1047100062E0693B112BF4D801A252F823F000BFEC
:104720008B47080C0347080C0347080CDF46080CAE
:104730000347080C0347080C0347080C0347080C01
:104740000347080C0347080CC747080C0347080C2D
:104750009547080C0347080C0347080CB547080C9D
:104760000347080CDF46080C582B28D00BD8A3F1C0
:104770003102082AC5D808EB8808303B03EB480310
:104780001FFA83F8ABE7642BBBD101230025CDE9E9
:10479000033502E00025CDE903550A23CDE9019355
:1047A000CDF800B043463946304654F8042BFFF7A5
:1047B000FAFE94E70025049510230395EEE7012304
:1047C00000250493F8E720230121CDE902310023DD
:1047D000CDE9008954F8042B39463046FFF7A2FE94
:1047E00069E7B8F1000FC6D1AB4678E71A463946FB
:1047F0003046FFF78BFE5EE7A946AB46A84601258B
:104800006DE7A9466BE700BF5C93090CAC91090CFE
:104810006FF47A72F0B5474B8DB0186003680446A8
:104820001344042B08D8DFE803F003274867770018
:1048300003698668082B02D06FF0800559E085690E
:10484000042DF9D10021406808AAFFF705FE0828C9
:10485000F2D12B460221606806AAFFF7FDFD04286D
:10486000EAD1069B3046019363690093DDE9082392
:1048700000F090F805463CE00369082BDCD145695F
:10488000042DD9D10021406808AAFFF7E5FD0828CA
:10489000D2D12B460121606805AAFFF7DDFD04286F
:1048A000CAD106AB0293236A0193059B0093A068CB
:1048B000DDE9082300F085F8DCE70369082BBBD1AC
:1048C000076A0C2FB8D10021406806AAFFF7C4FD83
:1048D0000828B1D1DDE9062308AE0096A06800F0F3
:1048E00084F8054628B901463B4632466068FFF722
:1048F000BFFD28460DB0F0BD0369082B9CD10021F7
:10490000406808AAFFF7A8FD082895D1DDE908232B
:10491000A06800F07CF8ADE7056A042D8CD100F0AA
:1049200089F82B4608900021606808AAFFF7A0FDCF
:104930000025DEE70000043000F020B838B5074B52
:1049400002461D680C460B4668680121FFF784FD8E
:10495000844214BF6FF08000002038BD0000043096
:104960000B46054910B40C680246002160685DF8EA
:10497000044BFFF77DBD00BF0000043008B500F018
:104980006FF830B100F0AEF918B9BDE8084000F09A
:1049900067B808BD30B4194604461046DDE9022365
:1049A00050EA010506D0072B08D80292224630BCF7
:1049B00000F0A0B86FF0860030BC70476FF0850043
:1049C000FAE770B4194604461046DDE9033250EAAE
:1049D0000106059D05D0CDE90325224670BC00F0F7
:1049E0004DB86FF0860070BC7047194610B404468D
:1049F000104650EA0102019B04D022465DF8044BA8
:104A000000F002B96FF086005DF8044B704719465C
:104A100052EA010310B50446104608D0224600F0C1
:104A200023F910F1950F08BF6FF0830010BD6FF0F0
:104A30008600FBE70020704738B5084D2B4600F094
:104A4000F5FA044618B9BDE8384000F083BB0021F0
:104A5000286802F00DF8204638BD00BF040004307D
:104A600008B5044800F018FA024B034A383B53607B
:104A700008BD00BF48000430040004302DE9F347AE
:104A80001F460023DFF868A00193534681468846FD
:104A9000164600F021FB044608BB144DDAF800006E
:104AA000294601AAC5E90498AE6100F0DBFC044682
:104AB00078B9AE6ABE4216D30A9BF61B9E4228BF47
:104AC0001E4605F1380031463844FFF749FF0B9B7D
:104AD0001E6041F248020021044801F097FC204684
:104AE00002B0BDE8F0876FF08604F2E710000430F2
:104AF000040004302DE9F04F002585B0DDF838A022
:104B00000746BAF5805F0E4690469B46039571D8DE
:104B1000DFF8F0904B4600F0DFFA044600283AD167
:104B2000364DD9F80000294603AAC5E90476C5F830
:104B3000188000F097FC044638BB2B6BDB074ED483
:104B4000C5E90BAB4FF0010B5B46D9F8005051465D
:104B50002B480193FFF7F2FE044698B9019B2949BF
:104B6000184600F037FA044660B9244BD9F8000023
:104B70001946C3F828A000F0ADFC0446F0B10DB111
:104B8000C9F80050BBF1000F1FD0424638463146ED
:104B9000FFF752FF19E010F18C0F1CD1174C41F2B6
:104BA00048022946204601F031FCC4E90BAB022340
:104BB000AB46C4E90476C4F81880C8E742463846D4
:104BC0003146FFF739FF044660B141F24802002147
:104BD0000A4801F01BFC204605B0BDE8F08F6FF0DD
:104BE0008404D2E7002DF0D02146284601F040FF92
:104BF0000446EAE76FF08604EDE700BF10000430DA
:104C000048000430040004302DE9F3471E46002319
:104C1000DFF850A00193534681468846174600F0BE
:104C20005BFA0446B8B90E4DDAF80000294601AA2D
:104C3000C5E90498AF6100F015FC044628B9AB6AD9
:104C40007360EB6A33602B6BB36041F24802002162
:104C5000034801F0DBFB204602B0BDE8F08700BF4F
:104C6000100004300400043000232DE9F7431B4FEB
:104C700001933B4680460E46914600F02DFA0446CD
:104C800020BB174D3868294601AAC5E90486C5F836
:104C9000189000F0E7FB044690B92B6BDB0719D4A2
:104CA0004A464046314600F02DFA044640B900F02D
:104CB00051FA044620B92146386801F0D9FE04466D
:104CC00041F248020021064801F0A0FB204603B053
:104CD000BDE8F0836FF08404F2E700BF0400043005
:104CE0001000043000F0B4B8F0B500250A4CD4E947
:104CF00010768E4208BF874205D1A66C964202D13B
:104D000000201D60F0BD0135792D04F12004EED1A5
:104D10006FF08B00F6E700BF58100430F0B551F883
:104D20002070ADF6347DCB6801AD40F628720646A2
:104D30000C46284607F12801CDF82C3FFFF722FB4F
:104D400040F62C722946384600F058FB90B1236992
:104D500093B140F62C7229463846CDF82C3F00F02E
:104D60004DFB00280CBF03230123344423720DF6AE
:104D7000347DF0BD0223F8E70123F6E70020F0B50B
:104D8000ADF63C7D029000F0E3FB02AD0246C0BBF5
:104D9000294600F0D1FB024698BB2C4E029F3046BC
:104DA00000F04AFA024660BB03AC40F6287206F1F6
:104DB00028012046C4F8287FFFF7E4FA40F62C7259
:104DC0002146304600F0E8FA0246D0B996F8517F05
:104DD0004FF47562009033460021781C01F0DAFD33
:104DE000024670B996F8503F206021460120029D8E
:104DF00086F8513F86F8507F00F09EFB70B16FF04F
:104E0000830210460DF63C7DF0BD012000F0A0FBB2
:104E100002460028F5D123680133236023689D42B0
:104E2000F3D82146022000F087FB0028E7D1236851
:104E30009D4201D80022E4E7022000F089FB0246EF
:104E40000028DED1236801332360F0E758100430D6
:104E500008B540F6587200210D4801F0D7FA4FF41A
:104E600080730B498B6108A3D3E90023C1E90423B4
:104E70000123A1F8503F81F82830BDE80840FFF732
:104E80007DBF00BFAFF3008000BD40DFE143E14ED6
:104E90005810043000000000002230B54C4C89B09E
:104EA00002AD04904FF4756301200021CDE9004567
:104EB000CDE906220394ADF8142001F089FD10B16C
:104EC00001238DF81430049B0022009302204FF43C
:104ED00075630021019501F07BFD10B101238DF870
:104EE00015304FF4807238A1D1E90001039BC3E96A
:104EF00004019A61049BC3E904019A61002006A998
:104F000000F01AFB002858D12946012000F014FBBC
:104F1000002852D1022007A900F00EFB00284CD136
:104F2000079A029B9A429DF8143018BF0790012BF4
:104F300003D0002003A9FFF7F1FE9DF81530012BE7
:104F400003D0012003A9FFF7E9FE039B049993F81E
:104F50002830012B1CBF01238DF8143091F8283024
:104F6000012B1CBF01238DF8153040F20113BDF851
:104F700014209A4225D09DF81430012B07D14FF40C
:104F800075621348A4F8503FFFF7FCF907E09DF85D
:104F90001530022B13D04FF48073A4F8503F94F8CF
:104FA000510F0021013001F063FD10B110F18C0FA1
:104FB00003D1074800F038F9002009B030BD0123C3
:104FC000DDE76FF08300F8E700BD40DFE143E14E2D
:104FD0005810043070B50D4610B300231C46124A19
:104FE000D2E91016314308BF234604F1010408BF7B
:104FF00000F1FF30792C0ED020320028F0D1DC1CDB
:105000002046002101F034FD10B110F18C0F01D1C8
:1050100000202C6070BD0028F1D06FF08D00F9E702
:105020006FF08600F6E700BF581004302DE9F04716
:105030001E4600238146884617468AB0244D02AC9E
:1050400001930FCD0FC495E80F0084E80F003A4696
:105050004846414601ABFFF747FE1E4D824668B900
:10506000019C202205EB44143034214602A8FFF7AE
:1050700089F920225146204601F0C8F93368716849
:10508000DC1E05EB431343E9089805EB44131C466B
:105090003034102220469F64FFF774F9FFF76EFE4C
:1050A000064688B1DDE90632134308D0019B202271
:1050B00005EB431502A905F13000FFF763F9202243
:1050C0000021204601F0A2F930460AB0BDE8F08781
:1050D0000094090C5810043037B51D4601ABFFF79A
:1050E00003FE044648B9019B0549DA1C2A6068683A
:1050F000102201EB4311FFF745F9204603B030BD04
:1051000088100430002330B58BB0019301ABFFF75A
:10511000EBFD0446C8B9019B0D4D202205EB43155C
:10512000294602A8FFF72EF921462022284601F041
:105130006DF9FFF723FE044620B12022284602A97C
:10514000FFF720F920460BB030BD6FF08B04F9E774
:1051500088100430034B002193F8510F013001F007
:1051600087BC00BF581004301FB5D0E904230C469B
:10517000CDE90223042283690DEB0201204601934D
:10518000FFF700F90822201D0DEB0201FFF7FAF8E6
:1051900004B010BD30B589B004460D46142200217C
:1051A00003A801F033F900234FF440710193194B28
:1051B00001A8CDE904134FF41053ADF80830802353
:1051C0001549ADF80A3001F071FB00BB40F2011146
:1051D000124A01A801F024FBA0B90C232A4640F290
:1051E000032101A801F086FB60B9224601A902A8AB
:1051F00001F0A8FB30B901A801F036FB38B12068F6
:1052000001F03AF901A801F02FFB6FF0830009B01B
:1052100030BD00BF00025005090100085C81FF7F1E
:105220000F3000090130704700F11C010C220148C9
:10523000FFF7A8B8B01F04301FB50822184904466C
:105240000DEB0200FFF79EF8042216490DEB020059
:10525000FFF798F8029B039A013342F10002CDE96F
:105260000232134314D008220D480DEB0201FFF760
:1052700089F804220B480DEB0201FFF783F80C229A
:10528000074904F11C00FFF77DF8002004B010BDB1
:10529000019B01330193002BE5D16FF08300F5E70B
:1052A000B01F0430B81F04302DE9F04399460023A5
:1052B0008DB00E4609A904469046159F179D089388
:1052C000FFF752FF09A908A8FFF764FF18BB169B58
:1052D000CDE90068CDE90473149B1049CDE9029330
:1052E00008980C23069504F11C0201F0CDF928B1B1
:1052F000089801F0C1F86FF083000CE029681022D3
:105300001039296020463944FFF73CF8089801F02D
:10531000B3F80028EFD10DB0BDE8F08300025005CE
:105320002DE9F04104461D4600238CB0129E0F4625
:1053300009A990460893FFF717FF21461022A819E4
:10534000FFF720F809A908A8FFF724FFC0B9159BAB
:1053500010360693149BCDE902560593139BCDE9B5
:10536000007804930B490C23089804F11C0201F007
:10537000DBF90346089833B101F07EF86FF0940032
:105380000CB0BDE8F08101F077F8002818BF6FF08D
:105390008300F5E700025005002370B58EB00D467E
:1053A0000BA9044616460A93FFF7DEFE0BA90AA8CE
:1053B000FFF7F0FEF0B909AB06931023CDE9020028
:1053C000CDE90443CDE900560C230B490A9804F1BA
:1053D0001C0201F059F903460A9813B9099B102BD6
:1053E00004D001F049F86FF0830003E001F044F8C5
:1053F0000028F8D10EB070BD00025005002370B532
:105400008EB00D460BA9044616460A93FFF7ACFE74
:105410000BA90AA8FFF7BEFEC0B909ABCDE9050389
:1054200010230490CDE9024304F11C020C23CDE9C2
:1054300000560B490A9801F077F90346DDE9092087
:10544000134305D001F018F86FF094000EB070BD52
:1054500001F012F8002818BF6FF08300F6E700BFD4
:1054600000025005F0B51546002289B005AB019346
:1054700001F11C030F460093114641F21C0306463E
:1054800001F0A6FA08BB059C0B2C20D941F21003B1
:105490000C3C9C421BD820460696FFF7C1FE07AB8A
:1054A000286003934FF4815307F12806CDE9016387
:1054B000042233463846009406A9FFF731FF10B99D
:1054C000079B9C4201D06FF0830009B0F0BD6FF0E4
:1054D0009700FAE72DE9F04186B0049006460846A9
:1054E0000D468F6AFFF7A8FE0446B0B905AA0392DD
:1054F0004FF4815207F1100805F12803CDE901327C
:1055000028460422CDF8008004A9FFF7CDFE10B98B
:10551000059B984505D06FF08304204606B0BDE892
:10552000F08121460094304605F11C0307F11C026E
:1055300001F030FA0446F0E70A4608B511B96FF0F9
:10554000830008BD042101F0D3FA0028F9D0F6E762
:1055500008B501F0B5FA002814BF6FF083000020F1
:1055600008BD036833B1B3F5805F01D100F020B806
:105570006FF08003184670470368002B05DA02338A
:10558000B4BF6FF0850000207047B3F5805F01D194
:1055900000F00EB86FF085007047036801330CBF50
:1055A0006FF081006FF085007047002070470000A9
:1055B000F7B505460024124B124F019300F10C067B
:1055C00056F8043F73B9336933B104232146686840
:1055D0000DEB0302FEF74CFF0134042CF0D1002048
:1055E00003B0F0BD04236A4621466868FEF734FF25
:1055F000042802D1009BBB42E5D04FF0FF30EFE71B
:10560000BEBAFECAEFBEADDE2DE9F047DCB006AC97
:1056100084E80C0042228046894625A9CDE90C1277
:105620000DF1230710AD0CAB0597049502AE93E87E
:1056300003000DF1240A86E803000EAECDE9002632
:1056400040465246494614AB00F0ECFA002852D1CD
:1056500094E8060036A800F05CFC052136A800F0AE
:1056600072FD0122002336A800F010FD0222002363
:1056700036A800F00BFD099C4FF0FF324FEAE478AA
:105680004FF0FF3336A800F001FD2246434636A80E
:1056900000F0FCFCDDE90E866FF001024FF0FF33F5
:1056A00036A812AC00F0F2FCC4E90086022194E8AE
:1056B0000C0036A800F0FFFC2E68FEB99DF82340D0
:1056C0006FF002024FF0FF3336A800F0DFFC04F168
:1056D000140233463146D2B236A800F019FD052136
:1056E00036A800F04DFD649936A800F0A4FD10B175
:1056F00036A800F035F85CB0BDE8F0876D6836A8D4
:105700006FF002024FF0FF3300F0C0FCC4E9006507
:10571000022194E80C0036A800F0CDFCDFE770B55C
:105720008EB00BAB07930A2308930023044604AD05
:1057300009AE85E806003046CDE9022307990093BB
:105740000A22022300F0FAFB96E80600204600F049
:1057500041FA95E80600204600F03CFA0EB070BD14
:10576000837B1BB10123037419207047007C10B1A7
:105770000128F9D018207047B0F9003002468B425A
:1057800004D013F5004F00F10400F5D1B2F9020086
:105790007047000008B500F50043B3F5803F04D220
:1057A00001B20348FFF7E8FF08BD0020FCE700BF97
:1057B0002094090C30B587B00C46CDE90023FFF7E3
:1057C000E9FF6D46014678B304A800F0E9F930BB63
:1057D000236933BB0C23154ACDE9022304A81A46DA
:1057E000029900F0F7F994E8060004A8FFF797FF84
:1057F000236923B11946626904A8FFF790FFD4E931
:10580000021204A8FFF78BFFD4E9061204A8FFF7E1
:1058100086FF95E806000A9B04A800F0E9F907B0A6
:1058200030BD0B23024AD7E70120F8E7E491090CC9
:10583000D891090C03680BB9016070471A461B68C0
:10584000002BFBD11160704773B50446267A0D46D4
:10585000122EC0682BD0622E25D0542016E00023D3
:105860000193019B2269C3B90192A36813F4806379
:1058700003D13246284600F042FC0421284600F0BD
:1058800062FC22462846019900F0F6FA02B070BD8B
:10589000019301A983689847E3E719461B6A002B27
:1058A000FBD10A62E1E70028D9D12B20EEE70028DE
:1058B000FBD00368002BEBD02C20E7E782B0F0B5DB
:1058C0008BB0139F05463846CDE900121193FFF7C0
:1058D00047FF0446F0B995E803000AAA02AB83E843
:1058E0000300DDE9110102E90300DDE9000104AA7A
:1058F00082E803002A7ACDE90644122A10D1E8682A
:105900003A4604691946A047044650B1532801D1CC
:1059100001232B7520460BB0BDE8F04002B0704764
:1059200052240421384600F02BFCF3E770B50446FE
:105930000D4616460021F82200F068FDC4F8E85034
:10594000182200212046C4F8D86045F0120500F066
:105950005DFDA56004F118052846D4F8D81000F0C4
:105960009FF8294604F10C00BDE87040FFF762BFC4
:1059700030B5044600F1EC0503A9C0E9382303C99A
:1059800085E80300C4E90E23C4E90C0130BD436976
:10599000F0B58C4604460021012095B0C4E90C0105
:1059A0000121DA17C4E91032A16300230221A269A0
:1059B00084F83C1023651AB3E1690420CDE9042181
:1059C000002106226E46CDE9000102938DF80C20DD
:1059D0000AAD08930FCE0FC50FCE0FC596E8030092
:1059E0000AAF04F1580685E803000FCF0FC60FCFAA
:1059F0000FC695E8030004F1580386E80300236509
:105A00003034CCF8004015B0F0BD522070472DE97D
:105A1000F04397B00EAB06932023064610460D4682
:105A200017460793FFF79CFE044698B90DF120092D
:105A30003846494600F0D5FB3B68706973B90DAB39
:105A40000093D6E908230C9400F04AF838460D99E3
:105A500000F0E2FB204617B0BDE8F0830DF1280806
:105A60002946DDE90623CDF80080FFF7A3FE0446B2
:105A70000028EFD10CAB059303AB99E8030083E852
:105A8000030001AB98E8030083E80300B36A0093C6
:105A90007069D6E9082300F055F80446D6E70000FF
:105AA00038B588220D460021044600F0AFFC44F6CC
:105AB0007353A380034BA360034BE360034BC4E920
:105AC000043538BD8F59080C0B5A080C0F5A080CB6
:105AD00010B504461822002100F098FC204610BDA5
:105AE00010B50730144686B027D16846FFF7F0FF9F
:105AF0006946204600F0DEFC01B21148FFF73CFE8B
:105B000010F0FF000DD144F20101BDF80020BDF8F6
:105B1000023022F440548C4205D10733DB08089A46
:105B2000136006B010BD02F44F42B2F5824F05BFBC
:105B30000733DB0803465B00F1E70120F1E700BF14
:105B40003C94090CF0B5C11D87B01446119D1ED1BF
:105B500005AF00970F9EFFF7C3FFB0B9059B109AE2
:105B60009A4216D3CDE90137DDE90D230A492046D3
:105B7000009600F029FE01B20848FFF7FDFD10F085
:105B8000FF0002D1059B2E606B6007B0F0BD0120C5
:105B9000FBE70620F9E700BF090600063C94090C64
:105BA00000234FF6FF7210B50360084B044611F155
:105BB000100F08BF1A46114600F0C4FC606001B225
:105BC0000348FFF7D9FDC0B210BD00BF09000002B5
:105BD0002894090C13B502AB03E906004368044698
:105BE0001BB911B100F0D2FC606002B010BD000022
:105BF00073B502AC04E90600416805461C4639B994
:105C0000009E0433314600F0E3FC014668602660E4
:105C100009B20348FFF7B0FDC0B202B070BD00BFCB
:105C20002894090C82B02DE9F047B4B09146DDE923
:105C300042573D93852203AB12A9824600F05CFCDB
:105C400010BB0CA89DF84840039EFFF741FF50464B
:105C50000CA900F02FFCBDF8303003F44F42B2F530
:105C6000824F02D0B2F5884F0ED1DBB2122B0BD18E
:105C7000BDF83230B3F5C07F0CD040F20922934218
:105C80001BD0B3F5807F1AD0112034B0BDE8F047A7
:105C900002B070470223032C06F1FF36C9F800302A
:105CA00051D0042C0DD0022CEED10023C5E90033D5
:105CB0000123039C013C3B7027E00323EBE7012316
:105CC000E9E7039BDDE94001013BB6EB530F38BF29
:105CD00000224FEA530431BF13460DF149031B194B
:105CE000321BCDE9043208AA82E803001846059960
:105CF0000DF128088DE80300002306CA404600F095
:105D0000B5FA98E8030085E80300DDE93D01A64205
:105D10003ABF002423460DF1490308AA82E8030094
:105D20001846CDE9063407990AAC8DE80300002334
:105D300006CA204600F09AFA94E803003F9B83E8E5
:105D400003000020A1E70023039CC5E90033013CC8
:105D5000B1E7034670B583B9184670BDD2E9006457
:105D6000D3E900518C4208BFAE4201D1934206D123
:105D7000126A002AF2D11B6AEDE70246F9E7012018
:105D8000EBE72DE9F3470E46052105461746344655
:105D900000F0D9F94FF0000ACCB9BAF1000F10D0D9
:105DA000002F67D028460222002300F06FF904215B
:105DB000284600F0C8F9002E53D10421284600F0EF
:105DC000DFF92846052100F0DBF900200FE0237AF7
:105DD00017B11BB9246ADFE7002BFBD1237B072B0C
:105DE00020D007D8022B0DD0062B2CD0272002B0B4
:105DF000BDE8F087642BF9D12946204623699847EE
:105E000060B1F4E7D4E900232846D4E9048900F01E
:105E10003DF942464B46284600F038F9637A4AEA93
:105E2000030AD7E7D4E900232846D4E9049800F010
:105E30002DF90321CDE9009802AB13E90C002846A7
:105E400000F039F9EAE7D4E900232846D4E90498B8
:105E500000F01CF9CDE9009802AB022113E90C0017
:105E6000EDE7737A23B1D6E90023284600F00EF956
:105E7000366AA0E72820BAE72DE9F341054608462F
:105E80000E461746FFF765FF044670BBB046B8F1F3
:105E9000000F13D1CCB9CDE9004402AB022113E9C4
:105EA0000C00284600F007F9C7E9004400223146FB
:105EB000284602B0BDE8F041FFF763BF98F808300C
:105EC000D8F820801C43E4B2E1E70221284600F024
:105ED0003AF9012231462846FFF753FF30B93A46D6
:105EE0004146284600F055F9E0E7222002B0BDE81F
:105EF000F081027C10B55AB9D0F89440A388C3F55C
:105F00007F41FE310129D2BF06220133A3800274F2
:105F100010BD37B50446CDE900129822002100F0EB
:105F200075FADDE90012204600F0BBF904F1140314
:105F3000C4F894300423A37603B030BD2DE9F743B1
:105F400002AC04E90600DDE90C2901999DF828500E
:105F5000092939D90099802B01F109010ED90C4684
:105F60001F2283F08003651E02EB431204F8012C0C
:105F7000491BC0E9005103B0BDE8F083182A79F14C
:105F8000000402D20DB90C46EDE70C460026DFF8FE
:105F900040E052EA090704D1002D02DC06F11702A5
:105FA000E1E7A4461EF8017BA4EB0C08474503DC9F
:105FB000E41BED1B0136ECE70CF8012D120A42EA56
:105FC00009624FEA1929EFE700252946D1E700BF0A
:105FD0005494090C10B58EB004460BA805900A2005
:105FE000CDE902239DF840300690009307A80B46A8
:105FF0000A220599FFF7A2FF03C809AA82E8030055
:10600000A368204606CA00F05CF90EB010BD10B5BA
:10601000037C3BB9D0F8942000F11404A24203D1D0
:1060200007230374012010BD92798A4201D0052311
:10603000F7E71846F7E770B58CB004461646FFF749
:10604000E6FF08BB09AB05930A230C2906934FF022
:106050000A0214BF0B460223CDE9026005990090A5
:1060600007A8FFF76BFF90E80600D4F894302046AD
:106070001B6800F026F9D4F8943004F1140293421E
:1060800084BF083BC4F894300CB070BD13B504460F
:106090000020002BA8BF01460090B8BFD243204685
:1060A000BCBFDB430121FFF795FF204602B0BDE8EE
:1060B0001040FFF71EBF70B586B002AE0929054635
:1060C0000C4686E80C000FD196E8030004AA82E88B
:1060D0000300AB68284606CA00F0F3F8284606B06D
:1060E000BDE87040FFF705BF00230B2908BF022160
:1060F000039A0093FFF76EFF0B2CE5D1EEE707B58F
:10610000002100910621FFF765FF03B05DF804FB55
:1061100037B50446007C58B9B2F1180543F1FF3099
:10612000082D70F1000003D20223237403B030BDA8
:10613000204600910721FFF74DFF204603B0BDE840
:106140003040FFF7D6BE38B50D46FFF7D2FE816866
:10615000044611F1660F11D8D0F8942000F18C0399
:106160009A421DBF02F10803C0F8943000230423B3
:106170001EBF938191609573237438BD0323FBE7A1
:10618000D0F894309A889B79052B08BF5208FFF706
:1061900052BF2DE9F3411646D0F89430D0F808806C
:1061A0001C680F46A8EB040202210546FFF743FFD7
:1061B0008EB11FB9AB68A4EB08041C44294668469D
:1061C00000F0C0F8019B9C4208D8009A1B1B02B14A
:1061D0002244C6E9002302B0BDE8F08100231A463C
:1061E000F7E710B4D0E901341B1B0ED0026802B1EE
:1061F0002244C1E90023D0F894309B790C2B06D1BE
:1062000009235DF8044B037470471A46F1E70C212B
:106210005DF8044BFFF797BF38B504460D4600F014
:106220007DF8A37B33B92A462046BDE838400C21CF
:10623000FFF701BF38BD73B5827B0C460AB101225E
:106240000274057C6DB9D0F8941000F114029142EB
:106250000AD10146684600F075F8DDE9000184E8DE
:106260000300284602B070BD0825FAE7F7B593424F
:10627000064602A81C4600E906000FD8099FD31A5B
:10628000BB420BD30D463A4628190899FEF77AF817
:106290003C443046C6E9005403B0F0BD00252C460E
:1062A000F7E782B0CDE9001240F60F310346818155
:1062B000002181608173DDE9000183E8050002B0FF
:1062C0007047F7B5044602A800E90600A27B32B980
:1062D00040F60F32A189914203D00123A37303B08A
:1062E000F0BDD4E901128A42F7D8019E891AB14261
:1062F000F3D39A42F1D3256865B11D44009F294626
:10630000D21AA81900F040F827B13246394628467B
:1063100000F03AF8A3683344A360E0E7837B83B9D5
:1063200040F60F3382899A4202D00123837370476B
:10633000D0E901239342F8D8D21A9142F5D80B4400
:10634000836070478B7B23B100231A46C0E900327B
:10635000704740F60F338A899A4202D001238B732B
:10636000F2E70B688A68F1E70346002030B5013A8E
:1063700000D230BD1D780C78A54202D008B9281B88
:10638000F5E701330131F2E7814270B41346054667
:1063900002D370BCFDF7F6BF8218194483B90024FC
:1063A0001819032816D86FF003009C0844432344AF
:1063B00022440C4400218B4214D1284670BC704703
:1063C00042EA01008007EAD011F8010D013B02F812
:1063D000010DE3E7601850F8046CA01840F8046C55
:1063E000043CDDE7601A10F8016C501A00F8016CEB
:1063F0000131E0E703460020884200D170471A5C73
:10640000002AFBD00130F7E703DF7047F0B50546FF
:106410000C0444EA01640C4344EA012462B91346C3
:106420005619032A0ED823F003022A4403F003036B
:1064300013449A420AD1F0BDAB07F0D005F8011B16
:10644000013AEBE7B71A3C60043AEAE702F8011BAD
:10645000EFE710B501390244904201D1002005E078
:10646000037811F8014FA34201D0181B10BD0BB1E6
:106470000130F1E71846F9E710B592B0044634222E
:10648000002105A8FFF7C2FF4FF40173ADF83830C3
:1064900004AB002102933823CDE90011039302AA33
:1064A00001230348049400F03FFB12B010BD00BF6D
:1064B0000001004030B595B005460C46342200215D
:1064C00007A8FFF7A3FF4FF40073ADF8403006AB09
:1064D00002933823CDE9033418230593012304AA3A
:1064E00000920021019302AA0248069500F01CFBCD
:1064F00015B030BD00010040F0B595B007460E461E
:1065000015460021342207A81C46FFF77FFF40F202
:106510000623ADF8403006AB02933823CDE90336AD
:10652000012304AA01930092002102AA04480697BD
:10653000059500F0F9FA059B236015B0F0BD00BF8A
:106540000001004070B5382694B0044606AB0D46F5
:10655000324600211846FFF759FF042322680593AD
:10656000089240F202320123ADF8402004AACDE99E
:10657000020600920021019302AA034807950494A1
:1065800000F0D2FA14B070BD00010040F0B5382719
:10659000064695B006AB0D46144600213A4618460D
:1065A000FFF734FF32680021089240F20332CDE950
:1065B0000207ADF840200223CDE9001102AA0348EA
:1065C000CDE9045400F0B0FA15B0F0BD0001004070
:1065D0002DE9F0414FF0380896B01D4608AB04464F
:1065E0000F461646002142461846FFF70FFF0423C8
:1065F0002268CDE9053702230A9240F20532019361
:1066000004ABCDE90208ADF8482000930021012336
:1066100002AA05480494079600F086FA079B2B60AF
:1066200016B0BDE8F08100BF000100402DE9F04147
:106630004FF0380896B01C4608AB07460E46154684
:10664000002142461846FFF7E1FE1C9B4FF44072C2
:1066500003930123019302ABCDE90408ADF8482070
:10666000009304AA022300210648CDE90665099794
:10667000029400F059FA1D9B039A1A6016B0BDE807
:10668000F08100BF000100402DE9F04314463022A4
:1066900099B08046DDE920690F460DEB020000212C
:1066A0001D46FFF7B3FE4FF4C063CDE90A87ADF88E
:1066B00050303EB9B9F1000F04D06FF0860019B028
:1066C000BDE8F083229B102D0693239BCDF82490E8
:1066D000CDE90736249B0293259B0393EDD834B173
:1066E00022460DF13B0361198A4215D113950AAB7D
:1066F0000493382305930123002E019302AB0093EA
:1067000004AA0CBF022303230021064800F00CFA60
:10671000269B039A1A60D2E712F8010B03F8010FC7
:10672000E2E700BF000100402DE9F04314463022AB
:1067300099B08046DDE920690F460DEB020000218B
:106740001D46FFF763FE40F20163CDE90A87ADF80D
:1067500050303EB9B9F1000F04D06FF0860019B087
:10676000BDE8F083229B102D0693239BCDF8249047
:10677000CDE90736249B0293259B0393EDD834B1D2
:1067800022460DF13B0361198A4215D113950AABDC
:106790000493382305930123002E019302AB009349
:1067A00004AA0CBF022303230021064800F0BCF911
:1067B000269B039A1A60D2E712F8010B03F8010F27
:1067C000E2E700BF00010040F0B597B007460E4673
:1067D0001546002130220AA81C46FFF717FE40F29A
:1067E0000273ADF8483008AB04933823CDE9053582
:1067F0001C9B04AA02931D9B002103930123019378
:1068000002AB009305480223CDE90876079400F017
:106810008BF91E9B039A1A6017B0F0BD000100406F
:1068200070B5054692B00C4616460021342205A8E4
:10683000FFF7ECFD2B680021069340F60513ADF839
:10684000383004AB02933823CDE90011039302AA38
:10685000012304480496ADF83A4000F065F912B0FF
:1068600070BD00BF0001004030B5382595B004462A
:1068700006AB2A4600211846FFF7C8FD042322680C
:106880000593089240F60A120123ADF8402004AAAD
:10689000CDE9020500920021019302AA0248049466
:1068A00000F042F915B030BD0001004070B5382647
:1068B00094B0044606AB0D46324600211846FFF759
:1068C000A5FD042322680593089240F601120123D6
:1068D000ADF8402004AACDE9020600920021019300
:1068E00002AA03480795049400F01EF914B070BD85
:1068F000000100402DE9F0414FF03808074694B000
:106900001C4606AB0E461546002142461846FFF7C8
:106910007DFD3A680021089240F60412CDE9020894
:10692000ADF840200223CDE9001102AA0448CDE9C8
:106930000454ADF8426000F0F7F814B0BDE8F081FF
:1069400000010040F0B5382797B008AB05460E4669
:10695000144600213A461846FFF758FD18230793BE
:1069600004233268039301230A9240F6091201932B
:1069700002ABCDE90407ADF84820009300210223C3
:1069800004AA03480695029400F0CEF817B0F0BDB3
:106990000001004000B58BB0CDE9020102A90491CD
:1069A0000821CDE905130CAB0893042309930023B8
:1069B0000792CDE9003340F2E931032304AA0348EA
:1069C00000F0B2F80BB05DF804FB00BF020100401C
:1069D00010B58CB0CDE9020102A9089108210991F6
:1069E00005A90A9104210F9C0B910E990592CDE9FE
:1069F000061374B10123019306AB009340F2EA3110
:106A00000223054808AA00F08FF8079B23600CB00A
:106A100010BD6FF08600FAE70201004010B58CB09F
:106A2000CDE902010021CDE909110B9102A90591DF
:106A3000082109ABCDE906130C23144608938AB14B
:106A4000012307AA0193009240F2EB31074805AAFF
:106A500000F06AF8099B23600A9B63600B9BA360AC
:106A60000CB010BD6FF08600FAE700BF02010040D5
:106A70007FB502AB0493082305930023CDE90201FF
:106A8000CDE900334FF47B71012304AA024800F0E2
:106A90004BF807B05DF804FB02010040002307B586
:106AA0001A464FF47D71CDE90033044800F03CF8FC
:106AB0000028B8BF012003B05DF804FB05010040C9
:106AC0007FB503AB04930423059300230390CDE922
:106AD000003340F2F331012304AA044800F024F803
:106AE0000028B8BF012007B05DF804FB0501004095
:106AF00000B589B003AB04930423CDE9053201232B
:106B000006AA03900791009240F2F231019304AA81
:106B1000044800F009F80028B8BF012009B05DF86A
:106B200004FB00BF0501004070B5B1F5004F1D46E4
:106B3000DDE9043403D2042D01D8042C01D9FDF77A
:106B4000A3FC240444EA05642143BDE87040FDF73A
:106B500067BC10B50446083000F056F80028C2BFE4
:106B600063681B18636010BD10B500248CB00B4621
:106B7000009202A9024607488DF808400394FDF7E9
:106B80006DFD02A89DF80810FFF7E3FF03980CB015
:106B900010BD00BF996B080CF8B507460E4617F8F4
:106BA000081B05468B18202B144609D9FFF7D1FF87
:106BB000002326442B70202CA6EB04010AD80E4695
:106BC0002878224631463844FDF7DCFB2B782344F5
:106BD0002B70F8BD20223846FDF7D4FB2021284633
:106BE000FFF7B7FF203CE6E70FB407B504A951F85B
:106BF000040B01220191FFF7B7FF03B05DF804EB2E
:106C000004B0704702DF7047FFF7FCBF73B50D4655
:106C1000164604211A4603201C46FAF7BBFBD0B9DE
:106C20002368069AD900B342118016D801210420A6
:106C30000DF10702FAF7AEFB68B9079B084A02207C
:106C40001A609DF80730089A43F4E24313802168E4
:106C50002A46FAF79FFB02B070BD43F65C20FAE7C4
:106C600009060006084610B51146024600201C46DB
:106C7000FAF790FB024678B92146FAF757FB02462D
:106C800050B923680299DB000B80039B034919600C
:106C90004FF49051049B1980104610BD0901000863
:106CA000014B0360022070479894090C014B03606C
:106CB000022070475894090C01680E4A034691421D
:106CC00015D1C169A2F11022A2F1EF1291420ED1A9
:106CD0008268012A0BD8C26812B101698A4206D0C3
:106CE000586928B19B691B1A5842584170470120C6
:106CF000704700BF55AA00FF0E4B70B59E68B6B135
:106D00003046FFF7D9FF044618B9F3687BB93569F7
:106D10000DB9204670BD2846FFF7CEFF28B9EB68B5
:106D2000B34204D12E462D69F2E70446F1E701246F
:106D3000EFE700BFEC0A0530394A2DE9F04114684D
:106D4000D4B19468C4B1002868D0002966D001FB92
:106D500000F5B5FBF0F0884260D1281D5ED8A90788
:106D60000DD025F003010431D46803E06068884247
:106D700007D2A469002CF9D12046BDE8F08129464C
:106D8000F2E7D4F80880B8F1000F02D00120FDF737
:106D9000F6FA401A232804F12006D4E9057C1BD812
:106DA0000123A360AFB1C7F818C0A36903B15F6145
:106DB0000023C4E905331369DB0703D5FFF79CFF04
:106DC0000028E3D12A46002130463446FFF71EFB57
:106DD000D2E7C2F80CC0E8E701F1200E04EB0E0385
:106DE0002038C3E901082069DFF83880DC601861C9
:106DF00044F80E80DFF830E0C3F81CE000B1C36057
:106E0000C3E9057C47B1BB61986900B143610120CA
:106E10002361C4E90110CBE7D360F5E70024ABE7B9
:106E2000EC0A053055AA00FF669911EEF8B5054643
:106E300000285DD0394F3B68002B59D0BA68002A32
:106E400056D0834203D87A681344984202D3012073
:106E5000FDF795FAA0F120042046FFF72DFF00284A
:106E6000F5D155F8183C012BF1D155F8146C45F8C3
:106E7000180CB6B1B368002B3BD155F81C3C03F19C
:106E8000200273681344736055F8103C336103B1FA
:106E9000DE60204620220021FFF7B8FA2346344660
:106EA0001E462069002830D08368002B2DD16368EE
:106EB00042682033134463600369D4E905212361E8
:106EC000CAB9F1B9426981696261A161DAB19461BB
:106ED000A26902B1546103B1DC6020220021FFF7F6
:106EE00095FA3B699B0703D5FFF706FF0028AED153
:106EF000F8BD0646D5E79161A1690029E2D04A6153
:106F0000E0E7F960F8E7FC60E2E7002EE9D1FB6812
:106F1000A36103B15C61FC60E3E700BFEC0A0530EC
:106F200038B50D461422002104461248FFF76EFAC8
:106F30001149124800F03AF8232D1AD914F003032E
:106F40001FBF043DED18C3F10403E4182A460021D5
:106F50002046FFF75BFA074B094AC3E900459C60EE
:106F60002260A2F11022203DA2F1EF126560E261E1
:106F7000DC6038BDEC0A05302D6E080C396D080C4C
:106F800055AA00FF002070470FB4002004B07047DE
:106F900070470000014B1B68184700BF98DA0430A7
:106FA000014B1B68184700BF94DA0430024B18608D
:106FB000024B00201960704798DA043094DA0430EC
:106FC000014B18600020704790DA043010B50A4673
:106FD000044619B1024B00211B68984710BD00BF41
:106FE000C094090C10B5044608B1FFF7EFFF204626
:106FF000BDE81040FFF7D4BF00F4E040B0F5805F7B
:1070000004D0A0F500535842584170470120704702
:10701000054B5A78022A04D11878C31F58425841A8
:1070200070470020704700BF000B05300E4B034037
:10703000B3F1607F06D1B1F5885F0CBF00206FF01F
:1070400086007047B3F1707F0BD101F4E043B3F5D4
:10705000005F06D111F4E06F14BF00206FF08600CE
:1070600070476FF0860070470000C07F914270B596
:1070700006460C4647D07D4B21F4FF7121F00101FB
:10708000994210D07A4924F0FF038B420BD024F4AC
:107090007F7020F00300A1F57061884203D001F5F4
:1070A000A0618B4231D1714B22F4FF7121F00101BB
:1070B000994211D06E4922F0FF038B420CD022F48A
:1070C0007F7020F00300A1F57061884204D001F5C3
:1070D000A0618B4240F0C68084EA0203FF2B00F2DD
:1070E000C18014F0FF0304D0624943F000738B4267
:1070F00009D012F0FF0206D05E4B42F000719942B7
:107100000CBF22460022104670BD04F0FE43B3F1CE
:10711000A06F2AD102F0FE43B3F1A06F40F0A2802D
:1071200084EA020333F47E1340F09C802504C4F308
:107130000543C2F3054102F400400ED548B18B422D
:1071400038BF0B4624F47E1242EA034242F4004266
:10715000D9E78B4288BF0022D5E7002800F0828063
:107160008B422CBF22460022CDE7B3F1407F79D17C
:1071700002F0FE43B3F1407F74D184EA020333F49A
:107180007E136FD131462046FFF750FF002869D1AA
:1071900014F47C1518D0C4F3054512F47C1330D0D8
:1071A000C2F30543200402F400414BD5002945D029
:1071B000AB4238BF2B461B0403F47C1324F47E142B
:1071C000234343F400429EE72B4B2340B3F1607FFF
:1071D0000AD1E3B243F0007303F17E43033B102B6B
:1071E000DBD82649CD5CD8E7B3F1707FD5D106F462
:1071F000E043B3F5005F02BF0125C6F302239D40C3
:10720000CBE71D491140B1F1607F0AD1D1B241F005
:10721000007101F17E4103391029C3D8184B5B5C22
:10722000C0E7B1F1707FBDD106F4E041B1F5005F78
:1072300002BF0123C6F30226B340B3E79D4288BFD5
:10724000002260E721B19D422CBF224600225AE76E
:107250009D4209D12D0405F47C1524F47E1445EAE1
:10726000040250E700224EE70A464CE700020006FF
:1072700000130006FF0000020000C07FD594090C37
:10728000D594090C8A42F8B506460D4600F0DE801A
:10729000724B22F4FF7121F00101994222F0FF07A5
:1072A0000FD003F588539F420BD022F47F7121F059
:1072B0000301A3F57063994203D003F5A0639F42D5
:1072C00027D1664B25F4FF7121F00101994210D0BE
:1072D000634925F0FF038B420BD025F47F7020F02B
:1072E0000300A1F57061884203D001F5A0618B42D3
:1072F0000FD115F0FF000BD05A4B40F000709842B0
:1073000040F0A68082EA0500FF288CBF0020012003
:10731000F8BD05F0FE43B3F1A06F11D102F0FE43BA
:10732000B3F1A06F74D182EA050333F47E136FD1F9
:107330002C046DD5C5F30540C2F305429042E4E745
:10734000B3F1407F64D102F0FE43B3F1407F5FD1DF
:1073500082EA050030F47E145AD131462846FFF700
:1073600065FE002874D1404912F47C1001EA020144
:1073700016D0B1F1607FC2F3054335D1D1B241F0EF
:10738000007101F17E410339102901D8374C645C4A
:1073900015F47C1F2ED1A34214BF00200120B7E7B3
:1073A000B1F1607F0AD1D3B243F0007303F17E43A1
:1073B000033B102B50D82E49CB5CDFE7B1F1707F37
:1073C00016D106F4E043B3F5005F43D10123C6F3C1
:1073D00002218B4006F4E041B1F5005FD8D10124D1
:1073E000C6F302218C40D3E7B1F1707FD0D1F1E731
:1073F0000346CDE718B9C5F30541A14226D02904BB
:1074000006D5C5F30540834234BF002001207FE745
:1074100025F47F03B3F1106F0AD102F0FE43B3F1FC
:10742000106F15D11348104040F01060A842B3E728
:10743000114B9D4201D1AF42AEE7B2F1082F07D107
:107440000E4B9D4204D1B6F5105FA5E701205FE722
:1074500000205DE70346BDE703468FE70002000614
:1074600000130006FF0000020000C07FD594090C45
:10747000D594090C0000FFF60001000A0002C003C9
:1074800010B521F0FF0310B3244C21F4875222F0F1
:107490001F02A24210D0224A93420DD021F4FF7263
:1074A00022F00102B2F1062F06D004F5C064A34217
:1074B00002D01C4B9A4207D111F0FF011ED01A4B8B
:1074C00041F0007199421FD16FF086001BE0144A11
:1074D00021F4FF7424F001049442EDD002F58852A7
:1074E0009342E9D021F47F7424F00304A2F5706282
:1074F0009442E1D00D4A934205D1DDE7002814BF44
:107500006FF08600002010BD01F17E41083903298B
:107510008CBF6FF085000020F5E700BF0003000678
:107520000002000600040006FF0000020009000639
:107530000B4B20F47E10984206D10739072934BF3F
:1075400000206FF086007047064B984205D1002955
:1075500014BF00206FF0860070476FF08500704701
:10756000000140050002400500F0FE43B3F1A06FAA
:107570002AD1174B20F4FF7222F001029A4210D058
:10758000144A20F0FF0393420BD020F47F7121F0C6
:107590000301A2F57062914203D002F5A06293420A
:1075A0000BD110F0FF0011D00B4B40F0007098424F
:1075B0000CBF6FF086000020704710F4004F14BF1E
:1075C0006FF08600002070476FF08600704700BFA4
:1075D0000002000600130006FF00000270B5837869
:1075E0000446013B012B0E4615460FD852B11146F9
:1075F0000120FFF7CFFC606058B12A463146FCF706
:10760000C1FEA56003230020A37070BD6FF0880049
:10761000FBE76FF08C00F8E770B51C4640F20123E1
:1076200099420546164624D0B1F5017F06D040F2B6
:107630000113994217D06FF0860070BD837853BB59
:107640006CB121460120FFF7A5FCE86010B96FF08E
:107650008C00F2E722463146FCF794FE2C610123B0
:107660000020AB70E9E722463146BDE87040FFF7E5
:10767000B5BF8378032B0ED15CB121460120FFF703
:1076800089FC68610028E2D022463146FCF77AFE88
:10769000AC610423E4E76FF08800CEE738B50379E6
:1076A00004460D4663B9D4E9050185E80300237F4C
:1076B0000020012B0BD0C5E900006FF0960005E01B
:1076C000D0E9091203F0C0FE0028ECD038BD022337
:1076D0002377FBE737B504464868000A02D0084D17
:1076E000A8420AD10698009004F1080009F0C0FFF2
:1076F00008B90123236003B030BD6FF08600FAE7BC
:107700000100800037B505460C46FFF781FC78B1D3
:1077100000230A4601932946074801AB11F05AFAA3
:1077200020B9019BA34218BF6FF0930003B030BD96
:107730006FF08800FAE700BF040B053041680F4B7B
:107740000246994202D1037D980710D5136873B1A0
:10775000137DD9070BD513F002000DD0D3684BB9B8
:107760001369002B14BF6FF08600002070476FF084
:10777000880070476FF08600704700BF0001500519
:107780003AB1002918BF00232121D21A1844FEF76C
:107790003DBE70472DE9F743CDE90001DDE9000169
:1077A00090461F460A9C03F03BFC0546002844D146
:1077B000D8F80060B6F8009009F4E043B3F5804FC4
:1077C000B36808BF27F0010737EA03032DD1A4B33C
:1077D000254B24F4FF7222F001029A4210D0234A72
:1077E00024F0FF0393420BD024F47F7121F00301B6
:1077F000A2F57062914203D002F5A062934220D1BB
:1078000014F0FF0304D01A4A43F0007393421FD0D0
:1078100022464846F168FFF735FD074668B922461B
:1078200048463169FFF72EFDD8B96FF08405002373
:107830003046C8F8003003F0DEFC284603B0BDE84F
:10784000F08304F0FE43B3F1407F04D12304DFD57D
:107850006FF08605EBE7B3F1A06FF7D0044B9C42C5
:10786000D5E73D46E9E700BF000200060013000629
:10787000FF00000230B585B002AC84E8030000933D
:1078800094E803004FF480431546FFF783FF044656
:1078900058B9286843681B0A07D0054A934204D0A8
:1078A00003F0A9FC2C606FF08504204605B030BDC4
:1078B0000100800000F0FE43B3F1106F02BF20F022
:1078C0001F6020F4702040F00060704738B500F071
:1078D000FE43B3F1407F04460D4602D06FF08600B0
:1078E00038BDFFF7A3FB0028F8D114F47C1F18D093
:1078F000C4F30543032B137022D9224A2240B2F16C
:10790000607F31D1E4B244F0007404F17E44033C62
:10791000102CE3D81C4A125D9342DFD8402BDFD9EC
:107920000EE0184B2340B3F1607F0FD1E3B243F078
:10793000007303F17E43033B102B04D90023137023
:107940006FF08500CCE71149CB5CD3E7B3F1707FD2
:10795000F4D101F4E043B3F5005FEFD10123C1F3AB
:1079600002218B40DBB2C5E7B2F1707FB6D105F4DE
:10797000E042B2F5005FB1D10122C5F30225AA4071
:10798000CAE700BF0000C07FD594090CD594090C4C
:107990002DE9F047994600238AB006AC84E803003D
:1079A000DDE913868DF82330169B0092002B94E8B6
:1079B000030015460CBF4FF400634FF4806309AA1F
:1079C000159FFFF7E7FE044620BBDDF824A02846FC
:1079D000BAF800100DF12302FFF778FF0446C8B98A
:1079E0009DF82300B04225D8DAE90912DAF804300C
:1079F0001B0A02D0124CA3421FD1129BCDE90307F0
:107A0000CDE9009350462B46CDF8088009F084FE5E
:107A1000044600B13E603246214640463B68FFF7CF
:107A2000AFFE099803F0E7FB002C18BF20460AB010
:107A3000BDE8F0876FF08904ECE76FF08604E9E7B2
:107A4000010080002DE9F341D0F804804769044625
:107A500040460E4603F0D1FB054660BB5FFA88F353
:107A60001BB93FB16FF0860525E06FF04043013F41
:107A70009F42F7D2A06820F47F4020F00300002846
:107A8000F0D14FF6F87362889A4218D8277907B96F
:107A900001A8314603F082FA054660B90FCCD6F84A
:107AA00000C066460FC694E8070086E8070017B9CD
:107AB000019BCCF81430284602B0BDE8F0816FF08D
:107AC0008505F8E7F0B58BB005460C461746002152
:107AD000182204A81E46FEF799FC4FF6F8724FF4E0
:107AE0008853B2EBC60F4FF6FF72ADF80C304FEA79
:107AF000C60338BF1346ADF80E304FF4A0534FF411
:107B0000C072002128460593FEF780FCE1B241F0E7
:107B100000706B7900F17E400338102843F00103B8
:107B20006B718CBF00230A4B41F0607198BF1B5CE6
:107B30003A462B7128463346009103A9FFF7CAFD48
:107B4000044603A803F0AAF920460BB0F0BD00BF1D
:107B5000D594090C40F67E7300F6FF729A426DD9F7
:107B6000434213F07F0306D0202BC3F1000037D12E
:107B70006FF08500704710F1920F31DA10F5854FE4
:107B80000DD026DC10F5A14FF2D016DC10F5C54F54
:107B90001CD010F5C14FEBD010F5C74F2CD16FF0B2
:107BA0009600704740F25513C34013F0010F0CBF0D
:107BB0006FF083006FF08600704710F5894F3BD05F
:107BC00010F5864FEBD010F5994F15D16FF0860068
:107BD000704710F5834F2CD00EDC10F5844FF4E77E
:107BE00010F11F0F16DA10F1400F25D010F13F0FE2
:107BF00005DA68300828D5D96FF08300704710F196
:107C00003D0F19D010F1220F14BF6FF083006FF0F9
:107C1000850070470E300E28EED8012340F2151271
:107C200083401342D2D10E2814BF6FF0830000208E
:107C300070476FF0920070476FF09300704741F209
:107C4000052398421AD8B0F5905F09D241F201039A
:107C500098420CD0B0F5885F09D06FF0850070476E
:107C60002923A0F5905080B2C340DB07F5D511F071
:107C7000070F14BF6FF0860000207047B0F5105F4B
:107C8000EBD121F04003802B06D0B1F5807F14BFEB
:107C90006FF08600002070470020704770B5446A7E
:107CA00005460E463CB90120FFF774F9686228B119
:107CB0002046AE6270BD6FF08A00FBE76FF08C006B
:107CC000F8E7F8B50F46114606461546FFF7E6FFFA
:107CD000044620B92A463946706AFCF753FB204611
:107CE000F8BD2DE9F14FDDF830A00546DDE90AB811
:107CF00089461E4617460488C2B32046FFF77CF922
:107D000088B1D1002046CAF80010FFF798FF04465A
:107D100028B949463046FCF735FBC8F800702046C4
:107D200001B0BDE8F08F630420D504F44F43B3F5F0
:107D3000824F0AD133462846CDE90B8ACDF828B0C8
:107D400001B0BDE8F04F08F0C3BF44F2010324F4D2
:107D500040549C420AD133462846CDE90B8ACDF8DF
:107D600028B001B0BDE8F04F09F0DEBD6FF085042A
:107D7000D5E710B50446406A10B1A16AFFF732F9A1
:107D80000020C4E9090010BD38B50446FFF7F1FF33
:107D9000237F012B0FD0023B012B0FD8236A012B2D
:107DA00014BF6FF0960500252C2200212046FEF717
:107DB0002DFB284638BD236A002BF1E76FF09605AE
:107DC000F2E708B1FFF7E0BF70471FB50446CDE901
:107DD0000001D8B1DDE9000103AA03F021F904464E
:107DE000A0B9039B1A7F022A13D103221A771A79AA
:107DF000FF2A11D022B1D3E9050103F02DFA044680
:107E0000039803F0E3F9002818BF0446204604B0A5
:107E100010BD6FF09604F3E76FF08404F0E770B5DF
:107E200086B002AD85E803001046144603F036F82C
:107E30000023009305AA95E80300FFF7ABFC50B9B7
:107E4000059E35460FCD0FC495E8070084E807006E
:107E5000304603F0D0F906B070BD70B51446028804
:107E60001D461046049EFFF7C7F868B944F20103A7
:107E700022F44050984207D002F44F42B2F5824FAC
:107E800002D0B2F5844F0ED1B4420FD82246284614
:107E9000FCF778FA0021321B2819FEF7B7FA002008
:107EA000059B1C6070BD6FF08500FBE76FF08900DB
:107EB000F8E70000F0B587B002AC16461D4684E82E
:107EC00003000C9F2BB300233B60009394E8030056
:107ED000012305AAFFF75EFC0446A0B90598446893
:107EE000D0E90912240A02D00B4B9C420ED1334632
:107EF000CDE90057FFF7B1FF0446059803F07BF981
:107F0000002C08BF0446204607B0F0BD6FF0860481
:107F1000F3E76FF08904F6E7010080002DE9F047F0
:107F200005880746DDE9088905F4E04EBEF5804F77
:107F30008C4614461E4644F2010E25F4405A1BD1CD
:107F4000F24507D005F44F43B3F5824F02D0B3F5A5
:107F5000844F19D1444526D8614622463046FCF765
:107F600011FA0021A8EB04023019FEF74FFA0020A5
:107F7000C9F80040BDE8F087F24505D1CDE9088990
:107F8000BDE8F04709F0F6BC05F44F45B5F5824F62
:107F90000CD1334622463846CDE90889BDE8F04782
:107FA000614608F0C8BE6FF08900E3E76FF0850016
:107FB000E0E7F0B587B002AC16461D4684E8030042
:107FC0000C9F0BB300233B60009394E8030005AAC9
:107FD000FFF7E0FB044688B9059803885B0410D5D9
:107FE000CDE900573346D0E9091203F0EDFA044613
:107FF000059803F000F9002C08BF0446204607B09E
:10800000F0BD6FF08604F3E76FF08904F6E7000037
:108010002DE9F0411E46002386B005460F469046E6
:10802000C6E900330493002A55D0B2F1005F55D25F
:1080300004A9FFF707FD044680B90498836A8BB151
:1080400004986A684388120A0593436A50F8281F07
:1080500012D0244CA2420FD06FF086040498FFF790
:10806000B0FE2EE06B681B0AF6D14146FFF716FE04
:1080700004460028E4D0F1E705AACDE90102009109
:10808000424639462846FFF72CFE04460028E5D133
:108090000498059B4288C2B943804FF6F872934218
:1080A00016D82B8813B102889A42D5D16B8813B1A8
:1080B00042889A42D0D13146FFF7F0FA04460028B0
:1080C000CCD1204606B0BDE8F0819A42C4D1E4E7A5
:1080D0006FF08504C2E76FF08604F2E76FF0850465
:1080E000EFE700BF010080002DE9F04F15460027A3
:1080F0001E468FB00DF1080C07AC8CE803009046CB
:108100000FCD0FC495E80700C6E9007784E80700A3
:10811000009702239CE8030004AACDE904770697A0
:10812000FFF738FB044640B9B8F80030049C43B16F
:1081300022889A4205D06FF086040598FFF741FE29
:1081400060E0B8F8022063880AB19342F3D127882F
:10815000DDF828A0D4F80C9051464A463846ADF8D0
:108160001E30ADF81C70FEF781FF0546DDF82CB01F
:10817000D4F81080594642463846FEF777FF2DB9AD
:10818000BAF1000F02D0B9F1000FD4D128B9BBF178
:10819000000F02D0B8F1000FCDD1A268099B0B905F
:1081A000134005A907A8CDE90935FFF74BFC0446A4
:1081B0000028C2D1DDE904305A684168120AB2EBE6
:1081C000112F28D1089A120A0ED006A907A803F089
:1081D000E5F904460028B0D1DDE90501FFF75EFDB1
:1081E00004460028A9D1A6E7D3E90912FFF769FDE3
:1081F00004460028A1D131460598FFF74FFA0446FE
:1082000000289AD1049802F0F6FF002C18BF2046EF
:108210000FB0BDE8F08F6FF085048EE710B504460F
:10822000006838B1012806D104F1080008F07EFF8B
:108230000023236010BD6FF08800F9E770B50E468B
:1082400001680546A1B906F0FE43B3F1007F15D1E0
:1082500000F10804E0222046FEF7D8F82046314617
:1082600008F082FF044628B901232B60204670BD28
:108270006FF088042846FFF7D1FFF7E76FF0860418
:10828000F8E700002DE9F0410C4606464FF4047271
:108290000021BAB01030FEF7B9F8B4F1082F1CD0A5
:1082A000494A24F43F7323F00303934224F0FF0769
:1082B00017D0464B24F4FF7222F001029A4210D0EC
:1082C000A3F500739F420CD0414B9F4209D06FF041
:1082D000850528463AB0BDE8F0816FF06043B36091
:1082E00054E014F0FF04F2D044F0007505F17E482C
:1082F000A8F10303102BEAD801A252F823F000BF23
:108300004583080C8183080C8183080CCF82080CFC
:10831000CF82080C7183080C7583080C7983080CD4
:108320007D83080C7183080C7583080CCF82080CC0
:10833000CF82080C7183080C7583080C7983080CB4
:108340007D83080C1024E82200216846FEF75EF8C1
:1083500029466846FFF772FF05466846FFF75EFF4D
:10836000002DB6D1184B9F420CD1C4EB04240CE075
:108370001C24E8E72024E6E73024E4E74024E2E791
:108380001424E0E7114B9F4202D1B4600025A0E71E
:10839000104B9F42E9D0104B9F4207D1A8F109082A
:1083A000B8F1010F93D84FF0FF3398E70B4B9F4282
:1083B00006D1A8F10908B8F1010F88D830238EE75B
:1083C000034B9F42EFD082E7000100080004000841
:1083D00000018008000500080002000800030008F2
:1083E00038B50546006880B112B90024204638BD72
:1083F00001280AD105F1080008F02CFF04460028E6
:10840000F3D02846FFF70AFFF0E76FF08804F8E79B
:1084100038B500241C600546006870B1012809D1F8
:1084200005F1080008F034FF04462846FFF7F6FE81
:10843000204638BD6FF08804F7E76FF08804F7E74F
:108440000023F0B593B00193036805460F46164626
:1084500043B3012B1AD1402201AB02A9083008F026
:1084600017FF04462846FFF7D9FE24B9019BB34203
:108470000FD06FF09404402102A8FEF7A7FD14B1BD
:108480002846FFF7CBFE204613B0F0BD6FF08804FE
:10849000E8E73246384602A90DF013F904460028F1
:1084A000E9D0E6E76FF08804E5E770B40024DDE981
:1084B00003652C6000F0FE44B4F1007F04D1CDE9E7
:1084C000036570BC08F026BF6FF0860070BC704773
:1084D00030B51D4600F0FE43B3F1007F95B01DD1CD
:1084E00003AB01934023009304AB08F013FF044651
:1084F00028B9039A189B9A4208D06FF0940440213F
:1085000004A8FEF763FD204615B030BD284604A937
:108510000DF0D7F804460028EFD1F0E76FF086049D
:10852000F1E7036870B504460D46D3B10968C1B9D7
:1085300005F10806E0223046FDF768FF2368012BAD
:108540000CD104F1080031462B6008F057FE0446B8
:1085500010B12846FFF762FE204670BD6FF0880418
:10856000F7E76FF08804F7E710B50446006858B1E4
:1085700001280AD104F1080008F070FF00232360ED
:10858000A3886FF30803A38010BD6FF08600F5E7A2
:108590002DE9F0431F46002387B002AC84E80600B3
:1085A00001680546DDF83890059300294BD100F1AC
:1085B00008084FF4BC724046FDF728FFB9F1000FE0
:1085C000009794E803000CBF4FF400634FF48063FE
:1085D00005AAFFF7DFF80446B8B9059C384621889C
:1085E0002A1DFFF773F9064680BB6B7969F3000318
:1085F0006B71D4E90923B9F1000F0BD0214628464D
:108600000097FFF767F80446A0B12846FFF7ACFFD4
:1086100026460FE06168090A02D00F48814217D14F
:1086200021464046009709F025F804460028ECD181
:1086300001232B60059802F0DEFD002E18BF3046A6
:1086400007B0BDE8F0836FF08804DEE70446DCE79E
:108650006FF08604D9E700BF010080001FB502ACAF
:1086600084E806000122009294E80600FFF790FFDC
:1086700004B010BD1FB502AC84E8060000220092D1
:1086800094E80600FFF784FF04B010BD38B5054636
:10869000006898B112B90024204638BD01280AD1DB
:1086A00005F1080008F0E8FF04460028F3D028464A
:1086B000FFF75AFFF0E76FF08604F8E76FF08804E1
:1086C000EAE72DE9F041054600680F461646984650
:1086D00010B36A79D2071FD52A79EAB1B2421ED8FF
:1086E00001281FD105F1080008F0E6FF044618B183
:1086F0000023C8F800602B7137B132462146384656
:10870000D8F80030FFF73CF82846FFF72DFF002C83
:1087100018BF2046BDE8F0816FF08804E8E76FF0ED
:108720008904E5E76FF08604E2E700002DE9F043F5
:108730005FFA81F848F0007808F17E43033B102B84
:1087400096BF364A0026D65C43780546FF2BE3B039
:1087500060D0013343700670D0E90123414602A87E
:10876000FFF7B0F90446002844D16B78012B4AD1B9
:10877000D5E9051202A8FFF789FF0446002839D180
:10878000D5E9031202A8FFF781FF044690BB01AFB1
:1087900005F124093B463246494602A8FFF791FFFE
:1087A0003B6804469E4232D120BBD5E901234146B5
:1087B00002A8FFF787F90446E0B93246494602A805
:1087C000FFF764FF0446A8B9D5E9051202A8FFF730
:1087D0005DFF044670B9D5E9031202A8FFF756FF02
:1087E000044638B93B46324605F1640102A8FFF75A
:1087F00068FF044602A8FFF7B7FE002C18BF20460A
:1088000063B0BDE8F083324605F12401BAE76FF0AA
:108810009604EFE76FF09600F2E700BFD594090CDD
:108820002DE9F04F054616469A46ADF5017D20AF7D
:108830004FF4C072089138460021FDF7E7FD9DF81E
:1088400085300DF1400843F001038DF88530D5F8EF
:10885000E03004221BBA41460EA810938DF88460C4
:10886000FBF790FD05F118030993089B514600930F
:108870003846D5F8983005F11802FEF72BFF04466C
:1088800060BBD5E904123846FFF700FF044628BB59
:10889000042238460EA9FFF7F9FE0446F0B90DF19F
:1088A00034094B46402241463846FFF70AFF04464A
:1088B000A0B90D9B9E426ED101273246414605F17B
:1088C0009C00FBF75FFD05F1980306940A93D5E938
:1088D00002239742069A72EB030309D340210DEB62
:1088E0000100FEF773FB20460DF5017DBDE8F08F1A
:1088F000DAF80430D5F898201B0A02D02A498B42B6
:108900004CD10DAB0DF14008CDE90363DDE9083131
:108910005046CDE90168CDF8008008F0FDFE002842
:108920003FD10DF13C0900F1040B5E450BD200F183
:108930009B032B4410A9864224D8069B013743F1A0
:1089400000030693C3E70A9B04225B44194648468A
:108950000793FBF717FDD9F800304146042248463B
:108960000B93FBF70FFDD9F800200B9B49465340B2
:1089700007980422C9F80030FBF704FD08F1040849
:108980005846D0E713F8012F10F801C0013082EAF1
:108990000C021A70CFE76FF096049FE76FF0860421
:1089A0009CE704469AE700BF0100800038B5054601
:1089B000006898B16C79E40710D42C79944210D1F6
:1089C000012811D105F1080008F083FE044628466D
:1089D000FFF7CAFD002C18BF204638BD6FF0880491
:1089E000F5E76FF09404F2E76FF08604EFE710B557
:1089F00088B006AC84E80300012104910D9903912D
:108A00000C9902910B9901910A99009194E8030045
:108A1000FEF7BEFF08B010BD30B59BB006AC84E8D1
:108A200003000021049109A90391402102911E999C
:108A30000AAD0195009194E80300FEF7A9FF0446F2
:108A400028B9099A209B9A4208D06FF094042846CE
:108A50004021FEF7BBFA20461BB030BD29461F98C7
:108A60000CF02FFE04460028F1D0EEE72DE9F74F79
:108A700047F2010BDDE90CCEDDE90E8905880646DB
:108A80005D4517461C46DDF840A001911BD123F43B
:108A9000FF721B4B22F001029A4205D024F0FF0224
:108AA00003F588539A4228D123463A463046019925
:108AB000CDE90F9ACDE90DE8CDF830C003B0BDE89F
:108AC000F04F08F0B1BF05F44F45B5F5824F0FD117
:108AD0006FF30804B4F1062F0FD1CDE90F9ACDE959
:108AE0000DE8CDF830C003B0BDE8F04F08F092B902
:108AF0006FF0850003B0BDE8F08F6FF08600F9E7F6
:108B0000000200062DE9F04117461C4623F4FF72CF
:108B1000244B22F001029A4205460E4698B010D02E
:108B2000214A24F0FF0393420BD024F47F7121F0FB
:108B30000301A2F57062914203D002F5A062934254
:108B40002CD1DDE91E1207AB0193402314F0FF0086
:108B50000DF1200818BF40F000700093434608F064
:108B6000D9FBA8B96868079B000A02D00F4A904257
:108B700011D1229A31460492219A28460392209AD2
:108B8000CDF80080CDE9013223463A46FFF76EFF6B
:108B900018B0BDE8F0816FF08600F9E76FF085004E
:108BA000F6E700BF00020006001300060100800087
:108BB0002DE9F04F1C4600238BB00DF1180888E812
:108BC0000300DDE91767DDE915B9214610463B6072
:108BD0001546FEF755FC8246002837D1002E4AD0B4
:108BE000002D009408BF4FF4805398E8030018BF8D
:108BF0004FF4806309AAFEF7CDFD8246C8B90998F3
:108C0000038803F4E043B3F5E04F31D1D0E9091212
:108C100043681B0AF5B113B1184DAB4228D1149B20
:108C2000CDE903670093CDE901B92346FFF76AFF59
:108C300082465146324648463B68FEF7A1FD0998F8
:108C400002F0D9FABAF1000F08BF824650460BB0C5
:108C5000BDE8F08F13B1094DAB4209D1149BCDE9AA
:108C600003670093CDE901B92346FFF7FFFEDFE775
:108C70006FF0860ADDE76FF0890AE7E70100800000
:108C800010B588B006AC84E803000D9904910C99E6
:108C900003910B9902910A99CDE90031134694E8AA
:108CA00003000122FFF784FF08B010BD10B588B0A3
:108CB00006AC84E803000D9904910C9903910B997B
:108CC00002910A99CDE90031134694E8030000228D
:108CD000FFF76EFF08B010BD2DE9F74F44F2010A0F
:108CE000DDE90CCEDDE90E890588064625F4405BFA
:108CF000D34517461C46019119D123F4FF72194B35
:108D000022F001029A4205D024F0FF0203F58853B5
:108D10009A4224D123463A4630460199CDE90E893C
:108D2000CDE90CCE03B0BDE8F04F08F0F1BE05F47C
:108D30004F45B5F5824F0DD16FF30804B4F1062FFE
:108D40000DD1CDE90E89CDE90CCE03B0BDE8F04FD1
:108D500008F00AB96FF0850003B0BDE8F08F6FF03E
:108D60008600F9E7000200062DE9F04117461C468F
:108D700023F4FF72234B22F001029A4205460E466D
:108D800096B010D0204A24F0FF0393420BD024F475
:108D90007F7121F00301A2F57062914203D002F5C8
:108DA000A06293422AD1DDE91C1205AB0193402356
:108DB00014F0FF000DF1180818BF40F00070009388
:108DC000434608F0A7FA98B96868059B000A02D0E4
:108DD0000E4A90420FD11F9A314603921E9A28469E
:108DE000CDE90132CDF8008023463A46FFF774FF03
:108DF00016B0BDE8F0816FF08600F9E76FF08500EE
:108E0000F6E700BF00020006001300060100800024
:108E1000F0B58BB004AC84E8030008AF94E803001D
:108E200087E803001146012015461E46FEF728FB81
:108E3000044618BB00954FF4006397E8030007AAA7
:108E4000FEF7A8FC0446C8B907984468D0E909129F
:108E5000240A02D00C4B9C4213D1129B0393119B0A
:108E60000293109BCDE900632B46FFF77DFF04467C
:108E7000079802F0C0F9002C08BF044620460BB04A
:108E8000F0BD6FF08604F3E701008000F0B58BB011
:108E900004AC84E8030008AF94E8030087E803000B
:108EA0001146002015461E46FEF7EAFA044618BB96
:108EB00000954FF4005397E8030007AAFEF76AFCF9
:108EC0000446C8B907984468D0E90912240A02D0B8
:108ED0000C4B9C4213D1129B0393119B0293109B4A
:108EE000CDE900632B46FFF7F7FE0446079802F032
:108EF00082F9002C08BF044620460BB0F0BD6FF08D
:108F00008604F3E7010080002DE9F0411E460023AE
:108F10008CB0DDF85C801546C8F80030234B22F099
:108F2000FF0208AC9A4284E80300149F01D0002F8E
:108F300038D1009594E803004FF480730BAAFEF734
:108F400029FC044638BB0B98038803F4E043B3F5CF
:108F5000804F02D0B3F5E04F21D1D0E90912446827
:108F6000240A02D0124B9C4219D1169BCDF81880CE
:108F70000593159BCDE90373139B0293129BCDE9D7
:108F800000632B4608F042FE04460B9802F033F9CA
:108F9000002C08BF044620460CB0BDE8F0816FF0FD
:108FA0008604F2E76FF08604F5E700BF00030007D0
:108FB000010080002DE9F0411E4600238CB0DDF851
:108FC0005C801546C8F80030214B22F0FF0208AC47
:108FD0009A4284E80300149F01D0002F35D10095F8
:108FE00094E803004FF400730BAAFEF7D3FB04468A
:108FF00020BB0B98038803F4E043B3F5E04F21D185
:10900000D0E909124468240A02D0124B9C4219D1BB
:10901000169BCDF818800593159BCDE90373139B20
:109020000293129BCDE900632B4608F053FE0446E1
:109030000B9802F0E0F8002C08BF044620460CB064
:10904000BDE8F0816FF08604F2E76FF08604F5E783
:109050000003000701008000036810B5044653B107
:10906000012B02D1083007F08FFC00232360237905
:1090700023F003032371002010BD00002DE9F0410F
:1090800005461C46002386B09DF9307002A880E892
:1090900006002A68012F059314BF4FF400734FF4A4
:1090A0008073002A7AD104F0FE42B2F1806F06D0BC
:1090B0006FF086042846FFF7CFFF26464DE0009468
:1090C00005AA03C8FEF766FB0646002869D12B797E
:1090D000354A23F00303944218BF43F001032B7178
:1090E000059B1B8803F4E042B2F5005F3ED113F408
:1090F000E06F3BD02D4924F480728A420AD001F5FA
:1091000000718C4206D02A498C4203D0A1F53F4120
:109110008A422BD1C3F3022201239340DBB205F133
:1091200008084C2200216B714046FDF76FF9059944
:10913000012F4868D1E909234FEA102025D118B141
:1091400007F50007B842B3D14046009407F01CFB76
:1091500004460028AED101232B60059802F04BF89D
:10916000002E18BF304606B0BDE8F08142F204027E
:10917000934202D10F4B9C4205D00F4B9C420CBF37
:109180000D230023CBE70C23C9E710B10B4FB842E6
:109190008ED14046009407F0FFFAD9E76FF08804BB
:1091A00088E7044686E700BF004440040010C0047E
:1091B00000FF4004000180040013C004010080008F
:1091C0001FB502AC84E806000122009294E8060074
:1091D000FFF754FF04B010BD1FB502AC84E80600D1
:1091E0000022009294E80600FFF748FF04B010BD8B
:1091F0002DE9F041066807460D4698461EB30379EF
:1092000003F00303012B2ED1467996422ED8102E5F
:1092100030D831462846FEF775FA0446B0B93B68A7
:10922000012B2BD13246294607F1080007F0BCFA82
:10923000044658B9C8F800603B7943F002033B711B
:109240002046BDE8F08135466FF08804002338469B
:10925000C8F80030FFF700FF002DF1D03146284656
:10926000FDF7B4FEECE700252E46EDE700256FF094
:109270008904EBE700256FF08304E7E76FF08604CD
:10928000E4E738B504680546A4B1007900F00300AE
:1092900001280FD1102A13D8012C11D105F1080093
:1092A00007F082FA044638B92B7943F002032B7198
:1092B000204638BD6FF088042846FFF7CDFEF7E75B
:1092C0006FF08604F8E737B504680546B4B1007955
:1092D00000F00300012811D0012C12D10798019051
:1092E0000698009005F1080007F06CFA044610B1EA
:1092F0002846FFF7B1FE204603B030BD6FF088046A
:10930000F6E76FF08604F3E770B5046805461E467D
:10931000C4B1007900F00300012813D0012C14D14E
:1093200005F1080007F0E8FA04462846FFF794FE26
:1093300023465A421343DB173268204622EA0302CF
:10934000326070BD6FF08804EFE76FF08604ECE7E1
:109350002DE9F047002490B09A46DDE9196902F042
:10936000FE4308ADB3F1806F174685E80300DDF8D2
:109370006C800B947AD1009295E803004FF48073CF
:109380000BAAFEF707FA0546002873D10B9B1B8832
:1093900003F4E042B2F5005F1CD113F4E06F19D082
:1093A000394927F480728A420AD001F500718F4250
:1093B00006D036498F4203D0A1F53F418A4209D1F8
:1093C0000124C3F302239C40102C0ED900266FF019
:1093D000830534E042F20402934202D12C4B9F42B7
:1093E0000DD02C4B9F420CD10D24A14544D32146D6
:1093F0000CA8FEF787F9054620B100261FE00C24D3
:10940000F3E700240B98D0E909126EB306EB040CC5
:109410004568A9EB04032D0A03D0DFF87CE075450D
:1094200025D1CDE90538189BCDF810C0CDE902A3B0
:109430000CAB009301943B4607F0B5FA05460B9838
:1094400001F0D9FE0746DDB9D8B924B1224630462D
:109450000CA9FAF797FFD8F800301C443846C8F832
:10946000004010B0BDE8F087B446D1E726466FF063
:109470008605E4E72646E2E700266FF08905DEE789
:109480002F460024EAE700BF0010C00400FF40049C
:10949000000180040013C004010080002DE9F041A8
:1094A0001F4600238AB0099302F0FE4306ADB3F1D4
:1094B000806F144685E80300DDF84080139E14D0C9
:1094C0006FF08605099801F096FE002814BF01464A
:1094D00029460B465A421343DB170846326822EAF4
:1094E000030232600AB0BDE8F081009295E8030003
:1094F0004FF4007309AAFEF74DF905460028E1D1A3
:109500000998038803F4E042B2F5005F17D1012205
:10951000C3F3022113F4E06F02FA01F20FD0194DE8
:1095200024F48071A94215D005F50075AC4211D024
:10953000154DAC420ED0A5F53F45A9420AD042F2E6
:109540000402934202D1114B9C4219D0104B9C4211
:1095500002D10D224245B3D8D0E9091243681B0A53
:1095600002D00C4DAB42ABD1129B04960393119BDE
:109570000097CDE90183234607F063FA0546A1E78A
:109580000C22E7E70010C00400FF40040001800443
:109590000013C004010080002DE9F0471F4600239E
:1095A0008EB0DDF874A00AAC84E80300DDE91B8608
:1095B0001046CAF800301546DDF85890FDF7D4FF84
:1095C00000283BD1009594E803004FF480730DAA66
:1095D000FEF7E0F8044650BB49462846FDF7A8FFD1
:1095E000044608BB0D984368D0E909121B0A02D053
:1095F000144CA3421FD11A9BCDE9076A0593199B0E
:10960000CDF818800493189B00970393179BCDE91E
:1096100001932B4606F0FCFE044628B126B13246E3
:1096200000214046FCF7F2FE0D9801F0E4FD2046D3
:109630000EB0BDE8F0876FF08604EFE76FF08604A8
:10964000F5E700BF010080002DE9F0471F46002329
:109650008EB0DDF874A00AAC84E80300DDE91B8657
:109660001046CAF800301546DDF85890FDF77CFF2B
:1096700000283BD1009594E803004FF400730DAA35
:10968000FEF788F8044650BB49462846FDF750FFD0
:10969000044608BB0D984368D0E909121B0A02D0A2
:1096A000144CA3421FD11A9BCDE9076A0593199B5D
:1096B000CDF818800493189B00970393179BCDE96E
:1096C00001932B4606F002FF044628B126B132462C
:1096D00000214046FCF79AFE0D9801F08CFD2046D3
:1096E0000EB0BDE8F0876FF08604EFE76FF08604F8
:1096F000F5E700BF0100800038B5046805465CB19D
:10970000012C0BD1183006F069FE04464FF4D872D4
:1097100000212846FCF77AFE204638BD6FF086040B
:10972000F4E700002DE9F04186B002AC84E80C00BB
:1097300000230C9E054630460F460593FDF714FFA7
:10974000F0B16FF08604059801F055FD002C7CD136
:10975000404B26F47E169E4273D003F580739E42E2
:1097600071D0B6F1052F3C4B18BF002304466B6047
:109770002B7D67F304132B75204606B0BDE8F081FE
:109780002B68002B5AD1297D11F00F0156D105F11C
:1097900018084FF4CC724046FCF738FE002F0096B4
:1097A00094E803000CBF4FF400734FF4807305AAD4
:1097B000FDF7F0FF04460028C5D1264826F47E12A6
:1097C0008242C6F30741C6F3054305D023498A42C6
:1097D0001ED06FF08504B6E7043B0C2BB1D8CA0746
:1097E000AFD405994868D1E90923000ADFB110B167
:1097F0001B4CA042A5D1012028604046009606F0EF
:109800002BFD044600289ED1059B1B882B819AE7DF
:10981000043BDBB20C2B94D841F6117222FA03F30D
:10982000DB078ED5DDE710B10D4CA04289D10120B8
:1098300028604046009606F01AFDE2E76FF08804C3
:1098400081E7084B92E7084B90E72846FFF754FF63
:1098500092E700BF00014005000510050002400529
:109860000100800000015005000250051FB502AC48
:1098700084E806000093012194E80C00FFF752FFF2
:1098800004B010BD1FB502AC84E8060000930021AF
:1098900094E80C00FFF746FF04B010BD70B50668F1
:1098A0000D4604461146AEB1037DDB0712D4406875
:1098B000FDF73EFEA0B9012E12D1294604F1180091
:1098C00006F0E0FC054638B9237D43F0010323751B
:1098D000284670BD6FF088052046FFF70DFFF7E7BB
:1098E0006FF08605F8E7FFF7D9BF2DE9FF410024A7
:1098F0001C601F46036806468846002B4BD0037D3C
:1099000003F01103102B46D1038903F4E041B1F5B4
:10991000005F2AD103F4E061B1F5806F25D143687F
:1099200083F0AA6181F4807131F47E112BD083F031
:10993000AA6383F4007333F47E1322D02146684671
:10994000FDF7E0FE054640BB224669463046FFF77C
:10995000A5FF054608BB224669464046FAF712FDB8
:109960003C60284604B0BDE8F08142F204018B421D
:109970000FD1736883F0052383F4801333F47E13CF
:1099800007D10C2400E00D249442D7D96FF089054B
:1099900003E00024D2E76FF088053046FFF7ACFE05
:1099A000DFE70000F8B5036804460E461746E3B14A
:1099B000027D12F00E0F18D14168104A914202D177
:1099C000B6F57F4F17D8012B15D13A46314604F131
:1099D000180006F07BFC054648B9237DC4E90367FF
:1099E00043F0020323752846F8BD6FF08805204632
:1099F000FFF782FEF7E76FF08605F8E700015005F4
:109A000038B50446006838B3237D03F00905012DFD
:109A100022D132B90025237D43F004032375284663
:109A200038BD9B0714D5E368934205D26FF08605D5
:109A30002046FFF761FEF2E79B1AE3600128F5D1AB
:109A400004F1180006F054FC05460028E2D0EFE7C8
:109A50006568034B9D42F1D16FF08805E8E700BFD0
:109A600000015005F7B504460020099D28602668CE
:109A700046B3207DC70725D580071FD5E06828B1EC
:109A80006FF086052046FFF737FE14E0206990420C
:109A9000F6D3801A2061012EF2D10898019500902A
:109AA00004F1180006F03EFC05460028EAD1237DAB
:109AB00043F008032375284603B0F0BD67680348E8
:109AC0008742E8D16FF08805DCE700BF0001500550
:109AD0002DE9F04F1E46002385B0DDF8408033604D
:109AE000DDE90E97C8F8007005468A469346FDF7F3
:109AF00025FE044688B92B7DDB061CD52B68012B7F
:109B00001CD133465A465146CDE90178CDF8009034
:109B100005F1180006F032FC04463A462146484654
:109B2000D8F80030FDF72CFE2846FFF7E5FD20466B
:109B300005B0BDE8F08F6FF08804EEE76FF08604A3
:109B4000EBE72DE9F0471E4600238AB03360054657
:109B500088469246FDF7F2FDDDF84C90044620BBA6
:109B60002B7DDB0628D42B68012B28D105AB029373
:109B7000102306AF0193524633464146009705F144
:109B8000180006F0FBFB044658B9059B994506D121
:109B90004A46394612980BF094FD044608B16FF01E
:109BA000940410213846FDF711FA2846FFF7A4FD6A
:109BB00020460AB0BDE8F0876FF08804F5E76FF043
:109BC0008604F2E738B504460068FDF773FE002806
:109BD00035D02B4920F49F6323F007038B4220F0FC
:109BE000FF0202D0274B9A420ED12069FDF7D8F927
:109BF00004F1A000FEF7B8FC054620464FF40871BA
:109C0000FDF7E4F9284638BD1F4B20F4FF7121F021
:109C10000101994215D1606910B1A169FDF7E2F91E
:109C2000E06910B1216AFDF7DDF9606A10B1A16A3F
:109C3000FDF7D8F9E06A10B1216BFDF7D3F90025E3
:109C4000DBE7124B9A4203D003F58073984204D1AC
:109C5000206A0028F3D0616AEFE7B0F1082F0BD13A
:109C6000D4E933131944D4F8C8300931194404F144
:109C70001000FDF7ABF9E2E76FF08805BDE700BF24
:109C8000000100080004000800020008000180082C
:109C90002DE9F04F044687B000681F46DDE91085C6
:109CA000FDF708FE002800F0B98040F20313994246
:109CB00059D0B1F5827F09D240F20113994214D0F4
:109CC000B1F5817F4BD06FF0860504E1B1F5017FDE
:109CD00006D8B1F5007FF6D941F201039F4244E076
:109CE00040F206239942F7D0EDE7B7F5905F3FD0F9
:109CF000002F3DD0B0F1082FE5D1B7F5105FE2D1CC
:109D000094F8D530022B00F2898040F20120814284
:109D100000F0828040F20620814200F0828040F212
:109D200001108142CFD1002B78D1D2E905011288F0
:109D300004F1C00585E8030002F4E041B1F5005FDD
:109D400002BF0123C2F302229340C4F8C8300123AA
:109D500084F8D5300025284607B0BDE8F08F41F2E1
:109D600003239F4204D0B7F5905F01D0002FAAD102
:109D7000B0F1082FC4D0AF4A20F49F6323F007034B
:109D8000934220F0FF0703D0AB4B9F4240F0CE80C0
:109D900040F20223C6B29942059546F000765BD0A8
:109DA00040F20323994200F0A08040F2011399424F
:109DB00089D1A24AA37E974203F0030362D16BBB11
:109DC00006F17E42033A102A9CBF9D4B9B5C9D424C
:109DD0007FF479AF2A46414604F15B00FAF7D2FAE4
:109DE0000222A37E06F17E4662F301030022A376DF
:109DF000914B62769F42A6F1030670D1102E98BF58
:109E0000904B04F11B0098BF9A5D04F15B01FAF7D7
:109E1000B9FA002323769DE7012B19D06FF088054E
:109E200059E0D4F8CC00022B00F1050004F1D00673
:109E3000F4D1322D3FF647AF04F1100318442A46FF
:109E40004146FAF79FFA356094F8D53001337FE741
:109E5000042004F1CC06ECE7784B9F423FF433AF8B
:109E6000A37E9A07DAD12B464246314604F1A00080
:109E7000FDF728FE054670BB0122A37E62F30103B5
:109E8000A37667E77BB96C4A9742C7D01A4631463A
:109E900004F1A000FDF716FE0546E0B90122A37EFD
:109EA00062F30103A376A37E03F00303012BB5D174
:109EB00004F1A00941464846059AFEF7E7FB05462E
:109EC00048B94022484605AB04F15B01FEF7F9FBB7
:109ED0000546002884D02046FFF774FE3BE7102E8D
:109EE0009CBF594B9A5D227634E7534B9F423FF417
:109EF000EAAE5249A37E8F4203F0030201D1002A49
:109F00008CD0032A8AD05B0788D4656155B1294675
:109F10000120FDF73FF82061002836D04146059A20
:109F2000FAF730FAA37E43F00403A9E7474B9F42B8
:109F300007D12B46424604F11000FDF76DFB0546A4
:109F400056E0434B9F4240F0858040F20113994216
:109F500004F1100907D040F20313994256D02B4662
:109F600042464846E9E7A37C022B05BF236B2F1D21
:109F7000AF1CFF1818BF7F00802D3FF6A4AE3946F6
:109F80000120FDF707F8064610B96FF08C05A2E72F
:109F9000A37C00F1020A022B5FFA85FB2CD1236B14
:109FA0001B0A0370236B4370226B4AB15046E16A6F
:109FB000FAF7E8F9D4E90B01FDF708F8236B9A44A6
:109FC0005346002203F8022B41462A4618468AF8D7
:109FD00001B00393FAF7D6F9039B31465A19484664
:109FE000921BFDF7FBFA394605463046FCF7FAFFAF
:109FF000002D7FF470AFADE6002180F801B0017054
:10A000002A465046FCF702FAAA44D9E7A07C012868
:10A010007FF404AF4DB12946FCF7BCFFE062002895
:10A02000B3D02A464146FAF7ADF902232563A3745B
:10A0300090E600BF000100080004000800050008C9
:10A04000D594090CD594090CD594090C000200088C
:10A0500000030008354B9F4203D003F580739842FC
:10A060005ED1B1F5817F2BD040F2022399427FF47B
:10A070002AAE237C012B20D102232374002D3FF430
:10A0800069AE616A01202944FCF784FF0646002876
:10A090003FF47BAF626A12B1216AFAF773F9606A22
:10A0A0002A4641463044FAF76DF9636A206A2B4428
:10A0B0006362FCF775FF26624CE6022BDED0ADE64C
:10A0C000237C022B7FF4AAAE184B9F427FF4FBAD9A
:10A0D000C0B240F0007000F17E42033A102A04F151
:10A0E000280320D812498E5CB5420CD904F1A8028D
:10A0F00001928022414600922A46FEF7D6F90323B8
:10A100000546237474E72DB935460323C4F8A850D7
:10A1100023741FE62A4641461846FAF733F9F3E757
:10A120006FF0880517E6002DEFD0DFE7000180080B
:10A13000C494090C03681BB1836800200B6070474E
:10A140006FF08800704703689BB182688A420DD324
:10A15000B3F1082F02D081600020704790F8D4300E
:10A160003BB90123816080F8D430F5E76FF08600B9
:10A1700070476FF0880070472DE9F04F0446006883
:10A180009BB0CDE9042128B96FF0880318461BB0B5
:10A19000BDE8F08F049BA2681BB9D2B96FF08E03A3
:10A1A000F4E7049B934214D90023A3606FF08E035D
:10A1B000256820460693FFF705FDDDE905232560A8
:10A1C000002AE3D02121049A0598FCF71FF9069B89
:10A1D000DCE7FDF76FFB049BB0F1082FA2EB030354
:10A1E0000546A36040F09680049BD4F8C8705E1EBC
:10A1F0003E44B6FBF7F67E43B74201D90023C5E7DC
:10A2000094F8D530002B00F02381042B04F11005C5
:10A210002ED0D4E9333103EB010900234FF00108BC
:10A22000D20009F1050A12BA0A920AA9042205EB22
:10A230000A000993FAF7A6F809AB84F8D4800393CF
:10A24000D4F8C83009F10909A944CDE90193CDF842
:10A2500000A004F11403974AD4E93001FEF7C7FBCC
:10A2600003460028A4D10423C4F8D88084F8D5304C
:10A27000B6FBF7F30693049B049AB3FBF7F307FBD3
:10A28000132B069B0026013B07933CE0059BD4F86B
:10A29000C89006FB093A079B9E4238D1BBF1000FDC
:10A2A00035D0CB45D84633D00AAF00230893D4F835
:10A2B000D83004221BBA09A928460993FAF762F894
:10A2C000D4F8C82008ABCDE902230197D4E9333193
:10A2D0000B44093313440093764A2B46D5E92C01ED
:10A2E000FEF785FB034600287FF462AFC14504D02A
:10A2F000424639465046FAF745F8D4F8D830013688
:10A300000133C4F8D830069BB342BFD176E7C846C4
:10A310005746CAE7684A20F49F6323F00703934235
:10A3200020F0FF0602D0654B9E427AD1EDB245F097
:10A33000007A0AF17E43033B102B96BF604A002748
:10A34000D75C5E4BF21A18BF4FF0FF32D2B20692C2
:10A35000A27E02F0030101297AD9520701D49E425C
:10A3600076D1A37E43F00303A376049B002B3FF436
:10A3700045AF1E464FF0000BDDF8149004F11B08AA
:10A3800004F1A005217E48467A1AD2B2964238BF1F
:10A39000F2B241440792F9F7F5FF079A237EB61A05
:10A3A0001344914423763FF429AF637E069A934287
:10A3B0004ED00133637651463B46284684F818B0A8
:10A3C00004F15B02FDF77EFB034600287FF4F0AE4C
:10A3D000637E012B1CD1D4E904122846FEF756F9FE
:10A3E000034600287FF4E4AE0122284604F1190157
:10A3F000FEF74CF9034600287FF4DAAE0AAB4022A0
:10A4000041462846FEF75DF903460028BAD0CFE65C
:10A410003A4641462846FEF739F903460028DAD085
:10A42000C6E6284B20F4FF7222F001029A424DD179
:10A43000C3B243F0007303F17E43033B102B96BF7E
:10A44000214A0027D75CA37C042B04D0052B04D021
:10A450006FF08803ACE60523A37404F1100804F13F
:10A460007409DDE904A614E0514598BF8B46A7EBBB
:10A47000010188BF5FFA8AFBC9B230465A46494497
:10A48000F9F780FF237C5E44A3EB0B03AAEB0B0AD6
:10A490002374BAF1000F3FF4B1AE217C0029E3D15F
:10A4A00029464046FEF742F9034600287FF480AE75
:10A4B000F3E700BF0002C003000100080004000829
:10A4C000D594090C00020008D594090C394B9E4222
:10A4D00004D003F5807398427FF456AE1822002111
:10A4E0000BA8FBF793FF4FF6F871D4F8A820D30020
:10A4F000B1EBC20F4FF6FF7238BF1346ADF82A30EA
:10A500004FF480630C932B4B9E4237D1EDB245F054
:10A51000607845F0007505F17E45033D102D96BF2E
:10A52000254B00255D5D4FF48853ADF82830237C22
:10A53000032B29D0042B8BD1049B002B3FF45EAE60
:10A54000DDE904674FF0000A04F1100904F1AC0BD7
:10A5500094F8EC1038466A1AD2B2B24288BFF2B20E
:10A5600059440692F9F70EFF069AB61A174410D10D
:10A5700094F8EC301A4484F8EC203FE64FF4105382
:10A580001025DFF83880D0E7042384F8EC502374DA
:10A59000D2E7D4F8F0302A460133C4F8F03041460F
:10A5A0000AAB484684F8ECA0FEF73AF903460028C7
:10A5B000CED0FDE500018008D594090C0002C0034F
:10A5C00003681943B1FA81F0400970472DE9F04F53
:10A5D00000230446A5B010462F9A0493C2E9003325
:10A5E00063888846002B00F052812E99FFF7E8FF20
:10A5F000002800F04C81D8F80030002B00F04A8190
:10A6000098F80430DA0740F14881204604A9FDF7A4
:10A6100019FA824668B9049D66882888F71D00F4F7
:10A62000E043FF08B3F5804F0596069705D16FF01C
:10A63000860A0498FDF7C5FB75E0994C00EA04030F
:10A64000B3F5824F40F0F880C0B23F2800F29E8000
:10A65000012308A8079301F01BF80AA801F018F8D5
:10A6600028880440B4F5824F02D0B4F5884F5ED1FB
:10A67000C0B2314607F0AEFB044600287AD00CA8E1
:10A6800003F069FD21460CA805F0F8FB002875D100
:10A69000DDF87090022209F1070619A90AA8F60848
:10A6A00001F073FB00286CD131460120FCF772FCED
:10A6B0000446002867D04FF0010B6FF0960A09F0AE
:10A6C00007090BFA09FB079A9ABB08A90122084659
:10A6D00001F043FB28B93246214608A801F0A5F94C
:10A6E00010B1FDF737FA8246BAF1000F04D02046C8
:10A6F0003146FCF777FC002408A800F0CEFF0AA83A
:10A7000000F0CBFFBAF1000F62D039462046FCF7CB
:10A7100069FCBAF1000F8CD12F990498FCF7BEFFA9
:10A720008246002885D1504625B0BDE8F08F002034
:10A730009FE7324621464046FFF71EFD824600282D
:10A74000D5D1B9F1000F04D022780BF1FF331340BB
:10A7500023703246214608A801F049F9824638B9EB
:10A7600007AA08A90AA800F060FF82460028AAD01C
:10A770005046B6E706466FF06700B2E7002426466B
:10A78000AFE70024ADE76FF08C00AAE7FF2E46D0BC
:10A79000B6F5E07F74D14FF0380949460120FCF747
:10A7A000F9FB044600286FD001464A464046FFF7B1
:10A7B000E3FC82460028A8D1FF2E237832D123F073
:10A7C00007032370E37F03F07F0343F04003E37745
:10A7D000059B6B806B681B0A47D128460699FDF7DD
:10A7E0005DFA8246002890D129466A686B6A120A8F
:10A7F00051F8280F02D02B4EB2423ED105AACDE926
:10A80000011200903A4621462846FDF76AFA824630
:10A810006988059A914218BF6FF0860A75E74FF074
:10A820002009BAE723F00303237094F8373063F06C
:10A830007F0384F83730CBE7FCF7DEFB10B96FF00D
:10A84000850AF6E673077FF4F2AE39460120FCF77D
:10A85000A1FB044610B96FF08C0AEAE601463A46BD
:10A860004046FFF789FC82464CE7284606A900F0DF
:10A8700095FE82460028B0D047E76FF0860AC7E70A
:10A8800000246FF0860A40E76FF08C0A3DE76FF016
:10A89000860A48E76FF0880A45E76FF0840A42E7C6
:10A8A00000CFFFFF01008000002307B50192009355
:10A8B000024AFFF78BFE03B05DF804FBE894090C35
:10A8C00038B5036805460C460BBB21F47F03B3F192
:10A8D000106F19D001F0FE43B3F1106F11D10F4B7F
:10A8E0000F4A234021F01F6143F0106321F47021CF
:10A8F000934241F000610DD1FDF7C4FC00B92C601A
:10A9000038BDB3F1006FF7D06FF08600F8E76FF055
:10A910008800F5E76FF08500F2E700BF0000FFF662
:10A920000000020907B5CDE9002300231A46FFF70E
:10A93000AFF903B05DF804FB70B5054600681E462C
:10A94000FCF7B8FFE8B1154B20F0FF049C4203D0A0
:10A9500003F5807398421DD140F20523994219D125
:10A960002C7C74B94FF0FF33934274EB06030ED383
:10A9700052EA06030ED00123C5E906262B742046B1
:10A9800070BD6FF088042846FFF71CF9F7E76FF0F9
:10A990008504F8E76FF08604F5E700BF0001800842
:10A9A00070B586B00E4602A981E80C000546036822
:10A9B00005AA03C9FCF75EFF044628B12846FFF745
:10A9C00001F9204606B070BD6FF48073F318012BB7
:10A9D00098BF2B79059A9CBF43F001032B71916AB4
:10A9E00013880191516A284600913146FFF750F9CA
:10A9F0000446059800F0FFFB002C08BF0446E0E782
:10AA0000F0B5DFF82CE0DDF824C07345DDE905453D
:10AA1000DDE9076708D1CDE9087CCDE90656059444
:10AA2000BDE8F04006F0FABA6FF08500F0BD00BF57
:10AA300000000209F0B50446164624F47F02B2F184
:10AA4000106F084687B014D1D1E9091245682D0A64
:10AA500002D0094FBD420CD10E9D009604950D9D6C
:10AA600003950C9DCDE901352346FFF7C9FF07B0DB
:10AA7000F0BD6FF08500FAE7010080002DE9F0439A
:10AA80009BB00E4604A981E80C000368054603F05C
:10AA9000FE42B2F1106F46D103C907AAFCF7EAFEE5
:10AAA000044698BB4FF0420809AF0146424638467B
:10AAB000DDF81C90FBF7AAFC2B681C48494618409F
:10AAC00008ABCDE90183DDE92223009740F0106057
:10AAD0000894FFF7AFFF044650B9089B0246CDE942
:10AAE000007331464FF490532846FFF7D1F80446DF
:10AAF00038460899FCF76AFA64B12846FFF762F80D
:10AB0000079800F078FB002C08BF044620461BB0D5
:10AB1000BDE8F08340F201139E4202BF2B7943F05F
:10AB200001032B71ECE76FF08604EFE70000FFF6FE
:10AB30002DE9F04305469946002389B0079305F0B7
:10AB4000FE4304A8B3F1106F80E80600DDE9116749
:10AB5000DDF84C8035D103C82B4607AAFCF78AFEE6
:10AB6000044680BB0799088820F0FF00B0F5E24F4B
:10AB700002D0B0F5E44F04D14B880733B7EBD30FC5
:10AB800024D34A462846CDE90178109B0096FFF76A
:10AB900051FF044666B90023C8F80030079800F05A
:10ABA0002AFB002C08BF0446204609B0BDE8F0830C
:10ABB0000028F3D039463046FCF7A4FDC8F80070F1
:10ABC000ECE76FF08604002EE5D0F3E76FF0890420
:10ABD000F9E7FCF797BD2DE9F04104880546DDE96A
:10ABE000066720461146DDF820801A46FCF704FA75
:10ABF00028B139463046BDE8F041FCF783BD47F245
:10AC000001039C4207D133462846CDE90678BDE8CA
:10AC1000F04106F0CDBE04F44F43B3F5824F0CD1A2
:10AC200004F4E044B4F5E04F07D143463A463146D8
:10AC30002846BDE8F04106F0AFB86FF08500BDE8EA
:10AC4000F08100002DE9F04F1F46002387B0DDF8AA
:10AC500040800493C8E90033438805460E46914678
:10AC60005BB1038803F4E042B2F5804F05D047F2B0
:10AC70000102934204D10B6843B16FF086042BE0CC
:10AC800039463046FFF79CFC0028F6D0284604A938
:10AC9000FCF7D8FE044600287FD1049B9B6AFBB1D9
:10ACA0006B68049A1C0AD2F824A052F828BF78D105
:10ACB000CDE901B23B464A4631462846CDF800A0D0
:10ACC000FFF789FF0446002879D141460498FCF734
:10ACD000E5FC0446002860D1204607B0BDE8F08FAF
:10ACE0006B681B0A52D12A8869881046FCF784F9E0
:10ACF000C0B11046FCF7A3FF044600284DD147F22F
:10AD000001039A423BD149080131C90801EBC10155
:10AD10003B310591DDE90401FCF7C0FF0446002842
:10AD2000BED03AE044F2010322F4405098420ED1E2
:10AD300002F4E043B3F5E04F09D1A1F58063B3F528
:10AD4000406F01D84B070CD06FF0850425E002F46A
:10AD50004F43B3F5824FF7D102F4E043B3F5E04F30
:10AD6000F2D147F201039A42CDD0073122F0FF021F
:10AD7000C908B2F5824F04BF49000131C9E744F266
:10AD800001039A42F1D1C9081031C2E7284605A94A
:10AD900000F004FC04460028BCD00498FDF711F82C
:10ADA0009AE739463046FFF70BFC30B1064B9C4220
:10ADB0003FF47EAF6FF0860401E06FF085040498E5
:10ADC000FCF7D7FFE9E700BF01008000002307B5CB
:10ADD0001A4600910249FFF735FF03B05DF804FB06
:10ADE000E894090C10B5114C2378580744BF03F0C0
:10ADF000FB032370990705D500F0B6F8237823F0FC
:10AE000002032370637823B1082200210848FBF76E
:10AE1000FDFA0023082106486370FCF7D7F8237871
:10AE2000DA0744BF23F00103237010BD000B053087
:10AE3000040B053038B5FCF7EBF8D0B9154D2B787D
:10AE4000980707D400F088F82B78044643F00203F3
:10AE50002B70E0B9D90707D4F1F71AFE2B78044616
:10AE600043F001032B7090B9697829B12B785A0708
:10AE700009D50024204638BD08220748FBF7C6FA4A
:10AE800002236B70F2E743F004032B70F1E7FFF746
:10AE9000A9FFEFE7000B0530040B05301C22002151
:10AEA000FBF7B4BA037F022B06D1036A5A1C03D006
:10AEB00001330362002070476FF096007047000076
:10AEC00073B502AB03E9030000F140431F2B1546A5
:10AED0000A46014613D82C241E4804FB0300037FB6
:10AEE000022B22D1436999421FD183699A421CD116
:10AEF00004462046FFF7D6FF28BB2C6021E06FF008
:10AF000040430138984213D2124B002418461E7F4A
:10AF1000022E05D15E69B14202D19E69B24215D0BE
:10AF20000134202C03F12C03F1D16FF08B0008E0E9
:10AF300001F1004303F58033B3F5704FE4D36FF0B4
:10AF4000870002B070BD6FF09600FAE72C2303FB78
:10AF50000404CEE70C0B05300122024B002083F8DD
:10AF6000802570470C0B05302DE9F0410A4C002577
:10AF700026464FF0010803272046C4F82080277793
:10AF80000135FCF701FF202D04F12C04F4D100233E
:10AF900086F88035BDE8F0810C0B0530F8B51E4D04
:10AFA000064695F880350F467BB300242B46224693
:10AFB000197FD1B13CB9022905D1196A19B919799A
:10AFC000002918BF1C460132202A03F12C03EFD1BF
:10AFD00014B96FF08C0006E02046FFF763FF2046AF
:10AFE000FCF7D2FE10B100240DE01C46237F7BB994
:10AFF0000123237736B1094B651BAD105D4305F185
:10B000008045356000203C60F8BD6FF08800EAE7BD
:10B010006FF09600E7E700BF0C0B0530A38B2EBA4C
:10B020002DE9F0410027684B92B0176093F8803506
:10B0300002AE154686E80300002B00F0C28096E8B9
:10B040000300FFF73DFF10F18C0F044640F0A18094
:10B0500029463846FFF7A2FF0446002840F09980B1
:10B0600096E8030001232F681C2207F1140888E8E2
:10B0700003007B6021460BA8FBF7C8F900230022E0
:10B08000CDE908237B69CDE9064403F1004303F5CC
:10B090008033B3F5704F059422D298E8030008ABD3
:10B0A00005AAEEF7DBFC0446B8B9D7E90523DDE9CC
:10B0B0000801CDE91023059B0BAA0C9313F0FF03A5
:10B0C00008BF10930023CDE9003300F091FA10F18E
:10B0D0008A0F044611D000284FD014F18C0F4ED1A6
:10B0E00000236FF040422E6808930B937369013B75
:10B0F000934252D36FF08B0441E006A90BA800F0F5
:10B100004DFA04460028E8D138460699FCF7C6FDFA
:10B1100004460028E1D1DDE9080107AB0193BB6AD1
:10B120000BAA00937B6A00F063FA044618B1384614
:10B13000FCF71FFED1E73C46079B0BAEBB620FCE70
:10B140000FC496E8070084E8070028688368D904DC
:10B1500044BF43F4806383609A0444BF43F40063B4
:10B160008360037F012B04BF02230377FFF79AFE5E
:10B17000044670B16FF0960409E06FF096042868F9
:10B18000FCF702FE14F18C0F08BF6FF08704002358
:10B190002B60204612B0BDE8F08130460BAA08A90A
:10B1A00000F0AAF9044628B930460B9A0899FCF732
:10B1B00088FD04460B99089800F09CF9002CC4D037
:10B1C000DDE76FF08804E4E70C0B0530034668B157
:10B1D000017F8A1E012A0BD80329026A03D1012AA2
:10B1E00001D1FCF7D1BD1AB1013A1A6200207047B3
:10B1F0006FF096007047FFF7E9BFC0B2FF280CBFA1
:10B200006FF08600002070471FB5CDE9000103AA4A
:10B21000DDE90001FFF754FE78B9039803793BB1EB
:10B22000036A012B04D105B05DF804EBFCF7ACBD5B
:10B2300005B05DF804EBFFF7C9BF05B05DF804FB8E
:10B240007FB503AACDE90001FBF7E8FB8C3018BFFE
:10B25000012007B05DF804FB30B587B003AA0546AE
:10B260000C46CDE90001FBF7D9FB8C3002D1002060
:10B2700007B030BD28462146FBF7FAFB10B16FF04E
:10B280009800F5E72846214603AAFBF7C7FB8C3058
:10B29000EDD0F4E7F7B515460E46074608221846E6
:10B2A00029491C46F9F76EF8042200230DEB020130
:10B2B00004F108000193F9F765F804226B680DEBBF
:10B2C000020104F10C000193F9F75CF82B8801A945
:10B2D000022204F11000ADF80430F9F753F86B883E
:10B2E00001A9022204F11200ADF80430F9F74AF87E
:10B2F0000422AB680DEB020104F114000193F9F78D
:10B3000041F80422EB680DEB020104F118000193EF
:10B31000F9F738F804222B690DEB020104F11C0047
:10B320000193F9F72FF8042204F120000DEB02013C
:10B330000196F9F727F83246394604F1240003B0A4
:10B34000BDE8F040F9F71EB8EC94090C2DE9F7437D
:10B35000232904460F46914698460A9E05D86FF069
:10B360009805284603B0BDE8F08308223549FAF76E
:10B37000FBFF05460028F2D1042204F108010DEB81
:10B380000200F8F7FFFF019B002BE8D1042204F133
:10B3900020010DEB0200F8F7F5FF0199243F8F42E1
:10B3A000C8F80010DBD3B1F5005FD8D2002938D13E
:10B3B000C9F80050042204F10C010DEB0200F8F76B
:10B3C000E1FF019B0222736004F1100101A8F8F76C
:10B3D000D9FFBDF804300222338004F1120101A824
:10B3E000F8F7D0FF0422BDF8043004F11401738093
:10B3F0000DEB0200F8F7C6FF0422019B04F11801CF
:10B40000B3600DEB0200F8F7BDFF0422019B04F1CD
:10B410001C01F3600DEB0200F8F7B4FF019B3361F0
:10B420009FE70120FBF7B6FDC9F8000030B1D8F85E
:10B43000002004F12401F8F7A5FFBBE76FF08C05AD
:10B440008FE700BFEC94090C2DE9F0410646144645
:10B45000884688B0002944D0002A42D0B2F5005F67
:10B4600042D202F1240739460120FBF793FD05463D
:10B4700000283CD00346324640462146FFF70AFFEB
:10B48000D6E9058631464046CDE90386FFF7D8FE6A
:10B49000012820D000233A46009340462B463146EF
:10B4A000FBF778FAD0B94046314605AAFBF7B6FA61
:10B4B000044620B9069B9F4205D06FF09804404691
:10B4C0003146FBF7D5FA39462846FBF78BFD204677
:10B4D00008B0BDE8F0816FF08A04F4E76FF09804DB
:10B4E000F1E76FF08604F2E76FF08D04EFE76FF09D
:10B4F0008C04ECE7FBF776BD2DE9F04F87B0D0E97F
:10B5000005BA0746894690465846514603AAFBF7B6
:10B5100085FA044610BB049E01203146FBF73AFD34
:10B520000546002837D05846514603AA0294FBF737
:10B5300075FA044670B902AB0246CDE9005358468D
:10B5400033465146FBF744FA029B04469E4209D01B
:10B550006FF0980431462846FBF744FD204607B0BB
:10B56000BDE8F08F0028F5D143464A4631462846CB
:10B570000097FFF7EBFE04460028EBD1D9F8003026
:10B5800033B1D8F80030002B08BF6FF09104E1E729
:10B590006FF09104DEE76FF08C04DFE70A460023CA
:10B5A000416882B01360074BB3EB112F06D1D0E98D
:10B5B0000501CDE9000102B0F1F7D8BA6FF08600BD
:10B5C00002B0704701008000F0B44468DDE9045621
:10B5D000240A02D0054FBC4204D1CDE90456F0BC88
:10B5E000FCF79CBC6FF08600F0BC70470100800047
:10B5F000F0B45768074EDDE90445B6EB172F04D1C8
:10B60000CDE90445F0BCF1F7DFBA6FF08B00F0BC78
:10B61000704700BF01008000013201310140C0438A
:10B6200010400843013800B2704773B5C38816460E
:10B63000CA889A4229D18488C4F3400463421C43D7
:10B64000E4178B88C3F340035D422B43DB1783EA87
:10B650000405036802A800930B68019304F001033A
:10B6600083F0010100EB810100EB830351F8081C1A
:10B6700053F8080C01F03BFC44402C4044400020AF
:10B6800004F00104346002B070BD6FF08600FAE788
:10B6900000220123C0E90023704710B5044648B1D9
:10B6A000006818B1E1888900FBF79CFC00220123A7
:10B6B000C4E9002310BD42F21073994270B50446EC
:10B6C0000D4602D96FF08C0070BDC3888B4201D348
:10B6D0000020F9E704212846FBF75CFC0646002819
:10B6E000F0D0216841B1E2889200F8F74BFEE18882
:10B6F00020688900FBF776FCE5802660E8E7F8B56E
:10B700000E46C98805461446FFF7D5FF0746A8B977
:10B7100063421C43E4172046B5F90420B6F904102F
:10B72000FFF77AFF2346E443A880F288286831684F
:10B7300001F0FBFBF388E888984201D83846F8BD51
:10B74000296851F82320224041F823200133F3E7F0
:10B75000884270B506460D46144625D063421C4308
:10B76000E417C988FFF7A7FF10B16FF08C0070BD18
:10B770002846F188FFF79FFF0028F6D1B6F904307C
:10B78000B5F904101A462046FFF746FFB080194667
:10B79000B5F904202046FFF73FFF2346A880F28832
:10B7A0002968306801F0D5FB0020E0E738B5044691
:10B7B0000D4619B9FFF771FF002038BDC2888A42D3
:10B7C00007D1002100689200FAF720FE0123A38030
:10B7D000F2E7FFF762FF29462046BDE83840FFF751
:10B7E0006ABF42F21073994270B50A46054602D903
:10B7F0006FF08C0070BDC3888B4207D8BDE87040E5
:10B80000FFF759BF296851F8231011B9013B002BEC
:10B81000F8D15C1C944238BF144604212046FBF743
:10B82000B9FB06460028E3D0296839B1A200F8F731
:10B83000A9FDE98828688900FBF7D4FB0020EC808B
:10B840002E60D7E7884270B505460E4609D0C988F4
:10B8500049B9C2882AB10123920083800068FAF7AF
:10B86000D5FD002070BD4C1E74B9EA88B6F90430CD
:10B870000134A242AB800ED221462846FFF71BFFBF
:10B8800088B16FF08C00EDE7336853F82430002B5B
:10B89000EBD1013CE8E72868121B0021920000EB85
:10B8A0008400FAF7B3FD31682868A200F8F76AFD52
:10B8B000D7E737B50C460546014608226846F8F733
:10B8C00061FD214608222846F8F75CFD08226946FA
:10B8D0002046F8F757FD03B030BD70B50C46012186
:10B8E0000546FFF7E8FE064688B9EA880146920059
:10B8F0002868FAF78BFD84EAE472A2EBE472E40FA5
:10B90000C4EBC4342B68640001341A60AC80304648
:10B9100070BDC388B1EB431F3FBF03684A0953F8AA
:10B92000220001F01F013ABFC84000F001000020D2
:10B930007047012AF8B506460C4615464FEA5117DE
:10B940001DD8C388B1EB431F0FD20122316804F028
:10B950001F0451F82730A24023EA020305FA04F439
:10B96000234341F827300020F8BD002AFBD0791C82
:10B97000FFF7A1FE0028E8D06FF08C00F4E76FF02D
:10B980008600F1E70022C188914201D8002070476B
:10B99000036853F8223033B193FAA3F0B0FA80F081
:10B9A00000EB421070470132EEE7C188006801F0F9
:10B9B00067BA08B5FFF7F9FF0730C00808BD70B5D2
:10B9C0000E4612F0030118BF012101EB920105465A
:10B9D0001446FFF7EBFE38B923463246E98828685B
:10B9E000BDE8704001F0D1BA6FF08C0070BD70B549
:10B9F0000E4612F0030118BF012101EB920105462A
:10BA00001446FFF7D3FE38B923463246E988286842
:10BA1000BDE8704001F0DEBA6FF08C0070BD1346D7
:10BA20000A46C188006801F0FABA13460A46C1887E
:10BA3000006801F026BB38B504460D46FFF7B5FF98
:10BA4000E3882844B0EB431F06D820682A46E188E3
:10BA500001F081FB002038BD10F01F0118BF01214B
:10BA600001EB50112046FFF726FE0028EDD06FF0C5
:10BA70008C00F0E70A46C18808B511B1006801F0F2
:10BA800032FB002008BD10B5C38823B9CA885AB953
:10BA9000ABB1012017E0026802EB830252F8042CDC
:10BAA000002AF3D1013BF0E70C6804EB820454F860
:10BAB000044C0CB9013AEAE79A42EAD30FD8013BA9
:10BAC0005A1C01D1002010BD026852F823400A68B8
:10BAD00052F823209442DCD803F1FF33F0D24FF028
:10BAE000FF30F0E730B5C38823B9CA885AB9002BB4
:10BAF0003DD136E0026802EB830252F8042C002AA2
:10BB0000F3D1013BF0E70C6804EB820555F8045CC7
:10BB10004DBB013AEAE7B1F9045003D2B1F9040090
:10BB2000404226E0B0F90420002A03DD002D0CDAA3
:10BB300001201EE0002D08DD3AB14FF0FF3018E083
:10BB400003F1FF330BD2504213E0013B016851F87F
:10BB5000235054F823108D42F2D9104609E0591CA5
:10BB6000F4D1002005E0002BD8D09342D3D9B0F90E
:10BB7000040030BD1FB581EAE173A3EBE1730193CB
:10BB80000123C90FC1EBC13149000131ADF80C10DF
:10BB9000ADF80E3002A901AB0293FFF7A3FF05B089
:10BBA0005DF804FB90422DE9F04106460F4614462D
:10BBB00002D0884206D127460123FC88B3804CB9C5
:10BBC000002005E0FFF73EFE0028F4D06FF08C0067
:10BBD000BDE8F0813B684FEA840803EB840353F827
:10BBE000043C0BB9013CEAE721463046FFF763FD10
:10BBF0000028EBD1356823463A682946284601F0EB
:10BC0000E0FA074605EB0803002FD9D0F288651C3F
:10BC1000A24208D829463046FFF74DFD0028D5D16D
:10BC2000336803EB84031A682C46D2192CBF012712
:10BC30000027003F18BF012743F8042BE4E72DE954
:10BC4000F04105460E469046D4886CBBF1882846E4
:10BC5000FFF731FD0746002842D1F288A2420BD9F6
:10BC6000AE4209D031682868121B920001EB8401B2
:10BC700000EB8400F8F786FBEA88F088824207D957
:10BC80002B68121A0021920003EB8000FAF7BEFB2A
:10BC9000D8F8002023463168286801F0C4FA02462B
:10BCA00098B90123AB800DE0D8F8003003EB840392
:10BCB00053F8043C0BB9013CC7E7F188A142C6D256
:10BCC0006FF009073846BDE8F0812968EB8801EB81
:10BCD000840108461B1B01F083FD0028E1D0EFE73B
:10BCE0006FF08C07EEE72DE9F843B2F904C0B1F923
:10BCF0000440054604FB0CFC67467B430E46914618
:10BD00001DD511463046FFF7BEFEB0F1FF3F80461D
:10BD10000CD04A4631462846FFF791FF68B9B8F182
:10BD2000000F08BF01240020AC8006E03246284600
:10BD3000FFF785FF08B96442AC80BDE8F883FFF7E0
:10BD400031FF0028EFD06FF08C00F6E70123FFF7FA
:10BD5000CABF4FF0FF33FFF7C6BF1FB582EAE273D9
:10BD6000A3EBE27301930123D20FC2EBC232520064
:10BD70000132ADF80C20ADF80E3002AA01AB0293EF
:10BD8000FFF7E4FF05B05DF804FB1FB582EAE2733C
:10BD9000A3EBE27301930123D20FC2EBC232520034
:10BDA0000132ADF80C20ADF80E3002AA01AB0293BF
:10BDB000FFF7CFFF05B05DF804FB2DE9F047012345
:10BDC0001446002286B0884206460D46CDE902237D
:10BDD000CDE9042310D102A8FFF734FD58B16FF06C
:10BDE0008C0904A8FFF759FC02A8FFF756FC484647
:10BDF00006B0BDE8F08702ADA64206D1314604A8E0
:10BE0000FFF720FD0028EAD104ACEF884FBBB7FA5A
:10BE100087FAB4F806804FEA5A1AB8F1000F29D110
:10BE200008EB07013046FFF746FCB8F1000F08BFEA
:10BE30004AF0010A01460028D1D13046FFF74DFDF6
:10BE400081460028CBD1CDF800803A462368296886
:10BE5000306801F0C4FABAF1000F15D00123B380A5
:10BE6000BFE72B6803EB870353F8043C002BCED1CC
:10BE7000013FCBE7236803EB880353F8043C002B16
:10BE8000CED108F1FF38C8E7AB88A28853439BB2F4
:10BE9000E5E72DE9F34104460F461546CE8836B155
:10BEA0003B6803EB860353F8043C3BB145B90021E2
:10BEB000204602B0BDE8F041FFF70FBD013EEEE7BE
:10BEC0002046711CFFF7F7FB28B16FF08C08404645
:10BED00002B0BDE8F08139462046FFF7B3FC80464A
:10BEE0000028F2D1013D009533463A68E188206888
:10BEF00001F0CAF9EBE700002DE9F04F99B0CDE968
:10BF000002100021184601920593FFF733FE002826
:10BF100000F0E5814FF001098D4B059914930198CC
:10BF200015ABADF83090ADF83890CDF84090CDF825
:10BF300048901393FFF7A7FD01301ED1039B33B93F
:10BF4000029B9BB90023184619B0BDE8F08F002171
:10BF50000398FFF7C2FC0028F2D00024A046A246B6
:10BF60002746264600946FF08C03D4E0DDE90110EB
:10BF7000FFF768FC0028F0D1E4E7002501990BA841
:10BF80000B95ADF83250FFF75DFC0B9E0446BDF8F3
:10BF90003270002840F09C810D90ADF83A00059970
:10BFA0000DA8FFF74FFCDDF834A00546BDF83A8038
:10BFB000002840F09281019B0F90D9880FA8023190
:10BFC000ADF83890ADF83090FFF775FB044618B126
:10BFD0000F9B2C460093C6E701460FA8FFF77DFC98
:10BFE0000F9B00930028BED1019B1190D98811A806
:10BFF0000231FFF760FB119C83460028B3D10DA8E6
:10C00000FFF7D3FC00F01F001F286FD0C0F11F0303
:10C0100019460BA80493FFF70EFD0B9EBDF8327076
:10C020000028A0D104990DA8FFF705FDDDF834A084
:10C03000BDF83A80002896D1C1463D46A7EB080BD3
:10C040004FEA4B1319460DA8CDF834A0ADF83A804D
:10C050000793FFF7F0FCDDF834A0BDF83A80002824
:10C0600081D1009B03EB8B0B0DA90BA80B96ADF8B0
:10C070003270CDF834A0ADF83A80FFF733FD0028D8
:10C0800039DA09F1FF3307990DA80693FFF7F2FC9F
:10C0900009F1FF330AEB8303079309F18043023B65
:10C0A0000AEB830305F1FF3B05F180450993013D50
:10C0B000009BA5EB090503EB8505069B9B4549D82D
:10C0C000039B6BB118460FA9FFF7BCFB00287FF458
:10C0D0004AAF019B059A9B8892885343039A9380A9
:10C0E000029B002B40F0D780002314E0C1463D4660
:10C0F000CDF810B0A2E7DBF800300BA90133CBF884
:10C10000003008460DAAFFF724FE0B9E0346BDF83B
:10C1100032700028A8D00BA801930B96ADF83270AE
:10C12000FFF7BBFA0DA8CDF834A0ADF83A80FFF7C1
:10C13000B4FA009B0FA80F93FFF7AFFA11A8119460
:10C14000FFF7ABFA0C2115A8FAF740FF019BFAE6BE
:10C1500001000300079B56F82B101A684FEA8B0961
:10C16000A9F104003318914208934AD200233058B1
:10C170000CF0B0FD002914BF4FF0FF330346BBF1B4
:10C18000010F2B600EBF0023B14459F8083C1593F2
:10C19000089B1B68169306EB8B031B6817932B6891
:10C1A00001332B602B680021013B2B6011A81194F7
:10C1B000FFF793FB119C00287FF4D5AE069B1BB3C1
:10C1C000099B1B682360079B11A91B6808466360D5
:10C1D0002A68FFF75EFE119C00287FF4C4AE13A905
:10C1E00011A8FFF77FFC0028DCDC2A680DA911A844
:10C1F000CDF834A0ADF83A80FFF74BFE30B1119C7A
:10C20000B1E64FF0FF33BAE7069BDBE76FF00703B9
:10C21000009A4FEAC50902FB039911A84946FFF7A6
:10C220000AFC119C00287FF49EAE0BA9084611AAB7
:10C230000B96ADF83270FFF78CFD0B9E0346BDF8F0
:10C24000327000287FF467AF01460BA8FFF792FC1D
:10C2500000281CDA0DA911A8FFF7F4FA0028CED1A6
:10C26000494611A8FFF7E7FB119C00287FF47BAE3D
:10C270000BA9084611AAFFF769FD0B9E0346BDF8FE
:10C28000327000287FF447AF2B68013B2B600BF125
:10C29000FF3B043D11E704990BA80B96ADF83270F3
:10C2A000FFF7E8FB019B0BA99B880298ADF83030A3
:10C2B000FFF7C8FA014600287FF455AE0298FFF751
:10C2C00059FC00287FF410AF0123029A93800BE7FA
:10C2D0002C46A846AA46009545E6009443E66FF032
:10C2E0000B0330E670B504460D4610460021164695
:10C2F000FFF740FC002824DB2A4633462146002075
:10C30000FFF7FAFD054638B1284670BD3246214692
:10C310002046FFF71BFD90B900212046FFF72AFCBD
:10C320000028F3DB31462046FFF7DCFB0028EBDB7F
:10C33000324621462046FFF70CFD0028F2D0054684
:10C34000E2E76FF00905DFE72DE9F04F8BB0064615
:10C35000DDE914578B462846002191460793FFF7E5
:10C3600009FC002805DC6FF0860420460BB0BDE810
:10C37000F08F2B681B68D907F5D500214846FFF7D9
:10C38000F9FB0028EFDB4846FFF70FFBB0F5005F35
:10C39000E9D82846FFF709FBB0F5005FE3D8B9F804
:10C3A000061031B9012130460BB0BDE8F04FFFF760
:10C3B00094BAE88801F0E8F904210690FAF7EAFD5A
:10C3C0008046002800F0988000220123CDE9082350
:10C3D00017B13B68002B68D10DF1200A2946504661
:10C3E00001F047F90446002866D11FB19AE803001E
:10C3F00087E8030059463046FFF724FA002859D150
:10C40000012329463046B380FFF76CFB002867DA2A
:10C410003046E988FFF74FF9044600284AD12868DA
:10C4200000F0FEFF089BCDF80880CDE900033168DD
:10C43000EB882A688246084601F0F2F9EB883168F9
:10C44000D9F80000B9F806C00593DDE9073EB3F15D
:10C450002A3F2A68059BCDE9000CCDE902E8084691
:10C4600047D101F0ACF9CDE900A83168EB88084666
:10C470002A6801F0E1F9BBF904A0BAF1FF3F1BD132
:10C48000D9F800301B68DB0716D5F188306801F059
:10C49000BBF901225146FFF7BFF83246B08029466A
:10C4A0003046FFF753FC044606E03846E988FFF7BC
:10C4B00002F978B16FF08C04069B40469900FAF7B8
:10C4C00091FD1FB13B68002B7FF44FAF08A8FFF729
:10C4D000E4F84AE70AAB97E8030003E9030089E7B9
:10C4E0002A4631463046FFF7FDFE044600288FD02D
:10C4F000E2E701F054F9B6E76FF08C0435E7002A63
:10C50000F0B52CD02EDB012A0AD0CB882BB1022A21
:10C510000F6807D13B6803F0010303600020F0BD02
:10C520000023FAE707EB8306002356F8044D250C99
:10C5300045EA0343B3FBF2F502FB1533A4B244EA28
:10C540000344B4FBF2F3B74202FB1343EDD1B1F95C
:10C5500004100029E1DA002BDFD0D31ADDE76FF0F9
:10C560000B00DCE76FF00900D9E700000368F7B5BE
:10C570001B680446DB0703D46FF00D0003B0F0BD69
:10C58000032500260C4F2A46214601A8FFF7B7FFD6
:10C590000028F3D1019B3BB929462046FFF7EAFA70
:10C5A0000028E9D10120E9E717F8013B0136A72E61
:10C5B0001D44E8D1E2E700BFF494090C13B5049CD4
:10C5C000CDE900340023FFF7BFFE02B010BD13B564
:10C5D000049CCDE900344FF02A33FFF7B5FE02B0DA
:10C5E00010BD2DE9F04700260D1E88B007463146E4
:10C5F00010460CBF4FF004094FF0050990461C4649
:10C600000596FFF7B7FAB04213DB21464046FFF725
:10C6100069FAB0420DDC31462046FFF77AF901286D
:10C62000014606D1002D79D02046FFF7A3FA002855
:10C6300050D16FF086066DE0002D3ED1E08849466E
:10C640008000FAF7A7FC8146002859D0002D3BD086
:10C650002968D8F80020002A38D10DF1140CB8F858
:10C660000630E088834233D2002A08BF0123CDE997
:10C670000109226800923868624601F0EDF8012352
:10C68000BB8005B1AB80FA88E3889A4207D9386845
:10C69000D21A0021920000EB8300F9F7B7FE9DB398
:10C6A000EA88E3889A422FD92868D21A002192009A
:10C6B00000EB8300F9F7AAFE26E02846E188FEF7A2
:10C6C000FAFF0028BAD01BE02946C2E79446C6E725
:10C6D0000346CCE7A045ACD0A542AAD0BC42A8D026
:10C6E0000DF1180A002F08BF5746002201233846D3
:10C6F000E188CDE90623FEF7DEFF064600289BD041
:10C700004FF000096FF08C065046FEF7C6FF484612
:10C71000FAF746FC304608B0BDE8F087A045DEE7F2
:10C720002DE9F04F0124002585B080466846164665
:10C73000CDE90054ADF80C40FFF784F8DDF8009027
:10C74000BDF8067000287AD131460290ADF80E008F
:10C7500002A8FFF777F8029EBDF80E5000286FD1AF
:10C76000A5422946684638BF2146ADF80C40ADF8D1
:10C770000440FEF7A0FFDDF80090BDF80670002829
:10C780005ED1394602A8FEF796FF029E0446BDF828
:10C790000E50002854D13946484601F035F823465A
:10C7A000984217D102A94046FFF74CF8002847D11C
:10C7B00000246846CDF80090ADF80670FEF76DFFD6
:10C7C00002A80296ADF80E50FEF767FF204605B0AE
:10C7D000BDE8F08F2946304601F016F8234698420E
:10C7E00001D16946DFE76846FFF7CCF8834602A827
:10C7F000FFF7C8F8824659466846FFF73BF95146AD
:10C8000002A8FFF737F93A464946304600F06FFB79
:10C810003A4603463146484600F09BFB21466A46AD
:10C82000404602ABFFF7DDFE04460028C1D1D345E8
:10C830005946404628BF5146FFF7FDF8B6E72E4659
:10C840006FF08C04B5E7F7B50C4611F0030118BF83
:10C85000012101EB9401054616461F46FEF7A6FF8F
:10C8600048B934B1009733462246E988286800F079
:10C870001AFF03B0F0BD6FF08C00FAE72DE9F04F1E
:10C8800091B00024CDE9031201220146064606A814
:10C89000CDE90642CDE90842CDE90A42CDE90E4292
:10C8A0000593ADF83420FFF770FA0746002840F0F2
:10C8B000B68006A8FFF766F806A9824608A8FEF724
:10C8C000C1FF0446002840F0AC80514608A8FFF79D
:10C8D000D1F82546A046039B984516D1002706A807
:10C8E000FEF7DBFE08A8FEF7D8FE0AA8FEF7D5FE85
:10C8F0000CA80C95ADF83640FEF7CFFE0EA8FEF75B
:10C90000CCFE384611B0BDE8F08F4FF020094FF053
:10C91000FF3BDDE90423F1880CA889000C95ADF8F4
:10C920003640FFF790FF0C9D0746BDF836400028C3
:10C93000D5D10CA8FFF739F8074606A8FFF735F858
:10C9400087420ED9631E04F18042013AA0EB4310E6
:10C95000013855F822300BFA00F023EA000345F8BD
:10C960002230B9F1010961D006A90CA8FFF7BAF885
:10C970000028CEDA01210CA8FFF7FCF80028C8DD5A
:10C980000EAB0CA900930846334608AAFFF716FE23
:10C990000C9D0746BDF836400028A0D106A90CA87A
:10C9A000FFF7A0F8E8B101210CA8FFF7E3F8C0B148
:10C9B0004FF00109D14507D206A90CA80C95ADF896
:10C9C0003640FFF78FF878B906A90CA80C95ADF89A
:10C9D0003640FFF787F848BB01210CA8FFF7CAF8DB
:10C9E00020B308F1010876E70CAA11460AA8FFF760
:10C9F000E4F9C0B932460AA90CA8FFF773FC0C9DF4
:10CA00000746BDF8364000287FF469AF01210CA825
:10CA1000FFF7B0F80028D7D009F10109CAE7254689
:10CA20005DE73C463D466FF08C0758E76FF00D0719
:10CA300055E7F7B50E1E044615461F4614DB104693
:10CA4000FFF798F800280FDD2046E988FEF7AEFED4
:10CA500068B9089B3146CDE90073E3882A682068ED
:10CA600000F050FE03B0F0BD6FF08600FAE76FF003
:10CA70008C00F7E7F0B50023012685B0054668462F
:10CA80001746CDE90036CDE90236FFF72BFC044608
:10CA9000A0B93B466A46694602A8FFF7A2FD0446D4
:10CAA00060B9314602A8FFF765F880B969462846A3
:10CAB000FEF7C8FE041E18BF6FF08C046846FEF730
:10CAC000ECFD02A8FEF7E9FD204605B0F0BD6FF0D1
:10CAD0000D04F3E72DE9FF41154600234FF001084F
:10CAE0000A4607460E4668462946CDE90038CDE994
:10CAF0000238FFF7F7FB044638BB33466A466946FF
:10CB000002A8FFF76EFD0446F8B9414602A8FFF7F8
:10CB100031F820BB2A4669466846FFF74EF908BB44
:10CB2000424669466846FFF730F9044668B901464F
:10CB300033466A4602A8FFF7DFF9044628B92946BA
:10CB4000384602AAFFF705F904466846FEF7A5FD38
:10CB500002A8FEF7A2FD204604B0BDE8F0816FF008
:10CB60000D04F2E76FF08C04EFE7F7B501271E46DE
:10CB7000C3880C46ADF806300368002168461546A8
:10CB8000ADF804700093FEF7F5FFC0B13946684672
:10CB9000FEF7F0FF98B102216846FEF7EBFF28B1DF
:10CBA0006846FFF7E3FC18B100EAE07003B0F0BD9F
:10CBB00033462A4621466846FFF760FEF6E76FF0E7
:10CBC0000D00F3E72DE9F04F1F4641F6FD730C46CB
:10CBD000033987B099420546DDF8409000F2E480C1
:10CBE00001230021CDE9041314F01F0318BF012312
:10CBF000900703EB54134FD440F213518C4268D882
:10CC000040F251318C4266D840F289218C4266D87C
:10CC1000B4F5AF7F6BD2F92C5FD8962C34BF1B26AE
:10CC200012264FEA830A4FEA431BC4EB43130093D7
:10CC300002F00103AAF1040801934B463A4651461B
:10CC40002846FFF700FE0346E8B92B68584A53F818
:10CC500008309342F1D95C4503D228460099FEF78B
:10CC600009FF2A68136843F0010111600199002946
:10CC700043D14B463A4631462846FFF776FF10F13E
:10CC80000E0F0346D9D004A80093FEF706FD009BC3
:10CC9000184607B0BDE8F08F40F2A9518C421ED86B
:10CCA00040F27D418C421CD8B4F57A7F1BD240F211
:10CCB00051318C4219D840F2ED218C4217D8B4F58D
:10CCC000FA7F16D2F92C16D8962C34BF3326282694
:10CCD000A7E70226A5E70326A3E70C26A1E704267B
:10CCE0009FE705269DE706269BE7072699E7082686
:10CCF00097E70D2695E71C2693E743F0030313609F
:10CD00002946032203A8FFF7FAFB03460028BAD1FD
:10CD1000039B002B41D1082229462846FFF71DF826
:10CD200003460028AFD1294604A8FEF78BFD002852
:10CD300037D1012104A8FEF79DFE2846FFF716FC17
:10CD40000346A8B904A8FFF711FC034680B94B4677
:10CD50003A4631462846FFF791FD034640B94B4617
:10CD60003A46314604A8FFF789FD034600288AD0D9
:10CD700013F10E0F87D10C2229462846FEF7EDFF4E
:10CD8000034600287FF47FAF04A906220846FEF779
:10CD9000E4FF03460028D0D075E7012BC3D104225D
:10CDA000BAE76FF08C036EE76FF0860370E700BFA1
:10CDB00033F304B52DE9F041804610460F46154681
:10CDC000FEF7F7FD012838BF0120D8F8001006460D
:10CDD000B94204D26FF089042046BDE8F081CA1B35
:10CDE0008242F7D3091A0246C8F800102846FEF717
:10CDF0001CFE04460028EFD1B5F90430012B0ED1FA
:10CE0000D8F8003093F90020002A08DADA1B002A4B
:10CE1000E0DD5A1EC8F80020013603F8010C324646
:10CE20003946404608F0D7FB041ED5DB02223946BE
:10CE3000404608F0F4FB031EAABFA2191C469C182A
:10CE4000CAE737B50223154601AA044608F074FB69
:10CE500040B9019A28462168FEF7C9FD2368019A66
:10CE60001344236003B030BD43421843C0177047DA
:10CE700090EA0103401A984319400843C0177047CD
:10CE80000139002901DA0020704750F82130002BC9
:10CE9000F6D0B3FA83F00131C0EB4110704739B1DD
:10CEA00001F18041013900EB81018142034600D24A
:10CEB00070471B680A681BBA12BA40F8042B41F885
:10CEC0000439F2E770B50E4601463068FFF7D0FF2F
:10CED0000024C1430125954202D344EA010070BDFC
:10CEE00056F82500FFF7C0FF01350443F3E72DE9AD
:10CEF000F843002405460E4627462346013A02D24F
:10CF00003846BDE8F88356F8229055F82280484606
:10CF10004146FFF7ADFF494604434046FFF7A8FFEF
:10CF200020EA04031F430443E8E78842F0B503D036
:10CF300000250438AA4200D1F0BD1E4650F8047FF7
:10CF400051F825403440F6433E4026430660013503
:10CF5000F0E78842F0B504D0002704380439BA421B
:10CF600000D1F0BD1E4650F8044F51F8045F354023
:10CF7000F64326402E4306601D460E682C40ED43C6
:10CF8000354025430D600137E9E770B51C4613F0C5
:10CF9000030318BF012303EB94038B420546164697
:10CFA00015D808B9002070BD8A000021F9F72EFAC3
:10CFB0000023A342F6D0F15CDA0023F0030002F074
:10CFC000180291402A5801330A432A50F1E76FF0C2
:10CFD0008900E8E72DE9F0411C4613F0030318BF70
:10CFE000012303EB94038B4206460D46904613D86B
:10CFF00079B18F003A460021F9F708FA2CB1381BB5
:10D00000224641463044F7F7BDF929463046FFF73E
:10D0100046FF0020BDE8F0816FF08900FAE7B3EB2E
:10D02000810FF8B516464FEA810415D81946A1427A
:10D0300007D31F4600218F4210D19C4218D30020F5
:10D04000F8BD21F00305455901F00302D200D54097
:10D05000EDB29DB90131EAE72746EBE721F0030283
:10D06000825801F00305ED00EA4072540131E2E715
:10D0700000211A1B3019F9F7C9F9E0E76FF08900B0
:10D08000DEE7B3EB810F70B504464FEA8105104629
:10D0900019D95A1B86180021F9F7B8F930462B46E2
:10D0A0000021C2188B4210D1002070BD22F0030174
:10D0B000615802F00306F600F140C9B281B90132AD
:10D0C000AA42F3D3ECE71A46FAE721F0030020580E
:10D0D00001F00305ED00E84002F8010D0131E1E740
:10D0E0006FF08900E1E753098B42F0B402F01F04AE
:10D0F00001D805D13CB3F0BC8A000021F9F786B90C
:10D100001F2A22D834B1002200EB8101C4F120068D
:10D1100081420FD1F0BC704752F8047B45F8047F80
:10D12000B242F9D10022CB1A8B42EBD240F8232035
:10D130000133F9E751F8045D25FA04F313430B605A
:10D1400005FA06F2E4E71F2AE4D900EB8302051F83
:10D1500000EB8106E4E71F2AF0B54FEA521402F013
:10D160001F0512D96FF003060B4606FB04069C420E
:10D1700003F1FF3212D3631A8C4288BF00230022CE
:10D180000B4400EB830383420ED135B1002200EB48
:10D190008400C5F120078C4209D3F0BD56F8223037
:10D1A00040F822301346E2E743F8042DEBE7066827
:10D1B000013406FA05F3134340F8043B26FA07F25C
:10D1C000E9E7F0B50024844620469C4200D1F0BD3A
:10D1D00051F8245052F824702E182CBF0125002538
:10D1E000BF194CF8247045F100000134EDE7F8B5A3
:10D1F00004461846FFF738FE002784463846231FAA
:10D20000974200D1F8BD53F8046F51F82740361803
:10D210002CBF012500250CEA0404A41945F10000E7
:10D220001C600137ECE72DE9F74F00259246804658
:10D2300089462C462A464FF0010B9D4203D12046D9
:10D2400003B0BDE8F08F59F82560214630460193C0
:10D25000FFF70EFE594607463940FF4317400F437C
:10D260005AF82510361B304600915C46FFF700FE49
:10D270000440C043104020430099019B761A48F8AF
:10D280002560C4190135D8E72DE9FF418B4228BF3D
:10D290000B46CDE900200022A1EB030803924FEAE0
:10D2A000D30C03F00707BCF1010C0AD2013F70D286
:10D2B000002401250398B8F1000F7ED104B0BDE829
:10D2C000F08100980199039A0A9B50F8044B4FF0A3
:10D2D00000050E68E3FB0425B41845F1000241F88F
:10D2E000044B50F8044B4FF000050E68E3FB042597
:10D2F000B41845F1000241F8044B50F8044B4FF0CC
:10D3000000050E68E3FB0425B41845F1000241F85E
:10D31000044B50F8044B4FF000050E68E3FB042566
:10D32000B41845F1000241F8044B50F8044B4FF09B
:10D3300000050E68E3FB0425B41845F1000241F82E
:10D34000044B50F8044B4FF000050E68E3FB042536
:10D35000B41845F1000241F8044B50F8044B4FF06B
:10D3600000050E68E3FB0425B41845F1000241F8FE
:10D37000044B50F8044B4FF000050E68E3FB042506
:10D38000B41845F1000241F8044B0392019100905A
:10D3900089E700980199039A0A9B50F8044B4FF0D3
:10D3A00000050E68E3FB0425B41845F1000241F8BE
:10D3B000044B03920191009078E7019A1368184496
:10D3C00042F8040B0399FFF753FD2B460340C0437B
:10D3D000204018430390019208F1FF386AE72DE9D5
:10D3E000F347DDF8289015464A440F469200002185
:10D3F000064698460024F9F709F805F1010A4C455C
:10D4000002D102B0BDE8F08758F8243006EB840062
:10D4100000933A462B465146FFF736FF0134EEE7BC
:10D420000068831C5B0003F00803034403FB00F265
:10D43000C2F10202534303FB00F2C2F10202534362
:10D4400058430238584370472DE9F04F87B0139D79
:10D4500000242E460493109B91460293DDE911832C
:10D460004FEAC80283468A462846002104320593C3
:10D47000F8F7CCFF08F102030393444516D105EBFE
:10D48000840523462946029A584655F82470FFF72A
:10D49000CAFE7840FFF7E8FC2A4600235946A6005A
:10D4A000109607B0BDE8F04F08F055B95AF824308F
:10D4B000D9F800203768304602FB0377059A0399B4
:10D4C000574300934A46049BFFF7DEFEDDE9022145
:10D4D000304643460097FFF7D7FE04360134CCE7C9
:10D4E0002DE9F04F8DB01D46189B8346B3F12A3FBE
:10D4F0008A46179F1A9E059240F08D8039461698ED
:10D50000FFF7BEFC012838BF0120470900F01F04C7
:10D510007B01502B34BF01230323012B0A930CBF43
:10D52000022308230B930A9B059805FA03F306EBE5
:10D530008303069303EB85030793FFF771FF4FEA1D
:10D5400085084246002108903046F8F75FFF012326
:10D550003360079B31460393089B3046CDE9015366
:10D56000059B199A009306EB08092B46FFF76CFF01
:10D57000514642464846F6F705FF022349460993BD
:10D580000B9B099A934248D1424631465846F6F7DA
:10D59000F9FE4FF00009CA46079B5A460393089BC1
:10D5A0005946CDE90153059B584600932B46FFF79A
:10D5B0004BFF002C47D11F24013F169B0AF1010AA3
:10D5C00053F82730E34003F0010343EA49090A9B7B
:10D5D000534503D0002CDFD1002FDDD1189BB3F1D0
:10D5E0002A3F32D1424609FB08610698F6F7CAFE87
:10D5F000079B59460393089B5846CDE90153059B69
:10D60000069A00932B46FFF71FFF002CC1D1BFB92C
:10D610000DB0BDE8F08F00247AE7079B01EB080A04
:10D620000393089B4A46CDE90153059B504600935E
:10D630002B46FFF709FF099B5146013309939FE7EA
:10D64000A146A246A8E7013CB7E731464FF0000AE1
:10D6500050464B465840FFF707FC2A46C3430698FE
:10D66000FFF763FC099B0AF1010A53454144EFD1DE
:10D67000BEE738B50D4601210446FEF72EF988B9FC
:10D68000E98820468901FEF7D6F958B92A4621468D
:10D690002046FEF727FE28B92046E988BDE8384035
:10D6A000FEF79FB838BD2DE9F04712F0030418BF0C
:10D6B000012404EB92048C420646884617461D4618
:10D6C0004FEA840AC2EB840919D84A460021F8F7C8
:10D6D0009DFEA8EB04020021920006EB0A00F8F779
:10D6E00095FE3A46089806EB0901A847054618B981
:10D6F00021463046FFF7D3FB2846BDE8F0876FF0A0
:10D700008605F9E72DE9F04F85B01F4606460391DF
:10D7100090464FF0FF33002339461046FFF7B0FB29
:10D72000C41D282C34BF4FF0FA0A4FF01E0A4FEAEE
:10D73000D40B24F00704241A0F9B5A460093394651
:10D7400030460E9BFFF7AFFF0546B0B9224639467B
:10D750003046FFF7C8FCBAF1010A12D03A4631460A
:10D760000398FFF7AFFB414681463046FFF7BFFB0A
:10D770002A4609EA00039A42DED0284605B0BDE8F1
:10D78000F08F6FF00D05F8E74901502934BF0122F1
:10D79000032201239340033358430130704710B5EF
:10D7A00086B00B9C04940A9C039400240294099C68
:10D7B0000194089C0094FFF793FE06B010BD10B5CD
:10D7C00086B00B9C04940A9C03944FF02A34029474
:10D7D000099C0194089C0094FFF782FE06B010BDDE
:10D7E00070B50646002410469C4200D170BD51F829
:10D7F0002420151A34BF01220022101E46F824509E
:10D8000018BF01200134EFE7034600EB810100203F
:10D810008B4201D1FFF728BB53F8042B1043F7E7E5
:10D820001FB5089C00920394069C079ACDE9013429
:10D83000FFF70AFE04B010BD30B51C46012387B0C7
:10D840000B9D009203950A9D05AACDE9014505931C
:10D85000FFF7FAFD07B030BD2DE9F04F0F4689B054
:10D86000DDE913499A4609EB8403019309EBC403EC
:10D8700080461146A600029303EB8405002F3AD0A0
:10D8800005EB060BA24528BFA2464FEA8A031A46BB
:10D8900048460393F6F776FD039BA4EB0A0209EBD7
:10D8A000030000219200F8F7B1FD129B984504D0C7
:10D8B000324619464046F6F765FD67B1324600210B
:10D8C0003846F8F7A3FD324600215846F8F79EFD8A
:10D8D0000123CBF80030A2444FEA4A130793331FC9
:10D8E000EB18069300230393039A079B934204D8F3
:10D8F00009B0BDE8F08FBB46C4E7D9F80000414647
:10D9000000F00100FFF7B0FA0246D8F8000000F07E
:10D910000100FFF7A9FA22EA000302EA000A0493D1
:10D920004A4623460198FFF77EFCDDE901103246A6
:10D93000F6F728FD5346494622460298FFF7F5FAC6
:10D9400032462846F6F71EFD224641462846049BED
:10D95000FFF7EBFA534628460199FFF7E6FA012252
:10D9600021462846FFF7BFFB324602994846F6F7A4
:10D9700009FD324629464046F6F704FD224649464F
:10D980004046FFF7B4FA2246034605904146484612
:10D99000FFF7DFFA002F48D023465A463946019850
:10D9A000FFF741FC2246034612990198FFF71FFC3E
:10D9B000DDE901103246F6F7E5FC534659462246AA
:10D9C0000298FFF7B2FA32462846F6F7DBFC224609
:10D9D00039462846049BFFF7A8FA53462846019982
:10D9E000FFF7A3FA2B68129903F001032846FFF70B
:10D9F000FEFB8246012221462846FFF774FB069B68
:10DA0000069A1B68029943EACA7313605846324665
:10DA1000F6F7B8FC324629463846F6F7B3FC2246FC
:10DA200039465846059BFFF794FA039B01335AE7A2
:10DA300038B500EBC104A04200D138BD00F10805A3
:10DA4000FDF726FE2846F6E738B500EBC104A042F4
:10DA500000D138BD00F10805FDF71FFE2846F6E7A6
:10DA600070B50C460646114620461A46FEF7A5F943
:10DA70000546A8B9B36C33B921462046321DBDE82E
:10DA80007040FEF72FBCB4F90430002B0ADB2046AF
:10DA9000FDF78BFFF36BB0EB430F0AD96FF08605F0
:10DAA000284670BD01462046FEF764F80028EED0F7
:10DAB000F4E72046B36C984705460028F0D10436B9
:10DAC000B4F90430002B04DA00212046FEF752F8A6
:10DAD00068B931462046FEF705F80028E0DB3246FB
:10DAE00021462046FEF7ABF80028F2D006E0324689
:10DAF00021462046FEF72AF90028E1D00546CFE767
:10DB00002DE9F34101F1100506460F462846002194
:10DB1000FEF730F80446A0B36846FDF7B9FD2A4683
:10DB200069460020331DFEF75CFD044630BB07F15B
:10DB300008086B46424641463046FFF791FF0446CF
:10DB4000E0B96B466A4669463046FFF789FF0446EE
:10DB5000A0B96B463A4639463046FFF781FF044686
:10DB600060B96B46424641463046FFF779FF0446AE
:10DB700020B901212846FDF7B0FE04466846FDF7AE
:10DB80008CFD204602B0BDE8F0812DE9F04F012A5E
:10DB900080460E46914685B005D8096805B0BDE8B7
:10DBA000F04FFFF7ADBF08211046F9F7F3F907462C
:10DBB000002800F0AA8002A8FDF76AFD4946384611
:10DBC000FFF736FF316838461031FDF73BFE04465B
:10DBD000002846D1B24607F108014FEAC90507EB14
:10DBE000C90B5AF8043F40461033A1F108020191D5
:10DBF000FFF736FF0446A0BB019908315945F0D123
:10DC0000A5F108023A44114608F10403FEF7E9FCC5
:10DC1000044630BB103D09F1FF3A06EB89063D444E
:10DC2000BAF1000F2BD005F1080B2B465A4640469F
:10DC300002A9FFF715FF044698B956F8043C5A4666
:10DC4000294640461033FFF70BFF044648B956F803
:10DC5000042C40460832114602ABFFF701FF044690
:10DC600090B102A8FDF719FD38464946FFF7ECFED2
:10DC70003846F9F795F9204605B0BDE8F08F3946EA
:10DC800002A8FDF7DFFDE0E702AB1A461946404661
:10DC9000FFF7E6FE04460028E3D156F8042C404680
:10DCA000114602ABFFF7DCFE04460028D9D156F836
:10DCB000042C40460832114602ABFFF7D1FE044661
:10DCC0000028CED1B8F80A1056F8040CFDF789FDEB
:10DCD00004460028C5D156F8040CB8F80A100830DC
:10DCE000FDF77FFD04460028BBD156F8040D012145
:10DCF0001030FDF7F2FD04460028B2D1083DBAF11C
:10DD0000000FAED00AF1FF3A8AE76FF08C04B2E759
:10DD1000F7B50D460446083568461646FDF7B8FCCB
:10DD200000212846FDF726FF211D07462A466846A2
:10DD3000FEF70FF8044648B9002F0CBF002206F08A
:10DD4000010269462846FDF7DAFC04466846FDF7FD
:10DD5000A4FC204603B0F0BD2DE9F74F06460C4663
:10DD60001F4615464FF0000B9DF8308001F1080A60
:10DD7000C8F345095FFA8BF2A2EB09035A425A41F4
:10DD8000294620460192FDF7BAFCD8B95046019ABF
:10DD900005F10801FDF7B3FCA0B90BF1010BBB4580
:10DDA00005F11805E6D1214630464FEAD812FFF7B3
:10DDB000AFFF38B9012104F1100003B0BDE8F04F06
:10DDC000FDF78BBD03B0BDE8F08F70B50C4606467D
:10DDD000114620461A46FDF7BCFF054648B90436F1
:10DDE000B4F90430002B04DA00212046FDF7C2FE0E
:10DDF00008B9284670BD324621462046FDF7A6FFE9
:10DE00000028EDD00546F4E770B50C4605461146EE
:10DE100020461A46FDF79AFF064630B904352946D2
:10DE20002046FDF75FFE002801DA304670BD2A4625
:10DE300021462046FDF703FF0028F0D00646F4E710
:10DE400038B50C46051D29462046FDF74BFE002837
:10DE500001DA002006E02A4621462046FDF7EFFEC3
:10DE60000028F0D038BD10B50446FDF716FC04F1CB
:10DE70000800FDF712FC04F11000BDE81040FDF7AA
:10DE80000CBC38B50C46054601212046FDF7D3FDF4
:10DE900028B921462846BDE83840FFF7D1BF38BD34
:10DEA0002DE9F041134605460C461646FFF7D8FD0E
:10DEB00040BBEB6843BB032221462046FDF765FFCC
:10DEC00000BB2F1DB4F90430002B04DA00212046DA
:10DED000FDF750FE78B93346224621462846FFF723
:10DEE000BFFD78B922462146284605F11403BDE856
:10DEF000F041FFF789BF3A4621462046FDF726FF4D
:10DF00000028DFD0BDE8F08122462146284605F1F1
:10DF10000C03FFF779FF0028DDD0F3E72DE9F84F78
:10DF20001E4603F10805C36804468A469046002B46
:10DF300040F0C08002F110031A462946FFF790FD19
:10DF4000002840F0EF8006F110072B464246394684
:10DF50002046FFF759FF002840F0E48006F1180939
:10DF60002B46424649462046FFF72FFF002840F047
:10DF7000D9804B463A4629462046FFF771FD0028D6
:10DF800040F0D080032229463046FDF782FF00286A
:10DF900040F0C88031462046FFF752FF002840F08D
:10DFA000C18008F1080B06F110075B465A46394656
:10DFB0002046FFF755FD002840F0B4803946204642
:10DFC000FFF75FFF002840F0AD803B464246294600
:10DFD0002046FFF745FD002840F0A4802946204652
:10DFE000FFF74FFF002840F09D8006F118093B46DF
:10DFF0003A4649462046FFF733FD002840F092801C
:10E0000049462046FFF73DFF002840F08B8033460D
:10E01000324639462046FFF723FD002840F0828033
:10E020002B463A4639462046FFF7CFFE002879D1E5
:10E030002B463A4639462046FFF7C7FE002871D1E5
:10E040003B462A4629462046FFF7BFFE002869D1F5
:10E0500033462A4629462046FFF702FD002861D1B3
:10E060004B462A4629462046FFF7AFFE002859D1E5
:10E070005A464946204608F11003FFF7F1FC0028F4
:10E0800050D149462046FFF7FCFE00284AD13946C8
:10E090005046FDF7D7FB002844D129460AF1080075
:10E0A000FDF7D0FBF0BB49460AF11000BDE8F84F80
:10E0B000FDF7C8BB13462946FFF7D2FC90BB0322ED
:10E0C00029463046FDF7E5FE60BB31462046FFF7A6
:10E0D000B7FE38BB04F10C0701463846FDF74AFD90
:10E0E00000283FF45EAF08F110031A462946204687
:10E0F000FFF7B6FCB0B906F110092B462A4649468F
:10E100002046FFF7ADFC68B93B464A462946204603
:10E11000FFF7A6FC30B92B46324631462046FFF7C2
:10E1200073FE3BE7BDE8F88F0346C06920B15B6A28
:10E13000002B14BF01200220704710B50446FDF7E4
:10E14000A7FA04F10800FDF7A3FA04F11000BDE8F6
:10E150001040FDF79DBA38B50025044600F8045B71
:10E16000FDF796FA04F10C00FDF792FA04F11400A1
:10E17000FDF78EFA04F11C00FFF7DFFF04F1340015
:10E18000FDF786FAC4E90F55C4E91155C4E91355E2
:10E19000C4E91555E56538BD10B50446FFF7DBFF4A
:10E1A00004F16000FDF774FA04F16800BDE8104066
:10E1B000FFF7C3BF08B1FFF756BE704770B50446FE
:10E1C00058B3436C012B11D00C30FDF766FA04F103
:10E1D0001400FDF762FA04F11C00FFF7EBFF04F1F5
:10E1E0003400FDF75AFA201DFDF757FAA36D8BB9DD
:10E1F0002046BDE870406021F8F7E8BE06FB050048
:10E20000FFF7D8FF0135D4E91603AB42F6D8F8F78B
:10E21000C7FEEDE700251826F5E770BD10B50446EA
:10E2200058B1FFF7CBFF04F16000FDF736FA04F1B7
:10E230006800BDE81040FFF7BDBF10BD38B504460B
:10E240000D46FDF7FFFA70B905F1080104F1080069
:10E25000FDF7F8FA38B905F1100104F11000BDE836
:10E260003840FDF7EFBA38BD10B501210446FDF77F
:10E2700034FB60B9012104F10800FDF72EFB30B931
:10E28000014604F11000BDE81040FDF726BB10BDAB
:10E290002DE9F14F9A461B6904460E4691460A9DA8
:10E2A00023B96FF0860001B0BDE8F08F02F11007CE
:10E2B00000213846FDF75EFC30B95146304601B0CA
:10E2C000BDE8F04FFFF7BABF0AF110080021404641
:10E2D000FDF750FC08B94946F0E701214046FDF73B
:10E2E00049FC0028DDD13B463A4629462046FFF747
:10E2F000B7FB0028D7D105F108083B462A4641461E
:10E300002046FFF7ADFB0028CDD153462A462946CB
:10E310002046FFF7A5FB0028C5D1424641462046CE
:10E320000AF10803FFF79CFB0028BCD14B462A46A4
:10E3300029462046FFF749FD0028B4D109F1080B12
:10E340005B46424641462046FFF73FFD0028AAD1E2
:10E3500000212846FDF70EFC014690B94046FDF726
:10E3600009FC40B92B464A463146204601B0BDE87B
:10E37000F04FFFF7D3BD304601B0BDE8F04FFFF7D7
:10E3800073BF2B463A46204606F11001FFF768FBA3
:10E39000002888D105F110072B462A463946204629
:10E3A000FFF75EFB00287FF47EAF05F1180A2B46CD
:10E3B0003A4651462046FFF753FB00287FF473AFDF
:10E3C0004B463A4639462046FFF74AFB00287FF481
:10E3D0006AAF39462846FDF735FA00287FF463AF67
:10E3E00029462046FFF74DFD00287FF45CAF4346E9
:10E3F000424631462046FFF733FB00287FF453AFF7
:10E400002B46324631462046FFF7DFFC00287FF4DA
:10E410004AAF5346324631462046FFF7D6FC002825
:10E420007FF441AF33463A4639462046FFF7CDFCEC
:10E4300000287FF438AF43463A4639462046FFF776
:10E440000FFB00287FF42FAF5B4652465146204613
:10E45000FFF706FB00287FF426AF53463A462046D6
:10E4600006F1080101B0BDE8F04FFFF7AEBC2DE9A1
:10E47000F04F0546DBB003939DF890310AA80E4695
:10E48000174604939DF894A1DDF8988105F1340BAB
:10E49000FDF7FEF810A8FDF7FBF800215846FDF740
:10E4A00038FA012805D06FF0860420465BB0BDE83D
:10E4B000F08F00213846FDF72CFA3946B0FA80F982
:10E4C0000AA8FDF7BFF94FEA59190446002852D1AE
:10E4D0003A46594610A8FDF73CFC044600284AD1AC
:10E4E0004A4610A90AA8FDF70AF90446002842D1B5
:10E4F000014608F1010218A818AFF7F787FF3A465E
:10E500002346984500F0AF8019464FF0000B0AA84B
:10E51000CDE906320591FDF7FCF9079A00FA0BFCEC
:10E52000107805990BF1010B40EA0C00DA45069BC7
:10E5300010704144EBD801330132E2E7787897F864
:10E5400000A080EA0201CB4303F0010E43F3000375
:10E550000AEA0303104001EA0302594007F8011FC9
:10E5600017F8013C024343EACE1307F8013C0CF1D3
:10E57000010CE045E2D210AF3846FDF78EF80AA84C
:10E58000FDF78BF8002C90D10AA8FFF7D6FD0421E7
:10E590003846FFF74DFA18AB13F8083031460093B0
:10E5A0002846DDE90323FFF7D7FB0446002841D1C5
:10E5B000679B002B60D008A8FDF76AF8689B0221D2
:10E5C00000932A1D679B08A8FEF733FA834648BBD1
:10E5D00006F110021146284608ABFFF741FA8346C0
:10E5E00000BB06F1080A52465146284608ABFFF721
:10E5F00037FA8346B0B908AB1A4619462846FFF7E2
:10E600002FFA834670B932463146284608ABFFF7E9
:10E6100027FA834630B952465146284608ABFFF7E1
:10E620001FFA834608A8FDF738F81BF10E0F1ED11C
:10E630006FF093040AA8FFF716FC042110A8FFF757
:10E6400003FA002C7FF431AF4A4631462846FFF7E3
:10E650005FFB044600287FF428AF31462846FFF7C9
:10E660004FFA044621E700224FF0010C81E7BBF18D
:10E67000000F01D05C46DDE70DF1600AB8F1000F34
:10E68000D8D03B4632463146284608F1FF38FFF7DE
:10E6900045FC90B918F80A30284600930AA9DDE92C
:10E6A0000323FFF759FB40B932463146284600970D
:10E6B0000AABFFF7EDFD0028E0D00446BAE70021E1
:10E6C00008B51030FDF756FAB0FA80F0400908BDE1
:10E6D0002DE9F84F012A8346DDE90A690F46924683
:10E6E00098465ED80430FDF764F905465846FFF7B2
:10E6F0001BFD022824D14D45C8F8005004D96FF005
:10E7000089042046BDE8F88F2A4631463846FDF791
:10E7100086F904460028F4D15846FFF705FD012884
:10E720008346EED1002107F11000FDF723FA0446DD
:10E7300048B9B9F1000FE2D03070C8F800B0E0E796
:10E740006FF08504E8E7BAF1000F19D16B000133CF
:10E750004B45C8F80030D2D8314604232A46384603
:10E7600001F8013BFDF761F904460028C9D12A46AA
:10E77000691C314407F10800BDE8F84FFDF755B9B1
:10E780006B1C4B45C8F80030B9D8002107F10800D0
:10E79000FDF7BFF83146023001F8010B2A46384632
:10E7A000EAE76FF08604ACE72DE9F04F07460D4627
:10E7B00090461E4687B02BB96FF08604204607B0FE
:10E7C000BDE8F08F00F1040A5046FDF7F2F88146EB
:10E7D0003846FFF7A9FC022833D14E45ECD132462A
:10E7E00041462846FDF7EBF804460028E6D105F13E
:10E7F0000800FCF752FF3B78072B18D0012105F1E8
:10E800001000FDF76AF804460028D7D13846FFF714
:10E810008BFC01288346D1D198F80030A3B9012E92
:10E82000CAD1284607B0BDE8F04FFFF71DBDF10083
:10E83000224628460139FDF77CF804460028DDD041
:10E84000BCE76FF08504E1E709F10103B3420393EC
:10E85000B2D84A46284608F10101FDF7C8F8044637
:10E860000028ABD1594605F11000FDF736F80446F3
:10E870000028A3D198F800B0039BBBF1040F0ED180
:10E880004FEA49020132B24296D14A4608EB0301EF
:10E8900005F1080007B0BDE8F04FFDF7A8B8ABF1EF
:10E8A0000202012A88D8B34286D101465046FDF7BC
:10E8B00030F80128014605F1080602D06FF0850402
:10E8C0007CE75046FDF725F80128F7D104A8FCF7AE
:10E8D000DFFE2A4631463846FFF7E2FA044618BB07
:10E8E0000122514604A8FDF738FA0446E0B9022196
:10E8F00004A8FDF7BFF80446B0B90090534631466E
:10E90000304604AAFDF75AFE044668B9014630466F
:10E91000FCF7FFFF0BF0010B834505D03246514653
:10E920003046FDF716FA044604A8FCF7B6FE45E7A4
:10E93000F0B50E460546012185B006F11000FDF741
:10E9400019F9044618B14D4C204605B0F0BD2846D3
:10E95000FFF7EAFB022850D13046FDF72AF82B6C6E
:10E960000733B0EBD30FEED821463046FDF702F95E
:10E970000028E8DB02A82F78FCF78AFE314602A8BF
:10E98000FCF760FF0446B0B90435294602A8FDF73C
:10E99000A9F8002807DA012102A8FDF7EBF8002802
:10E9A0000DDC364C07E002A92A460846FDF7D1F9EE
:10E9B00004460028E9D002A8FCF76FFEC4E7072F41
:10E9C0000ED002A901220846FDF7C7F90446002827
:10E9D000F1D1294602A8FDF785F80028EBD1E0E740
:10E9E000274902A8FDF77EF80028DAD0254902A8B9
:10E9F000FDF778F80028E4D1D3E701283BD1214680
:10EA00003046FDF7B7F800289DDB06F108072146E0
:10EA10003846FDF7AFF8002895DB2C1D214630461F
:10EA2000FDF760F800288EDA21463846FDF75AF8DF
:10EA3000002888DA6846FCF72BFE02A8FCF728FEBF
:10EA40003B463A4669462846FFF70AF8044670B93D
:10EA50003246284602A9FFF723FA044638B9684629
:10EA600002A9FDF73FF8054B041E18BF1C46684677
:10EA7000FCF713FE9FE76FF0860465E780B3FFFFA6
:10EA8000A495090C9C95090C70B50646FFF74CFB44
:10EA900002280C4605461DD100212046FCF739FF0F
:10EAA00008B1164870BD01212046FCF732FF00284E
:10EAB000F7D12046FCF779FF336C5A1C9042F0D115
:10EAC000FE2B05D129462046FCF723FF0028E8D17C
:10EAD0000020E7E701280DD101462046FDF74AF85E
:10EAE0000028DEDB204606F13401FCF7FBFF00289E
:10EAF000EEDBD6E76FF08600D4E700BF80B3FFFF00
:10EB00002DE9F04F8B46A3B01146044698460C926F
:10EB1000FFF7BAFF0646C8B941462046FFF708FF8F
:10EB2000064698B92046FFF7FFFA022840F0148203
:10EB300013A8FFF702FB0FA8FCF7AAFD04211AA8EF
:10EB4000FEF776FF2C9B2BB96FF08606304623B07C
:10EB5000BDE8F08F41460FA8FCF774FE064600287A
:10EB600050D1414613A8FFF769FB0646002849D15A
:10EB700001215846FCF7B1FE0646002842D10BF1B0
:10EB8000100501462846FCF7A8FE0646002839D1A4
:10EB90000BF10800FCF781FD04F10409494613A8B4
:10EBA000FCF7A0FF002825DA11A8FCF771FD2D9BCA
:10EBB0004A46009302212C9B11A8FDF73AFF064616
:10EBC00070B913AA1146204611ABFEF749FF06465D
:10EBD00030B917AA1146204611ABFEF741FF064691
:10EBE00011A8FCF75AFD16F10E0F40F0B2806FF03D
:10EBF000930607E013A94A460846FDF720F80646A3
:10EC00000028CBD013A8FFF72EF90FA8FCF745FD7D
:10EC100004211AA8FEF718FF002E97D12046FFF70F
:10EC200083FA0128074691D1236C1821052B34BFA4
:10EC3000022204220892013A0A9200FA02F20B928E
:10EC40009DF82C20013B0792089A0B981344B3FBC4
:10EC5000F2F30993F8F79EF90546002800F0E381E6
:10EC60004FF000094FF0180A0AFB0950FFF765FA48
:10EC700009F10109079A5FFA89F39A42F4D81C2234
:10EC8000002113A8F7F7C2FB04211AA8FEF7D0FE53
:10EC900041462846FFF7D2FA0646002840F0768122
:10ECA000DDE9092380464FF0180953430D930D9B6E
:10ECB000984540F054810DF14C094946012300224A
:10ECC0004FF0180C0CFB03505B0041F8040B079845
:10ECD000DBB2984202F10102F4D8204613A9FEF7F4
:10ECE00054FF0646002840F051811823BA4603FB22
:10ECF0000753D0460AF1FF3AB8F1000F40F0828185
:10ED0000079B7F00FFB2BB42EFD818230A9905F199
:10ED100018028B402B4449F8042B18329A42FAD13E
:10ED20000B9B20465A1E13A9FEF72FFF064600280C
:10ED300040F02C8105F110073846FCF7AEFC08F1D5
:10ED40000108079A5FFA88F3934207F11807F3D393
:10ED50001CE1002E7FF456AFD4F840A0BAF1FF3F7B
:10ED600019D14B462A4629460020FDF73AFC0646B3
:10ED700000287FF447AF2B465A4659462046FEF7F7
:10ED80006FFE064600287FF43DAF01212846FCF7C0
:10ED9000A4FD064636E751460C98FCF7BAFDC7B20B
:10EDA0003A46584613A9FCF7D3FC064600287FF4E0
:10EDB00029AF3A46284617A9FCF7CAFC06460028A0
:10EDC0007FF420AF2B465A4620461AA9FFF71CF8BD
:10EDD000064600287FF416AF2B465A4620461CA94B
:10EDE000FEF7F3FF064600287FF40CAF204617AB72
:10EDF00013AA1EA9FFF708F8064600287FF402AF01
:10EE0000204617AB13AA20A9FEF7DFFF064600280D
:10EE10007FF4F8AE20AA114620461AABFEF720FE7A
:10EE2000064600287FF4EEAE1EAA114620461CAB13
:10EE3000FEF716FE064600287FF4E4AE1AAB1A462B
:10EE400019462046FEF70CFE064600287FF4DAAE8F
:10EE50001CAB1A4619462046FEF702FE064600285D
:10EE60007FF4D0AE594620461CAB1AAAFEF7F8FD37
:10EE7000064600287FF4C6AE1AAA114620461CABEF
:10EE8000FEF7A3FF064600287FF4BCAE29462046C5
:10EE90001AAB04F10C02FEF7E3FD064600287FF4EE
:10EEA000B1AE2B46294620461CAAFEF7ADFF06460A
:10EEB00000287FF4A7AE20461EAB20AA13A9FEF7B8
:10EEC000A3FF064600287FF49DAE13AB1A461946F1
:10EED0002046FEF7C5FD064600287FF493AE204687
:10EEE0001EAB20AA17A9FEF770FF064600287FF484
:10EEF00089AE17AB1A4619462046FEF7B1FD064605
:10EF000000287FF47FAE17AB194620460FAAFEF704
:10EF1000A7FD064600287FF475AE2B4629462046FD
:10EF20001AAAFEF79DFD064600287FF46BAE3A460E
:10EF3000584613A9FCF70CFC064600287FF462AE85
:10EF40003A46284617A9FCF703FC0AF1FF3A0646A1
:10EF500000283FF403AF55E66FF086065EE6099B96
:10EF60000122B8FBF3F302FA03F1099AC9B202FBDA
:10EF7000138309FB015A002B37D0524651462046D5
:10EF80001AABFEF7CBFF0646002838D004211AA89A
:10EF9000FEF75AFD86B92D9B594604932C9B2046BB
:10EFA0000393099B0C9A0293089B0193079B009380
:10EFB0002B46FFF75CFA0646A36D9D420ED06DB15D
:10EFC0000024182707FB0450FFF7F4F80134079AD0
:10EFD000E3B29A42F6D82846F7F7E2FF002E3FF454
:10EFE000B5AD5846FFF7E6F8B0E54908504609FBCD
:10EFF0000151FFF723F906460028BED0C6E708F105
:10F00000010854E6182202FB0AF11AAA00922046CF
:10F010006A1819440D93FFF73BF90D9B064600282B
:10F020003FF467AEB2E76FF08C06C5E7F0B5144663
:10F0300085B0074602A80D461E46FCF729FB0021B5
:10F040002046FCF797FD78B931463846FFF770FC4B
:10F05000044618B92846FFF707F9044602A8FCF74A
:10F060001CFB204605B0F0BD01212046FCF782FDC7
:10F0700058B931463846FFF75BFC04460028EDD10D
:10F0800031462846FFF7DAF8E7E74FF0FF31204630
:10F09000FCF770FD18BB31463846FFF749FC0446C3
:10F0A0000028DBD131462846FFF7C8F8044600287F
:10F0B000D4D1083501462846FCF75CFD2A460646B1
:10F0C000391D02A8FCF745FE04460028C6D1321EB1
:10F0D00018BF0122284602A9FCF711FBBDE7002357
:10F0E0002246CDE90033294633463846FFF708FD6E
:10F0F000B3E72DE9F04190B005469846FFF714F8C4
:10F1000001280E46144630D102A808AFFFF715F8C3
:10F1100004213846FEF78CFC22464346284602A9C5
:10F12000FFF784FF0446A8B9DDE9162331462846D7
:10F13000FFF77CFF044668B93346314628460097FE
:10F1400002AAFFF7A5F8044620B931462846FEF783
:10F15000D7FC044638460421FEF776FC02A8FEF7E9
:10F1600082FE204610B0BDE8F0816FF08504F8E71C
:10F1700030B4DDE9024524B1CDE9024530BCFFF7EA
:10F18000BFBC6FF0860030BC70471FB500240294EE
:10F19000079C0194069C0094FFF7EAFF04B010BDA1
:10F1A000F7B506460C461946FEF7BEFF022805468F
:10F1B0002BD1366C0B46F708013739462046FDF750
:10F1C00042FB88BBC6EBC70120460139FCF752FC65
:10F1D00050BB012231462046FCF7ABFB20BB024668
:10F1E00001462046FCF7A5FBF0B902460121204666
:10F1F000FCF79FFBC0B9FE2E16D1024629462046D9
:10F2000003B0BDE8F040FCF794BB01280ED11346D3
:10F21000009106F1340201462046FDF70AFC10F188
:10F220000E0F08BF6FF0930003B0F0BD6FF08600C3
:10F23000FAE700002DE9F7430C46804601462046D8
:10F2400017461E4600F01AFE054600287BD12046D0
:10F25000FEF76AFF0228814654D1B8F1070F30D17A
:10F26000202E72D104F16008324639464046FCF740
:10F27000A6FB0246F0B901464046FCF75AFB02469F
:10F28000C0B901214046FCF754FB024690B94946FB
:10F290004046FCF74EFB024660B9FF214046FCF7B2
:10F2A00048FB024630B90122FE214046FCF741FBF3
:10F2B000024648B304F160000192FCF7EEF9019AAE
:10F2C00038E0B8F1090F1DD1382E3ED104F16008A5
:10F2D000324639464046FCF772FB02460028E9D127
:10F2E00001464046FCF725FB02460028E2D10121F9
:10F2F0004046FCF71EFB02460028DBD1012240F20B
:10F30000BF11D2E76FF085052046FEF70DFF0128FB
:10F3100004F1600812D1324639464046FCF767FBDB
:10F3200002460028C6D141462046FFF7ADFB024603
:10F330000028BFD1104603B0BDE8F083002DF2D005
:10F340006FF08502B6E70246F4E7014AF2E700BF34
:10F3500080B3FFFF70B5066C0D460736B3EBD60FD2
:10F36000114604464FEAD60204D200236FF089000A
:10F370002B6070BDB0F866302A608BB1FEF7D4FE0A
:10F38000022805D104F16000BDE87040FCF747BBDE
:10F39000012808D104F16000BDE87040FCF745BBCE
:10F3A0006FF08600E5E76FF09600E2E7F0B50468DD
:10F3B0005509231F1E4604EB850556F8047FFF43BD
:10F3C000AE423760F9D153F8046F01361E600EB9B2
:10F3D000AB42F8D14FF6FF73D2088380A3585B1A73
:10F3E000A350F0BDF0B5C38804460E2BA3B05CD982
:10F3F00001220E3B9BB20E2BADF80820ADF80A306F
:10F4000055D813AE3C22002130460196F6F7FEFF98
:10F41000BDF80A202168920038313046F4F7B2FF77
:10F420000E230021E2889A4236D801AD2A462146B1
:10F430002046FCF78BFC68BB95E8030003AF87E828
:10F4400003003822314605A80390F4F79BFFE02122
:10F450003846FCF70FFBE8B93A4621462046FCF750
:10F4600075FCB8B90723BDF80A209A4219D83A4664
:10F4700029462846FCF76AFC60B90F23E02128469C
:10F48000ADF80A30FCF7D7FA20B92A4621462046C3
:10F49000FCF75CFC23B0F0BD206840F8231001337A
:10F4A000C1E746F823000133DFE70020F2E76FF001
:10F4B0008600EFE7F0B5C4880546082C8BB017D955
:10F4C000083C082C17D80668A70020363A46314673
:10F4D00002A8F4F757FF3A4600213046F6F796FFA8
:10F4E0002623009309212346286802AAFDF7CCFEB3
:10F4F00000200BB0F0BD6FF08600FAE710B5C288AF
:10F500000446102A94B029D9103A92B2122A28BF80
:10F51000122201232168ADF8062002A84031920092
:10F52000ADF804300090F4F72DFF09216846FCF790
:10F53000A1FA68B92268E188136CC3F30803136465
:10F540001123994206D86A4621462046FCF72AFB39
:10F5500014B010BD42F823000133F2E70020F7E7B2
:10F5600070B5C3880546072B90B071D9394A083B5E
:10F570000392394A9BB2082B04924FF0010228BF34
:10F58000082305AE0021ADF8082030462C22ADF846
:10F590000A300196F6F73AFFBDF80A202968920072
:10F5A00020313046F4F7EEFEBDF80A30BDF81220E7
:10F5B00000211344ADF80A300823EA8893423DD372
:10F5C00001A9084603AAFCF7F8FB044698BB2946A4
:10F5D000284601AAFCF7E6FA044660BBEB88014620
:10F5E000083B9BB2082B28BF08232C223046ADF8DD
:10F5F0000A30F6F70BFFBDF80A2029689200304662
:10F600002031F4F7BFFEBDF80A30BDF812201344D4
:10F61000ADF80A300823EA88934214D301A90846BA
:10F6200003AAFCF7CAFB044628B92946284601AAC2
:10F63000FCF7B8FA0446204610B070BD286840F8C0
:10F6400023100133BAE7296841F823400133E3E787
:10F650000024F0E7EC95090C010002002DE9F74FBA
:10F6600019218046FCF727F80190002840F0F98125
:10F67000D8F800301A68D3F830C05E6D12EB0C0178
:10F680002CBF012000201D6D7118DA6D40F10000C3
:10F69000691840F100008A4288BF0138C0B2891A57
:10F6A000FF281960596840F0E081B1FA81F0400903
:10F6B000404201395F6B9C6D791840F1000E601873
:10F6C0004EF1000101F0FF01101841F100018445E5
:10F6D00088BF0139A0EB0C0E754588BF0139C8B24F
:10F6E00049B2AEEB050E0029C3F804E0D3F808E0F8
:10F6F00080F2C081484286454FF0FF3028BF00208D
:10F700008E44D3F8389019EB0E0E40F10000C0B2D1
:10F7100012EB0E0140F1000E8F4288BFAEF1010ED8
:10F72000A1EB070A564588BFAEF1010E5FFA8EF1D4
:10F730004FFA8EFEAAEB0600BEF1000F9860D86863
:10F7400080F29E81CEF1000188424FF0FF3128BF48
:10F7500000217044D3F83CE01EEB000041F10001B1
:10F760001CEB000041F10001281841F1000101F0FB
:10F77000FF01301841F10001814588BF0139A0EB3C
:10F78000090B5C4588BF0139ABEB040A524588BFC1
:10F790000139C8B249B2AAEB020A0029C3F80CA089
:10F7A000D3F810A080F27181484282454FF0FF30BB
:10F7B00028BF00208A4416EB0A0A40F1000016EB2D
:10F7C0000A0A40F10001186C10EB0A0A41F100012D
:10F7D00017EB0A0A41F100011CEB0A0C41F1000190
:10F7E00015EB0C0C41F1000101F0FF0114EB0C0CC6
:10F7F00041F10001E64588BF0139ACEB0E0B5A45DB
:10F8000088BF0139ABEB020A524588BF01395FFA64
:10F8100081FC49B2AAEB020A0029C3F810A0D3F870
:10F8200014A080F23881C1F1000CE2454FF0FF3C9A
:10F8300028BF4FF0000C8A4414EB0A0A4CF1000177
:10F84000D3F844C014EB0A0A41F100011CEB0A0A88
:10F8500041F1000119EB0A0A41F1000117EB0A0717
:10F8600041F1000AF7194AF1000A0AF0FF0AD71914
:10F870004AF1000AB84288BFAAF1010A5FFA8AFB7E
:10F880004FFA8AFA3F1ABAF1000F99695F6180F264
:10F890000A81CAF10007B9424FF0FF3728BF00279D
:10F8A00051445118D3F848A047F10007511847F1C7
:10F8B00000071AEB010147F100071EEB010147F1B8
:10F8C000000719EB010147F1000707F0FF07611876
:10F8D00047F100078C4588BF013F5FFA87F97FB287
:10F8E000A1EB0C01002F9961D96980F2E280C7F188
:10F8F000000949454FF0FF3928BF4FF0000939444E
:10F90000DF6C791849F10009411849F100091EEB33
:10F91000010149F1000909F0FF09511849F10009F5
:10F920008A4588BFA9F101095FFA89FE4FFA89F972
:10F93000A1EB0A01B9F1000FD961196A80F2C18007
:10F94000C9F1000E71454FF0FF3E28BF4FF0000E89
:10F95000494469184EF1000E1CEB01014EF1000EF6
:10F960000EF0FF0E41184EF1000E8F4288BFAEF12F
:10F97000010E5FFA8EF04FFA8EFEC91BBEF1000F2A
:10F980001962596A80F2A580CEF1000081424FF0E1
:10F99000FF3028BF00207144711840F100001AEBBD
:10F9A000010140F1000000F0FF001CEB010140F1FB
:10F9B000000C8D4288BFACF1010C5FFA8CF04FFA5D
:10F9C0008CFC491BBCF1000F5962996A80F2868059
:10F9D000CCF1000081424FF0FF3028BF002061448D
:10F9E000611840F10000791840F1000000F0FF00BC
:10F9F0001AEB010A40F10001564588BF01395FFA50
:10FA000081FC49B2AAEB060600299E62DE6A6ADA28
:10FA1000484286424FF0FF3028BF00200E44921922
:10FA200040F10001AD1841F1000101F0FF017F1923
:10FA300041F10001BC4288BF013949B221EAE172BB
:10FA40003F1B1A6300240C22B8F80600DF62013263
:10FA500090424ED8002904DA4FF4C0724046FFF7B6
:10FA6000A5FC019803B0BDE8F08F09182CBF012058
:10FA700000201FE61EEB000E2CBF0120002040E6F8
:10FA800040182CBF0121002164E61AEB000A2CBFAC
:10FA9000012000208FE61AEB0C0A2CBF4FF0010C5E
:10FAA0004FF0000CC8E611EB0B012CBF012700271B
:10FAB000F7E611EB09012CBF4FF001094FF00009E7
:10FAC0001EE711EB0E012CBF4FF0010E4FF0000EA0
:10FAD0003FE709182CBF012000205DE709182CBF63
:10FAE000012000207CE716EB0C062CBF0120002033
:10FAF00095E743F82240AAE72DE9F74F112100903E
:10FB0000FBF7D9FD0190002840F08481009B186824
:10FB10000368D0F820C0D0F8248013EB0C032CBF6E
:10FB200001220022C76A18EB030942F100024F4587
:10FB300088BF013A056BA9EB070E754588BF013AEE
:10FB4000446BAEEB0506B44288BF013A836B311BB0
:10FB50008B4288BF013AC91A5FFA82FE002A4668C2
:10FB6000016080F25B8151428E424FF0FF3128BF2D
:10FB70000021164418EB0606D0F828E041F10001F8
:10FB8000C9B21EEB060641F10001B54288BF01393A
:10FB9000A6EB050B5C4588BF0139ABEB040A534566
:10FBA00088BF0139C26BAAEB03094A4588BF0139F6
:10FBB0004FFA81FA5FFA81FBBAF1000FA9EB02015B
:10FBC0008668416080F23081CAF100018E424FF0B8
:10FBD000FF3128BF002156441EEB060641F100010B
:10FBE000C9B2BE1941F10001B44288BF0139A6EB88
:10FBF000040A534588BF0139AAEB03094A4588BF67
:10FC00000139CEB249B2A9EB02090029C0F8089027
:10FC1000D0F80C9080F20E81C1F1000AD1454FF06E
:10FC2000FF3A28BF4FF0000A894417EB09094AF14F
:10FC3000000117EB090641F10001AE1941F1000185
:10FC4000AE1941F1000101F0FF01A61941F10001D7
:10FC5000B24288BF0139A6EB020AD44588BF0139F8
:10FC6000AAEB0C09C84588BF0139CEB249B2A9EB4D
:10FC700008090029C0F80C90D0F8109080F2E280BA
:10FC80004E42B1454FF0FF3628BF0026894415EBA0
:10FC9000090946F1000615EB090946F1000614EBC7
:10FCA000090946F1000614EB090946F1000606F0C1
:10FCB000FF0613EB090A46F10009D04588BFA9F1F8
:10FCC0000109AAEB08018E4588BFA9F101095FFA75
:10FCD00089FA4FFA89F9A1EB0E01B9F1000F016120
:10FCE000416980F2B580C9F10006B1424FF0FF369C
:10FCF00028BF00264944611846F10006611846F104
:10FD00000006591846F10006591846F1000606F09B
:10FD1000FF06511846F100098E4588BFA9F1010977
:10FD2000A1EB0E0B5F4588BFA9F101095FFA89FAC3
:10FD30004FFA89F9ABEB0701B9F1000F4161816915
:10FD400080F28C80C9F10006B1424FF0FF3628BF27
:10FD500000264944591846F10006591846F1000694
:10FD6000511846F10006511846F100065B1846F19D
:10FD7000000101F0FF01E31841F100019C4588BF3B
:10FD80000139A3EB0C06B04594BF0B464B1E59B28C
:10FD9000A6EB0806002986615FFA83F9C66963DA73
:10FDA0004B429E424FF0FF3328BF00230E4496196A
:10FDB00043F10001961941F10001921941F100014E
:10FDC00001F0FF011CEB020C41F10001E64588BF88
:10FDD0000139ACEB0E06B74288BF0139F31B9D42D7
:10FDE00088BF01395A1B944288BF013949B221EAC0
:10FDF000E1730362009B121BC2610024DA880823AE
:10FE000001339A4236D8002904DA4FF48072009800
:10FE1000FFF7CCFA019803B0BDE8F08F16EB0E06A1
:10FE20002CBF01210021A5E616EB0B062CBF0121FA
:10FE30000021D1E619EB06092CBF4FF0010A4FF063
:10FE4000000AF2E619EB06092CBF012600261EE780
:10FE500011EB0A012CBF012600264CE711EB0A0129
:10FE60002CBF0126002675E716EB09062CBF0123DF
:10FE700000239CE740F82340C2E7000073B5044626
:10FE80000D46FEF79BF92046FEF765F92570013D0A
:10FE9000082D00F23181DFE815F00900320044003E
:10FEA0002F012F012F016F005600C200954A964B7B
:10FEB0006260964AA3646261954A964B6263964A71
:10FEC000A360A361A3632362A362944BE2616362B4
:10FED0004FF001132363924B201DE362FBF765FD96
:10FEE000E06304F13400FBF760FD01236364002349
:10FEF000C4E9163320640025284602B070BD894A43
:10FF0000894B6260894AA3646261894A894B626352
:10FF1000894AA360A361A3632362A362E261874B62
:10FF2000D5E7874A874B6260874AA3646261874A44
:10FF3000874B6263874AA360A361A3632362A362C2
:10FF4000E261854BC3E7854A854962604FF0011243
:10FF5000844BE1608449A36461616E4B8349A36073
:10FF6000A363616323628249A362824B2261A2611F
:10FF7000E16163622263AEE77F4B8049A36404F1D1
:10FF80000C00FBF7AAFC0546002840F0B180261DB6
:10FF900001213046FBF7A1FC0546002840F0A8806F
:10FFA000FF213046FBF747FD0546002840F0A080C2
:10FFB000132231463046FBF7E8FE0546002840F0A4
:10FFC00097803046FBF7F1FC04F13406E063102221
:10FFD00030466B49FBF70BFD0546002840F0888052
:10FFE0000122FC213046FBF7A4FC054600287FD106
:10FFF000092104F11C00FBF770FC0546002877D1AD
:020000040C09E5
:10000000012104F12C00FBF768FC054600286FD1A4
:1000100004F12400FBF741FBFE2323646BE7594BFB
:100020006846A364FBF734FB49F6AA0104F10C000F
:10003000FBF753FC0546002854D1261D012130460C
:10004000FBF74BFC054600284CD1E0213046FBF77E
:10005000F2FC0546002845D1012231463046FBF727
:1000600094FE054600283DD1E0213046FBF7E3FC35
:100070000546B8BB012231463046FBF786FE0546F1
:1000800080BB3046FBF791FC0521E06304F11C00C6
:10009000FBF723FC054628BB012104F12C00FBF7EC
:1000A0001CFC0546F0B904F1240004F13406FBF70A
:1000B000F4FA01224FF4DF713046FBF73AFC0546B3
:1000C00080B91C2268463049FBF791FC054648B9C7
:1000D0006A4631463046FBF73CFE054610B940F211
:1000E000BF1323646846FBF7D8FA002D3FF404AF32
:1000F0002046FEF763F8FFE600236FF085052370C6
:10010000FAE600BF6C99090CF9FA080C4C99090C35
:10011000EC98090C010008002C99090C0C99090CA9
:100120008C99090CBC98090C5DF6080C8C98090C8C
:10013000FC97090C01000C005C98090C2C98090C28
:10014000B897090CFDF4080C7497090CA896090CD3
:10015000010011003097090CEC96090C8896090CE7
:100160008496090C61F5080C8096090C2096090C00
:100170006096090C4096090CB5F4080C42DB0100AE
:100180001096090CE5F3080CF495090C2DE9F743DA
:100190001F4606460D469046384609880DF106036F
:1001A0000DF1070200F0F4F9044650B9274A27F48C
:1001B0007E13934209D002F5807293422AD06FF0E9
:1001C0008504204603B0BDE8F083214B33602B88C3
:1001D00003F4E042B2F5005F02D06FF08604F0E76E
:1001E00003F4E063B3F5806FF7D106F108094846E0
:1001F00005F0CBFB424648466B889DF8061005F09B
:10020000C8FBF7F7A7FCF8B92B88C7F30547B380FD
:10021000F771D6E70F4B33602B8803F4E042B2F559
:10022000005FDAD103F4E063B3F5806FD5D106F156
:100230000809484606F086FF424648466B889DF806
:10024000061006F084FFDCE70446BAE7000140052B
:10025000000150050002500510B5029B0446FFF74F
:1002600095FF18B9A37943F00103A37110BD10B530
:10027000029B0446FFF78AFF18B9A37960F30003D5
:10028000A37110BD134610B502680E4CA2420AD1EC
:1002900084790A46083004F0010107F05FF8BDE8F0
:1002A0001040F7F757BC084CA24207D184790A46A0
:1002B000083004F0010105F09FFBF0E76FF08500C6
:1002C00010BD00BF000250050001500510B5074BDE
:1002D00004689C4207D1C379083005F0C1FBBDE832
:1002E0001040F7F737BC002010BD00BF00015005DB
:1002F00010B50368094CA34206D1083007F0DBF8BB
:10030000BDE81040F7F726BC054CA34203D10830E6
:1003100005F0C0FBF4E76FF0850010BD000250054A
:1003200000015005F0B50668124F85B0BE420A9D27
:1003300003920DD103ACCDE90054083007F082F9E7
:10034000F7F708FC10B90B9B039A1A6005B0F0BDD3
:10035000094FBE4208D1AA4209D803ACCDE90054E6
:10036000083005F01CFCEBE76FF08500EEE76FF05E
:100370008900EBE70002500500015005F7B5099F21
:100380000446C0791D46B842089E1DD82768DFF88C
:1003900048C067450ED1CDE9006004F1080007F0C0
:1003A000F4F9F7F7D7FB18B92860E2790A9B1A60CD
:1003B00003B0F0BD074B9F4209D10246314604F11C
:1003C000080005F0EBFCECE76FF08900F0E76FF058
:1003D0008500EDE7000150050002500503680B4A57
:1003E00010B59342044609D002F58072934209D0B9
:1003F000A379002023F00103A37110BD083005F09C
:10040000EEFAF5E7083007F0C5FAF1E7000150050C
:100410002DE9F04F074688469946EFB008AC4FF4F7
:10042000CC72DDE97BABDDE97D5600212046F5F796
:10043000EDFF39464B4642462046FFF7A7FE0746EA
:10044000F8B9E3797F9A5919914235D821681D4846
:10045000721981421CD1CDE904237A9B294600936D
:10046000CDE902B6DDE97823CDF804A00AA805F0AD
:100470000FFDF7F76FFB074618B9E379809A2B4415
:1004800013602046FFF7AAFF38466FB0BDE8F08F33
:100490000D48814213D1CDE905327A9B2A4601935A
:1004A000799B01210093CDE903B6789BCDF808A094
:1004B0000AA807F021FADCE76FF08907E1E76FF09F
:1004C0008507E1E700015005000250052DE9F04FD6
:1004D000074688469946EDB006AC4FF4CC72DDE98C
:1004E0007A6500212046DDF8DCA1DDF8F0B1F5F7F2
:1004F0008DFF39464B4642462046FFF747FE0746EA
:1005000000BBE379AB4235D87D9AE91A8A4234D3ED
:1005100020681D4F7218B8421BD1CDE90423799B86
:10052000CDE9026B0193789B769A009308A8534615
:1005300005F0C4FCF7F70EFB074618B9E379ED1A8E
:100540007E9B1D602046FFF749FF38466DB0BDE831
:10055000F08F0E4FB84213D1CDE90223799BCDE93C
:10056000046B0193789B769A009308A8534607F092
:10057000EDF9DFE76FF08607E4E76FF08907E1E761
:100580006FF08507E1E700BF00015005000250054C
:1005900010B500F0FE44B4F1A06F08BF20F47E1047
:1005A00000F0FC44B4F1806F21D11C4CA04223D058
:1005B00011D81B4CA0421DD007D820F48070A4F5A0
:1005C0008064A04204D1022017E0164CA0421BD048
:1005D0006FF0850017E0144CA04217D004F580742A
:1005E000A04215D0114CA042F2D1042005E0104CDD
:1005F000A042EDD1012000E00320B1F5105F1070A2
:10060000E6D13BB9002010BD0520F6E70820F4E74D
:100610000620F2E702221A70F4E700BF0011C004BE
:10062000004440040010C004000140050012C00452
:100630000002C00373B5002615461C460DF10602E4
:100640000DF107038DF80760FFF7A2FF58B99DF879
:10065000070004B1207029469DF8062002B0BDE8CD
:10066000704005F0ADBC304602B070BD2DE9F84FCA
:100670000D461C46074600F10808404691460E8884
:100680009DF928B005F0BAFCB5F802A03146002368
:10069000524620463C60FFF7CDFF0146002864D05B
:1006A000404605F0CBFC0546002840D15B4652464B
:1006B0004946404605F0E2FC0546C0BB2D4B9C4236
:1006C0000AD003F580739C4236D004F0FF43B3F1A7
:1006D000906F07D101230BE00121404605F010FF88
:1006E000002840D106F4E043B3F5005F26D0002394
:1006F0007B7106F4E043B3F5005F25D116F4E06F9B
:1007000022D01D4A24F4807393420AD002F500726D
:10071000944206D0194A944203D0A2F53F42934234
:1007200012D10124C6F30226B440E4B23C7128463B
:10073000BDE8F84FF7F70EBA0146CEE70123C6F33E
:1007400002229340DBB2D3E742F204039E4202D17D
:100750000B4B9C4205D00B4B9C420CBF0D2400243C
:10076000E4E70C24E2E70546E1E76FF08500BDE829
:10077000F88F00BF004040040010C00400FF400498
:10078000000180040013C00410B40124019B0194F3
:100790005DF8044BFFF76ABF10B40024019B01947D
:1007A0005DF8044BFFF762BF08B50379934206D1A9
:1007B000083005F093FCBDE80840F7F7CBB96FF0BF
:1007C000860008BD2DE9F04F144602689B4602F0F2
:1007D000FF4385B0B3F1906F0546DDE90E780E4614
:1007E00000F08380C36A41792344B3FBF1F34B43A8
:1007F000BB427CD83F4B9A4261D182680023002AD9
:1008000045D0177907F01F070393C8F80030002C74
:1008100039D0E86A05F1080930B3A7EB000AA24510
:1008200028BFA2461430314652464844F3F7AAFD89
:10083000EB6AA4EB0A0453449F425644EB6213D183
:1008400003AB3A46009305F11C015B46484605F0B0
:1008500095FCF7F77FF9B8B9D8F80030039A13443C
:10086000C8F800309344E8620DF10C0AA74210D991
:100870004CB1E86A2246143031464844F3F782FD11
:10088000EB6A2344EB62002005B0BDE8F08F1F4601
:10089000BAE75B463A4631464846CDF800A005F037
:1008A0006DFCF7F757F90028EED1039AD8F800301D
:1008B000E41B13443E449344C8F80030D6E714B90F
:1008C000C8F80040DFE75B4622463146CDF800809D
:1008D00005F1080005F052FCF7F73CF9D8F80030B4
:1008E000BB4288BF6FF09600CEE7BC42E7D96FF0FD
:1008F0008900C9E700444004F0B504460F460021D2
:1009000087B0164602A810221D460191F5F77EFD1C
:10091000E36A2BB123681B4A23F4806393422DD0F2
:100920002A4601AB02A904F1080005F061FDF7F7C2
:1009300011F90446D8B9102E344628BF102426B128
:100940002246384602A9F3F71DFD2B68224692EA9B
:100950000301D21A8A430B401A43D217019B8A2102
:1009600003F096031140D2431A400A43544202A8AE
:100970001021F6F72BFB204607B0F0BD6FF0860480
:10098000F5E700BF0040400408B5036803F0FE43EC
:10099000B3F1806F04D1083005F034FB002008BDAE
:1009A0006FF08800FBE72DE9F04704469A460E46B3
:1009B000904698B04C22DDE92457002105A8DDF8C7
:1009C0008490F5F723FD214643463246CDF800A03A
:1009D00005A8FFF7D9FE044668B9B9F1000F0ED19A
:1009E000DDE9221203ABCDE9007305A82B46FFF722
:1009F000E9FE044660B105A8FFF7C6FF1DE04A46C0
:100A0000209905A8FFF7D0FE04460028E8D0F2E7B9
:100A1000039A05B11544294604ABBA1A05A8FFF795
:100A20006BFF04460028E6D1DDE903321344269A21
:100A300005A81360FFF7A8FF0446204618B0BDE8DC
:100A4000F0872DE9F04704469A468846914696B0CD
:100A50004C22DDE92057002103A81E9EF5F7D6FCA5
:100A600021464B464246CDF800A003A8FFF794FE6E
:100A7000044640BB9DF81020F2B99DF810206EBBD3
:100A80001F990DF108088A1A2B463146CDE90078E6
:100A900003A8FFF797FE0446A8B9029E05B13544A6
:100AA0004346BA1B294603A8FFF726FF029B229A5A
:100AB00033440446136006E0314603A8FFF774FE92
:100AC00004460028D9D003A8FFF75EFF00280CBF1A
:100AD00020466FF0880016B0BDE8F0871644CFE7D7
:100AE0002DE9F04700F4E04ABAF5804F06460C467F
:100AF00091469846089F17D100F44F43B3F5824FB3
:100B000002D0B3F5884F02D1F3B2412B0CD018F0CC
:100B1000010F06D04FEA580344B1E21DB3EBD20FE8
:100B200005D06FF0860665E04346F5E7DC008021DE
:100B30000120F6F72FFA0546002800F08180FDF726
:100B40002BFB06F44F43B3F5824F02D0B3F5884F29
:100B500007D1F0B2302858D00DD8122815D0172858
:100B60005BD06FF086042846FDF758FB2846F6F761
:100B700017FA26463EE04128F3D1B4F5807F51D0E4
:100B8000B4F5E07F0ED0FF2C0BE040F209239C422D
:100B900008D035D8B4F5807F04D02ED824F02003B7
:100BA000C02BDED1214601F015F90146002842D0C4
:100BB0002846FFF763F9F6F7CDFF064600283DD13A
:100BC000BAF5804F30D105F1680A43464A4651468E
:100BD0002846FDF7E9FDF6F7BDFF04460028C2D11F
:100BE00051462846FDF7A4FEF6F7B4FF0446002858
:100BF000B9D13D603046BDE8F087B4F5C07FD0E79D
:100C0000B4F5047FADD11C46CCE724F08003B3F5E6
:100C1000807FC7D0B4F5007FC3E7C02CC2D0B4F545
:100C2000807FBEE7FF24BDE743464A462946287831
:100C3000FEF700FBD8E76FF0850494E7044692E7DF
:100C40006FF08C06D6E700002DE9F74300F4E04092
:100C5000B0F5804F0D4616461F46DDF828902CD182
:100C600001F168084046FDF72AFD88B94B4600228D
:100C700041462846CDE90067FDF72AFDF6F76AFFF1
:100C80000446B0B13A4600213046F5F7BFFB10E00C
:100C9000002301930D4B4146009305F1600205F1DD
:100CA0001C032846FEF771FAF6F754FF04460028A5
:100CB000DCD0204603B0BDE8F08349462846FEF765
:100CC00049FB03B0BDE8F043F6F744BF5158090CA7
:100CD0007FB51E460023039303AB009305461346DE
:100CE0000A4641880088FFF7FBFE0446B8B9288809
:100CF000039900F44F43B3F5824F02D0B3F5884F08
:100D000017D1C3B2412B14D10C6C01340A9B32466B
:100D10001C60099B0093089BFFF796FF0446039D08
:100D20002846FDF77BFA2846F6F73AF9204604B044
:100D300070BD0C6CEAE77FB51E460023039303AB3E
:100D40000093054613460A4641880088FFF7C8FE0F
:100D50000446D0B9288800F44F43B3F5824F02D03F
:100D6000B3F5884F14D1C0B240F48240039D099B73
:100D7000324629460093089BFFF766FF0446284643
:100D8000FDF74CFA2846F6F70BF9204604B070BD83
:100D90004FF48240EAE70000F0B504881D4604F4F1
:100DA0004F43B3F5824F84460E461746A1B002D09A
:100DB000B3F5884F26D1E0B2BCF8021001F00AF872
:100DC000044608B36846FDF7E7F921466846FFF791
:100DD00055F8044670B903460D4A684618A9FEF74F
:100DE000DFF9044630B93B46324629466846FEF7ED
:100DF000B1FA04466846FDF711FA2046F6F7AAFE56
:100E000021B0F0BD0020D7E76FF08500F8E700BF04
:100E10005158090C2DE9F04F1C4600238DB0079363
:100E200007AB00931346DDE9169A0A46418800880D
:100E3000DDF86080FFF754FE834600285ED1079EF0
:100E400008A8F56BFAF724FC0AA8FAF721FC073585
:100E5000199BED08B3EB450F4FEA45075ED314F439
:100E60008072304906F160034ED02F4824F4875237
:100E700022F01F0282420CD02C4A24F47F7020F012
:100E80000300904205D024F0FF0002F5A0629042DA
:100E900038D114F0FF0001D040F000700022C0B241
:100EA000CDE90312CDE901A0CDF8009030460AAAA1
:100EB00008A905F0DDFE044668B92A46414608A89F
:100EC000FAF7B3FD044630B92A4608EB05010AA833
:100ED000FAF7ABFD044608A8FAF7DFFB0AA8FAF711
:100EE000DCFB0CB91A9B1F603046FDF797F93046C2
:100EF000F6F756F82046F6F72DFE834658460DB015
:100F0000BDE8F08F5846C9E7CDE902123046CDE979
:100F1000009A0AAA08A905F03BFECCE76FF0890405
:100F2000D9E700BF5158090C000300060004000671
:100F300037B500F1680504462846FDF7C0FB58B1F7
:100F400000230193074B29460093204604F11C031C
:100F500004F16002FEF719F903B0BDE83040F6F77E
:100F6000F9BD00BF5158090C134600222DE9F0438A
:100F700089B0039203AA00920A4641880088DDF8EE
:100F80004890FFF7ADFD0446002840D1039D04AF13
:100F9000EA6B3846073206AE4FEAD208FAF778FB1A
:100FA0003046FAF775FB139BB3EB480F33D142463B
:100FB00049463846FAF71BFDF6F7CCFD0446D0B992
:100FC000424609EB08013046FAF711FDF6F7C2FD7B
:100FD000044680B92846FFF7ABFF044658B9DDE95F
:100FE000101205F168032846CDE9007605F0FDFEF4
:100FF000F6F7B0FD04463846FAF74FFB3046FAF7ED
:101000004CFB2846FDF70AF92846F5F7C9FF2046AC
:1010100009B0BDE8F0836FF09404ECE72DE9F04FE0
:1010200005469B4600238DB006A8CDE90333DDE9D4
:1010300018780E469246DDF86890FDF77EF828880D
:1010400020F0FF03B3F5E24F66D1354C354B0BEA88
:10105000040444F010649C425ED103AB009332461A
:1010600053466988FFF73CFD044600284AD1039D9A
:10107000059005A9287800F08BFE04AB40F482406F
:101080000093059980B2DDE91623FFF729FD049E40
:10109000044620BB244B0190009305F1600206F149
:1010A000680306A92846FEF770F8F6F753FD0446D4
:1010B000A8B9EB6B0733DB089845C9F8003028D393
:1010C0002846FDF731F802283946D9F8002006A84D
:1010D0001CD1FAF7A4FCF6F73DFD044618B14146D1
:1010E0003846F5F773FF06A8FDF764F83046FDF7BC
:1010F00095F83046F5F754FF2846FDF78FF8284657
:10110000F5F74EFF20460DB0BDE8F08FFAF78DFCE5
:10111000E1E76FF08904E2E76FF08604F2E700BFD1
:101120000000FFF6000002095158090C03680D4A3F
:1011300010B59342044606D8023A93420CD873B1D4
:101140006FF088000DE003F17E430A3B012BF7D8D6
:10115000083003F0ABFD02E0083002F039FF002058
:10116000206010BD09000002036870B505460E46F8
:10117000002B3FD101F17E43083B032B2CD8DFE845
:1011800003F002131A2400F10804204602F01CFFA9
:101190000121204602F026FF044638BB2E6020467F
:1011A000BDE87040F6F7D6BC00F10804204602F016
:1011B0000BFF0021EDE700F10804204603F072FD6B
:1011C0000121204603F07CFDE6E700F108042046FB
:1011D00003F068FD0021F4E701F0FE46B6F1007F60
:1011E00014BF6FF086006FF0850070BD2846FFF7D2
:1011F0009DFFD4E76FF08800F7E7000038B5144A88
:101200000368044693420D4609D8023A93420ED829
:10121000002B14BF6FF085006FF0880038BD03F11C
:101220007E430A3B012B0CD96FF08500F6E700F1F5
:10123000080105F1080002F0D0FE236800202B60B1
:10124000ECE700F1080105F1080003F034FDF4E7D4
:101250000900000210B503680C4CA34205D8023CFB
:10126000A3420BD86FF0880010BD03F17E430A3B08
:10127000012BF7D8083003F0BBFD02E0083002F084
:10128000FFFEBDE81040F6F765BC00BF0900000294
:101290002DE9F0411D460478064644F0007404F13F
:1012A0007E44033C102C98BF184B0F4690468CBFD1
:1012B00000241C5D2A601AB121213846F5F7A6F8F2
:1012C00044451FD83268124B9A4205D8023B9A42D5
:1012D0000DD86FF0880013E002F17E420A3A012A2D
:1012E000F7D8394606F1080003F0D3FD04E039468B
:1012F00006F1080002F004FFF6F72CFC00B92C60A0
:10130000BDE8F0816FF08900FAE700BF9099090C01
:10131000090000022DE9F0430446B9B00E46DDE9AC
:101320004089002117466846E0221D46F5F76EF811
:1013300021466846C9F80080FFF716FF044668B9E1
:101340003A4631466846FFF785FF044630B94B46BA
:10135000424629466846FFF79BFF04466846FFF76A
:10136000E5FE002C18BF204639B0BDE8F083000030
:101370002DE9F04716460268354B0D4622F47E11E2
:101380009942804692B016D102A9083005F02DFA94
:10139000044620B93246284602A9F2F7F3FF10218D
:1013A00002A8F5F713FE2046F6F7D4FB04462046C4
:1013B00012B0BDE8F087274B1340B3F1607F43D1F3
:1013C0000022D0F808A001925FFA8AF343F000737C
:1013D00003F17E43033B102B98BF1F4A00F1100717
:1013E00094BF12F8039091463846402201AB02A9FF
:1013F000F7F70EF804460028D9D151463846F6F7DB
:101400001DFF0446D8B94A46384608F1F801F6F7F8
:10141000E7FF044698B93846019A02A9F6F7E0FFBB
:10142000044660B94022384601AB02A9F6F7F0FF46
:10143000044620B93246284602A9F2F7A3FF0199D3
:1014400002A8F5F7C3FDB2E76FF08804AFE700BF6D
:101450000002C0030000C07FA199090C026838B5E2
:1014600004464AB1104B22F47E11994206D108304D
:1014700004F0C8FD00232360002014E00B4B134050
:10148000B3F1607F08D18021F830F5F79FFD04F1BA
:101490001000F6F7C3FEEDE74FF4BC720021F4F73D
:1014A000B5FF6FF0880038BD0002C0030000C07FA8
:1014B0002DE9F043D0F80080A5B0144605460E464D
:1014C0001A462C9FB8F1000F40F0C380624B27F4FE
:1014D0007E199945076013D100F10807384604F0DA
:1014E0008DFD3188434648467288FFF7A3F80146D0
:1014F000002851D16FF085042846FFF7AFFF0BE0BD
:10150000564B3B40B3F1607F0AD04FF4BC7241466A
:10151000F4F77CFF6FF08504204625B0BDE8F0832A
:10152000FFB247F0007707F17E43033B102B039295
:1015300041D946468760002A55D104AC2346039919
:10154000884577D1B04506D23621A6EB080204EBD8
:101550000800F4F75BFF039B05F1F70203F1F701C5
:10156000294491426ED1B34206D205F1F8005C21C4
:10157000F21A1844F4F74AFF05F1100839464046BC
:10158000F6F75CFE0446002839D13246404604A9ED
:10159000F6F726FF044632E0384604F04FFD20B946
:1015A00021463846728805F04DF8F6F7D3FA04461E
:1015B000002CB1D0A0E72A49C95C102B2DD8DFE858
:1015C00003F00E0E0E2C2C0E0E233030302C2C2A55
:1015D00027092E006826B142AF6002D98AE740266B
:1015E000AF60B2421FD903AB019380232146009321
:1015F000384604ABF6F759FF044600289DD08021F9
:1016000004A8F5F7E3FCD3E7164B8026AB60E8E7C8
:10161000154BAB606EE7154BFBE70026DBE7482672
:10162000D9E78026D7E7002A87D0214604A8F2F719
:10163000A9FE82E71A7808F1010882F0360203F861
:10164000012B7DE714F8010B80F06A0002F8010F0E
:1016500087E76FF088045FE70002C0030000C07FE7
:10166000B299090C0A0000021100000210000002E9
:10167000FFF71EBFFFF71CBF38B50468ACB10C4BB9
:1016800024F47E159D4206D1083005F001F8BDE82E
:101690003840F6F75FBA074B2340B3F1607F04D1BF
:1016A000BDE838401030F6F79BBE6FF0880038BDBB
:1016B0000002C0030000C07F38B51C460368154611
:1016C00023B1FFF755FE00B9256038BD6FF08800E3
:1016D000FBE770B503680E46154690B0B3B1402ADB
:1016E00017D86946FFF744FE044640B92A466946C2
:1016F000304603F0E6FF041E18BF6FF0940440214B
:101700006846F5F763FC204610B070BD6FF08804A2
:10171000F9E76FF08604F6E72DE9F04398460446B2
:101720000D461646E1B04FF4BC72002102A8DDF868
:10173000A4916B9FF4F76AFE4FF4BC72002102A8DB
:10174000F4F764FE214633462A46CDF8008002A80D
:10175000FFF7AEFE044648B9B9F1000F0DD13A4685
:101760006A9902A8FFF704FE044678B102A8FFF7C1
:1017700075FE204661B0BDE8F0834A46689902A82C
:10178000FFF77AFF04460028E9D0EFE76C9B1F6063
:10179000ECE7000038B50C4B20F0FF029A4212BF74
:1017A0000024C4B244F00074E4B220460D4603F0B5
:1017B000D3FC30B122462846BDE83840012100F074
:1017C000A8BD6FF0850038BD0003000738B503469B
:1017D0000C4620F4FF70194920F00100884215D012
:1017E000174823F0FF01814210D023F47F7525F0C4
:1017F0000305A0F57060854208D000F5A060814225
:1018000004D0002313706FF0850038BD13F0FF0083
:1018100018BF40F00070C0B21070084A934207D061
:101820000028F0D003F098FC03F05AFDA04201D14B
:101830000020EAE76FF08600E7E700BF000200063D
:1018400000130006F8B504460E46012074211D461B
:101850001746F5F79FFB286020B304F4E04400F03E
:101860004EFDB4F5E04F3A463146286810D101F0FC
:1018700013FDF6F76FF9044640B9286800F05FFDE4
:10188000C000B0F5805F06D96FF085042046F8BD32
:1018900000F07EFDEDE728680430FAF786F843078C
:1018A000F4D0F1E76FF08C04F0E773B50446164608
:1018B00004F4E0441D46B4F5E04F13440846019398
:1018C000314601AA0ED100F070FC002804460CDA63
:1018D0002A4600213046F4F799FD2046F6F73AF9FA
:1018E00002B070BD00F0E2FCEFE7B5EB400F0FD3A4
:1018F0002D1A3544024629463046F2F743FD22466A
:1019000000212846F4F782FD069B00201C60E7E7D3
:10191000A842F9D22D1A024671193046F4F734FD67
:101920002A4600213019EDE7F0B51F46002385B0A7
:101930000393064603AB0088FFF784FF039D04462C
:1019400078B9284600F0FBFC0C9BC10089B21960F5
:101950000B9B3A46009329460A9B3088FFF7A5FF68
:101960000446284601F05FFC2846F5F719FB20469F
:1019700005B0F0BD7FB51E4600230088039303AB7E
:10198000FFF760FF039D044648B9099B3246009368
:10199000294644F20100089BFFF787FF04462846CA
:1019A00001F041FC2846F5F7FBFA204604B070BD73
:1019B00070B505461E46A0B072B1042A09D80024AD
:1019C0000A4411F8013B8A4243EA0424F9D1002C6D
:1019D00004DA6FF0850414E04FF0011403A800F05E
:1019E0008EFC009400226B880E4903A801F0D6FCFF
:1019F000044648B103A801F016FC2046F6F7AAF801
:101A00000446204620B070BD259B324600932888AE
:101A1000249B03A9FFF749FF044603A801F003FC38
:101A2000EFE700BF5158090C2DE9F0439946002318
:101A300087B00593008805ABDDF84080DDE90E76C0
:101A4000FFF700FF059D044670BB314648460DF187
:101A50001302FFF7BBFE044630BB284600F06FFCC4
:101A6000119B984248D8274B29F0FF029A4225D172
:101A700022462146284600F04CFC044680B9024626
:101A8000CDE9017828469DF813301F49009601F0F2
:101A90009FFA044620B9284600F051FC129B1860BA
:101AA0002046F6F757F80446284601F0BCFB2846C6
:101AB000F5F776FA204607B0BDE8F083134B29F41A
:101AC000875929F01F09994519D1012128469DF808
:101AD000132000F01EFC04460028E1D14FF0FF3334
:101AE0000246CDE9017308490346CDF80C8028462B
:101AF000009601F0F5F9CCE76FF08904D4E76FF0B8
:101B00008604D1E7000200065158090C00030006C4
:101B10002DE9F0479946002386B00593008805AB70
:101B2000DDF84080DDE90E76FFF78CFE059D04466A
:101B300078B9314648460DF11302FFF747FE0446D7
:101B400038B9284600F0FBFB119B98420BD06FF090
:101B50009404284601F067FB2846F5F721FA204651
:101B600006B0BDE8F087264B29F0FF0A9A4518D148
:101B700022462146284600F0CCFB044648B93B46A5
:101B8000324628469DF81310CDF8008001F027FB5F
:101B9000044614F1960FDAD02046F5F7DBFF044631
:101BA000D7E7184B29F4875929F01F09994524D103
:101BB0009DF8139001214A46284600F0AAFB0446EE
:101BC0000028E6D1104B9A4514D0284600F0B7FB08
:101BD0000238801B03D4B042A8BF304604463B46BF
:101BE000324649462846CDE90148CDF8009001F03B
:101BF00016FACDE74FF0FF34F1E76FF08604A8E75F
:101C00000002000600030006001300062DE9F04361
:101C10001E4644F20103008887B020F440549C42E1
:101C2000DDF84890DDE90E874BD10023059305AB25
:101C3000FFF708FE059D0446C8B9284600F07FFB63
:101C4000139B984237D8204B9E421AD13B462246DE
:101C50002846CDE900891D4900F0BAFFF5F77AFF63
:101C6000044620B9284600F06AFB149B18602846F9
:101C700001F0D9FA2846F5F793F9204607B0BDE8F8
:101C8000F083134B26F0FF029A4217D129463046C3
:101C9000FFF780FDF5F75EFF04460028E7D1119BB2
:101CA000024600932846CDE90289109B0749019717
:101CB00000F0C8FED2E76FF08904D8E76FF0860421
:101CC000D5E76FF08504D8E7000200075158090CEA
:101CD000000300072DE9F0471D4647F201030024E9
:101CE00088B00088169E9842109F3460DDE9148900
:101CF00044D107AB0794FFF7A5FDDDF81CA004460F
:101D0000A0B9504600F01BFB119B984233D11D4BEC
:101D10009D4215D1334622465046CDE901891A49E4
:101D2000009701F0BBF8F5F715FF0446504601F0A7
:101D30007AFA5046F5F734F9204608B0BDE8F08746
:101D4000124B25F0FF029A4215D151462846FFF763
:101D500021FDF5F7FFFE04460028E7D1139B02465C
:101D600000935046CDE90389CDE90167129B0649EE
:101D700000F049FFD7E76FF08604D7E76FF08504DE
:101D8000DAE700BF000200075158090C0003000702
:101D90000138082818D8DFE800F01A0509171717C6
:101DA0000C0F14004FF4C073122008E040F2092316
:101DB000FAE7FF23412002E04FF4807317200B6005
:101DC00070474FF4E073F5E700231846F7E74FF448
:101DD0008073E9E7172817D041280DD0122819D1B0
:101DE000B1F5C07F18D040F20923994216D0A1F571
:101DF0008072504250417047FF2911D0B1F5E07F09
:101E000014BF002009207047A1F580735842584143
:101E1000C0007047002070470220704703207047C1
:101E20000720704743421843C017704708B503F0B6
:101E300093F9BDE8084003F053BA2DE9F04794B098
:101E4000054601A80E469046994603F091F99DF883
:101E5000700003F081F90746002854D001A803F070
:101E600087F90022394601A803F0ABF9044670B99E
:101E7000384603F035FA40222146074604A8F4F715
:101E8000C5FA042221466846F4F7C0FA56B904A8F8
:101E90004021F5F79BF801A803F06EF9204614B035
:101EA000BDE8F087BE4201A8B24628BFBA4603F09B
:101EB000B4F930BB4A46414601A803F0C8F900BB5B
:101EC000042269460DEB020003F0C1F9C8B904A968
:101ED00001A803F0D0F9A0B904AA05EB0A018D42CC
:101EE00007D19DF80330A6EB0A0601338DF80330C5
:101EF000CCE715F8010B12F8013B434005F8013C13
:101F0000EDE70446C3E76FF08604C7E72DE9F04329
:101F10004FF0000987B007469DF83C0088461546FB
:101F20001E46CDE9019903F017F9044678B303A8DA
:101F300003F01EF921464A4603A803F042F904467D
:101F4000F0B903A803F069F90446C8B9082201A949
:101F500003A803F07CF9044690B94246394603A829
:101F600003F075F9044658B93246294603A803F030
:101F70006EF9044620B90E9903A803F07CF90446D3
:101F800003A803F0F9F8204607B0BDE8F0836FF02E
:101F90008604F8E72DE9F74F1E4600230D469146CB
:101FA0000746CDE90033DDF8308000283BD0FFF74D
:101FB0003DFF0446002866D06A46384601A903F072
:101FC00033FC00285FD1AC425DD1009C2C4404F16D
:101FD00008037F2B57D804F10A0305F10A02934244
:101FE00051D3B3424FD8341B0A3C0A2C4BD9C246BA
:101FF0004FF0000B01230AF802BB033C2246FF21ED
:10200000504688F80130F4F701FA0AEB04000AF8A8
:1020100004B067B92A4649460130F2F7B3F9002007
:1020200003B0BDE8F08F8E422DD3741ADDE7009A1D
:10203000EFB2D3B203F10801394430248170191D85
:10204000017106214470C470C41D417183710199EE
:102050002046F2F797F90521009AA318A15404220B
:102060009C189A70204683F801B0DF702A464946D2
:10207000F2F788F92C4408EB0603A342CFD031468F
:102080004046F4F7A3FF6FF08600C9E738B5154660
:10209000FAF7D7FE044638B901462846F9F76AFD33
:1020A000002808BF6FF08604204638BD70B504468E
:1020B00016461D46F9F74DFED8B92146204605F1D2
:1020C0003C02F9F77AFEA0B92146204605F11C0230
:1020D000FAF708F968B92146204605F12402F9F714
:1020E0006CFE30B9324621462046BDE87040F9F713
:1020F0002DBE70BDF8B5054655F8047B044628464C
:102100000E46F9F756FC874216D12368B3F5806F67
:1021100012D800212846F9F72DFD00280CDD0021FA
:102120002846F9F7F6FB38B14EB9002104F10C004E
:10213000F9F720FD00281FDC6FF086001EE004F197
:102140001C0500212846F9F715FD0028F4DD0021C3
:102150002846F9F7DEFB0028EED004F12405002123
:102160002846F9F707FD0028E6DD00212846F9F7A3
:10217000D0FB0028D9D1DFE70EB90020F8BD00213F
:1021800004F12C00F9F7F6FC0028D5DD002104F15C
:102190003400F9F7EFFC0028CEDD002104F13C000B
:1021A000F9F7E8FC0028E8DCC6E72DE9F74F16460A
:1021B000804600F13C0230460F46FAF7FBFD051E53
:1021C00060DB3946304608F13402FAF7F3FD041EAD
:1021D0005CDB3946304608F12C02FAF7EBFDB0F132
:1021E000000B55DB3946304608F12402FAF7E2FDD0
:1021F000B0F1000A4EDB3946304608F11C02FAF70E
:10220000D9FDB0F1000947DB3946304608F1140228
:10221000FAF7D0FD031E009340DB3946304608F143
:102220000C02FAF7C7FD031E019339DB08F1040223
:1022300039463046FAF7BEFDB0F1000832DB002225
:102240003946304603F03AFA00282DDB2C445C4432
:10225000009B54444C4423441C46019B3946234470
:102260001C46444404442246304603F0B4F9051E9B
:1022700008DB30223946304603F0D1F9002813DB61
:102280002C440519284603B0BDE8F08F2546F9E730
:102290005D46F7E75546F5E74D46F3E7009DF1E764
:1022A000019DEFE74546EDE70546EBE7F8B5164635
:1022B000054600F10C0230460F46FAF77BFD041E7E
:1022C00017DB2A1D39463046FAF774FD051E12DB6E
:1022D00025442A463946304603F07DF9041E08DBC2
:1022E00030223946304603F09AF9002805DB2C44A9
:1022F00004442046F8BD2C46FBE70446F9E710B538
:10230000742200210446F4F781F80023C4E91B334A
:1023100010BD012970B505460E46144602D96FF06E
:10232000950070BD03D00020C5E91B64F9E7002AC1
:10233000F9D0104602F010FF0028F4D1EFE7006852
:102340007047000070B500210446FFF7D3FE054634
:1023500010B10E4D284670BD261D3046F9F725FBFD
:102360007F28F6D90C3429462046F9F7D2FA0028FE
:10237000EFD02046F9F719FB0128EAD9314620466B
:10238000F9F7B0FB0028E5DBE3E700BF00BEFFFF85
:102390002DE9F3418046061D304608F10C078D18E3
:1023A0000091F9F775F93846F9F772F930232946A3
:1023B000684601AA03F0C0F8044630B9DDE90032EE
:1023C00013449D420BD06FF086043046F9F765F94F
:1023D0003846F9F762F9204602B0BDE8F0810223E1
:1023E0002946684601AA03F0A7F804460028ECD164
:1023F000DDE900123046F9F7FAFA0028E3D1304659
:10240000F9F7D7FADDE900321344C8F80000009369
:1024100029460223684601AA03F08EF804460028E4
:10242000D3D1DDE900123846F9F7E1FA0028CAD124
:10243000DDE90032404613440093FFF783FF044672
:102440000028C0D1009BAB42C5D06FF06504BCE74B
:10245000F0B585B00446FFF775FF20B9012120468D
:10246000FFF748FE10B1134805B0F0BD04F10C03AE
:1024700004F11C0504F1240604F11407CDE9010060
:10248000009332463B462946201D01F0CFF8002834
:10249000E9D104F13C03019304F1340300933A467B
:1024A0003146284604F12C0301F0A4F90028DBD0C2
:1024B000D9E700BF00BEFFFFF0B50C4685B0002194
:1024C00005461646FFF716FE58BB02A8F9F7E0F8D6
:1024D00021462A6802A8F9F78AFA0446C0B92C1DD9
:1024E000214602A8F9F7FEFA002817DA2A4602A9BF
:1024F0004435234652F80C7B08460095FAF767F8F6
:10250000044628B93A46314602A8F9F78EFA04463D
:1025100002A8F9F7C2F8204605B0F0BD6FF08604B6
:10252000F6E76FF08604F6E72DE9F047054690469A
:102530001C460F46A2B029B96FF08604204622B08F
:10254000BDE8F0870121FFF7D5FD0028F4D104A8EC
:10255000F9F79EF806A8F9F79BF808A8F9F798F894
:102560000AA8F9F795F810A8F9F792F812A8F9F760
:102570008FF80CA8F9F78CF80EA8F9F789F814A8C9
:10258000F9F786F816A8F9F783F821462A6804A80F
:10259000F9F72DFA0446002840F01C812E1D314623
:1025A00004A8F9F79FFA002880F2A6816B6E05F166
:1025B0005C09002B00F02D814A4649464846F9F750
:1025C000FCFB0446002840F0058132464946484657
:1025D000F9F788FE0446002840F0FC8005F1640904
:1025E0004A4649464846F9F7E8FB0446002840F0C9
:1025F000F180324649464846F9F774FE0446002801
:1026000040F0E88004A9084605F15C02F9F7D5FB23
:102610000446002840F0DE8004A932460846F9F757
:1026200061FE0446002840F0D58004A914A8F9F7FB
:1026300009F90446002840F0CD8005F11C0A01226A
:10264000514606A8F9F7A1FB0446002840F0C280D5
:1026500005F124090122494608A8F9F796FB04462A
:10266000002840F0B78043463A461C210AA8FAF7F2
:10267000EAF80446002840F0AD800AAA06A910A88E
:10268000F9F79BFB0446002840F0A48010A90846F7
:1026900005F12C02F9F75AFB0446002840F09A8015
:1026A00043463A461C210AA8FAF7CDF8044600280A
:1026B00040F090800AAA08A912A8F9F77EFB044608
:1026C000002840F0878012A9084605F13402F9F786
:1026D0003DFB044600287DD105F14C03009310AA70
:1026E000534604A90CA8F9F769FF0446002871D1E4
:1026F00005F15403009312AA4B4604A90EA8F9F75A
:102700005DFF0446002865D12B460EAA0CA904A83B
:10271000FFF7CCFC044600285CD105F1440300938C
:1027200005F10C02334604A916A8F9F747FF044641
:1027300000284FD114A916A8F9F7D4F9002840F0C1
:10274000DE806868FAF76CFE80461EA86F89F8F78D
:102750009FFF20A8F8F79CFF31461EA8FAF789FFD3
:10276000044650BB7900013120A8F8F7A4FF0446C5
:1027700018BB394604A8F8F79EFF0446E8B9394665
:1027800005F16400F8F797FF0446B0B9209B04995F
:1027900002931E9B0846CDE900833B466A68FBF71F
:1027A0003FF8209B0197CDE902836B680499009361
:1027B00008463B466A6EFAF747FE1EA8F8F76DFF1B
:1027C00020A8F8F76AFF2CB92A682A9904A8F9F713
:1027D0002CF9044606A8F8F760FF08A8F8F75DFF93
:1027E0000AA8F8F75AFF10A8F8F757FF12A8F8F749
:1027F00054FF04A8F8F751FF0CA8F8F74EFF0EA8F5
:10280000F8F74BFF16A8F8F748FF14A8F8F745FFAC
:1028100094E618A8F8F73CFF1AA8F8F739FF1CA8A7
:10282000F8F736FF1EA8F8F733FF05F11C0A20A8B9
:10283000F8F72EFF3B4652460121CDF8008018A83C
:10284000FAF7F7F8044668B9534618AA1CA920A855
:10285000F9F7C7FE044628B9012120A8F9F78AF93B
:10286000E0B1284C18A8F8F718FF1AA8F8F715FFD8
:102870001CA8F8F712FF1EA8F8F70FFF20A8F8F71A
:102880000CFF002CA6D105F14403009349463346C2
:10289000484605F10C02F9F791FEAFE605F1240A6E
:1028A0003B4652460121CDF800801AA8FAF7C1F83C
:1028B00004460028D6D153461AAA1EA920A8F9F723
:1028C00090FE04460028CDD1012120A8F9F752F945
:1028D0000028C6D12B461AAA18A905F16400FFF7F3
:1028E000E5FB04460028BDD12B4648461EAA1CA97C
:1028F000FFF7DCFB0446B5E76FF086046AE76FF08C
:10290000940467E780BBFFFF2DE9F04F89B0CDE964
:102910000312DDE91496DDE912B280461D460592E8
:1029200013B9BBF1000F06D0059B23B96FF08600E9
:1029300009B0BDE8F08F039B002BF7D0D8F80070EA
:10294000002D6BD198F87030002B18BF1D4628461B
:10295000FFF76CFA04460028E8D0B9F1FF3F65D1D3
:10296000B7EB400F4FEA4003E0D30233BB4267D9D5
:10297000BB1EA3EB00093A4600213046F3F746FDA3
:1029800008F1040318460693F9F70FF806900120A2
:102990003B1B9A1EA2EB0902B118B05401314A4602
:1029A000DDE90330079198470028C1D107994B46CC
:1029B00001EB090A0A46CDE900A559460598FFF73B
:1029C000A5FA0028B4D1069B5246581E00F0070015
:1029D000B0FA80F03B1B4009591E091A23460095A6
:1029E0003044FFF72AFA0028A2D108F10400F8F7D2
:1029F000DCFFFF23C0EBC7003278013003411340F6
:102A00003370BC23DDE903120AF804304046334634
:102A1000129609B0BDE8F04FFFF786BD2846FFF7D4
:102A200005FA002882D083458CD07FE7B9F1000FEA
:102A3000FFF67CAF09F102020244BA429BD975E766
:102A4000814698E72DE9F04F87B0CDE90223109B2E
:102A5000064604938A46DDE91183DDF84C90059320
:102A600021B96FF0860007B0BDE8F08F90F87000D4
:102A7000FFF7DCF904460028F3D008F1020303EB6A
:102A80004003434535684FEA400BEAD3AB42E8D8F0
:102A90002A4600214846F3F7B9FC4F46002307F8C1
:102AA000013B224639460298D0470028DBD196F8F0
:102AB000700007EB040A02F04FFB0028D1D0DDE9DB
:102AC0000312534602F0EBFB0028CCD10122A5EB08
:102AD0000803023B2344A3EB0B030AEB03000AF8B1
:102AE0000320B8F1000F04D0424605990130F1F7F8
:102AF00049FC96F8703004F10108013DC8442D1BD3
:102B000000933A46234629464046FFF796F90028A7
:102B1000A9D196F870304246009321462B4638469C
:102B2000FFF78BF900289ED14A464946304607B048
:102B3000BDE8F04FFFF7C0BC2DE9F74F1E460C9BD8
:102B400016F10C0F8046894692460D9F046801934A
:102B500004D96FF0860003B0BDE8F08F06F10B03D7
:102B6000A342F6D800233B700029F2D00223A41B15
:102B7000013CBD1C7B703C44A5420FD100232B704F
:102B800026B132460199681CF1F7FCFB3A463946FA
:102B9000404603B0BDE8F04FFFF78EBC4FF0640B2A
:102BA000012229465046C8472A7852B9BBF1010B89
:102BB00004D1064B002808BF1846CCE70028EFD008
:102BC000C9E70028C7D10135D6E700BF80BBFFFFAA
:102BD000F0B5C76E85B0DDE90A562FB1012F0AD0D6
:102BE0006FF0950005B0F0BDCDE90A5605B0BDE81F
:102BF000F040FFF7A1BF01930023CDE902560093F7
:102C0000FFF720FFEEE72DE9F04FADF2544D0393AF
:102C1000C36E0746012B0C46914606D06FF0860B1B
:102C200058460DF2544DBDE8F08F0568A5F110032C
:102C3000B3F57C7FF2D890F87000FFF7F7F80646FE
:102C40000028EBD000F101084FEA4803B5EB480F2C
:102C50000293E3D30DF1500A4A4621463846DDF887
:102C60008034CDF800A0FFF75FFC8346002860D1D8
:102C700097F8703005F1FF39D044A9EB06090DF142
:102C80005104009342464B4631462046FFF7D5F8A3
:102C9000834600284DD197F870302246009349466C
:102CA00033464046FFF7C9F88346002841D197F8DC
:102CB000700002F051FA002852D0DDF87824039910
:102CC00004AB02F0ECFA834698BB9DF85000FFF786
:102CD000A9F8344407463246214604A802F0F1FC24
:102CE000FFF7A0F8344440EA07024FF0FF36A04651
:102CF0005F46D946029BE91A2144884523D1E05D0D
:102D0000E11901246040FFF78DF80024024394424A
:102D100029D1013114AADDF888048A1AAA1A82423C
:102D200024D8DDF87C0402601AB1DDF88404F1F7E0
:102D300029FB14A84FF48061F4F748F9402104A856
:102D4000F4F744F96CE718F8010BCC4680EA0C0064
:102D5000FFF768F826EA000606F001000744CCE712
:102D60006FF0860BE5E76FF0950BE2E76FF0890BEC
:102D7000DFE72DE9F04F9946C36E0668ADF2144DBA
:102D8000002B40F08880A6F11003B3F57C7F00F2A1
:102D900082800DF11008DDF83834CDF80080FFF79F
:102DA000C3FB044600286CD1DDF84074A6F10B0289
:102DB000974298F8000028BF1746FFF733F898F8B5
:102DC00001300146022528465840FFF72BF841EA1A
:102DD00000030393A346A24618F80500D44680EAF0
:102DE0000C00FFF71FF86BEA000B6FEA0B000135D0
:102DF00000F0010CAE426444EED12346082593EA6C
:102E000005015B1B8B430D402B43DB170399341BE0
:102E10000843184301463B46033C0B40C94321404D
:102E200019438B463D460B4695EA0301ED1A8D4347
:102E30000B401D43ED179623044605F08A012340FD
:102E4000E4430C401C430DF11B01284302F0C2FC7B
:102E500064423B465A462B40ED4315401D43F61B4A
:102E60004644394630467A1B02F045FCDDF84034D2
:102E70002BB13A463146DDF83C04F1F783FAC9F844
:102E800000504FF480614046F4F7A0F820460DF260
:102E9000144DBDE8F08F6FF08604F7E7F0B5D0F879
:102EA0006CC087B00E9FDDE90C56BCF1000F06D058
:102EB000BCF1010F0BD06FF0950007B0F0BDCDE96C
:102EC0000D670C9507B0BDE8F040FFF752BFCDE9A4
:102ED00001350023CDE903670093FFF794FEECE78B
:102EE000F0B49446DDE90445DDE90667C26E012AC7
:102EF0000AD1026F02B93BB1CDE90667CDE90445BD
:102F0000F0BC6246FFF700BD6FF08600F0BC704772
:102F10002DE9F743DDF8308005460C469146DDE9A2
:102F20000A12184603B931B12AB96FF08604204657
:102F300003B0BDE8F083EB6E002BF6D1CDF8008036
:102F40002B68FFF727F80028EFD101202968F4F754
:102F500021F8064640B101202968F4F71BF807461E
:102F600028B93046F4F71CF86FF08C04DFE72146EF
:102F700043464A4628460096FFF7D6FA044690B9DB
:102F80003A4631462846FFF797FA044658B9414673
:102F900038462A6802F095FB0446A0B931464046FF
:102FA0002A68F1F7EFF930462968F4F71BF838463C
:102FB0002968F4F717F8002CB9D0212140462A6877
:102FC000F3F724FAB3E7014CEDE700BF00BDFFFFC4
:102FD000F0B585B00C9EDDE90A4503B904B1DDB159
:102FE000C76E2FB1012F0BD06FF0950005B0F0BD6B
:102FF000CDE90B560A9405B0BDE8F040FFF788BF55
:10300000076F07B943B103964FF0FF360094CDE93F
:103010000156FFF779FCE9E76FF08600E6E72DE956
:10302000F04F0D46ADF2544D14AE074690460021C8
:103030004FF4806230469DF878B40393F3F7E6F9D5
:1030400015B9B8F1000F07D0039B2BB96FF08600BC
:103050000DF2544DBDE8F08F3C68A4F11003B3F5B8
:103060007C7FF3D832463846DDF88014FFF724FA27
:103070000028EDD104F1FF3916F80930BC2B02D03D
:103080006FF09500E4E7002D58D15846FEF7CEFECC
:1030900005460028DAD0381DF8F787FC3278471E3D
:1030A000C4F1010307EBC3031A41CFD1780718BF5E
:1030B000A14605F1020314BF34460DF151044B45FE
:1030C000C4D8A9EB0501013904EB010A2B4652468D
:1030D0002046CDF800B0FEF7B0FE0028B8D1FF239F
:1030E0003278C7EBC9073B41134033700AF1FF3216
:1030F00014F8013B611E8A4201D9002BF8D0012B44
:10310000BED1DDF87C24AAEB0403511C01D093420C
:10311000B6D104AE224641460398CDF804B00096DD
:10312000FEF7F4FE002893D12A4631465046F3F7C5
:103130001BF9002818BF6FF0940089E72846FEF7B6
:1031400075FE002882D080459FD07FE72DE9F347A8
:10315000044691469A46884601B912B1BAF1000F69
:1031600037D0266801203146F3F714FF074698B39D
:1031700031460120F3F70EFF054620B30090334699
:10318000524649464046FEF705FFF8B920463A4602
:103190000A99FFF791F9044640B932462946384664
:1031A00002F08FFA041E18BF6FF0940431463846BF
:1031B000F3F718FF1DB131462846F3F713FF2046F9
:1031C00002B0BDE8F0876FF08C04EFE76FF0860483
:1031D000ECE76FF08604F2E76FF08C04EFE730B5B0
:1031E00085B0089D01B902B1D3B1C46E2CB1012CD8
:1031F00009D06FF0950005B030BD089505B0BDE869
:103200003040FFF7A3BF046F44B1E4B202954FF022
:10321000FF35CDE90045FFF702FFECE70C46F5E787
:103220006FF08600E7E710B5044698B35C30F8F716
:1032300034FA04F16400F8F730FA04F14400F8F7C6
:103240002CFA04F11400F8F728FA04F12400F8F736
:1032500024FA04F11C00F8F720FA04F10C00F8F746
:103260001CFA201DF8F719FA04F15400F8F715FAC2
:1032700004F14C00F8F711FA04F13C00F8F70DFAEC
:1032800004F13400F8F709FA04F12C00BDE810400D
:10329000F8F703BA10BD0000F0B58D1885B00391A2
:1032A00006463023294602AA03A802F045F904463F
:1032B00030B9DDE9022313449D4204D06FF0860447
:1032C000204605B0F0BD294601AA03A802F07FF907
:1032D00004460028F4D1019B002BEFD1371D3A465C
:1032E000294603A8FEF7D2FE044600284BD13846F3
:1032F000F8F75FFB3246294642F80C0B03A8FEF7AD
:10330000C5FE044600283ED1294606F1140203A852
:10331000FEF7BCFE0446B0BB294606F11C0203A81A
:10332000FEF7B4FE044670BB294606F1240203A84A
:10333000FEF7ACFE044630BB294606F12C0203A87A
:10334000FEF7A4FE0446F0B9294606F1340203A8AC
:10335000FEF79CFE0446B0B9294606F13C0203A8DC
:10336000FEF794FE044670B93368DB00B3F5805F66
:103370000DD83046FFF76CF8044658B9039BAB42B2
:103380009ED06FF065043046FFF74DFF98E76FF071
:103390008504F8E7004CF6E700BEFFFF2DE9F04F8B
:1033A00089B0129E044606A8884691461D46F8F745
:1033B0006FF9022E40F39080EB0700F18D80B5F598
:1033C000806FC0F0898004F10C03184631460493E5
:1033D000F8F783FA0346002870D1B5F5806318BF6B
:1033E00001234FEA550B5B000393ABF16303059395
:1033F00004F11C0604F12407434659463046039A5B
:10340000CDF80090F9F7DEFB0346002856D143467D
:1034100059463846039ACDF80090F9F7D3FB034696
:1034200000284BD13A46314606A8F8F792FC0346ED
:10343000002843D106A8F8F7B8FA059B9842DBD9D3
:10344000BDF91C30002B03DA39463046F8F731FA63
:1034500004F1140A534639463046049A00F042F803
:1034600010F10E0F0346C7D040BB5046F8F79DFA47
:103470006B1CB0EB530FBFD9251D3A463146284689
:10348000F8F79BFC0346C8B92846F8F792FA23469A
:1034900004F13C0243F82C0B019204F13402009237
:1034A00039465246304600F07CF8034630B9204693
:1034B000FEF7CEFF0A4A031E18BF134606A8039361
:1034C000F8F7EBF8039B1BB12046FFF7ACFE039B1C
:1034D000184609B0BDE8F08F6FF08603EEE700BF35
:1034E00000BEFFFF2DE9FF410446884616461D46F3
:1034F0002BB96FF08604204604B0BDE8F0810121AD
:10350000F8F738FB0028F4DD01214046F8F732FBDC
:103510000028EEDD00213046F8F72CFB0028E8D02B
:1035200000213046F8F7F5F90128074636D16846FC
:10353000F8F7AEF802A8F8F7ABF821463A46684625
:10354000F8F723FC044610BB3A46414602A8F8F7B8
:103550001CFC0446D8B96946284602AAF9F7E0F8E7
:103560000446A0B96946684602AAF8F726FC044654
:1035700068B901462B466A466846F8F7BDFC044622
:1035800028B96A4631462846F9F7A4FA044668463F
:10359000F8F783F802A8F8F780F8ACE76FF00D04AD
:1035A000A9E72DE9F3479A46DDE90A9806466846F9
:1035B0000D461746F8F76CF8BAF1000F07D1B9F1CC
:1035C000000F1AD1B8F1000F28D144460EE00122B5
:1035D00031466846F8F7D9FB044638B96A46394699
:1035E0005046F8F77FFE04460028E8D06846F8F712
:1035F00054F8204602B0BDE8F0870122294668460B
:10360000F8F7C3FB04460028F0D16A46394648461D
:10361000F8F768FE04460028D4D0E7E7324629468A
:103620004046F9F727FA0446E0E700002DE9FF4796
:103630008146DDE90C746846884615461E46DDF86D
:1036400038A0F8F725F802A8F8F722F854B3B8F133
:10365000000F17D05346224632214046F9F785FA2B
:1036600080B1634C6846F8F718F802A8F8F715F827
:1036700024B114F5844F01D0A4F58444204604B04D
:10368000BDE8F08755B15346224632212846F9F766
:103690006CFA0028E5D1B8F1000F08D1B9F1000F9C
:1036A00020D120E0B8F1000FF8D0002DF6D0B9F10C
:1036B000000F03D1002E37D10024D3E72A4641461C
:1036C0006846F8F77AFB04460028CBD1012148462A
:1036D000F8F750FA0028C4DD49466846F8F702FAC0
:1036E0000028BED12EB9B8F1000FE5D0002DE3D0EF
:1036F000E0E7002FF7D001213046F8F73BFA002829
:10370000AFDD01213846F8F735FA0028A9DD494632
:103710003046F8F7E7F90028A3DA49463846F8F7C3
:10372000E1F90028DFDB9CE7002FC5D001214046EE
:10373000F8F720FA002894DD01212846F8F71AFA54
:1037400000288EDD3A4631466846F8F736FB0446D7
:10375000002887D1012269466846F8F716FB04461F
:1037600000287FF47FAF0122414602A8F8F70DFB45
:10377000044600287FF476AF6946684602AAF8F747
:10378000B1FD044600287FF46DAF01466846F8F7A6
:10379000F1F900287FF465AF3A4631466846F8F7FC
:1037A0000CFB044600287FF45DAF012269466846A1
:1037B000F8F7EBFA044600287FF454AF01222946BB
:1037C00002A8F8F7E2FA044600287FF44BAF6946F6
:1037D000684602AAF8F786FD044600287FF442AF47
:1037E00001466846F8F7C6F900283FF465AF38E7A8
:1037F00000BEFFFF2DE9F043994685B00446DDE9A0
:103800000C8668460D461746F7F742FF02A8F7F701
:103810003FFFB9F1000F06D1B8F1000F2DD1002EF6
:1038200046D1002402E05CB96FF086046846F7F7E1
:1038300034FF02A8F7F731FF204605B0BDE8F0835A
:10384000012221466846F8F7A0FA00284DD13A46F1
:10385000494602A8F8F77DFA002846D102A96A462F
:103860000846F8F73FFD00283FD1014602A8F8F7C7
:1038700081F90028D0D0214CD8E7002DD4D00122E6
:1038800029466846F8F781FA78BB3A46414602A8CD
:10389000F8F75FFA48BB02A96A460846F8F722FD26
:1038A00018BB014602A8F8F765F90028B7D0E2E78F
:1038B000002CB9D0002DB7D02A4631466846F8F71B
:1038C0007CFA90B9012269466846F8F75EFA60B959
:1038D000224669466846F8F705FD30B90146684654
:1038E000F8F748F900289CD0C5E710F5844FC2D0FE
:1038F00010F1870F98D0A0F5844497E700BEFFFF32
:103900002DE9F04F0D46D5B000F1440304934BABC5
:10391000059300F164030693DDE9043253F8041FB4
:1039200042F8041F06999942F8D100240BAE09AF62
:10393000291904223846F0F725FD3B6804341BBAE8
:10394000402C46F8043FF3D197490DF1280A55461B
:10395000DDE951EBDDE94C76DDE94E328C46DDF8F0
:103960004C81DDF840910091A868DCF800104FEA26
:10397000F92484EAB91401448BEA0E0084EA7964DC
:1039800000EA090080EA0B002144014441444FEA67
:10399000773888EAB70888EAB7580A44884447EA7B
:1039A000060107EA0600194001438844E868DCF88C
:1039B00004104FEA7834014489EA0E00104080EA8E
:1039C0000E00594401444FEAF22080EAB21080EA26
:1039D000726084EAB804014484EAB8540B440C448D
:1039E00048EA070108EA0700314001430C4428690E
:1039F000DCF808102035014482EA0900184080EA0A
:103A00000900714401444FEAF32080EAB31080EAD0
:103A1000736001444FEA743080EAB40080EAB45025
:103A200001EB060E084448EA040108EA040639409E
:103A30003143084455F80C6CDCF80C100CF1200CE8
:103A40000E444E4482EA030909EA0E094FEAFE21B8
:103A500089EA020981EABE1181EA7E614E440E4480
:103A60004FEA703181EAB00181EAB05106EB0709F3
:103A7000314444EA000604EA000706EA08063E4329
:103A8000314455F8087C5CF8106C3E44164483EAD7
:103A90000E0202EA09025A4016444FEAF92282EA6B
:103AA000B91282EA796216444FEA713282EAB102AF
:103AB00082EAB152B044324440EA010600EA01070A
:103AC00026403E43324455F8047C5CF80C6C3E447E
:103AD0001E448EEA090303EA080383EA0E031E4428
:103AE0004FEAF82383EAB81383EA78631E444FEA67
:103AF000723383EAB20304EB060B83EAB25341EA62
:103B000002043344044001EA0206344323442E688D
:103B10005CF8084C344489EA080606EA0B0686EA93
:103B20000906744434444FEAFB2686EABB1686EA4B
:103B30007B66344400EB040E4FEA733080EAB30036
:103B400080EAB350204442EA03040C4002EA030630
:103B5000344306196C685CF8040C204488EA0B04B2
:103B600004EA0E04484484EA080420444FEAFE2490
:103B700084EABE1484EA7E64204401EB00094FEA23
:103B8000763181EAB60181EAB651014443EA060082
:103B9000104003EA060420430F181AA9A9427FF433
:103BA000E3AE3AA9079101E0C499090CDAF8401094
:103BB000DAF80C404FEAF14585EA7145DAF8080079
:103BC00085EA9125DAF82C100AF1200A01444FEA1F
:103BD000B44080EAF41080EAD40029440144029100
:103BE0008BEA0E004FEAF92181EAB91100EA0900D7
:103BF00081EA796180EA0B000844009907EA06052A
:103C0000096C084402990844404402440192CAF8ED
:103C1000281047EA06024FEA773181EAB7011A40D5
:103C20002A4381EAB7511144DAF8242001444FEACB
:103C3000F24585EA72455AF8100C85EA9225DAF8C1
:103C4000102014444FEAB04282EAF01282EAD00215
:103C50002C441444019A89EA0E051540009A85EA1D
:103C60000E05526CCAF82C405A44224405EB020C53
:103C7000019A019D4FEAF22282EAB51282EA756248
:103C8000624403EB020B47EA01054FEA713307EA8E
:103C9000010C83EAB103354045EA0C0583EAB153D0
:103CA0002B441344029A5AF80CCC4FEAF24585EAA9
:103CB000724585EA9225DAF8142000EB02084FEAF3
:103CC000BC4282EAFC1282EADC02A8449044019AD7
:103CD0004FEA733589EA0200009A00EA0B00926C01
:103CE00080EA09007244424410444FEAFB2282EA0F
:103CF000BB1282EA7B62024441EA030006EB020E39
:103D000085EAB30501EA03063840304385EAB35536
:103D1000054415445AF8086CDAF818204FEAF440C4
:103D200080EA744080EA94200CEB02044FEAB64229
:103D300082EAF61282EAD60204441444019A03EAA3
:103D4000050C82EA0B0000EA0E005040009ACAF807
:103D50003080D26CCAF834404A44224410444FEABE
:103D6000FE2282EABE1282EA7E62024407EB020968
:103D70004FEA753043EA050780EAB5000F4047EA8D
:103D80000C0780EAB550384410445AF8047CDAF83D
:103D90001C204FEAF84C8CEA784C16444FEAB742A4
:103DA0008CEA982C82EAF712664482EAD702B218AB
:103DB0000392009A039E126D8BEA0E0C3244019E10
:103DC0000CEA090C8CEA0B0C324462444FEAF92CE1
:103DD0008CEAB91C8CEA796C9444039E01EB0C08C4
:103DE0004FEA703245EA0001CAF8386082EAB00250
:103DF00005EA00061940314382EAB0520A444FEA0C
:103E0000F44181EA744181EA9421DAF82040624465
:103E1000DAF800C03C440C444FEABC4181EAFC1192
:103E200081EADC010C4400998EEA0907496D07EA32
:103E300008072144594487EA0E070F444FEAF82146
:103E400081EAB81181EA7861394403EB010B40EA59
:103E500002074FEA723300EA02062F4083EAB203F8
:103E6000374383EAB2533B440B440399039E4FEA22
:103E7000F14181EA764181EA9621DAF82460DAF8A4
:103E80000470664431444FEAB74686EAF71686EA7C
:103E9000D7063144019189EA0806009906EA0B0623
:103EA00086EA090C896D019ECAF83C403144714490
:103EB0000CEB0106019902EA030CCAF840104FEA24
:103EC000FB2181EABB1181EA7B61314405EB010EE4
:103ED00042EA03064FEA7335064085EAB30546EA2F
:103EE0000C0685EAB35535446E18DAF80810029DC1
:103EF0004FEAF44C3D444FEAB14787EAF11787EAAD
:103F0000D1078CEA744C00998CEA942C6544C96DF5
:103F10003D4488EA0B0707EA0E072944494487EA2B
:103F200008070F444FEAFE2181EABE1181EA7E6153
:103F3000394443EA060703EA0609174047EA090736
:103F400000EB010900984FEA763C20308CEAB60C71
:103F5000009007988CEAB65CCAF84450BC445045BF
:103F600001EB0C077FF422AE0AA8C0F81031C0E9BB
:103F7000001C019BC0F82481C0F80031C0F8142156
:103F8000C0F8FC40C0F820B1C0F81CE1C0F80C61DA
:103F9000C0F80451C0F81891C0F80871049A059946
:103FA00052F8043F049251F8042F1344049A0591E7
:103FB0001360069B9342F1D14FF49471F3F706F826
:103FC00055B0BDE8F08F00BF6C220021F2F71EBA99
:103FD00010B16C21F2F7FABF704708B56C22F0F708
:103FE000D1F908BD01292DE9F04126D8C9B1DFF882
:103FF0007880DFF878E0DFF878C0114F114E124D6D
:10400000124C134A0023C0E9128EC0E91033C0E9F4
:1040100014C7C0E91665C0E9184281661846BDE8B4
:10402000F081DFF85080DFF850E0DFF850C0094F32
:10403000094E0A4D0A4C0B4AE4E76FF08600EEE7A2
:1040400039590EF7310BC0FF11155868A78FF96465
:10405000A44FFABE3AF54FA57F520E518C68059BCE
:10406000ABD9831F19CDE05BD89E05C107D57C363F
:1040700017DD703067E6096A85AE67BB72F36E3C88
:104080002DE9F04105460E46144612B3036C03F0C9
:104090003F079B18036422BF436C013343647FB125
:1040A000C7F1400842450FD342463844F0F76AF959
:1040B00029462846FFF724FC27444644A7F140043C
:1040C0003F2C09D82CB1002722463146E819F0F7D9
:1040D00059F90020BDE8F081374606EB040839465F
:1040E00028464037FFF70CFCA8EB07033F2BF6D818
:1040F000A4F1400323F03F0340331E44E41ADFE7FA
:1041000073B50D468021036C044603F03F035A1C2F
:10411000382AC154104476D80021C2F13802F2F78F
:1041200075F9D4E91062730F43EAC20304221BBA83
:104130000DEB020104F138000193F0F723F904229A
:10414000F6000DEB020136BA04F13C000196F0F7DF
:1041500019F921462046FFF7D3FB0422A36C0DEB8F
:1041600002011BBA28460193F0F70CF90422E36C14
:104170000DEB02011BBAA8180193F0F703F9042212
:10418000236D0DEB02011BBA05F108000193F0F756
:10419000F9F80422636D0DEB02011BBA05F10C0066
:1041A0000193F0F7EFF80422A36D0DEB02011BBAA7
:1041B00005F110000193F0F7E5F80422E36D0DEB33
:1041C00002011BBA05F114000193F0F7DBF8042299
:1041D000236E0DEB02011BBA05F118000193F0F7F5
:1041E000D1F8A36E4BB90422636E0DEB02011BBA2A
:1041F00005F11C000193F0F7C5F82046FFF7E8FE33
:10420000002002B070BDC2F140020021F2F7FEF8BA
:1042100021462046FFF774FB3822002120467EE726
:104220002DE9F047012B0746884616461D469CB0EF
:1042300039D801A8FFF7C8FE45B3DFF890A0DFF832
:104240009090DFF890E0DFF890C018481849194ABC
:10425000194B0024CDE91923CDE91701424639460F
:1042600001A8CDE915ECCDE91144CDE913A91B95C1
:10427000FFF706FF314601A8FFF742FF01A86C21B6
:10428000F2F7A4FE20461CB0BDE8F087DFF84CA092
:10429000DFF84C90DFF84CE0DFF84CC007480849E5
:1042A000084A094BD5E76FF08600ECE7310BC0FFF9
:1042B00011155868A78FF964A44FFABE7F520E51AA
:1042C0008C68059BABD9831F19CDE05BD89E05C1D7
:1042D00007D57C3617DD703039590EF767E6096A65
:1042E00085AE67BB72F36E3C3AF54FA52DE9F04FF2
:1042F0000C46ADF5477D00F108030D93B4AB0E936A
:1043000000F148030F93DDE90D32F3E90201E2E920
:1043100002010F999942F8D114AD04F1800710AE53
:104320000DF14408082221463046F0F72BF8D8F862
:104330000020336812BA08341BBA45F8082FA74288
:104340006B60EFD1102616ACA446D4E91C07D4E963
:104350000215C30CFA0C4FEAC0084FEAC70E4EEA2A
:10436000507E43EA473342EA403248EA57788009B0
:1043700082EA0E0240EA876083EA0803434082EA49
:104380009712DCE91207DCE900EC10EB0E0047EBBA
:104390000C071B1842EB070248084FEA112E6F0862
:1043A0004FEA152C47EAC1774CEA016C40EAC57028
:1043B0004EEA056EC90980EA0E0041EA45614140B6
:1043C00087EA0C075B1887EAD51006F1010642EB75
:1043D00000020834502EC4E91E32B5D1C29912AB86
:1043E0000791D3F8C412D3F8C8220891D3F8B812B1
:1043F000DFF8ACE80991D3F8BC12D3F8CCB20A913B
:10440000D3F89012D3F8ACC20191D3F89412009370
:104410000291D3F8981206920391D3F89C12D3E933
:10442000AC240491D3F8A812D3E9A8890591A00B74
:1044300040EA82464FEA923A950CA00C45EA843550
:1044400040EA82304AEA844A009B8AEA050A4640EA
:10445000D505E00545EA542540EA52208AEA050AD6
:104460004640DEE90057D3E904106D1847EB000021
:104470001AEB0505079946EB0000099E0A9F4E407E
:10448000089916404F40079927404E400899059BD0
:104490004F400699AD1940EB07006D184BEB00003B
:1044A000E918059140EB0C0106910199019B0F0F52
:1044B000029947EA01170E0F019946EA01164FEAE1
:1044C000817C02994CEA910C890741EA93014E40A4
:1044D0005906029B87EA0C0741EAD3114FEA436C65
:1044E000019B79404CEAD31C491986EA0C0640EB43
:1044F00006060398049D1843029B039F1D43019BDE
:1045000000EA080003EA070C029B049F40EA0C0043
:104510001F4005EA0905009B11EB000A45EA070563
:1045200046EB050BDEE90210D3E90656079B491955
:1045300040EB0600C918089B43EB0000099B82EA88
:1045400003060A9B84EA0305059B1E40069B1D404B
:10455000099B5E400A9B891985EA0305059B40EB90
:1045600005009D0B069B45EA83459F0B059B47EA8B
:1045700083474FEA934C069B4CEA833C9E0C059B79
:1045800085EA0C0546EA83364FEAC35C069B774012
:104590004CEA532CDE05059B85EA0C0546EA5326BA
:1045A0004D1986EA070640EB06064FEA8B714FEA83
:1045B0001B7015EB080341EA9A014FEA1A7740EAAB
:1045C0000A104FEA8A7C4CEA9B0C079347EA0B17C8
:1045D00046EB090348404FEA4A6187EA0C07089313
:1045E00041EADB11019B79404FEA4B6C4D194CEAD3
:1045F000DA1C4AEA0301029B80EA0C0046EB000643
:104600004BEA0300039B1940049B1840019B0AEAF4
:10461000030C029B41EA0C010BEA0307009B15EB1C
:10462000010840EA070046EB0009D3E90856099B58
:10463000DEE90410491940EB0600C9180A9B43EB58
:104640000000059B82EA0306069B84EA0305079B9C
:104650001E40089B56401D40079B891985EA0405AA
:1046600040EB05009D0B089B45EA83459F0B079B8C
:1046700047EA83474FEA934C089B4CEA833C9E0CE5
:10468000079B85EA0C0546EA83364FEAC35C089B24
:1046900077404CEA532CDE05079B85EA0C0546EA79
:1046A0005326039B4D1986EA070640EB06064FEAA0
:1046B00089715B194FEA1970099341EA9801049BCB
:1046C0004FEA187740EA08104FEA887C4CEA990CC8
:1046D00047EA091780EA01004FEA486143EB060305
:1046E00087EA0C0741EAD91104937940019B4FEA0C
:1046F000496C4D194CEAD81C4AEA080180EA0C00C2
:1047000001EA0301029B46EB00060AEA080C4BEAA9
:1047100009000BEA090741EA0C01184038436F18F9
:1047200046EB00030393009BDEE90616D3E90A502B
:104730004919059B46EB00008918079A44EB0000D5
:1047400083EA0204069B089A5A40099B1C40049B7A
:104750001A40059B5C40069B091982EA0302099BEB
:1047600040EB02009A0B049B42EA83429D0B099B9B
:1047700045EA83459E0C049B46EA83369C0C099BC4
:10478000724044EA8334DE05049B654046EA5326C2
:10479000DC05099B724044EA5324019B8A1884EA91
:1047A000050440EB04049B180B93029B4FEA17751A
:1047B00043EB04030C93039BBE07180F990741EAD0
:1047C000970140EA071046EA930645EA0315484078
:1047D0007906754041EAD3115E0646EAD71669406C
:1047E0008A1880EA060048EA070144EB000408EA58
:1047F000070649EA030001EA0A0109EA0305314311
:1048000000EA0B00531840EA0500019344EB000353
:104810000293009BDEE90824D3E90C01059B1218E2
:1048200044EB0101D218069B099843EB0101079B59
:1048300083EA0004089B049858400B9B1C400C9B87
:104840001840079B5C40089B121980EA03000B9BF1
:1048500041EB0001980B0C9B40EA83409D0B0B9BA6
:1048600045EA83459E0C0C9B46EA83369C0C0B9BC9
:10487000704044EA8334DE050C9B654046EA5326CB
:10488000DC050B9B704044EA5324101884EA0504AD
:1048900041EB04041AEB00030693019B4BEB040B62
:1048A0001A0F029B42EA03124FEA137C019B4CEA67
:1048B000031C9D07029B45EA93059907019B6A40EB
:1048C00041EA93018CEA010C5906029B41EAD3119B
:1048D0005D06019B514045EAD31509188CEA050C89
:1048E00044EB0C0C47EA0304DDE902231A43019B65
:1048F00004EA080407EA03002043DDE902531D40EF
:104900000B180593009B02EA0902D3E90E4042EA24
:104910000502079B4CEB020CDEE90A25121945EB58
:104920000000D218089B0B9943EB0000099B83EA17
:104930000105049B0C9983EA0104069B04EA0B041D
:104940001D40099B5D40049B521984EA0304069BA9
:1049500040EB04004FEA9B454FEA9B3445EA833520
:104960009E0B44EA83444FEA934A4AEA8B3A6C40EE
:1049700046EA8B46DD0586EA0A0645EA5B254FEAEC
:10498000CB5A4AEA532A7540521984EA0A0440EB8A
:10499000040018EB0203079349EB00030893059BFF
:1049A0004FEA1C751E0F9C074FEA8C7848EA930863
:1049B00045EA031544EA9C0446EA0C1685EA080514
:1049C00066404FEA4C685C06059948EAD31844EA09
:1049D000DC14019B6640B21843EA0106029B85EA9B
:1049E000080440EB040443EA0C00039B3E401840DB
:1049F000019B03EA0105029B354303EA0C08009B77
:104A000040EA080012EB050844EB0009D3E9104026
:104A1000099BDEE90C25121945EB0000D218049B16
:104A2000069943EB00000B9B83EA01050C9B83EA8C
:104A30000B04079B1D40089B1C400B9B5D400C9B7F
:104A4000521984EA0304079B40EB04009C0B089B6B
:104A500044EA83449E0B079B46EA83464FEA934A07
:104A6000089B4AEA833A9D0C079B84EA0A0445EABC
:104A700083354FEAC35A089B6E404AEA532ADD0544
:104A8000079B84EA0A0445EA5325141985EA0605BA
:104A900040EB05053B190993039B4FEA19704FEA58
:104AA000897243EB050342EA98024FEA187640EA1E
:104AB00008104FEA887747EA990750400A9346EA78
:104AC0000916059B4FEA48627E4042EAD9127240BD
:104AD00043EA0806019B141906EA0306029B4FEA03
:104AE00049674CEA090247EAD81702EA0302059B24
:104AF00080EA070045EB000003EA080535430CEAAD
:104B00000907631942EA0702039340EB0203049387
:104B1000009BDEE90E20D3E912450B9B121940EBF6
:104B20000506D5180C9B079A43EB0606089B81EAFD
:104B300002008BEA0302099B0EF1400E18400A9B0B
:104B400048401A40099B2D184FEA93340A9B82EA89
:104B50000B0246EB020644EA83449A0B099B42EAA5
:104B600083429F0C0A9B47EA8337980C099B7C4041
:104B700040EA83304240D8050A9B40EA5320DF05D3
:104B8000099B604047EA5327039B2D1882EA0702DE
:104B900046EB02061A0F049B42EA03121C0F039B0A
:104BA00044EA03149F07049B47EA93079807039B73
:104BB0007A4040EA93005F06049B444047EAD317DB
:104BC0005806039B7A4040EAD31048EA030A049B44
:104BD000444049EA0300059B00EA0C000AEA030A84
:104BE000039B08EA0307049B4AEA070709EA030351
:104BF0001843019BD71944EB000A5A19029B43EB57
:104C00000604EB19019346EB0A030293009B403321
:104C100000930099B2AB8B427FF409AC069B12A8BB
:104C2000C0E9B23B059BC0E9A889C0E9AA3C079B43
:104C3000C0E90056C0F8C032089BC0E9027AC0F84B
:104C4000C432099BC0E9AC24C0F8B8320A9BC0F852
:104C5000BC32039BC0F89832049BC0F89C32019B85
:104C6000C0F89032029BC0F894320D9A0E9952F817
:104C7000083F51F8084F0D920E91526849681B1970
:104C800042EB01020D990B600F9B4A608B42ECD105
:104C90004FF43471F2F79AF90DF5477DBDE8F08FC6
:104CA000C89A090CD8220021F1F7B0BB10B1D82165
:104CB000F2F78CB9704708B5D822EFF763FB08BD4F
:104CC00001292DE9F04F4AD889B30FF2D40BDBE963
:104CD00000AB0FF2D409D9E9008935A7D7E90067FD
:104CE00035A5D5E9004536A3D3E900239FED1E5B2A
:104CF0009FED1F6B9FED207B9FED214B80ED045BB3
:104D000080ED004B80ED024B80ED066B80ED087B63
:104D1000C0E90AABC0E90C89C0E90E67C0E91045DB
:104D2000C0E91223C0F8D0100020BDE8F08F9FED3D
:104D3000165B0FF2940BDBE900AB0FF29409D9E993
:104D4000008925A7D7E9006725A5D5E9004526A351
:104D5000D3E900239FED0E6B9FED0F7BCCE76FF047
:104D60008600E2E7AFF30080D89E05C15D9DBBCB16
:104D700007D57C362A299A6217DD70305A0159917D
:104D8000000000000000000008C9BCF367E6096AE3
:104D90003BA7CA8485AE67BB2BF894FE72F36E3CCA
:104DA00039590EF7D8EC2F15310BC0FF6726336742
:104DB00011155868874AB48EA78FF9640D2E0CDB45
:104DC000A44FFABE1D48B547F1361D5F3AF54FA511
:104DD000D182E6AD7F520E511F6C3E2B8C68059B35
:104DE0006BBD41FBABD9831F79217E1319CDE05BED
:104DF0002DE9F84305460E4614469AB3D0E9003231
:104E000003F07F071B1952F100024FF0000128BF89
:104E10000121C0E9003231B1D0E90232013342F15F
:104E20000002C0E9023297B1C7F180094C4512D3A4
:104E300005F1500831464A4608EB0700EFF7A2FAA1
:104E400041462846FFF752FA803C4E443C447F2CB2
:104E50000BD83CB1002705F15000224631463844BA
:104E6000EFF790FA0020BDE8F883374606EB040818
:104E7000394628468037FFF739FAA8EB07037F2B1E
:104E8000F6D8A4F1800323F07F0380331E44E41A94
:104E9000DDE72DE9F3410446802203680D4603F067
:104EA0007F03581C7028234483F8502004F15007D6
:104EB00000F296800021C0F170023844F1F7A6FAA2
:104EC000D4E90086D4E90213720FDB0043EA517380
:104ED00042EAC1021BBA12BACDE900326946082281
:104EE00004F1C000EFF74EFAF30043EA58734FEABB
:104EF000C8081BBA98FA88F2CDE900326946082240
:104F000004F1C800EFF73EFA39462046FFF7EEF904
:104F1000236962691BBA12BACDE9002369460822E7
:104F20002846EFF72FFAA369E2691BBA12BACDE956
:104F3000002308226946A818EFF724FA236A626A58
:104F40001BBA12BACDE900236946082205F1100008
:104F5000EFF718FAA36AE26A1BBA12BACDE9002386
:104F60006946082205F11800EFF70CFA236B626B13
:104F70001BBA12BACDE900236946082205F12000C8
:104F8000EFF700FAA36BE26B1BBA12BACDE900236C
:104F90006946082205F12800EFF7F4F9D4F8D0307B
:104FA000BBB9236C626C1BBA12BACDE90023694607
:104FB000082205F13000EFF7E5F9A36CE26C1BBAAB
:104FC00012BACDE900236946082205F13800EFF74F
:104FD000D9F92046FFF76AFE002002B0BDE8F08153
:104FE000C0F1800200213844F1F710FA394620461A
:104FF000FFF77CF97022002138465FE700000000CF
:105000002DE9F04F012B06460F4615461C46B7B05A
:1050100059D86846FFF746FE002C3DD00FF2F80B3A
:10502000DBE900AB0FF2F809D9E900893EA1D1E92B
:1050300000013FA3D3E900239FED254B9FED265BA5
:105040009FED276B9FED287B9FED293BCDE9122338
:10505000CDE910013A46314668468DED003B8DEDB5
:10506000023B8DED044B8DED065B8DED086B8DEDF8
:105070000A7BCDE90CABCDE90E893494FFF7B8FE7D
:1050800029466846FFF705FF6846D821F1F79EFFDD
:10509000002037B0BDE8F08F9FED174B0FF2980B53
:1050A000DBE900AB0FF29809D9E9008926A1D1E923
:1050B000000127A3D3E900239FED115B9FED126B45
:1050C0009FED137BC0E76FF08600E2E7AFF300804F
:1050D000D89E05C15D9DBBCB07D57C362A299A6237
:1050E00017DD70305A01599139590EF7D8EC2F1548
:1050F000000000000000000008C9BCF367E6096A70
:105100003BA7CA8485AE67BB2BF894FE72F36E3C56
:10511000F1361D5F3AF54FA5310BC0FF67263367A7
:1051200011155868874AB48EA78FF9640D2E0CDBD1
:10513000A44FFABE1D48B547D182E6AD7F520E514D
:105140001F6C3E2B8C68059B6BBD41FBABD9831F4D
:1051500079217E1319CDE05B0838C0B203289ABFCD
:10516000024B53F820000020704700BF489D090CF7
:105170000C220021F1F74AB910B5044600B30368C8
:10518000F3B1406860B11B78083B032B05D8DFE81A
:1051900003F002021414FEF71BFF6068F1F700FF32
:1051A000A06820B1236899784900F1F71BFF2046D9
:1051B000BDE810400C21F1F709BFFFF777FDECE7E0
:1051C00010BD38B51546044620B319B30023C0E915
:1051D00000138360F2B90B78083B032B1AD8DFE881
:1051E00003F002020F0F6C210120F1F7D3FE606083
:1051F00018B96FF08C05284638BDFEF7E5FEFAE7D2
:10520000D8210120F1F7C6FE60600028F1D0FFF739
:1052100049FDF0E76FF08605EDE7A8B103689BB1A3
:105220001B78083B032B0FD8DFE803F00206080CBD
:1052300001214068FEF7D6BE0021FAE7012140684F
:10524000FFF73EBD0021FAE76FF08600704730B1EE
:10525000036823B11B78092B04D8072B08D86FF0FB
:10526000860070470A3B012BF9D84068FFF7C0BDA4
:105270004068FEF705BF30B1036823B11B78092BE6
:1052800004D8072B08D86FF0860070470A3B012B23
:10529000F9D84068FFF7FDBD4068FEF731BF10B494
:1052A0000446084611461A46ACB12378083B032B46
:1052B00011D8DFE803F00207090E01235DF8044B63
:1052C000FEF7AEBF0023F9E701235DF8044BFFF7BB
:1052D00097BE0023F9E76FF086005DF8044B704736
:1052E00000B14078704710B5044689780220F1F784
:1052F00051FEA06028B92046FFF73EFF6FF08C00FA
:1053000010BD0020FCE72DE9F04F0E46174605467C
:1053100095B0002800F093800368002B00F08F8088
:105320008268002A00F08B809A78BA4214D2FFF784
:1053300074FF044600283CD13A4631462846FFF720
:1053400086FF0446A8BB284604A9FFF794FF04463D
:1053500078BB2B6804AE5F78D5F808809A78362140
:10536000404608EB020AF1F751F82B685C215046E1
:105370009A78F1F74BF8002404F1040B5F4508EB31
:1053800004091ED2A74233D8002404F1040B5F4560
:105390000AEB040934D2A74249D82846FFF73DFF5B
:1053A000044630B92B68414628469A78FFF74FFFEC
:1053B0000446402104A8F1F709FE204615B0BDE8D7
:1053C000F08F0422494603A8EEF7DCFF039B311956
:1053D000042203A80193EEF7D5FF039A019B4846E8
:1053E0005A40039203A90422EEF7CCFF5C46C3E7C0
:1053F000325D99F800300134534009F8013BC1E7B0
:105400000422494603A8EEF7BDFF039B311904228D
:1054100003A80193EEF7B6FF039A019B48465A4052
:10542000039203A90422EEF7ADFF5C46ADE7325DBF
:1054300099F800300134534009F8013BABE76FF0B5
:105440008604BAE710B438B104682CB183681BB184
:105450005DF8044BFFF7FBBE6FF086005DF8044B70
:105460007047F0B50D46044691B000B30368F3B140
:105470008668E6B169469F78FFF7FDFEA8B9204629
:10548000FFF7CBFE88B9236820469A78F119FFF719
:10549000DEFE50B92368694620465A78FFF7D7FEEA
:1054A00018B929462046FFF7E6FE11B0F0BD6FF0AF
:1054B0008600FAE738B5044670B1036863B18568C1
:1054C00055B1FFF7AAFE48B92368294620469A78C5
:1054D000BDE83840FFF7BBBE6FF0860038BD0368FB
:1054E00070B5CD1A002D02DC6FF05F0070BD93F92E
:1054F00000601C78002E0ADB5C1C04601B781360C3
:105500000368C91A13688B42EED80020EEE704F056
:105510007F04661E032E0CD8A542E5DD002501336D
:10552000013C15600360EBD313F8016B46EA0525D7
:10553000F6E76FF06300D9E770B404680E1B002E25
:1055400007DD26789E4208D10134046070BCFFF765
:10555000C6BF6FF05F0070BC70476FF06100FAE784
:1055600073B51D46134601AA0446FFF7E5FF18B9B7
:10557000019A1AB96FF0630002B070BD236893F905
:105580000030002BF6DB014623681E7846B1E1B9F6
:10559000042AEFD80BD193F90030002B07DAE9E7A2
:1055A0000133013A4FF001012360EDD10192002354
:1055B0002B60019B013BDFD322682E6812F8011B90
:1055C00041EA062129602260F4E70192E0E71346F0
:1055D0000222FFF7C5BF7F2A034610B51AD9144629
:1055E0000120240A00F10100FBD11C68641A8442E6
:1055F00012DB19684C1E1C6001F8012C120AF8D14C
:10560000012806D01A68511E196000F17F0302F8C4
:10561000013C10BD0120E8E76FF08900F9E703685D
:10562000591A0029C1BF03F1FF310160012003F8BD
:10563000012CD8BF6FF0890070472DE9F041064674
:105640000F4615469846FFF7C6FF041E03DA6FF0B3
:105650008900BDE8F081424639463046FFF7DFFF5A
:10566000002805F10105F2DB6019F2E7F0B41446F9
:1056700000250668721A002A1CDD771E076006F8EE
:10568000014C2412002C05F1010211DC046894F98C
:105690000060002E08DA621A002A0BDD621E02602A
:1056A000002204F8012CAA1CDBB2F0BCFFF7C5BF36
:1056B0001546DEE76FF08900F0BC70470223FFF764
:1056C000D5BF002370B51C461E1DB24205D29342C1
:1056D0000BD3A0B240EA144070BDC5182D680B442E
:1056E0001B686B401C433346EEE7C55CCE5C013360
:1056F00075402C43EBE72DE9F047002701F1FF3C13
:10570000A1EB020A00EB0C0E8F4201D1BDE8F0873D
:105710003B46544693EA04051B1BAB432C402343F2
:10572000DB170024A44506D89EF80040013723402B
:105730008EF80030E8E7065D04EB0009013410F84C
:1057400004801D4642462E40ED4315403543EDB2E0
:1057500089F80050E6E72DE9F74F0746884691465D
:105760001D4606460024F643002B08BF0D460C9B41
:1057700004F1040A534505D20C9B9C4220D303B08C
:10578000BDE8F08F042209EB04010DEB0200EEF7F7
:10579000F9FD019A291907EA020B04220DEB020018
:1057A000EEF7F0FD019A08EB0400324042EA0B02EA
:1057B000019204220DEB0201EEF7E4FD5446D6E718
:1057C00019F804302A5D3B403240134308F8043096
:1057D0000134D1E72DE9F74300230C461546C643B3
:1057E000A1F104091F1DAF4206D923441A1B95429B
:1057F00015D803B0BDE8F083042209EB0708414641
:105800000DEB0200EEF7BEFD0422019B4046334043
:105810000DEB02010193EEF7B5FD3B46E2E71A7886
:10582000324003F8012BE1E730B5084B1C6814B98E
:105830006FF0850006E01D7A854204D100205B6888
:105840000C60136030BD0C33F0E700BF649D090CA1
:10585000084608B51146F5F7BCF9002818BF6FF0E7
:10586000930008BD30B5C16F044601F00303032B5C
:1058700085B006D1826A3AB9436B023B012B1AD834
:105880000262002005B030BD056B2378681E03431B
:10589000606A023A003818BF012043EA80130020F2
:1058A000520843EAC2032370236AC2B2954200F150
:1058B000010006D853B141F010016FF08600E16796
:1058C000E0E7C2F10F02A3541B0AEEE703AB00931B
:1058D00010222346214604F1380000F04FFC002836
:1058E000D0D0E36F43F01003E367CBE72DE9F04F2F
:1058F00089B004AF04460D46904600211022384678
:105900009946F0F783FD00231022029302AB009327
:10591000A1183B4604F1380000F030FC064658B1AF
:10592000E36F43F01003E36738461021F1F74EFBB5
:10593000304609B0BDE8F08F04463D4404F1040A46
:10594000D04509D2A045EFD919F804302A5D53405B
:10595000129A13550134F5E709EB0401042203A858
:10596000EEF710FD2919042203A8DDF80CB0EEF7BC
:1059700009FD039A129B8BEA020203921819042272
:1059800003A9EEF7FFFC5446D8E780220021F0F788
:105990003DBD2DE9F041044617460846012219464F
:1059A0001E4600F00DFB0546A8B1037903F01F0366
:1059B000102B10D13834204600F024FB2946204615
:1059C00000F03CFB48B9324639462046BDE8F0417C
:1059D000012300F053BB6FF08600BDE8F08110B5E5
:1059E000044640B1383000F00DFB2046BDE81040C1
:1059F0008021F1F7EBBA10BDF8B51D46073B062B29
:105A00000446164629D8C5F10F0300F1100741637B
:105A10000363102200213846F0F7F8FC236B2A4676
:105A2000013B2374314604F11100EEF7ABFC681C16
:105A3000226B00213844F0F7E9FC01232A46E37782
:105A4000E0183146EEF79EFCE36F204643F0010379
:105A5000E367BDE8F840FFF705BF6FF08600F8BDCB
:105A6000022B30B412D0102B10D813F001050DD139
:105A7000B1F57F4F0AD2C0E90A3530BCC36FC0E927
:105A8000082143F00203C367FFF7ECBE6FF0860006
:105A900030BC70472DE9F04FC36F044613F0100A75
:105AA0008B46154689B04AD1002A40D0180746D403
:105AB0005907626A3FD4954241D8217843F00403E4
:105AC00081EA122121706178E3674A406270E36ADB
:105AD0000027023303F00F08C8F11006AE4228BFBA
:105AE0002E4604EB080304933B1D0393B342049B2F
:105AF00003EB070926D9BE423CD8E36AAD1B334409
:105B0000B3444644102EE36202D0626A93423AD113
:105B100006AB009310222346214604F1380000F022
:105B20002DFB80B38246E36F43F01003E3675046DA
:105B300009B0BDE8F08FE36A2B449342C7D96FF0F8
:105B4000860AF4E70422494607A8EEF71BFC079BE8
:105B50000BEB0701042207A80593EEF713FC079A45
:105B6000059B4846534007A904220793EEF70AFC19
:105B7000039FB9E71BF8072099F80030013753401D
:105B800009F8013BB7E7002DA1D1E26A636A9A42A6
:105B9000CDD1E36FE56243F00803E367C7E72DE982
:105BA000F04F8DB00393C36F0446DB06894617465A
:105BB00000F1F180836A2BB1C36A1344026A9342F5
:105BC00000F2E980169B9F4200F2E580179B1F6060
:105BD0000FB9BA46ACE0E36A03F00F08C8F110054C
:105BE000BD4228BF3D462B44E362636B23F00203B2
:105BF000012B4CD0666B36F0020632D108AB009315
:105C00002A464B4641462046FFF770FE8246002852
:105C100040F08E8004EB08030493049B06F1040B10
:105C20005D4503EB060A80F08B8008A9B54200F2BF
:105C30009F802A460398EEF7A5FB08EB0503102B7F
:105C400004D0E26A236A9A4240F09F8006AB009338
:105C500010222346214604F1380000F08FFA8246D4
:105C600090BBA844B8F1100F40F08A800021206B4F
:105C7000CBB2984240F28980C3F10F0323441A7CCF
:105C800001310132D2B21A74002AF1D07DE000262F
:105C900004EB080B331D9D420BEB060A19D2B542EB
:105CA00031D808EB0503102B03D0E26A236A9A422D
:105CB00032D106AB009310222346214604F138006E
:105CC00000F05CFA824638B3E36F43F01003E367F9
:105CD0002EE00422514607A80593EEF753FB079BDD
:105CE00009EB0601042207A80493EEF74BFB079A81
:105CF000049B50465A40079207A90422EEF742FB44
:105D0000059B1E46C6E719F806209AF800300136B2
:105D100053400AF8013BC2E7039B2A4600934146E1
:105D20004B462046FFF7E2FD824600283FF462AF73
:105D3000102108A8F1F74AF950460DB0BDE8F08FE0
:105D40000422514607A8EEF71DFB079B042205938A
:105D500008AB991907A8EEF715FB079A059B504663
:105D6000534007A9042207935E46EEF70BFB54E766
:105D70009AF800308A5D013653400AF8013B55E736
:105D8000E26A236A9A423FF471AF039B7F1B2B4464
:105D9000A94403931CE76FF0860ACDE7C36FF7B5FC
:105DA0001746DA0604460E463AD403F00302032AE5
:105DB00039D1426A0AB11B0735D5236A13B1E26AA9
:105DC000934230D1A36ABB422DD100221046216BF1
:105DD000D3B28B4202F101021DD3234610220021CF
:105DE00020460094FFF782FD054688B926B13A4661
:105DF00021463046EEF7C6FA0026102231462046EC
:105E0000E667F0F703FB10223146A018F0F7FEFA20
:105E1000284603B0F0BDC3F10F0323441874D7E73D
:105E20006FF09605F4E76FF08605F1E72DE9F04F86
:105E300085B01546DDE90FB7DDE9119ADDE9138676
:105E40001A460E9B0446FFF7D7FDF0B933462A46A3
:105E500039462046FFF704FEB8B93A46594620466F
:105E6000FFF718FE88B903ABCDE900532A46534625
:105E700049462046FFF793FE38B932464146204650
:105E800005B0BDE8F04FFFF789BF05B0BDE8F08F62
:105E900010B588B00F9C06940E9C05940D9C04943C
:105EA0000C9C03940B9C02940A9CCDE9003413468D
:105EB0000A460121FFF7BAFF08B010BDF0B50C4645
:105EC0008DB01499159D03911399179F0291129902
:105ED00008AECDE90031CDE9045613460021224633
:105EE0000697FFF7A3FF58B93A4631461698FFF7D1
:105EF000E8FB28B128462146F1F768F86FF09400D6
:105F00000DB0F0BD10B50024891AE3B2994204F136
:105F1000010400D810BD03449954F6E720B11AB12A
:105F200000201160186070476FF0860070472DE9FF
:105F3000F04791469A4600283FD0002A3DD04418A9
:105F400014F8016C0D46344695EA04072D1BBD4339
:105F50003C402543ED1734460027BC4684EA0C0438
:105F600063421C43E41765EA0405A1EB060C8F426B
:105F70000DD100202946044663460C40C943194010
:105F80002143C9F80010CAF80050BDE8F087644604
:105F90003B4693EA04021B1B934314402343DB1745
:105FA0009E46C45DB04684EA080463421C43E4177D
:105FB00024EA0E0425430137D9E76FF08600E4E7B1
:105FC000F0B504460B4B0C4E586800B9F0BDC579CE
:105FD000C5F3840556F825502D78A54208D145799A
:105FE00005F00F07B1EB871F02D1B2EB151FEDD003
:105FF0000833E9E7AC9D090CA09D090C442200215F
:10600000F0F704BA10B50446A8B1006C10B1242111
:10601000F0F7E8FFE06B40B12368074ADB79C3F390
:10602000840352F823305B6A98472046BDE810404D
:106030004421F0F7CBBF10BDA09D090C38B5054633
:106040000C46A9B144220021F0F7E0F9E3790A4AAD
:10605000C3F3840352F823301B6A13B900202C6069
:1060600038BD9847E8630028F8D16FF08C00F7E757
:106070006FF08600F4E700BFA09D090C70B4DCB29D
:10608000012C25D804681CB3E57905F00305012D22
:1060900005D8657905F00F05B2EB851F18D103729D
:1060A000E5790D4EC5F38405012B426056F8255065
:1060B000C06B08D0637903F0F004302C03D003F0F8
:1060C000E003402B02D1AB6970BC1847EB69FBE7DA
:1060D0006FF0860070BC7047A09D090C03682DE925
:1060E000F04104460E4615461BB96FF08600BDE828
:1060F000F081102A3DD8DA79D20714D41A795209DE
:10610000B5EB820F4FEA8207EFD35B7903F0F00320
:10611000602B0AD12B46324694F90810E06BBDE89B
:10612000F04101F01BB92F46EFE7902B16D1002369
:10613000E06B1A461946FFF793FC0028D7D194F973
:1061400008304BB1012BD0D103212B463246E06BF6
:10615000BDE8F041FFF750BC0221F6E70FB900207F
:10616000C5E73A46314604F12800EEF70BF9A7637C
:10617000F5E70148BBE700BF809FFFFF2DE9F04F27
:10618000D0F800C087B0044615469A46DDF8408036
:106190000591BCF1000F04D16FF0860007B0BDE897
:1061A000F08F00209CF80460C8F8000016F01F066D
:1061B00000F00F819CF8050000F0F000102815D1C8
:1061C000B24240F00881C8F800209CF807208449BA
:1061D000C2F3840251F82220E06B556894F908104C
:1061E000AC46059A07B0BDE8F04F6047602805D17E
:1061F000CDE90028E06B01F025FACFE7902805D122
:10620000CDE90028E06BFFF7CAFCC7E7059B5345C3
:1062100008D1636A002BBFD1B2FBF6F306FB132350
:10622000002BB9D1202840F0878094F90830D4F8A9
:1062300024908BB9E268A6EB09038AB1AB4211D373
:1062400009F114002A4605992044EEF79BF8636A89
:106250002B4463620020A1E7012B03D1A6EB0903C5
:10626000AB42EDD8B9F1000F2CD0A6EB090B09F128
:1062700014005A4605992044EEF784F8234653F853
:10628000142B5749D279CDE9003AC2F3840251F870
:106290002220E06B936894F908101F46324604F1FF
:1062A0002803B84700287FF479AFD8F80030A94414
:1062B0003344C8F80030059BB2445B4460620593E8
:1062C000A9EB0605002DC5D0B5FBF6F906FB19595B
:1062D000B9F1000F06D194F908301BB9E368002B1F
:1062E00018BFB146059BA5EB090559194A4604F1AB
:1062F0001400EEF747F8636A4B446362002DA9D09F
:106300002368374ADB79CDF804A0C3F3840352F83D
:106310002330059A00929E682A4694F90810E06B93
:1063200004F12803B04700287FF438AFD8F80030D4
:106330002B44C8F8003031E730281BD19CF80730D7
:10634000274AC3F3840352F82330059ACDF808A0F6
:10635000019204F128020092DE682A4694F908109E
:10636000E06B04F12403B04700287FF417AFC8F8AE
:10637000005013E7402813D19CF80730184AC3F3A4
:10638000840352F82330059ACDF804A000921E69C8
:106390002946E06B04F1280304F12402B047E3E747
:1063A00050281AD19CF807300D4AC3F3840352F8E1
:1063B0002330059ACDF808A0019204F1140200924E
:1063C0005E692946E06B04F1280304F12402B0471A
:1063D000CAE70448E2E60448E0E60448DEE600BF17
:1063E000A09D090C809CFFFF809DFFFF809FFFFF09
:1063F0002DE9F3411546026804460E461F4622B9B0
:106400006FF0860002B0BDE8F081002351792B6067
:106410003B6001F0F003202B0CD101690029EFD083
:1064200091794639012913D9102B13D1636A7BB1B5
:106430003048E7E701F0B000302809D001F0E00172
:10644000402905D0602B03D0902B01D0A02BE7D1A1
:106450000020D7E7202B4BD194F90830606A012B3C
:1064600037D1E36813B90028F2D0E1E7A16B04F15A
:10647000140C11B911794909890002466046984700
:10648000234653F8281B1C480A79C9790196C1F3A1
:10649000840150F8211004F114000090D1F8088014
:1064A000E06B94F9081002F01F02C0470028A9D140
:1064B00094F908302168ABB9246911B1097901F068
:1064C0001F013B462A463046A44602B0BDE8F041D3
:1064D0006047137903F01F039842D1D0E368002B83
:1064E000C1D0A5E711B1097901F01F012960AFE71B
:1064F000024887E7809DFFFFA09D090C809FFFFF5A
:1065000003689BB15B7903F0F003202B0ED119B126
:10651000012907D007487047074BC360074B036149
:10652000002070470023C360054BF8E76FF086003A
:10653000704700BF809FFFFF055F090C2F5F090CAC
:106540001D5F090C10B5044601F024FA2046BDE891
:106550001040F0F725BD10B54FF4C8710120F0F7D9
:1065600019FD044608B100F0EDFD204610BD1346AC
:106570000A46022100F0EBBD10B50446FFF72FFAE2
:106580002046BDE81040F0F70BBD10B5802101207A
:10659000F0F700FD044608B1FFF7F7F9204610BDFB
:1065A00013460A460221FFF7F4B910B5044602F07B
:1065B0003EF82046BDE81040F0F7F2BC10B54FF4AD
:1065C0008C710120F0F7E6FC044608B102F02AF8CD
:1065D000204610BD02F010B902F030B802F082BAC5
:1065E00002F05BBA02F01DBA02F09DB902F08AB95E
:1065F000F7B504460E4600270C25042271190DEB51
:106600000200EDF7BFFE019A3B4611BAC2F3C01774
:10661000042243EA41031BBA60190DEB0201043D59
:106620000193EDF7AFFE2B1DE7D13378DB095A421A
:106630001343DB170020E27B03F087035340E3732F
:1066400003B0F0BD38B5054618B96FF08604204692
:1066500038BD0468002CF8D00029F6D00123FFF7DC
:106660000DFD04460028F2D12B68002BEDD09B795C
:10667000023B022BE9D824210120F0F78BFC20B14A
:1066800010212864F0F7A2FCE1E76FF08C04DEE74C
:106690002DE9F04F88461746814687B0002800F064
:1066A000A1800368002B00F09D80002900F09A80F3
:1066B000046C002C00F096801D79206A05F01F05FF
:1066C00000B32A1ABA421DD210302044EDF75AFE08
:1066D000002304F1100603F1040BAB4529D9234430
:1066E0001A1B95423FD804AB00932A462346214605
:1066F0004846FFF743FDC8B9236A2062EA1A3B44C3
:1067000090445F1B6B1E3B44B3FBF5FB4FF0010A4B
:10671000DA455DD34FB1206A3A46103041462044F5
:10672000EDF730FE236A3B442362002007B0BDE84A
:10673000F08F3146042205A8EDF724FEA6F1100AD9
:10674000059B0422514605A80293EDF71BFE059A0E
:10675000029B50465A40059205A90422EDF712FE0D
:1067600004365B46B7E71A7C19784A4003F8012BD8
:10677000B6E708EB0601042205A826440393EDF7CB
:1067800001FE059B3146042205A80293EDF7FAFDB0
:10679000059A029B30465A40059205A90422EDF75E
:1067A000F1FD039B1E46331D9D42E2D2A319AE426A
:1067B00010D304AB00932A46234621464846FFF7F0
:1067C000DDFC0028B2D17F1BA8440AF1010A9FE733
:1067D0000026E8E718F806101A7801364A4003F850
:1067E000012BE4E76FF08600A0E72DE9F04F95B0AC
:1067F00080460391002800F0F2800368002B00F02F
:10680000EE80056C002D00F0EA80002900F0E780A2
:106810000DF12009102148461C7910AEF0F7D6FB87
:1068200010210CA8F0F7D2FB10213046F0F7CEFB78
:10683000D8F8007004F01F0417B13F7907F01F0764
:1068400007AB00933A46334631464046FFF796FC85
:1068500048B9102F07D131464846FFF7C9FE4946CF
:106860000CA8FFF7C5FE30461021F0F7AFFB286AF1
:1068700005F1100AA04280F0918031460023984231
:106880003FD91AF8032001339C4201F8012BF6D8B6
:10689000002707F1040B5C4538D210AB3B440CA930
:1068A000A7424ED3002707F1040BA34578D9EB1973
:1068B00010A9A742C0F08C8007AB009322462B465C
:1068C00029464046FFF75AFC064620B9224629468B
:1068D0000398EDF757FD10214846F0F777FB10219C
:1068E0000CA8F0F773FB0023102150462B62F0F741
:1068F0006DFB10212846F0F769FB304615B0BDE866
:10690000F08F0CBF01220022D201BCE7F319194617
:10691000042207A80593EDF735FD079B0422049395
:106920000CABD91907A8EDF72DFD079A049B07A911
:106930005A40059B079218460422EDF723FD5F4657
:10694000A7E71A78785C0137424003F8012BA7E7E4
:106950000AEB0701042207A8EDF714FD079B09EBDA
:106960000701042207A80493EDF70CFD079A049B86
:10697000F0195A40079207A90422EDF703FD5F467C
:1069800007F1040B5C45E3D2A7428BD21AF807301B
:1069900019F807205340F3550137F5E70027EFE7D3
:1069A000F119042207A8EDF7EDFC2F44079B3946A7
:1069B000042207A80493EDF7E5FC079A049B3846E8
:1069C0005A40079207A90422EDF7DCFC5F466AE70C
:1069D000785C1A780137424003F8012B69E76FF0C1
:1069E00086068AE7F8B5046C0E460734E4089C4234
:1069F00028BF1C461146054622463046F4F7F7FFED
:106A00000746C8B92B6CE100B3EBC40F0DD3343586
:106A100029463046F5F766F800280DDB2A46314650
:106A20003046BDE8F840F5F794B93046C91AF5F795
:106A300021F80028EBD007463846F8BD072803D0D8
:106A4000093818BF01207047002070472DE9F04F2A
:106A5000054691B000788B4614461F46FFF7EEFFBF
:106A6000002800F08F806B6B002B00F08B800121E1
:106A70003846F5F77FF8002804DA444E304611B066
:106A8000BDE8F08F05F1340841463846F5F72AF89D
:106A90000028F2DA4FF00B090AA8F7F74EFB06A818
:106AA000F4F7F6FD08A8F4F7F3FD05F11C030593D0
:106AB0004FF00B0ADDE91C23284606A9F8F770FB06
:106AC0000646002850D11F9B029001931E9B28462A
:106AD000009306AA059B0AA9F8F74AFB0646002878
:106AE00042D1424658460AA9F5F7FCFB0646002863
:106AF0003AD101465846F5F73DF800283ED02846E1
:106B0000DDE91A2308A9FFF76DFF064660BB3A4688
:106B100059462046F5F751F9064628BB08A92246F2
:106B20000846F5F713F90646F0B94346214606AA8A
:106B3000F5F757FD0646B8B92146204608AAF5F7ED
:106B40003CF9064680B9424621462046F5F7CAFB85
:106B5000064648B900212046F5F70CF820B9B9F1EE
:106B60000109A5D16FF093060AA8F7F723FB06A841
:106B7000F4F793FD08A8F4F790FD7FE7BAF1010A56
:106B800098D1EFE76FF0860678E700BF80B3FFFF8C
:106B900070B5002688B0DDE90E45CDE903540294B6
:106BA0000D9CCDE9055601940C9C0094FFF74EFF17
:106BB00008B070BD2DE9F04FC7B0046C05469DF8D4
:106BC0004801894692461F46FEF7C6FA07348046BA
:106BD000E408002847D00AA80CAEF4F759FD0DF1DF
:106BE000940B304600F0E3FE224659463846F4F74F
:106BF0001CFF034658BBDDE9502328460AA9FFF7CE
:106C0000F1FE034618BB22460BEB04010AA8F4F779
:106C10000CFF0346D8B963005A464146304600F09F
:106C200085FF034698B9559B52460693549B4946A7
:106C30000593539B2846CDE903630C4B0293519B6C
:106C40000193509B00933B46FFF700FF03463046FD
:106C5000099301F001F80AA8F4F71FFD099B1846F3
:106C600047B0BDE8F08F6FF08603F8E7497C090C68
:106C700010B5002486B005940C9C04940B9C0394DE
:106C80009DF828400294099C0194089C0094FFF709
:106C900091FF06B010BD2DE9F047054692B00CA853
:106CA0000C46DDE91A6992469846F7F746FA04A8B9
:106CB000F4F7EEFC06A8F4F7EBFC08A8F4F7E8FC00
:106CC0000AA8F4F7E5FC2878FFF7B8FE002800F0E2
:106CD00089806B6B002B00F0858001213046F4F732
:106CE00049FF002813DB05F1340739463046F4F735
:106CF000F9FE00280BDA01214846F4F73BFF002893
:106D000005DB39464846F4F7EDFE002814DB6FF04A
:106D100094040CA8F7F74EFA04A8F4F7BEFC06A8F2
:106D2000F4F7BBFC08A8F4F7B8FC0AA8F4F7B5FC24
:106D3000204612B0BDE8F08722465346284604A9F3
:106D4000FFF750FE04460028E3D13B464A4606A919
:106D5000F5F747FC04460028DBD106AA04A908A8D9
:106D6000F5F72BF804460028D3D108A93A4608467F
:106D7000F5F7B8FA04460028CBD10DF128093146C1
:106D8000484606AAF5F719F804460028C1D13A4644
:106D900049464846F5F7A6FA04460028B9D1CDE998
:106DA0000180CDF80090284605F11C0308AA0CA923
:106DB000F8F79FF904460028ABD10CA8F7F77FFC41
:106DC0000028A4D10CA93A460846F5F78BFA0446E8
:106DD00000289ED131460CA8F4F784FE0446002812
:106DE00097D094E76FF08604A2E71FB500240294C1
:106DF000079C0194069C0094FFF74DFF04B010BD62
:106E00002DE9F04F90F8893104460D46904689B03F
:106E1000002B40F0D580CA7B00F1480702F00F013B
:106E2000080107EB0111D1E902C638584FEA1C1ED0
:106E30004EEA067E360946EA0076CDE906E6624E5F
:106E400049680CF00F0C36F81C60000940EA01702C
:106E500002F0F002090981EA0641BE181F46CDE999
:106E600004010DF1100A0AEB070B0422594602A88F
:106E7000EDF788FAF119042202A8DDF80890EDF781
:106E800081FA029B042289EA0303584602A90437C7
:106E90000293EDF777FA102FE5D105F10F0919F8F4
:106EA000012DDDE90676130900933B0943EA0673D9
:106EB0003609DDE9040146EA0076CDE90636424BA3
:106EC00007F00F0733F81760000940EA017009095D
:106ED00081EA0641002602F00F0204EB0212CDE91E
:106EE000040102F1480301930AEB060B0422594600
:106EF00002A8EDF747FA019B0422991902A8029F04
:106F0000EDF740FA029A5846574002A90422043687
:106F10000297EDF737FA102EE6D1DDE90660DDE9DC
:106F20000412370947EA0077274B000940EA01704D
:106F300006F00F06CDE9067033F8160000260909A1
:106F400041EA02711209009B82EA0042CDE9041273
:106F500004EB031748370AEB060B0422594602A834
:106F6000EDF710FA029BB919042202A80093EDF77D
:106F700009FA029A009B58465A40029202A904223A
:106F80000436EDF7FFF9102EE5D14D4587D1049B6E
:106F9000059A1BBA12BACDE90223082240460DEB2E
:106FA0000201EDF7EFF9069B079A1BBA12BACDE979
:106FB000022308220DEB020108EB0200EDF7E2F9D3
:106FC00009B0BDE8F08F00BFAC9F090C2DE9F04F70
:106FD0001D46002387B0049304AB00930E460B4676
:106FE000924600F5B47110220446FFF7C7F88146B7
:106FF00038B110213046EFF7E9FF484607B0BDE849
:10700000F08F94F88831FBB10027564407F1040B48
:107010005D4548D2BD425FD894F88831012BECD150
:10702000002704F5BC74544407F1040A554504EBE9
:10703000070659D2BD42E0D9119A3378D25D0137A3
:10704000534006F8013BF5E7074604F5BC7303EB34
:107050000A0B3B1D9D420BEB07080AD2BD42D3D958
:10706000109A98F80030D25D0137534008F8013B80
:10707000F4E70422414605A80393EDF783F9059B45
:1070800004220293109B05A8D919EDF77BF9059A04
:10709000029B40465A40059205A90422EDF772F979
:1070A000039B1F46D5E7F119042205A8EDF76AF9FD
:1070B000109B0422D91905A8DDF81480EDF762F9B8
:1070C000059B042288EA03030593119B05A9D8199F
:1070D000EDF758F95F4699E7109AF35DD25D53409A
:1070E000119AD355013795E70422314605A8EDF7EB
:1070F00049F9119B0422D91905A8DDF81480EDF790
:1071000041F9059B042288EA0303304605A905934B
:107110005746EDF737F987E7042213B500F10C0461
:1071200021460DEB0200EDF72DF90422019B2046CC
:107130001BBA01331BBA0DEB02010193EDF722F9E3
:1071400002B010BD4FF4C8720021EFF75FB92DE90E
:10715000F04F1E4623F04003802B0446904608461D
:107160008FB008D0B6F5807F05D06FF08605284631
:107170000FB0BDE8F08F01223146FEF721FF054632
:107180000028F2D0077907F01F07102FEDD1204615
:10719000FEF738FF29462046FEF750FF0546002837
:1071A000E5D10123324641462046FEF767FF0546FA
:1071B0000028DCD101463A460AA8EFF727F907ABC9
:1071C00000930AAB3A46194620460795FEF7D6FFCC
:1071D00005460028CBD1DDE90A23C4E93223DDE9E5
:1071E0000C23C4E93423002200234FF0030A0427B0
:1071F000C4E91223C4E9142384F8890104EB47117C
:1072000001F148090822503108A8EDF7BBF8099BA5
:10721000089A1BBA12BA5B0843EAC27352081BBA37
:1072200012BACDE9082308223E01483604EB0608CD
:1072300008A908EB0200EDF7A5F899F8072098F8DF
:107240000830494643EAC21388F80830082208A8E3
:10725000EDF798F8099B089A1BBA12BA5B0843EA43
:10726000C27352081BBA12BACDE90823404608225D
:1072700008A9EDF787F899F80F20A35D12F0010F28
:107280000CBF00226FF01E02BAF1010A83EA02036A
:10729000A3554FEA6707B1D14FF00408082604EB65
:1072A0000612936CD26C37011BBA12BA07F1480070
:1072B000CDE9082308A908222044EDF763F8731DDF
:1072C0001A0104EB0313A2585B6812BA1BBA07F148
:1072D0005000CDE9083208A908222044EDF752F801
:1072E000B8F101084FEA6606D9D14FF0030A4FF012
:1072F00002084FEA081303F148024FF0010904EBBA
:10730000020B04F1580721E00026FA1804920BEB57
:107310000601042208A80593EDF734F8089BB91973
:10732000042208A80393EDF72DF8089A039B08A9F7
:107330005A40049B0892F01804220436EDF722F814
:10734000102E059BE3D109F101091037C145DBDBA4
:10735000BAF1010A4FEA4808CBD108E72DE9F04F0E
:107360004FF000088DB00446894617461D46CDF8FB
:107370001480002B00F09C8000F5B476102241466A
:10738000304604F5BC7BEFF741F8102241465846E1
:10739000EFF73CF8002200230C2DC4E95223C4E986
:1073A000542384F8889113D12A4639463046ECF7A5
:1073B000E9FF012384F8773105AB009310223146B1
:1073C000204604F5AC73FEF7D9FE0DB0BDE8F08F92
:1073D0001022414608A8EFF719F86B0FEA0012BA1D
:1073E0001BBACDE9063206A908220AA8ECF7CAFFA3
:1073F00004F5B27A102DA8464FF0000328BF4FF0D5
:10740000100803F10409C8452FD203F26712224481
:10741000984546D8324631462046FFF7F1FCB5EB99
:1074200008054744E6D1374608AD3946042206A888
:10743000ECF7A8FF2946042206A8DDF81880ECF72F
:10744000A1FF069B384688EA0303042206A90437F5
:107450000693ECF797FF5F4505F10405E5D1324649
:1074600031462046FFF7CCFCA6E70AEB0903194694
:10747000042206A80393ECF785FF069B391F04221C
:10748000494406A80293ECF77DFF069A029B06A9E1
:107490005A40039B069218460422ECF773FF4B46B2
:1074A000AFE7F85C12F8011F013341401170AFE7FC
:1074B0006FF0860089E72DE9F04F1446D0E9543289
:1074C0008846191952F100014FF0000628BF012625
:1074D000054687B0002E40F0B280490F40F0AF80E3
:1074E00013F00F0A21D0CAF11007A74228BF274680
:1074F00000F5BC7B0BEB0A030193019A331D9F42FD
:1075000002EB060930D2B74248D8BA44BAF1100F9C
:1075100004D15A4659462846FFF772FCD5E9543241
:10752000FB1842F10002E41BB8442746E31842F17D
:107530000002C5E9543205F5BC790F2F37D814F095
:107540000F070DD0002324F00F04444405F5BA7949
:107550001E1DBE4252D903F277121544BB4267D3B7
:10756000002007B0BDE8F08F0422494605A8039328
:10757000ECF708FF059B08EB0601042205A802931F
:10758000ECF700FF059A029B48465A40059205A970
:107590000422ECF7F7FE039B1E46AEE718F8061030
:1075A00099F8002001364A4009F8012BABE7002684
:1075B00008EB040BABEB070B09EB060A0422514660
:1075C00005A8ECF7DFFE059B0BEB0601042205A8DE
:1075D0000193ECF7D7FE059A019B50465A4005925D
:1075E00005A904220436ECF7CDFE102EE4D14A465C
:1075F00049462846FFF704FC103F9EE709EB060AC0
:107600000422514605A8ECF7BDFE211F0422314497
:1076100005A8DDF81480ECF7B5FE059B042288EA86
:107620000303504605A90593ECF7ACFE33468FE7FC
:10763000E25C15F8011F01334A402A708EE76FF0B3
:1076400086008EE72DE9F047144686B005460E46C3
:107650001022002102A81F46EEF7D8FE0E9BA3427F
:10766000C0F08D800F9B1C60002C60D0BE4203D206
:10767000BB1BA342C0F08680D5E9523213EB040C49
:1076800052F100004FF0000128BF0121002979D1FB
:107690006FF01F0161454FF00F01814172D3134319
:1076A00009D1D5F850311B0705D005F5BC7211463C
:1076B0002846FFF7A5FBD5E9521311F00F0921D099
:1076C000C9F11008A04528BFA0464A4643462846AF
:1076D000CDE9006702A9FFF779FC48BBC144B9F1C5
:1076E000100F05D105F5BC7211462846FFF788FB3F
:1076F000D5E9521318EB010143F10003A4EB080490
:1077000046444744611843F10003C5E95213274436
:1077100006EB040805F5B4790F2CA7EB040AA8EBD7
:10772000040608D8E4B9102102A8EFF74FFC0020A6
:1077300006B0BDE8F0874846FFF7EEFC10230022B4
:107740002846CDE9006A02A9FFF740FC0028EFD1E6
:1077500005F5BC7211462846FFF752FB103CDBE7EB
:1077600005F5B470FFF7D8FC234600222846CDE982
:10777000006A02A9FFF72AFC0028D4D0D8E76FF0EE
:107780008900D5E76FF08600D2E700222DE9F04F9F
:1077900089B01A60D0E952314FEAC109D0E95426C4
:1077A00049EA53794FEAC30AF6000B430446DDE980
:1077B000128746EA52764FEAC20B06D1120704D06E
:1077C00000F5BC721146FFF71BFB3D1F0C2D00F2AC
:1077D0009080D4F848311B0705D004F5BC721146DF
:1077E0002046FFF70DFB3A46404604F5AC71ECF736
:1077F000C9FD4AEA0B0349EA0602134303D10020FC
:1078000009B0BDE8F08F102200210DEB0200EEF769
:10781000FDFD36BA042203A904A80396ECF7B2FDD5
:107820009BFA8BF3042203A905A80393ECF7AAFDA6
:1078300099FA89F3042203A906A8039304F5BC79F5
:10784000ECF7A0FD9AFA8AF3042203A907A8039390
:10785000CA46ECF797FD04AE04F5C47B51460422FA
:1078600003A8ECF78FFD039B3146042203A8019384
:10787000ECF788FD039A019B50465A40039203A9F6
:1078800004220AF1040AECF77DFDDA4506F104064C
:10789000E4D120464A464946FFF7B2FA002408EBF5
:1078A000040A0422514603A8ECF76CFD09EB04011D
:1078B000042203A8039EECF765FD039B04225E40AF
:1078C000504603A90396ECF75DFD234608339F421B
:1078D00004F10404E3D225F0030304339F428ED95C
:1078E00018F8032019F803104A4008F80320013360
:1078F000F4E76FF0860083E77FB515461A46089BCC
:107900000446FFF72BFD38B9DDE909122046FFF7E1
:10791000D2FD18B16FF0860004B070BD03AE2A46E8
:107920002046CDE900560C9B0B99FFF78BFE0028F3
:10793000F2D10D9B024601930E9B01460093204617
:107940003346FFF722FF0028E6D0E3E7F0B50C4608
:107950008DB01699159F03911399179D0291129955
:1079600008AECDE90031CDE9057613460021224667
:107970000495FFF7C1FF58B93A4631461498FDF710
:10798000A0FE28B128462146EFF720FB6FF09400B7
:107990000DB0F0BD10B5044640B1FEF733FB2046F4
:1079A000BDE810404FF4C871EFF710BB10BD10B523
:1079B000642200210446EEF729FD42F21073A3650C
:1079C00010BD2DE9F047054692B000680F4690467D
:1079D000FDF786FC06469FB3B8F1000F14BF4FF0C9
:1079E00002094FF0010900236FF0860405F10C0A2B
:1079F00099458DF804301BD92846FDF75BFD0446F8
:107A0000B0B9324651462846FDF71CFD044678B908
:107A10000122284601A9FDF715FD044640B9B9F138
:107A2000020F10D0284602A9FDF71BFD044698B1AD
:107A300002A84021EFF7CAFA204612B0BDE8F0874D
:107A40004FF00109CFE7424639462846FDF7FAFCD8
:107A500004460028E6D0EBE73246284602A9FDF7A7
:107A600052FC04460028E3D1324651462846FDF731
:107A7000E9FC04460028DBD151462846FDF7F1FC1D
:107A800004460028D4D19DF804300133DBB2AFE7BF
:107A90002DE9F0430446884616469946006DE1B04C
:107AA00013B100EB40004008B6F5807F3BD830446E
:107AB000B0F5C07F37D84FF4C07200216846EEF7AA
:107AC000A5FC6946E56D226D206E6F46A84728B17A
:107AD0006FF00806304661B0BDE8F083256DB9F15E
:107AE000000F09D0E36D206E6A08791998470028C5
:107AF000EED1236D05EB5305B8F1000F06D02EB182
:107B0000781932464146ECF73DFC35442A46394661
:107B10002046FFF756FF064600B9E064294638467E
:107B2000EFF754FAD6E76FF00406D3E72DE9F041FA
:107B30001646002204460D461F46FDF742FBF0B9EB
:107B400029462046FDF7CFFBC8B92846FDF7C8FBFC
:107B500004F10C08024641462046FDF7D4FB70B9FB
:107B60002846FDF7BDFB012102464046EEF74EFCDC
:107B70003A4631462046BDE8F041FFF722BFBDE856
:107B8000F0810023FFF784BF2DE9F84F1546044626
:107B9000006888461E460A9FFDF7A2FBB5F5806F78
:107BA00081464BD8B7F5807F4BD8E36DD3B1636D79
:107BB000012B03D0E26CA36D9A4213DB3A463146A7
:107BC0002046FFF7DEFFC0B9074604F10C0AB5B93D
:107BD0003A4631462046FFF7F4FE70B9E36C0133B4
:107BE000E3640AE0002EF0D0002FEED03A46314692
:107BF0002046FFF7E6FE0028E7D0BDE8F88F4D45A8
:107C00002046AB4628BFCB46FDF754FC0028F4D1F4
:107C10004A4651462046FDF715FC0028EDD1514655
:107C20002046FDF71EFC0028E7D140465A46514643
:107C3000ECF7A8FBD844A5EB0B05C8E76FF00200F2
:107C4000DBE76FF00400D8E7002307B50093FFF7E8
:107C50009BFF03B05DF804FB10B5044640B1FDF78F
:107C60008BFA64212046EFF7B1F942F21073A36555
:107C700010BD00002DE9F04FADF5077D06AC0123E6
:107C80000022274646A913F0800F0CBF00201B20BE
:107C900043F30605CA5480EA4500013204F8013B6B
:107CA000B2F5807F83EA0003DBB2ECD1012300222E
:107CB000624813F0800F40F8043B43F306040CBF06
:107CC00000231B23013283EA44030A2ADBB2F0D1EA
:107CD00063235B4A0E461370002315460120594C5E
:107CE00084F8633016F8013FC3F1FF03FB5C4FEAF1
:107CF000D31C4CEA430C4FFA8CFECCF3421848EAF2
:107D0000CE0883EA0803CCF3C0188EEA030348EADE
:107D10004E08CCF3811C83EA08034CEA8E0C83EAFC
:107D20000C03DBB283F06303E0540130B0F5807FD5
:107D300005F8013FD6D1FF248B7BDFF81CE10293CD
:107D40004B7ADFF818C103934B7B3F4F0493CB7AF8
:107D5000DFF80CB105933D4BDFF808A101933C4BD4
:107D6000DFF80491DFF8DC80009306A812F8013BED
:107D700013F0800F0CBF00211B2143F3060581EA9D
:107D80004501C9B203EB032541EA05254B400099A3
:107D900085EA036341F8043B00914FEA33614BF8F5
:107DA000041B4FEA33414AF8041B18F8011B4FEA41
:107DB000332349F8043B00293ED046AB5B5C039972
:107DC0005918B1FBF4F5C5EB0525491B465C049930
:107DD0005918B1FBF4F5C5EB0525491B415C029D23
:107DE00009041D4441EA0621B5FBF4F6C6EB06265C
:107DF000AD1B455D6940059D2B44B3FBF4F5C5EB18
:107E000005255B1BC35C1B064B40019941F8043BF5
:107E100001914FEA33614EF8041B4FEA33414FEAB8
:107E2000332347F8043B0B4B4CF8041B93429DD182
:107E30000DF5077DBDE8F08F0B46E5E794100530A2
:107E4000BC310530BC200530BC100530BC1C0530F1
:107E5000BC2D0530BC320530BC180530BC140530D3
:107E6000BC290530BC250530BC2105302DE9F04F7B
:107E7000D0F8048097B000F10807054601920EA8DB
:107E800004220E46ECF77EFA57F828300E9A07EBDC
:107E90008804534004220027B1180DA80E93ECF774
:107EA00071FA0D9A636806F1080153400DA8042287
:107EB0000F93ECF767FA0D9AA36806F10C01534093
:107EC0000DA804221093ECF75DFA0D9AE368DFF831
:107ED0006CC3534003932B68DFF864E35B10013BF2
:107EE00002930E9BDFF85C830493109BDFF84493AE
:107EF00005930F9BDDE90301069304F13003009322
:107F0000DDE90523009C54E9085654E906A40794CA
:107F1000009C54F8104C0894009C54F80C4C0994A4
:107F2000009C54F8084C0A94009C2034009454F8A7
:107F3000244C0B94029C002C00F3D4801FB9DDE983
:107F40000523DDE90301DFF8F8E2CCB21F0E5EF88D
:107F500027705CF82440DFF8EC827C406540C0F379
:107F6000072458F82440B34F6540C2F3074457F83C
:107F700024404FEA12696540DCB25EF829905CF853
:107F80002440129584EA09047440C1F3072658F886
:107F900026604FEA10697440C0F3074657F8266020
:107FA0005EF829907440D6B25CF82660C0B286EACA
:107FB0000906C3F3072958F8299086EA0A0686EAD3
:107FC0000909C1F30746090E5EF821105CF820008C
:107FD000C2F307224840079958F82220C3F3074309
:107FE00057F82330484050405840934B220E995C3C
:107FF000EAB257F826609A5C089F89EA06067A403A
:1080000082EA0162C0F30721595C139482EA0122DB
:10801000C6F30741595C149682EA014C310E5F5C4D
:10802000E1B2099A595CCDF838C0514081EA076144
:10803000C5F30727DF5D159081EA0721C0F30747E5
:10804000DF5D81EA07410F91010E5F5CF1B20A9A90
:10805000595CC0B2514081EA0761C4F30727DF5D74
:108060000B9A81EA0721C5F30747DF5D2D0E81EAF0
:1080700007411091195C5D5DC6F30726985D51407C
:10808000C4F307441B5D81EA056181EA002181EAAE
:10809000034304220DA90198CDF834C01193ECF7E5
:1080A00071F904220F9B0DA90D93019B9818ECF711
:1080B00069F9109B0DA90D93019B042203F108009F
:1080C000ECF760F9119B04220D93019B0DA903F1BC
:1080D0000C00ECF757F920210EA8EEF777FF17B048
:1080E000BDE8F08FCFB24FEA136B5EF82BB05CF8AF
:1080F00027700A9C87EA0B076F40C0F3072558F8E2
:1081000025504FEA126B6F40C2F3074559F82550CE
:108110005EF82BB06F40DDB25CF8255085EA0B05A8
:108120007540C1F3072658F826604FEA106B75407A
:10813000C0F3074659F826605EF82BB07540D6B2FA
:108140005CF82660C0B286EA0B0686EA0A06C3F32C
:10815000072A58F82AA05CF8200086EA0A06C1F32C
:10816000074A090E5EF82110C2F30722484007991A
:1081700058F82220C3F3074359F8233048405040B1
:108180005840FAB22B0E5CF822105EF8233059F8F2
:108190002AA05940089B86EA0A065940C0F30723E3
:1081A00058F82330320E5940C6F3074359F82330AC
:1081B0005EF822205940EBB25CF823304FEA106A97
:1081C0005340099A5EF82AA05340C7F3072258F893
:1081D00022205340C0F3074259F82220C0B2534036
:1081E000F2B25CF82220C6F3072682EA0A02C5F33F
:1081F000072A58F82AA0624082EA0A02C7F3074A0F
:108200003F0E59F82AA05CF820005EF827700B9CFE
:108210007840604058F82660029CC5F3074559F83D
:1082200025507040013C012782EA0A02684002940E
:1082300068E600BFBC140530BC200530BC1C05300E
:10824000BC100530BC1805302DE9F04FD0F8048083
:1082500097B000F10807054601920EA804220E46C9
:10826000ECF790F80E9A57F8283007EB8804534043
:1082700004220DA8B1180E93ECF784F80D9A6368E8
:1082800006F1080153400DA804220F93ECF77AF889
:1082900006F10C0100260D9AA3680DA85340042294
:1082A0001093ECF76FF80D9AE368DFF86CC3534056
:1082B00003932B6803985B10013B02930E9BDFF83E
:1082C0005CE304930F9B049A0593109BDFF85083A3
:1082D000DFF83C93069304F130030093DDE90531A8
:1082E000009C54E9085754E906A40794009C54F8EC
:1082F000104C0894009C54F80C4C0994009C54F8C1
:10830000084C0A94009C2034009454F8244C0B949C
:10831000029C002C00F3D4801EB9DDE905310398DE
:10832000049ADFF8F8E2D4B2060E5EF826605CF834
:108330002440DFF8EC8274406540C3F3072458F80A
:108340002440B34E6540C1F3074456F824404FEA39
:1083500012696540DCB25EF829905CF82440129501
:1083600084EA09047C40C1F3072758F827704FEAD4
:1083700013697C40C0F3074756F827705EF82990D0
:108380007C40CFB25CF82770090E87EA0907C0F37A
:108390000729C0B25EF8211058F829905CF8200037
:1083A00087EA0A0787EA09094840C2F3074707999D
:1083B000C2F3072258F82220C3F3074356F82330AC
:1083C000484050405840934B020E995CEAB256F830
:1083D00027709A5C089E89EA0707724082EA016268
:1083E000C4F30721595C139482EA0122C7F30741C1
:1083F000595C149782EA014C290E5E5CE1B2099A3D
:10840000595CCDF838C0514081EA0661C7F30726B0
:108410009E5D159081EA0621C0F307469E5D81EAC4
:1084200006410F91210E5E5CF9B20A9A595C3F0E2B
:10843000514081EA0661C0F307269E5DC0B281EA21
:108440000621C5F307469E5D0B9A81EA064110910D
:10845000195CDE5DC5F30725585D5140C4F3074440
:108460001B5D81EA066181EA002181EA034304225F
:108470000DA90198CDF834C01193EBF783FF0422C6
:108480000F9B0DA90D93019B9818EBF77BFF109B99
:108490000DA90D93019B042203F10800EBF772FF75
:1084A000119B04220D93019B0DA903F10C00EBF726
:1084B00069FF20210EA8EEF789FD17B0BDE8F08F07
:1084C000D6B24FEA106B5EF82BB05CF826600A9CBF
:1084D00086EA0B066E40C3F3072558F825504FEA8D
:1084E000126B6E40C1F3074559F825505EF82BB06A
:1084F0006E40DDB25CF8255085EA0B057D40C1F386
:10850000072758F827704FEA136B7D40C0F30747E1
:1085100059F827705EF82BB07D40CFB25CF8277019
:10852000090E87EA0B0787EA0A07C0F3072AC0B2D9
:1085300058F82AA05EF821105CF8200087EA0A07A4
:108540004840C2F3074A0799C2F3072258F822208D
:10855000C3F3074359F82330484050405840F2B223
:10856000030E5EF823305CF8222059F82AA05A4006
:10857000089B87EA0A075A40C5F3072358F82330B7
:10858000310E5A40C7F3074359F823305EF82110E3
:108590005A40EBB25CF823304FEA156A4B40099918
:1085A0005EF82AA04B40C7F3072158F82110C5F305
:1085B00007454B40C0F3074159F821104B40F9B231
:1085C0005CF821103F0E81EA0A01C0F3072A58F82F
:1085D0002AA0614081EA0A01C0B2C6F3074A59F8ED
:1085E0002AA05CF820005EF827700B9C7840C6F348
:1085F000072658F826606040029C59F825507040C4
:10860000013C012681EA0A016840029468E600BF45
:10861000BC250530BC310530BC2D0530BC210530F2
:10862000BC2905304FF48C720021EDF7EFBE18B174
:108630004FF48C71EEF7CABC70470000C02AF7B542
:1086400006460D46144652D0B2F5807F51D0802A9E
:1086500040F0C9800A23654F33603B681BB9FFF7C0
:1086600009FB01233B6037460023640947F8043FB8
:1086700005EB8404042229460DEB0200EBF782FE91
:108680000435019BAC4247F8043FF3D133680C2B0F
:1086900031D00E2B60D00A2B26D1554D554930468E
:1086A000A036426955F8044B8768C2F30723CB5CB8
:1086B0007C406340140E0C5D103083EA0443D4B256
:1086C0000C5D83EA0463C2F307440C5D83EA042370
:1086D00050F8044C836063400468C36063405A40B0
:1086E000036142618642DCD1002003B0F0BD0C235F
:1086F000B1E70E23AFE730463D4C3E4906F1C005D9
:10870000C26954F8046B8768C2F30723CB5C7E40D0
:108710007340160E8E5D183083EA0643D6B28E5D26
:1087200083EA0663C2F307468E5D83EA062350F8A8
:108730000C6C8360734050F8086CC360734050F851
:10874000046C036173400668436173405A4083615F
:10875000C2618542D4D1C7E7254D26493046E0366F
:10876000446A55F8042B8768C4F30723CB5C7A402E
:108770005340220E8A5C876983EA0243E2B28A5C34
:10878000203083EA0263C4F307428A5C83EA02234F
:1087900050F8142C8360534050F8102CC3605340A1
:1087A00050F80C2C036153404361DAB28A5C7A4082
:1087B0001F0ECF5D82EA0762C3F30727CF5DC3F3C5
:1087C0000743CB5C82EA072282EA034350F8042C79
:1087D000836153400268C36153405C40036244625A
:1087E0008642BDD180E76FF01F007EE79010053014
:1087F00094100530BC3105302DE9F04FC9B002AD01
:10880000044628460E461746FFF70CFF0023314664
:108810003A4628466360FFF711FF0646002833D129
:10882000029F039B04A903EB870301EB830251F82A
:10883000233004F1180CA3605368103AE360936985
:1088400061462361D369904663617B1E9E4628483A
:1088500027600193BEF1000F1FDC019B002F4FEA40
:108860000313C8BF1C46C3F10003DCBF0023002470
:10887000D018D3580CEB04014CF8043043684B601B
:1088800083688B60C368CB6002A84FF48C71EEF7ED
:108890009DFB304649B0BDE8F08FA8F1040A01F114
:1088A000100B5AF8044F134BE5B210F80590250E43
:1088B00053F82990455D104B53F825500F4B89EA2A
:1088C0000509C4F30725455DC4F3074453F8255053
:1088D000045D0B4B89EA050553F82440654041F8D7
:1088E000045B5945DDD10EF1FF3EA8F11008B1E758
:1088F000BC310530BC1C0530BC100530BC1805303F
:10890000BC14053010B50C46012C11461A4607D888
:108910001CB9FFF7ABFA002010BDFFF795FCFAE792
:108920006FF08600F8E72DE9F04F012989B0804605
:1089300014461F46139D6ED8002A37D013076DD1F9
:10894000129B03EB020900295DD11022A9EB04065A
:1089500031460DEB0200EBF715FD31462A46404645
:10896000FFF784FA002605EB060B0422594603A8FC
:10897000EBF708FDB919042203A8DDF80CA0EBF70A
:1089800001FD039B04228AEA0303584603A9043627
:108990000393EBF7F7FC102EE5D13246384604A9D5
:1089A000EBF7F0FC103C05F11005CED1002009B02A
:1089B000BDE8F08F0BEB0601042204A8EBF7E2FC04
:1089C000049B0AEB0601042204A80193EBF7DAFCEE
:1089D000049A019BA8195A40049204A9042204365F
:1089E000EBF7D0FC102EE5D12A4629464046FFF78A
:1089F0002BFC103CAA4605F1100306D01D460026AC
:108A0000A9EB040BD6E7BA46F9E7324629463846C1
:108A1000EBF7B8FCCAE76FF08600C8E76FF02100FB
:108A2000C5E72DE9F04701298146DDE9085698465A
:108A3000DDF828A02ED81C680F2C2BD8B71811B33E
:108A4000BE4222D024B92A4629464846FFF7FCFBFD
:108A50002B5D16F8012B53400AF8013B2B550134CE
:108A600004F00F04ECE724B92A4629464846FFF7EC
:108A7000EBFB2B5D16F8012B53400AF8013B2A55FE
:108A8000013404F00F04BE42EDD10020C8F80040CC
:108A9000BDE8F0876FF08600FAE72DE9F04714682B
:108AA0008146DDE9088A0F2C17461E4617D808EBC9
:108AB0000105A84503D100203C60BDE8F08724B93A
:108AC000324631464846FFF7BFFB335D18F8012BAD
:108AD000013453400AF8013B04F00F04E9E76FF05A
:108AE0008600EAE72DE9F04F166889B00F2E0D4693
:108AF0009046994603906AD800270C330493AF42FE
:108B00000AD30020D8F800301D4405F00F05C8F83E
:108B1000005009B0BDE8F08FE6B94946129A0398B3
:108B2000FFF792FBDDF810A00422514607A8EBF7EF
:108B300029FC079C042224BA013423BA504607A911
:108B40000793EBF71FFCECB9CA45AAF1040319D04F
:108B50009A46E9E7C6F110030024A5EB070A9A45F7
:108B600028BF9A46149B03EB070B139B3B440193CE
:108B7000129B1E44231D9A4506D2A2451FD80026EB
:108B80005744BCE71023E7E70593019B042219191A
:108B900007A8EBF7F7FB079B3119042207A80293FC
:108BA000EBF7F0FB079A029B0BEB04005A4007928D
:108BB00007A90422EBF7E6FB059B1C46DAE7019BBD
:108BC000325D1B5D53400BF804300134D5E76FF084
:108BD00086009EE738B5084615461C4651B14BB194
:108BE0001A462946EBF782FB2068401B18BF4FF05E
:108BF000FF3038BD6FF08600FBE70000431867D2F6
:108C00001F2A65D8013902F01403014400B581EA36
:108C1000000C142B0ED8DFE803F0100D0D0D3A0DEB
:108C20000D0D0D0D0D0D0D0D0D0D420D0D0D4A000F
:108C30001A0300D400205DF804FBBCF11F0F40E8CC
:108C400000F303D941E800F19942F3D122F0140274
:108C5000013A0A2AEED801A151F822F0318C090C10
:108C6000CB8C090C898C090C358C090C358C090CC2
:108C7000358C090C358C090CC58C090C318C090C10
:108C8000BF8C090C898C090C9A02D4D4D2E7BCF1B0
:108C90001F0F40E840F3D9D941E840F1D4E7BCF1D7
:108CA0001F0F40E880F3D1D941E880F1CCE7BCF157
:108CB0001F0F40E8C0F3C9D941E8C0F1C4E7DB02A7
:108CC000B9D4B7E75B03B5D5B5E75902B3D5B1E77A
:108CD0000020704753B94AB9002908BF00281CBFBB
:108CE0004FF0FF314FF0FF3000F0B2B9ADF1080C9A
:108CF0006DE904CE00F006F8DDF804E0DDE90223BA
:108D000004B070472DE9F04F8C46099E04460F468B
:108D1000002B48D18A4215465ED9B2FA82F33BB1A4
:108D2000C3F120029F409D409C4020FA02F217436D
:108D30004FEA154E1FFA85FC220CB7FBFEF10EFB25
:108D4000117701FB0CF042EA0742904207D9AA18BA
:108D500001F1FF3702D2904200F258813946121ACF
:108D6000A4B2B2FBFEF00EFB102200FB0CFC44EAA6
:108D70000244A4450BD92C1900F1FF322CBF012766
:108D80000027A44502D9002F00F04381104640EA95
:108D90000140A4EB0C0400211EB1DC400023C6E915
:108DA0000043BDE8F08F8B4206D90EB1C6E9000141
:108DB00000210846BDE8F08FB3FA83F1002951D1B4
:108DC0006345C0F01681824240F213810846002EAE
:108DD000E7D0C6E90047E4E7002A00F0AF80B2FA26
:108DE00082F3002B40F0C2808A1A4FEA154EAFB2D0
:108DF0000121200CB2FBFEFC0EFB1C2240EA0242C9
:108E000007FB0CF090420ED9AA180CF1FF382CBFCA
:108E10004FF001094FF00009904203D9B9F1000F5A
:108E200000F0F080C446121AA4B2B2FBFEF00EFBB2
:108E3000102200FB07F744EA0244A7420ED92C197E
:108E400000F1FF322CBF4FF0010E4FF0000EA74291
:108E500003D9BEF1000F00F0D2801046E41B40EAB7
:108E60000C4099E7C1F120058B400CFA01F400FA9F
:108E700001F922FA05F72CFA05FC8A401F4320FA73
:108E800005F3380C23431FFA87FE1C0CBCFBF0F8DB
:108E900000FB18CC44EA0C4408FB0EFCA4450ED998
:108EA0003C1908F1FF3A2CBF4FF0010B4FF0000BBB
:108EB000A44503D9BBF1000F00F0B880D046A4EB65
:108EC0000C041FFA83FCB4FBF0F300FB134403FB18
:108ED0000EFE4CEA0444A6450ED93C1903F1FF30BE
:108EE0002CBF4FF0010C4FF0000CA64503D9BCF18C
:108EF000000F00F09F80034643EA0840A4EB0E04F5
:108F0000A0FB02EC64457346E04602D307D1F1456D
:108F100005D2BEEB02036CEB070C0138E0465EB1F4
:108F2000B9EB030264EB080404FA05F522FA01F335
:108F3000CC401D43C6E90054002132E742082F46C9
:108F40004B08AC4642EAC172AE46C407110C92B25D
:108F500041EA034142EA0142B1FBF5F1B3FBF5F00E
:108F60001F23A2EB0C0241EA004142E79D40C3F1FE
:108F7000200299409C402CFA02FC4FEA154E20FA40
:108F800002F2AFB2BCFBFEF80A430EFB18CC110C88
:108F900041EA0C4108FB07FC8C4550D9691808F1DF
:108FA000FF302CBF4FF001094FF000098C4502D96A
:108FB000B9F1000F30D0A1EB0C01B1FBFEF808FBBA
:108FC00007FC0EFB181192B242EA0142624534D20C
:108FD000AA1808F1FF312CBF4FF001094FF000092A
:108FE0006245BED2B9F1000FBBD1A8F102012A44FB
:108FF000B7E7841A6CEB030201201746E7E62C441E
:1090000002382BE7ACF1020C2A440CE702392A445F
:10901000A5E62C440238BAE6A5EB0C0CA8F1020038
:109020006144B1FBFEF808FB07FCCAE7A8F102089F
:109030003C4444E7023B3C445EE7414691E7A1EBF8
:109040000C014046B1FBFEF808FB07FCB9E700BF86
:10905000704700BF3C0D0A50414E49432025732004
:10906000766563743D3078257820636673723D3091
:10907000782530387820686673723D30782530382E
:109080007820736673723D307825303878206266B8
:1090900061723D307825303878206D6D6661723DA3
:1090A00030782530387820736661723D307825300D
:1090B00038780D0A005365637572654661756C7486
:1090C0000055736167654661756C740054464D5F69
:1090D00043525950544F0054464D5F4154544553E8
:1090E000544154494F4E5F534552564943450054ED
:1090F000464D5F50524F5445435445445F53544F7F
:10910000524147455F534552564943450054464DE9
:109110005F494E5445524E414C5F5452555354454D
:10912000445F53544F524147455F5345525649435C
:10913000450054464D5F504C4154464F524D5F538D
:109140004552564943450054464D5F4649524D5796
:109150004152455F5550444154455F53455256492D
:1091600043450053464E5F544553545F5354415456
:10917000454C4553530053464E5F544553545F434B
:109180004F4E4E454354494F4E5F42415345440074
:1091900053464E5F544553545F434F4E4E454354E0
:1091A000494F4E5F52454655534544005B556E73DB
:1091B0007570706F727465645D005B4552525D003E
:1091C0005B4E4F545D005B57524E5D005B494E460F
:1091D0005D005B5645525D0085695369676E617439
:1091E00075726500846A5369676E61747572653162
:1091F000006086480165030402040060864801653A
:109200000304020100608648016503040202006055
:109210008648016503040203004145532D3235366B
:109220002D43434D2A2D4E4F2D5441470041455368
:109230002D3139322D43434D2A2D4E4F2D54414768
:10924000004145532D3132382D43434D2A2D4E4F89
:109250002D544147004145532D3235362D43434D62
:10926000004145532D3139322D43434D0041455383
:109270002D3132382D43434D004145532D32353683
:109280002D47434D004145532D3139322D47434D34
:10929000004145532D3132382D47434D0041455350
:1092A0002D3235362D435452004145532D3139323C
:1092B0002D435452004145532D3132382D435452E1
:1092C000004145532D3235362D4F4642004145531E
:1092D0002D3139322D4F4642004145532D31323820
:1092E0002D4F4642004145532D3235362D434642DF
:1092F000313238004145532D3139322D4346423108
:109300003238004145532D3132382D4346423132F7
:1093100038004145532D3235362D434243004145F7
:10932000532D3139322D434243004145532D3132C3
:10933000382D434243004145532D3235362D4543A8
:1093400042004145532D3139322D454342004145BC
:10935000532D3132382D454342000000BA91090C9B
:1093600000000000000000000000000000000000FD
:1093700000000000000000000000000000000000ED
:1093800000000000C091090C000000000000000077
:1093900000000000000000000000000000000000CD
:1093A000000000000000000000000000C691090C51
:1093B00000000000000000000000000000000000AD
:1093C000000000000000000000000000000000009D
:1093D00000000000CC91090C00000000000000001B
:1093E000000000000000000000000000000000007D
:1093F000000000000000000000000000D291090CF5
:10940000000000000000000000000000000000005C
:10941000000000000000000000000000000000004C
:10942000F9FFF0FF00800000000000007AFF030059
:1094300079FF030076FF05000080040000000000B3
:109440006BFF0D007AFF010073FF100069FF12002F
:1094500000801700010102045C81FF7F0000000012
:10946000000000000000000001010080656C080C95
:1094700000000000000000005D81FF7F0000000090
:109480000100000000000000010100800D6C080CCC
:1094900000000000000000005C81FF7F0000000071
:1094A000004000005D81FF7F02000000B094090CC5
:1094B0000501000000100000000000C400200000B2
:1094C0000D64080C404040000040408080808000D7
:1094D000009088684810141400001C2030401C20A4
:1094E00000001C20304000000000000050534100EC
:1094F0004B4559000202040204020406020604025B
:109500000406060206040206040608040204020415
:109510000E0406020A020606040606020A020402F5
:109520000C0C04020406020A060606020604020ADD
:109530000E0402040E060A020406080606040608C3
:1095400004080A020A02060406080402040C0804BD
:109550000804060C0212060A060602060A0606029D
:10956000060604020C0A02040606020C0406080A97
:10957000080A0806060408060408040E0A0C020A73
:109580000204020A0E0402040E0402041404080A6F
:10959000080406060E04060608060000AC95090C31
:1095A00001000800CC95090C010008005F9C95BCE7
:1095B000A3508C24B1D0B1559C83EF5B04445CC4B0
:1095C000581C8E86D8224EDDD09F1157E0EB7A7C56
:1095D0003B41B8AE1656E3FAF19FC46ADA098DEB47
:1095E0009C32B1FD866205165F49B800D1030000C8
:1095F000010000008335DC163BB124B65129C96F48
:10960000DE933D8D723A70AADC873D6D54A7BB0D89
:1096100014DEF9DEA2F79CD65812631A5CF5D3ED7E
:10962000414136D08C5ED2BF3BA048AFE6DCAEBA3B
:10963000FEFFFFFFFFFFFFFFFFFFFFFFFFFFFFFF3B
:10964000B8D410FB8FD0479C195485A648B417FD99
:10965000A808110EFCFBA45D65C4A32677DA3A487E
:109660009817F8165B81F259D928CE2DDBFC9B02A6
:10967000070B87CE9562A055ACBBDCF97E66BE7940
:1096800007000000000000002FFCFFFFFEFFFFFFAF
:10969000FFFFFFFFFFFFFFFFFFFFFFFFFFFFFFFFDA
:1096A000FFFFFFFFFFFFFFFF096438911EB76FBB8D
:1096B000AE479C89B8C9B53BD0A509F74801CC7F16
:1096C0006B962FBF83878651FAFFFFFFFFFFFFFFD7
:1096D000FFFFFFFFFFFFFFFFFFFFFFFFFFFFFFFF9A
:1096E000FFFFFFFFFFFFFFFFFF0100005066D19F5C
:1096F0007694BE8840C272A286703C356107AD3F49
:1097000001B950C54026F45E9972EE972C663E274B
:1097100017BDAF1768449B574944F598D91B7D2C5A
:10972000B45F8A5C04C03B9A786A2939180100004A
:1097300066BDE5C2317E7EF99B426A85C1B348337E
:10974000DEA8FFA227C11DFE2859E7EF775E4BA1D7
:10975000BA3D4D6B60AF28F821B53F053981649C57
:1097600042B4952366CB3E9ECDE90404B7068E85B0
:10977000C6000000003F506BD41F45EFF1342C3D74
:1097800088DF733507BFB13BBDC052167B937EECBB
:1097900051391956E109F18E9189B4B8F315B3998D
:1097A0005B72DAA2EE4085B6A0219A921F9A1C8EB7
:1097B00061B93E9551000000FFFFFFFFFFFFFFFF73
:1097C000FFFFFFFFFFFFFFFFFFFFFFFFFFFFFFFFA9
:1097D000FFFFFFFFFFFFFFFFFFFFFFFFFFFFFFFF99
:1097E000FFFFFFFFFFFFFFFFFFFFFFFFFFFFFFFF89
:1097F000FFFFFFFFFFFFFFFFFF0100007329C5CC44
:109800006A19ECEC7AA7B048B20D1A58DF2D37F47C
:10981000814D63C7FFFFFFFFFFFFFFFFFFFFFFFF5C
:10982000FFFFFFFFFFFFFFFFFFFFFFFF5F0EEA905D
:109830007C1D437A9D817E1DCEB1600AC0B8F0B513
:109840001331DAE97C149A28BD1DF4F829DC9292D0
:10985000BF989E5D6F2C26964ADE1736B70A767241
:10986000385E543A6C2955BF5DF20255382A54824D
:10987000E041F759989BA78B623B1D6E74AD20F3B6
:109880001EC7B18E37058BBE22CA87AAEF2AECD33A
:10989000EDC8852A9DD12E8A8D3956C65A87135018
:1098A0008F081403124181FE6E9C1D18192DF8E3D8
:1098B0006B058E98E4E73EE2A72F31B3FFFFFFFF71
:1098C0000000000000000000FFFFFFFFFEFFFFFFA1
:1098D000FFFFFFFFFFFFFFFFFFFFFFFFFFFFFFFF98
:1098E000FFFFFFFFFFFFFFFFFFFFFFFF512563FCAF
:1098F000C2CAB9F3849E17A7ADFAE6BCFFFFFFFF0B
:10990000FFFFFFFF00000000FFFFFFFFF551BF3723
:109910006840B6CBCE5E316B5733CE2B169E0F7C94
:109920004AEBE78E9B7F1AFEE242E34F96C298D83D
:109930004539A1F4A033EB2D817D0377F240A46378
:10994000E5E6BCF847422CE1F2D1176B4B60D22719
:109950003E3CCE3BF6B053CCB0061D65BC86987637
:1099600055BDEBB3E7933AAAD835C65AFFFFFFFFC0
:10997000FFFFFFFFFFFFFFFF0000000000000000EF
:109980000000000001000000FFFFFFFF01000000D9
:1099900010141400001C2030401C2000001C20303B
:1099A000404040400000404080808080000090881F
:1099B000684810141400001C2030401C2000001CBB
:1099C00020304000982F8A4291443771CFFBC0B5B8
:1099D000A5DBB5E95BC25639F111F159A4823F927A
:1099E000D55E1CAB98AA07D8015B8312BE853124D3
:1099F000C37D0C55745DBE72FEB1DE80A706DC9B94
:109A000074F19BC1C1699BE48647BEEFC69DC10F3F
:109A1000CCA10C246F2CE92DAA84744ADCA9B05C7B
:109A2000DA88F97652513E986DC631A8C82703B03E
:109A3000C77F59BFF30BE0C64791A7D55163CA064C
:109A400067292914850AB72738211B2EFC6D2C4D58
:109A5000130D385354730A65BB0A6A762EC9C28146
:109A6000852C7292A1E8BFA24B661AA8708B4BC2DC
:109A7000A3516CC719E892D1240699D685350EF406
:109A800070A06A1016C1A419086C371E4C774827BD
:109A9000B5BCB034B30C1C394AAAD84E4FCA9C5B33
:109AA000F36F2E68EE828F746F63A5781478C88484
:109AB0000802C78CFAFFBE90EB6C50A4F7A3F9BE66
:109AC000F27871C60000000022AE28D7982F8A4293
:109AD000CD65EF23914437712F3B4DECCFFBC0B5E3
:109AE000BCDB8981A5DBB5E938B548F35BC25639E3
:109AF00019D005B6F111F1599B4F19AFA4823F92CD
:109B000018816DDAD55E1CAB420203A398AA07D870
:109B1000BE6F7045015B83128CB2E44EBE8531246A
:109B2000E2B4FFD5C37D0C556F897BF2745DBE72C4
:109B3000B196163BFEB1DE803512C725A706DC9B29
:109B4000942669CF74F19BC1D24AF19EC1699BE40E
:109B5000E3254F388647BEEFB5D58C8BC69DC10F28
:109B6000659CAC77CCA10C2475022B596F2CE92D88
:109B700083E4A66EAA84744AD4FB41BDDCA9B05C20
:109B8000B5531183DA88F976ABDF66EE52513E9811
:109B90001032B42D6DC631A83F21FB98C82703B001
:109BA000E40EEFBEC77F59BFC28FA83DF30BE0C6DE
:109BB00025A70A934791A7D56F8203E05163CA0690
:109BC000706E0E0A67292914FC2FD246850AB72722
:109BD00026C9265C38211B2EED2AC45AFC6D2C4D5B
:109BE000DFB3959D130D3853DE63AF8B54730A6555
:109BF000A8B2773CBB0A6A76E6AEED472EC9C281B1
:109C00003B358214852C72926403F14CA1E8BFA20B
:109C1000013042BC4B661AA89197F8D0708B4BC2AA
:109C200030BE5406A3516CC71852EFD619E892D132
:109C300010A96555240699D62A20715785350EF44A
:109C4000B8D1BB3270A06A10C8D0D2B816C1A4195E
:109C500053AB4151086C371E99EB8EDF4C77482788
:109C6000A8489BE1B5BCB034635AC9C5B30C1C39D4
:109C7000CB8A41E34AAAD84E73E363774FCA9C5B11
:109C8000A3B8B2D6F36F2E68FCB2EF5DEE828F748C
:109C9000602F17436F63A57872ABF0A11478C88466
:109CA000EC39641A0802C78C281E6323FAFFBE90A1
:109CB000E9BD82DEEB6C50A41579C6B2F7A3F9BEFC
:109CC0002B5372E3F27871C69C6126EACE3E27CA16
:109CD00007C2C021C7B886D11EEBE0CDD67DDAEA37
:109CE00078D16EEE7F4F7DF5BA6F1772AA67F006D6
:109CF000A698C8A2C57D630AAE0DF9BE04983F11AF
:109D00001B471C13350B711B847D0423F577DB285F
:109D10009324C7407BABCA32BCBEC9150ABE9E3C69
:109D20004C0D109CC4671D43B6423ECBBED4C54CFF
:109D30002A7E65FC9C297F59ECFAD63AAB6FCB5F43
:109D40001758474A8C19446C619D090C5E9D090C9B
:109D50005B9D090C589D090C0B40800A308009203E
:109D600040081C40F191090C0900000008000000A7
:109D7000FB91090C09000000090000000592090C84
:109D8000090000000A0000000F92090C0900000001
:109D90000B000000000000000000000000000000B8
:109DA000849F090CA49E090CE49E090C020000008B
:109DB0007C9F090C03000000749F090C0400000044
:109DC0006C9F090C05000000649F090C0600000050
:109DD0005C9F090C07000000549F090C080000005C
:109DE0004C9F090C09000000449F090C0A00000068
:109DF0003C9F090C41000000349F090C4200000008
:109E00002C9F090C43000000249F090C0B0000004C
:109E10001C9F090C0C000000149F090C0D00000091
:109E20000C9F090C0E000000DC9E090C0F000000C6
:109E3000D49E090C10000000CC9E090C20000000EC
:109E40009C9E090C21000000949E090C2200000039
:109E50008C9E090C23000000849E090C2400000045
:109E60007C9E090C25000000749E090C0000000077
:109E7000000000001992090C709425052D92090C20
:109E8000709324054192090C709223055592090C98
:109E9000708422056192090C708321056D92090C72
:109EA0007082200502000000000000000000000099
:109EB000000000000000000000000000A165090C87
:109EC000A165090C8B65090C7965090C7992090C5F
:109ED000706410098592090C70630F099192090C46
:109EE00070620E0902000000000000000000000087
:109EF0000000000000000000000000006F65090C79
:109F00006F65090C5765090C4565090C9D92090C94
:109F100090540D00A992090C90530C00B592090CB5
:109F200090520B00C192090C90444300CD92090C51
:109F300090434200D992090C90424100E592090CED
:109F400090340A00F492090C903309000393090C31
:109F5000903208001293090C902407001E93090CFC
:109F6000902306002A93090C902205003693090CD1
:109F7000101404004293090C101303004E93090CB3
:109F80001012020002000000ED65090CE965090CE1
:109F9000E565090CE165090CDD65090CD965090C5D
:109FA000D565090CBD65090CAB65090C0000201CCA
:109FB000403860248070A06CC048E05400E120FD6F
:109FC00040D960C58091A08DC0A9E0B50000000017
:109FD0000000000000000000000000000000000081
:109FE00024EDFF7F010000000000000000000000E1
:109FF0000000000000000000000000000000000061
:10A000000000000000000000000000000000000050
:10A010000000000000000000000000000000000040
:10A020000000000000000000000000000000000030
:10A030000000000000000000000000000000000020
:10A040000000000000000000000000000000000010
:10A050000000000000000000000000000000000000
:10A0600000000000000000000000000000000000F0
:10A0700000000000000000000000000000000000E0
:10A0800000000000000000000000000000000000D0
:10A0900000000000000000000000000000000000C0
:10A0A00000000000000000000000000000000000B0
:10A0B00000000000000000000000000000000000A0
:10A0C0000000000000000000000000000000000090
:10A0D0000000000000000000000000000000000080
:10A0E0000000000000000000000000000000000070
:10A0F0000000000000000000000000000000000060
:10A10000000000000000000000000000000000004F
:10A11000000000000000000000000000000000003F
:10A12000000000000000000000000000000000002F
:10A13000000000000000000000000000000000001F
:10A14000000000000000000000000000000000000F
:10A1500000000000000000000000000000000000FF
:10A1600000000000000000000000000000000000EF
:10A1700000000000000000000000000000000000DF
:10A1800000000000000000000000000000000000CF
:10A1900000000000000000000000000000000000BF
:10A1A00000000000000000000000000000000000AF
:10A1B000000000000000000000000000000000009F
:10A1C000000000000000000000000000000000008F
:10A1D000000000000000000000000000000000007F
:10A1E000000000000000000000000000000000006F
:10A1F000000000000000000000000000000000005F
:10A20000000000000000000000000000000000004E
:10A21000000000000000000000000000000000003E
:10A22000000000000000000000000000000000002E
:10A23000000000000000000000000000000000001E
:10A24000000000000000000000000000000000000E
:10A2500000000000000000000000000000000000FE
:10A2600000000000000000000000000000000000EE
:10A2700000000000000000000000000000000000DE
:10A2800000000000000000000000000000000000CE
:10A2900000000000000000000000000000000000BE
:10A2A00000000000000000000000000000000000AE
:10A2B000000000000000000000000000000000009E
:10A2C000000000000000000000000000000000008E
:10A2D000000000000000000000000000000000007E
:10A2E000000000000000000000000000000000006E
:10A2F000000000000000000000000000000000005E
:10A30000000000000000000000000000000000004D
:10A31000000000000000000000000000000000003D
:10A32000000000000000000000000000000000002D
:10A33000000000000000000000000000000000001D
:10A34000000000000000000000000000000000000D
:10A3500000000000000000000000000000000000FD
:10A3600000000000000000000000000000000000ED
:10A3700000000000000000000000000000000000DD
:10A3800000000000000000000000000000000000CD
:10A3900000000000000000000000000000000000BD
:10A3A00000000000000000000000000000000000AD
:10A3B000000000000000000000000000000000009D
:10A3C000000000000000000000000000000000008D
:10A3D000000000000000000000000000000000007D
:10A3E000000000000000000000000000000000006D
:10A3F000000000000000000000000000000000005D
:10A40000000000000000000000000000000000004C
:10A41000000000000000000000000000000000003C
:10A42000000000000000000000000000000000002C
:10A43000000000000000000000000000000000001C
:10A44000000000000000000000000000000000000C
:10A4500000000000000000000000000000000000FC
:10A4600000000000000000000000000000000000EC
:10A4700000000000000000000000000000000000DC
:10A4800000000000000000000000000000000000CC
:10A4900000000000000000000000000000000000BC
:10A4A00000000000000000000000000000000000AC
:10A4B000000000000000000000000000000000009C
:10A4C000000000000000000000000000000000008C
:10A4D000000000000000000000000000000000007C
:10A4E000000000000000000000000000000000006C
:10A4F000000000000000000000000000000000005C
:10A50000000000000000000000000000000000004B
:10A51000000000000000000000000000000000003B
:10A52000000000000000000000000000000000002B
:10A53000000000000000000000000000000000001B
:10A54000000000000000000000000000000000000B
:10A5500000000000000000000000000000000000FB
:10A5600000000000000000000000000000000000EB
:10A5700000000000000000000000000000000000DB
:10A5800000000000000000000000000000000000CB
:10A5900000000000000000000000000000000000BB
:10A5A00000000000000000000000000000000000AB
:10A5B000000000000000000000000000000000009B
:10A5C000000000000000000000000000000000008B
:10A5D000000000000000000000000000000000007B
:10A5E000000000000000000000000000000000006B
:10A5F000000000000000000000000000000000005B
:10A60000000000000000000000000000000000004A
:10A61000000000000000000000000000000000003A
:10A62000000000000000000000000000000000002A
:10A63000000000000000000000000000000000001A
:10A64000000000000000000000000000000000000A
:10A6500000000000000000000000000000000000FA
:10A6600000000000000000000000000000000000EA
:10A6700000000000000000000000000000000000DA
:10A6800000000000000000000000000000000000CA
:10A6900000000000000000000000000000000000BA
:10A6A00000000000000000000000000000000000AA
:10A6B000000000000000000000000000000000009A
:10A6C000000000000000000000000000000000008A
:10A6D000000000000000000000000000000000007A
:10A6E000000000000000000000000000000000006A
:10A6F000000000000000000000000000000000005A
:10A700000000000000000000000000000000000049
:10A710000000000000000000000000000000000039
:10A720000000000000000000000000000000000029
:10A730000000000000000000000000000000000019
:10A740000000000000000000000000000000000009
:10A7500000000000000000000000000000000000F9
:10A7600000000000000000000000000000000000E9
:10A7700000000000000000000000000000000000D9
:10A7800000000000000000000000000000000000C9
:10A7900000000000000000000000000000000000B9
:10A7A00000000000000000000000000000000000A9
:10A7B0000000000000000000000000000000000099
:10A7C0000000000000000000000000000000000089
:10A7D0000000000000000000000000000000000079
:10A7E0000000000000000000000000000000000069
:10A7F0000000000000000000000000000000000059
:10A800000000000000000000000000000000000048
:10A810000000000000000000000000000000000038
:10A820000000000000000000000000000000000028
:10A830000000000000000000000000000000000018
:10A840000000000000000000000000000000000008
:10A8500000000000000000000000000000000000F8
:10A8600000000000000000000000000000000000E8
:10A8700000000000000000000000000000000000D8
:10A8800000000000000000000000000000000000C8
:10A8900000000000000000000000000000000000B8
:10A8A00000000000000000000000000000000000A8
:10A8B0000000000000000000000000000000000098
:10A8C0000000000000000000000000000000000088
:10A8D0000000000000000000000000000000000078
:10A8E0000000000000000000000000000000000068
:10A8F0000000000000000000000000000000000058
:10A900000000000000000000000000000000000047
:10A910000000000000000000000000000000000037
:10A920000000000000000000000000000000000027
:10A930000000000000000000000000000000000017
:10A940000000000000000000000000000000000007
:10A9500000000000000000000000000000000000F7
:10A9600000000000000000000000000000000000E7
:10A9700000000000000000000000000000000000D7
:10A9800000000000000000000000000000000000C7
:10A9900000000000000000000000000000000000B7
:10A9A00000000000000000000000000000000000A7
:10A9B0000000000000000000000000000000000097
:10A9C0000000000000000000000000000000000087
:10A9D0000000000000000000000000000000000077
:10A9E0000000000000000000000000000000000067
:10A9F0000000000000000000000000000000000057
:10AA00000000000000000000000000000000000046
:10AA10000000000000000000000000000000000036
:10AA20000000000000000000000000000000000026
:10AA30000000000000000000000000000000000016
:10AA40000000000000000000000000000000000006
:10AA500000000000000000000000000000000000F6
:10AA600000000000000000000000000000000000E6
:10AA700000000000000000000000000000000000D6
:10AA800000000000000000000000000000000000C6
:10AA900000000000000000000000000000000000B6
:10AAA00000000000000000000000000000000000A6
:10AAB0000000000000000000000000000000000096
:10AAC0000000000000000000000000000000000086
:10AAD0000000000000000000000000000000000076
:10AAE0000000000000000000000000000000000066
:10AAF0000000000000000000000000000000000056
:10AB00000000000000000000000000000000000045
:10AB10000000000000000000000000000000000035
:10AB20000000000000000000000000000000000025
:10AB30000000000000000000000000000000000015
:10AB40000000000000000000000000000000000005
:10AB500000000000000000000000000000000000F5
:10AB600000000000000000000000000000000000E5
:10AB700000000000000000000000000000000000D5
:10AB800000000000000000000000000000000000C5
:10AB900000000000000000000000000000000000B5
:10ABA00000000000000000000000000000000000A5
:10ABB0000000000000000000000000000000000095
:10ABC0000000000000000000000000000000000085
:10ABD0000000000000000000000000000000000075
:10ABE0000000000000000000000000000000000065
:10ABF0000000000000000000000000000000000055
:10AC00000000000000000000000000000000000044
:10AC10000000000000000000000000000000000034
:10AC20000000000000000000000000000000000024
:10AC30000000000000000000000000000000000014
:10AC40000000000000000000000000000000000004
:10AC500000000000000000000000000000000000F4
:10AC600000000000000000000000000000000000E4
:10AC700000000000000000000000000000000000D4
:10AC800000000000000000000000000000000000C4
:10AC900000000000000000000000000000000000B4
:10ACA00000000000000000000000000000000000A4
:10ACB0000000000000000000000000000000000094
:10ACC0000000000000000000000000000000000084
:10ACD0000000000000000000000000000000000074
:10ACE0000000000000000000000000000000000064
:10ACF0000000000000000000000000000000000054
:10AD00000000000000000000000000000000000043
:10AD10000000000000000000000000000000000033
:10AD20000000000000000000000000000000000023
:10AD30000000000000000000000000000000000013
:10AD40000000000000000000000000000000000003
:10AD500000000000000000000000000000000000F3
:10AD600000000000000000000000000000000000E3
:10AD700000000000000000000000000000000000D3
:10AD800000000000000000000000000000000000C3
:10AD900000000000000000000000000000000000B3
:10ADA00000000000000000000000000000000000A3
:10ADB0000000000000000000000000000000000093
:10ADC0000000000000000000000000000000000083
:10ADD0000000000000000000000000000000000073
:10ADE0000000000000000000000000000000000063
:10ADF0000000000000000000000000000000000053
:10AE00000000000000000000000000000000000042
:10AE10000000000000000000000000000000000032
:10AE20000000000000000000000000000000000022
:10AE30000000000000000000000000000000000012
:10AE40000000000000000000000000000000000002
:10AE500000000000000000000000000000000000F2
:10AE600000000000000000000000000000000000E2
:10AE700000000000000000000000000000000000D2
:10AE800000000000000000000000000000000000C2
:10AE900000000000000000000000000000000000B2
:10AEA00000000000000000000000000000000000A2
:10AEB0000000000000000000000000000000000092
:10AEC0000000000000000000000000000000000082
:10AED0000000000000000000000000000000000072
:10AEE0000000000000000000000000000000000062
:10AEF0000000000000000000000000000000000052
:10AF00000000000000000000000000000000000041
:10AF10000000000000000000000000000000000031
:10AF20000000000000000000000000000000000021
:10AF30000000000000000000000000000000000011
:10AF40000000000000000000000000000000000001
:10AF500000000000000000000000000000000000F1
:10AF600000000000000000000000000000000000E1
:10AF700000000000000000000000000000000000D1
:10AF800000000000000000000000000000000000C1
:10AF900000000000000000000000000000000000B1
:10AFA00000000000000000000000000000000000A1
:10AFB0000000000000000000000000000000000091
:10AFC0000000000000000000000000000000000081
:10AFD0000000000000000000000000000000000071
:10AFE0000000000000000000000000000000000061
:10AFF0000000000000000000000000000000000051
:10B000000000000000000000000000000000000040
:10B010000000000000000000000000000000000030
:10B020000000000000000000000000000000000020
:10B030000000000000000000000000000000000010
:10B040000000000000000000000000000000000000
:10B0500000000000000000000000000000000000F0
:10B0600000000000000000000000000000000000E0
:10B0700000000000000000000000000000000000D0
:10B0800000000000000000000000000000000000C0
:10B0900000000000000000000000000000000000B0
:10B0A00000000000000000000000000000000000A0
:10B0B0000000000000000000000000000000000090
:10B0C0000000000000000000000000000000000080
:10B0D0000000000000000000000000000000000070
:10B0E0000000000000000000000000000000000060
:10B0F0000000000000000000000000000000000050
:10B10000000000000000000000000000000000003F
:10B11000000000000000000000000000000000002F
:10B12000000000000000000000000000000000001F
:10B13000000000000000000000000000000000000F
:10B1400000000000000000000000000000000000FF
:10B1500000000000000000000000000000000000EF
:10B1600000000000000000000000000000000000DF
:10B1700000000000000000000000000000000000CF
:10B1800000000000000000000000000000000000BF
:10B1900000000000000000000000000000000000AF
:10B1A000000000000000000000000000000000009F
:10B1B000000000000000000000000000000000008F
:10B1C000000000000000000000000000000000007F
:10B1D000000000000000000000000000000000006F
:10B1E000000000000000000000000000000000005F
:10B1F000000000000000000000000000000000004F
:10B20000000000000000000000000000000000003E
:10B21000000000000000000000000000000000002E
:10B22000000000000000000000000000000000001E
:10B23000000000000000000000000000000000000E
:10B2400000000000000000000000000000000000FE
:10B2500000000000000000000000000000000000EE
:10B2600000000000000000000000000000000000DE
:10B2700000000000000000000000000000000000CE
:10B2800000000000000000000000000000000000BE
:10B2900000000000000000000000000000000000AE
:10B2A000000000000000000000000000000000009E
:10B2B000000000000000000000000000000000008E
:10B2C000000000000000000000000000000000007E
:10B2D000000000000000000000000000000000006E
:10B2E000000000000000000000000000000000005E
:10B2F000000000000000000000000000000000004E
:10B30000000000000000000000000000000000003D
:10B31000000000000000000000000000000000002D
:10B32000000000000000000000000000000000001D
:10B33000000000000000000000000000000000000D
:10B3400000000000000000000000000000000000FD
:10B3500000000000000000000000000000000000ED
:10B3600000000000000000000000000000000000DD
:10B3700000000000000000000000000000000000CD
:10B3800000000000000000000000000000000000BD
:10B3900000000000000000000000000000000000AD
:10B3A000000000000000000000000000000000009D
:10B3B000000000000000000000000000000000008D
:10B3C000000000000000000000000000000000007D
:10B3D000000000000000000000000000000000006D
:10B3E000000000000000000000000000000000005D
:10B3F000000000000000000000000000000000004D
:10B40000000000000000000000000000000000003C
:10B41000000000000000000000000000000000002C
:10B42000000000000000000000000000000000001C
:10B43000000000000000000000000000000000000C
:10B4400000000000000000000000000000000000FC
:10B4500000000000000000000000000000000000EC
:10B4600000000000000000000000000000000000DC
:10B4700000000000000000000000000000000000CC
:10B4800000000000000000000000000000000000BC
:10B4900000000000000000000000000000000000AC
:10B4A000000000000000000000000000000000009C
:10B4B000000000000000000000000000000000008C
:10B4C000000000000000000000000000000000007C
:10B4D000000000000000000000000000000000006C
:10B4E000000000000000000000000000000000005C
:10B4F000000000000000000000000000000000004C
:10B50000000000000000000000000000000000003B
:10B51000000000000000000000000000000000002B
:10B52000000000000000000000000000000000001B
:10B53000000000000000000000000000000000000B
:10B5400000000000000000000000000000000000FB
:10B5500000000000000000000000000000000000EB
:10B5600000000000000000000000000000000000DB
:10B5700000000000000000000000000000000000CB
:10B5800000000000000000000000000000000000BB
:10B5900000000000000000000000000000000000AB
:10B5A000000000000000000000000000000000009B
:10B5B000000000000000000000000000000000008B
:10B5C000000000000000000000000000000000007B
:10B5D000000000000000000000000000000000006B
:10B5E000000000000000000000000000000000005B
:10B5F000000000000000000000000000000000004B
:10B60000000000000000000000000000000000003A
:10B61000000000000000000000000000000000002A
:10B62000000000000000000000000000000000001A
:10B63000000000000000000000000000000000000A
:10B6400000000000000000000000000000000000FA
:10B6500000000000000000000000000000000000EA
:10B6600000000000000000000000000000000000DA
:10B6700000000000000000000000000000000000CA
:10B6800000000000000000000000000000000000BA
:10B6900000000000000000000000000000000000AA
:10B6A000000000000000000000000000000000009A
:10B6B000000000000000000000000000000000008A
:10B6C000000000000000000000000000000000007A
:10B6D000000000000000000000000000000000006A
:10B6E000000000000000000000000000000000005A
:10B6F000000000000000000000000000000000004A
:10B700000000000000000000000000000000000039
:10B710000000000000000000000000000000000029
:10B720000000000000000000000000000000000019
:10B730000000000000000000000000000000000009
:10B7400000000000000000000000000000000000F9
:10B7500000000000000000000000000000000000E9
:10B7600000000000000000000000000000000000D9
:10B7700000000000000000000000000000000000C9
:10B7800000000000000000000000000000000000B9
:10B7900000000000000000000000000000000000A9
:10B7A0000000000000000000000000000000000099
:10B7B0000000000000000000000000000000000089
:10B7C0000000000000000000000000000000000079
:10B7D0000000000000000000000000000000000069
:10B7E0000000000000000000000000000000000059
:10B7F0000000000000000000000000000000000049
:10B800000000000000000000000000000000000038
:10B810000000000000000000000000000000000028
:10B820000000000000000000000000000000000018
:10B830000000000000000000000000000000000008
:10B8400000000000000000000000000000000000F8
:10B8500000000000000000000000000000000000E8
:10B8600000000000000000000000000000000000D8
:10B8700000000000000000000000000000000000C8
:10B8800000000000000000000000000000000000B8
:10B8900000000000000000000000000000000000A8
:10B8A0000000000000000000000000000000000098
:10B8B0000000000000000000000000000000000088
:10B8C0000000000000000000000000000000000078
:10B8D0000000000000000000000000000000000068
:10B8E0000000000000000000000000000000000058
:10B8F0000000000000000000000000000000000048
:10B900000000000000000000000000000000000037
:10B910000000000000000000000000000000000027
:10B920000000000000000000000000000000000017
:10B930000000000000000000000000000000000007
:10B9400000000000000000000000000000000000F7
:10B9500000000000000000000000000000000000E7
:10B9600000000000000000000000000000000000D7
:10B9700000000000000000000000000000000000C7
:10B9800000000000000000000000000000000000B7
:10B9900000000000000000000000000000000000A7
:10B9A0000000000000000000000000000000000097
:10B9B0000000000000000000000000000000000087
:10B9C0000000000000000000000000000000000077
:10B9D0000000000000000000000000000000000067
:10B9E0000000000000000000000000000000000057
:10B9F0000000000000000000000000000000000047
:10BA00000000000000000000000000000000000036
:10BA10000000000000000000000000000000000026
:10BA20000000000000000000000000000000000016
:10BA30000000000000000000000000000000000006
:10BA400000000000000000000000000000000000F6
:10BA500000000000000000000000000000000000E6
:10BA600000000000000000000000000000000000D6
:10BA700000000000000000000000000000000000C6
:10BA800000000000000000000000000000000000B6
:10BA900000000000000000000000000000000000A6
:10BAA0000000000000000000000000000000000096
:10BAB0000000000000000000000000000000000086
:10BAC0000000000000000000000000000000000076
:10BAD0000000000000000000000000000000000066
:10BAE0000000000000000000000000000000000056
:10BAF0000000000000000000000000000000000046
:10BB00000000000000000000000000000000000035
:10BB10000000000000000000000000000000000025
:10BB20000000000000000000000000000000000015
:10BB30000000000000000000000000000000000005
:10BB400000000000000000000000000000000000F5
:10BB500000000000000000000000000000000000E5
:10BB600000000000000000000000000000000000D5
:10BB700000000000000000000000000000000000C5
:10BB800000000000000000000000000000000000B5
:10BB900000000000000000000000000000000000A5
:10BBA0000000000000000000000000000000000095
:10BBB0000000000000000000000000000000000085
:10BBC0000000000000000000000000000000000075
:10BBD0000000000000000000000000000000000065
:10BBE0000000000000000000000000000000000055
:10BBF0000000000000000000000000000000000045
:10BC00000000000000000000000000000000000034
:10BC10000000000000000000000000000000000024
:10BC20000000000000000000000000000000000014
:10BC30000000000000000000000000000000000004
:10BC400000000000000000000000000000000000F4
:10BC500000000000000000000000000000000000E4
:10BC600000000000000000000000000000000000D4
:10BC700000000000000000000000000000000000C4
:10BC800000000000000000000000000000000000B4
:10BC900000000000000000000000000000000000A4
:10BCA0000000000000000000000000000000000094
:10BCB0000000000000000000000000000000000084
:10BCC0000000000000000000000000000000000074
:10BCD0000000000000000000000000000000000064
:10BCE0000000000000000000000000000000000054
:10BCF0000000000000000000000000000000000044
:10BD00000000000000000000000000000000000033
:10BD10000000000000000000000000000000000023
:10BD20000000000000000000000000000000000013
:10BD30000000000000000000000000000000000003
:10BD400000000000000000000000000000000000F3
:10BD500000000000000000000000000000000000E3
:10BD600000000000000000000000000000000000D3
:10BD700000000000000000000000000000000000C3
:10BD800000000000000000000000000000000000B3
:10BD900000000000000000000000000000000000A3
:10BDA0000000000000000000000000000000000093
:10BDB0000000000000000000000000000000000083
:10BDC0000000000000000000000000000000000073
:10BDD0000000000000000000000000000000000063
:10BDE0000000000000000000000000000000000053
:10BDF0000000000000000000000000000000000043
:10BE00000000000000000000000000000000000032
:10BE10000000000000000000000000000000000022
:10BE20000000000000000000000000000000000012
:10BE30000000000000000000000000000000000002
:10BE400000000000000000000000000000000000F2
:10BE500000000000000000000000000000000000E2
:10BE600000000000000000000000000000000000D2
:10BE700000000000000000000000000000000000C2
:10BE800000000000000000000000000000000000B2
:10BE900000000000000000000000000000000000A2
:10BEA0000000000000000000000000000000000092
:10BEB0000000000000000000000000000000000082
:10BEC0000000000000000000000000000000000072
:10BED0000000000000000000000000000000000062
:10BEE0000000000000000000000000000000000052
:10BEF0000000000000000000000000000000000042
:10BF00000000000000000000000000000000000031
:10BF10000000000000000000000000000000000021
:10BF20000000000000000000000000000000000011
:10BF30000000000000000000000000000000000001
:10BF400000000000000000000000000000000000F1
:10BF500000000000000000000000000000000000E1
:10BF600000000000000000000000000000000000D1
:10BF700000000000000000000000000000000000C1
:10BF800000000000000000000000000000000000B1
:10BF900000000000000000000000000000000000A1
:10BFA0000000000000000000000000000000000091
:10BFB0000000000000000000000000000000000081
:10BFC0000000000000000000000000000000000071
:10BFD0000000000000000000000000000000000061
:10BFE0000000000000000000000000000000000051
:10BFF0000000000000000000000000000000000041
:10C000000000000000000000000000000000000030
:10C010000000000000000000000000000000000020
:10C020000000000000000000000000000000000010
:10C030000000000000000000000000000000000000
:10C0400000000000000000000000000000000000F0
:10C0500000000000000000000000000000000000E0
:10C0600000000000000000000000000000000000D0
:10C0700000000000000000000000000000000000C0
:10C0800000000000000000000000000000000000B0
:10C0900000000000000000000000000000000000A0
:10C0A0000000000000000000000000000000000090
:10C0B0000000000000000000000000000000000080
:10C0C0000000000000000000000000000000000070
:10C0D0000000000000000000000000000000000060
:10C0E0000000000000000000000000000000000050
:10C0F0000000000000000000000000000000000040
:10C10000000000000000000000000000000000002F
:10C11000000000000000000000000000000000001F
:10C12000000000000000000000000000000000000F
:10C1300000000000000000000000000000000000FF
:10C1400000000000000000000000000000000000EF
:10C1500000000000000000000000000000000000DF
:10C1600000000000000000000000000000000000CF
:10C1700000000000000000000000000000000000BF
:10C1800000000000000000000000000000000000AF
:10C19000000000000000000000000000000000009F
:10C1A000000000000000000000000000000000008F
:10C1B000000000000000000000000000000000007F
:10C1C000000000000000000000000000000000006F
:10C1D000000000000000000000000000000000005F
:10C1E000000000000000000000000000000000004F
:10C1F000000000000000000000000000000000003F
:10C20000000000000000000000000000000000002E
:10C21000000000000000000000000000000000001E
:10C22000000000000000000000000000000000000E
:10C2300000000000000000000000000000000000FE
:10C2400000000000000000000000000000000000EE
:10C2500000000000000000000000000000000000DE
:10C2600000000000000000000000000000000000CE
:10C2700000000000000000000000000000000000BE
:10C2800000000000000000000000000000000000AE
:10C29000000000000000000000000000000000009E
:10C2A000000000000000000000000000000000008E
:10C2B000000000000000000000000000000000007E
:10C2C000000000000000000000000000000000006E
:10C2D000000000000000000000000000000000005E
:10C2E000000000000000000000000000000000004E
:10C2F000000000000000000000000000000000003E
:10C30000000000000000000000000000000000002D
:10C31000000000000000000000000000000000001D
:10C32000000000000000000000000000000000000D
:10C3300000000000000000000000000000000000FD
:10C3400000000000000000000000000000000000ED
:10C3500000000000000000000000000000000000DD
:10C3600000000000000000000000000000000000CD
:10C3700000000000000000000000000000000000BD
:10C3800000000000000000000000000000000000AD
:10C39000000000000000000000000000000000009D
:10C3A000000000000000000000000000000000008D
:10C3B000000000000000000000000000000000007D
:10C3C000000000000000000000000000000000006D
:10C3D000000000000000000000000000000000005D
:10C3E000000000000000000000000000000000004D
:10C3F000000000000000000000000000000000003D
:10C40000000000000000000000000000000000002C
:10C41000000000000000000000000000000000001C
:10C42000000000000000000000000000000000000C
:10C4300000000000000000000000000000000000FC
:10C4400000000000000000000000000000000000EC
:10C4500000000000000000000000000000000000DC
:10C4600000000000000000000000000000000000CC
:10C4700000000000000000000000000000000000BC
:10C4800000000000000000000000000000000000AC
:10C49000000000000000000000000000000000009C
:10C4A000000000000000000000000000000000008C
:10C4B000000000000000000000000000000000007C
:10C4C000000000000000000000000000000000006C
:10C4D000000000000000000000000000000000005C
:10C4E000000000000000000000000000000000004C
:10C4F000000000000000000000000000000000003C
:10C50000000000000000000000000000000000002B
:10C51000000000000000000000000000000000001B
:10C52000000000000000000000000000000000000B
:10C5300000000000000000000000000000000000FB
:10C5400000000000000000000000000000000000EB
:10C5500000000000000000000000000000000000DB
:10C5600000000000000000000000000000000000CB
:10C5700000000000000000000000000000000000BB
:10C5800000000000000000000000000000000000AB
:10C59000000000000000000000000000000000009B
:10C5A000000000000000000000000000000000008B
:10C5B000000000000000000000000000000000007B
:10C5C000000000000000000000000000000000006B
:10C5D000000000000000000000000000000000005B
:10C5E000000000000000000000000000000000004B
:10C5F000000000000000000000000000000000003B
:10C60000000000000000000000000000000000002A
:10C61000000000000000000000000000000000001A
:10C62000000000000000000000000000000000000A
:10C6300000000000000000000000000000000000FA
:10C6400000000000000000000000000000000000EA
:10C6500000000000000000000000000000000000DA
:10C6600000000000000000000000000000000000CA
:10C6700000000000000000000000000000000000BA
:10C6800000000000000000000000000000000000AA
:10C69000000000000000000000000000000000009A
:10C6A000000000000000000000000000000000008A
:10C6B000000000000000000000000000000000007A
:10C6C000000000000000000000000000000000006A
:10C6D000000000000000000000000000000000005A
:10C6E000000000000000000000000000000000004A
:10C6F000000000000000000000000000000000003A
:10C700000000000000000000000000000000000029
:10C710000000000000000000000000000000000019
:10C720000000000000000000000000000000000009
:10C7300000000000000000000000000000000000F9
:10C7400000000000000000000000000000000000E9
:10C7500000000000000000000000000000000000D9
:10C7600000000000000000000000000000000000C9
:10C7700000000000000000000000000000000000B9
:10C7800000000000000000000000000000000000A9
:10C790000000000000000000000000000000000099
:10C7A0000000000000000000000000000000000089
:10C7B0000000000000000000000000000000000079
:10C7C0000000000000000000000000000000000069
:10C7D0000000000000000000000000000000000059
:10C7E0000000000000000000000000000000000049
:10C7F0000000000000000000000000000000000039
:10C800000000000000000000000000000000000028
:10C810000000000000000000000000000000000018
:10C820000000000000000000000000000000000008
:10C8300000000000000000000000000000000000F8
:10C8400000000000000000000000000000000000E8
:10C8500000000000000000000000000000000000D8
:10C8600000000000000000000000000000000000C8
:10C8700000000000000000000000000000000000B8
:10C8800000000000000000000000000000000000A8
:10C890000000000000000000000000000000000098
:10C8A0000000000000000000000000000000000088
:10C8B0000000000000000000000000000000000078
:10C8C0000000000000000000000000000000000068
:10C8D0000000000000000000000000000000000058
:10C8E0000000000000000000000000000000000048
:10C8F0000000000000000000000000000000000038
:10C900000000000000000000000000000000000027
:10C910000000000000000000000000000000000017
:10C920000000000000000000000000000000000007
:10C9300000000000000000000000000000000000F7
:10C9400000000000000000000000000000000000E7
:10C9500000000000000000000000000000000000D7
:10C9600000000000000000000000000000000000C7
:10C9700000000000000000000000000000000000B7
:10C9800000000000000000000000000000000000A7
:10C990000000000000000000000000000000000097
:10C9A0000000000000000000000000000000000087
:10C9B0000000000000000000000000000000000077
:10C9C0000000000000000000000000000000000067
:10C9D0000000000000000000000000000000000057
:10C9E0000000000000000000000000000000000047
:10C9F0000000000000000000000000000000000037
:10CA00000000000000000000000000000000000026
:10CA10000000000000000000000000000000000016
:10CA20000000000000000000000000000000000006
:10CA300000000000000000000000000000000000F6
:10CA400000000000000000000000000000000000E6
:10CA500000000000000000000000000000000000D6
:10CA600000000000000000000000000000000000C6
:10CA700000000000000000000000000000000000B6
:10CA800000000000000000000000000000000000A6
:10CA90000000000000000000000000000000000096
:10CAA0000000000000000000000000000000000086
:10CAB0000000000000000000000000000000000076
:10CAC0000000000000000000000000000000000066
:10CAD0000000000000000000000000000000000056
:10CAE0000000000000000000000000000000000046
:10CAF0000000000000000000000000000000000036
:10CB00000000000000000000000000000000000025
:10CB10000000000000000000000000000000000015
:10CB20000000000000000000000000000000000005
:10CB300000000000000000000000000000000000F5
:10CB400000000000000000000000000000000000E5
:10CB500000000000000000000000000000000000D5
:10CB600000000000000000000000000000000000C5
:10CB700000000000000000000000000000000000B5
:10CB800000000000000000000000000000000000A5
:10CB90000000000000000000000000000000000095
:10CBA0000000000000000000000000000000000085
:10CBB0000000000000000000000000000000000075
:10CBC0000000000000000000000000000000000065
:10CBD0000000000000000000000000000000000055
:10CBE0000000000000000000000000000000000045
:10CBF0000000000000000000000000000000000035
:10CC00000000000000000000000000000000000024
:10CC10000000000000000000000000000000000014
:10CC20000000000000000000000000000000000004
:10CC300000000000000000000000000000000000F4
:10CC400000000000000000000000000000000000E4
:10CC500000000000000000000000000000000000D4
:10CC600000000000000000000000000000000000C4
:10CC700000000000000000000000000000000000B4
:10CC800000000000000000000000000000000000A4
:10CC90000000000000000000000000000000000094
:10CCA0000000000000000000000000000000000084
:10CCB0000000000000000000000000000000000074
:10CCC0000000000000000000000000000000000064
:10CCD0000000000000000000000000000000000054
:10CCE0000000000000000000000000000000000044
:10CCF0000000000000000000000000000000000034
:10CD00000000000000000000000000000000000023
:10CD10000000000000000000000000000000000013
:10CD20000000000000000000000000000000000003
:10CD300000000000000000000000000000000000F3
:10CD400000000000000000000000000000000000E3
:10CD500000000000000000000000000000000000D3
:10CD600000000000000000000000000000000000C3
:10CD700000000000000000000000000000000000B3
:10CD800000000000000000000000000000000000A3
:10CD90000000000000000000000000000000000093
:10CDA0000000000000000000000000000000000083
:10CDB0000000000000000000000000000000000073
:10CDC0000000000000000000000000000000000063
:10CDD0000000000000000000000000000000000053
:10CDE0000000000000000000000000000000000043
:10CDF0000000000000000000000000000000000033
:10CE00000000000000000000000000000000000022
:10CE10000000000000000000000000000000000012
:10CE20000000000000000000000000000000000002
:10CE300000000000000000000000000000000000F2
:10CE400000000000000000000000000000000000E2
:10CE500000000000000000000000000000000000D2
:10CE600000000000000000000000000000000000C2
:10CE700000000000000000000000000000000000B2
:10CE800000000000000000000000000000000000A2
:10CE90000000000000000000000000000000000092
:10CEA0000000000000000000000000000000000082
:10CEB0000000000000000000000000000000000072
:10CEC0000000000000000000000000000000000062
:10CED0000000000000000000000000000000000052
:10CEE0000000000000000000000000000000000042
:10CEF0000000000000000000000000000000000032
:10CF00000000000000000000000000000000000021
:10CF10000000000000000000000000000000000011
:10CF20000000000000000000000000000000000001
:10CF300000000000000000000000000000000000F1
:10CF400000000000000000000000000000000000E1
:10CF500000000000000000000000000000000000D1
:10CF600000000000000000000000000000000000C1
:10CF700000000000000000000000000000000000B1
:10CF800000000000000000000000000000000000A1
:10CF90000000000000000000000000000000000091
:10CFA0000000000000000000000000000000000081
:10CFB0000000000000000000000000000000000071
:10CFC0000000000000000000000000000000000061
:10CFD0000000000000000000000000000000000051
:10CFE0000000000000000000000000000000000041
:10CFF0000000000000000000000000000000000031
:10D000000000000000000000000000000000000020
:10D010000000000000000000000000000000000010
:10D020000000000000000000000000000000000000
:10D0300000000000000000000000000000000000F0
:10D0400000000000000000000000000000000000E0
:10D0500000000000000000000000000000000000D0
:10D0600000000000000000000000000000000000C0
:10D0700000000000000000000000000000000000B0
:10D0800000000000000000000000000000000000A0
:10D090000000000000000000000000000000000090
:10D0A0000000000000000000000000000000000080
:10D0B0000000000000000000000000000000000070
:10D0C0000000000000000000000000000000000060
:10D0D0000000000000000000000000000000000050
:10D0E0000000000000000000000000000000000040
:10D0F0000000000000000000000000000000000030
:10D10000000000000000000000000000000000001F
:10D11000000000000000000000000000000000000F
:10D1200000000000000000000000000000000000FF
:10D1300000000000000000000000000000000000EF
:10D1400000000000000000000000000000000000DF
:10D1500000000000000000000000000000000000CF
:10D1600000000000000000000000000000000000BF
:10D1700000000000000000000000000000000000AF
:10D18000000000000000000000000000000000009F
:10D19000000000000000000000000000000000008F
:10D1A000000000000000000000000000000000007F
:10D1B000000000000000000000000000000000006F
:10D1C000000000000000000000000000000000005F
:10D1D000000000000000000000000000000000004F
:10D1E000000000000000000000000000000000003F
:10D1F000000000000000000000000000000000002F
:10D20000000000000000000000000000000000001E
:10D21000000000000000000000000000000000000E
:10D2200000000000000000000000000000000000FE
:10D2300000000000000000000000000000000000EE
:10D2400000000000000000000000000000000000DE
:10D2500000000000000000000000000000000000CE
:10D2600000000000000000000000000000000000BE
:10D2700000000000000000000000000000000000AE
:10D28000000000000000000000000000000000009E
:10D29000000000000000000000000000000000008E
:10D2A000000000000000000000000000000000007E
:10D2B000000000000000000000000000000000006E
:10D2C000000000000000000000000000000000005E
:10D2D000000000000000000000000000000000004E
:10D2E000000000000000000000000000000000003E
:10D2F000000000000000000000000000000000002E
:10D30000000000000000000000000000000000001D
:10D31000000000000000000000000000000000000D
:10D3200000000000000000000000000000000000FD
:10D3300000000000000000000000000000000000ED
:10D3400000000000000000000000000000000000DD
:10D3500000000000000000000000000000000000CD
:10D3600000000000000000000000000000000000BD
:10D3700000000000000000000000000000000000AD
:10D38000000000000000000000000000000000009D
:10D39000000000000000000000000000000000008D
:10D3A000000000000000000000000000000000007D
:10D3B000000000000000000000000000000000006D
:10D3C000000000000000000000000000000000005D
:10D3D000000000000000000000000000000000004D
:10D3E000000000000000000000000000000000003D
:10D3F000000000000000000000000000000000002D
:10D40000000000000000000000000000000000001C
:10D41000000000000000000000000000000000000C
:10D4200000000000000000000000000000000000FC
:10D4300000000000000000000000000000000000EC
:10D4400000000000000000000000000000000000DC
:10D4500000000000000000000000000000000000CC
:10D4600000000000000000000000000000000000BC
:10D4700000000000000000000000000000000000AC
:10D48000000000000000000000000000000000009C
:10D49000000000000000000000000000000000008C
:10D4A000000000000000000000000000000000007C
:10D4B000000000000000000000000000000000006C
:10D4C000000000000000000000000000000000005C
:10D4D000000000000000000000000000000000004C
:10D4E000000000000000000000000000000000003C
:10D4F000000000000000000000000000000000002C
:10D50000000000000000000000000000000000001B
:10D51000000000000000000000000000000000000B
:10D5200000000000000000000000000000000000FB
:10D5300000000000000000000000000000000000EB
:10D5400000000000000000000000000000000000DB
:10D5500000000000000000000000000000000000CB
:10D5600000000000000000000000000000000000BB
:10D5700000000000000000000000000000000000AB
:10D58000000000000000000000000000000000009B
:10D59000000000000000000000000000000000008B
:10D5A000000000000000000000000000000000007B
:10D5B000000000000000000000000000000000006B
:10D5C000000000000000000000000000000000005B
:10D5D000000000000000000000000000000000004B
:10D5E000000000000000000000000000000000003B
:10D5F000000000000000000000000000000000002B
:10D60000000000000000000000000000000000001A
:10D61000000000000000000000000000000000000A
:10D6200000000000000000000000000000000000FA
:10D6300000000000000000000000000000000000EA
:10D6400000000000000000000000000000000000DA
:10D6500000000000000000000000000000000000CA
:10D6600000000000000000000000000000000000BA
:10D6700000000000000000000000000000000000AA
:10D68000000000000000000000000000000000009A
:10D69000000000000000000000000000000000008A
:10D6A000000000000000000000000000000000007A
:10D6B000000000000000000000000000000000006A
:10D6C000000000000000000000000000000000005A
:10D6D000000000000000000000000000000000004A
:10D6E000000000000000000000000000000000003A
:10D6F000000000000000000000000000000000002A
:10D700000000000000000000000000000000000019
:10D710000000000000000000000000000000000009
:10D7200000000000000000000000000000000000F9
:10D7300000000000000000000000000000000000E9
:10D7400000000000000000000000000000000000D9
:10D7500000000000000000000000000000000000C9
:10D7600000000000000000000000000000000000B9
:10D7700000000000000000000000000000000000A9
:10D780000000000000000000000000000000000099
:10D790000000000000000000000000000000000089
:10D7A0000000000000000000000000000000000079
:10D7B0000000000000000000000000000000000069
:10D7C0000000000000000000000000000000000059
:10D7D0000000000000000000000000000000000049
:10D7E0000000000000000000000000000000000039
:10D7F0000000000000000000000000000000000029
:10D800000000000000000000000000000000000018
:10D810000000000000000000000000000000000008
:10D8200000000000000000000000000000000000F8
:10D8300000000000000000000000000000000000E8
:10D8400000000000000000000000000000000000D8
:10D8500000000000000000000000000000000000C8
:10D8600000000000000000000000000000000000B8
:10D8700000000000000000000000000000000000A8
:10D880000000000000000000000000000000000098
:10D890000000000000000000000000000000000088
:10D8A0000000000000000000000000000000000078
:10D8B0000000000000000000000000000000000068
:10D8C0000000000000000000000000000000000058
:10D8D0000000000000000000000000000000000048
:10D8E0000000000000000000000000000000000038
:10D8F0000000000000000000000000000000000028
:10D900000000000000000000000000000000000017
:10D910000000000000000000000000000000000007
:10D9200000000000000000000000000000000000F7
:10D9300000000000000000000000000000000000E7
:10D9400000000000000000000000000000000000D7
:10D9500000000000000000000000000000000000C7
:10D9600000000000000000000000000000000000B7
:10D9700000000000000000000000000000000000A7
:10D980000000000000000000000000000000000097
:10D990000000000000000000000000000000000087
:10D9A0000000000000000000000000000000000077
:10D9B0000000000000000000000000000000000067
:10D9C0000000000000000000000000000000000057
:10D9D0000000000000000000000000000000000047
:10D9E0000000000000000000000000000000000037
:10D9F0000000000000000000000000000000000027
:10DA00000000000000000000000000000000000016
:10DA10000000000000000000000000000000000006
:10DA200000000000000000000000000000000000F6
:10DA300000000000000000000000000000000000E6
:10DA400000000000000000000000000000000000D6
:10DA500000000000000000000000000000000000C6
:10DA600000000000000000000000000000000000B6
:10DA700000000000000000000000000000000000A6
:10DA80000000000000000000000000000000000096
:10DA90000000000000000000000000000000000086
:10DAA0000000000000000000000000000000000076
:10DAB0000000000000000000000000000000000066
:10DAC0000000000000000000000000000000000056
:10DAD0000000000000000000000000000000000046
:10DAE0000000000000000000000000000000000036
:10DAF0000000000000000000000000000000000026
:10DB00000000000000000000000000000000000015
:10DB10000000000000000000000000000000000005
:10DB200000000000000000000000000000000000F5
:10DB300000000000000000000000000000000000E5
:10DB400000000000000000000000000000000000D5
:10DB500000000000000000000000000000000000C5
:10DB600000000000000000000000000000000000B5
:10DB700000000000000000000000000000000000A5
:10DB80000000000000000000000000000000000095
:10DB90000000000000000000000000000000000085
:10DBA0000000000000000000000000000000000075
:10DBB0000000000000000000000000000000000065
:10DBC0000000000000000000000000000000000055
:10DBD0000000000000000000000000000000000045
:10DBE0000000000000000000000000000000000035
:10DBF0000000000000000000000000000000000025
:10DC00000000000000000000000000000000000014
:10DC10000000000000000000000000000000000004
:10DC200000000000000000000000000000000000F4
:10DC300000000000000000000000000000000000E4
:10DC400000000000000000000000000000000000D4
:10DC500000000000000000000000000000000000C4
:10DC600000000000000000000000000000000000B4
:10DC700000000000000000000000000000000000A4
:10DC80000000000000000000000000000000000094
:10DC90000000000000000000000000000000000084
:10DCA0000000000000000000000000000000000074
:10DCB0000000000000000000000000000000000064
:10DCC0000000000000000000000000000000000054
:10DCD0000000000000000000000000000000000044
:10DCE0000000000000000000000000000000000034
:10DCF0000000000000000000000000000000000024
:10DD00000000000000000000000000000000000013
:10DD10000000000000000000000000000000000003
:10DD200000000000000000000000000000000000F3
:10DD300000000000000000000000000000000000E3
:10DD400000000000000000000000000000000000D3
:10DD500000000000000000000000000000000000C3
:10DD600000000000000000000000000000000000B3
:10DD700000000000000000000000000000000000A3
:10DD80000000000000000000000000000000000093
:10DD90000000000000000000000000000000000083
:10DDA0000000000000000000000000000000000073
:10DDB0000000000000000000000000000000000063
:10DDC0000000000000000000000000000000000053
:10DDD0000000000000000000000000000000000043
:10DDE0000000000000000000000000000000000033
:10DDF0000000000000000000000000000000000023
:10DE00000000000000000000000000000000000012
:10DE10000000000000000000000000000000000002
:10DE200000000000000000000000000000000000F2
:10DE300000000000000000000000000000000000E2
:10DE400000000000000000000000000000000000D2
:10DE500000000000000000000000000000000000C2
:10DE600000000000000000000000000000000000B2
:10DE700000000000000000000000000000000000A2
:10DE80000000000000000000000000000000000092
:10DE90000000000000000000000000000000000082
:10DEA0000000000000000000000000000000000072
:10DEB0000000000000000000000000000000000062
:10DEC0000000000000000000000000000000000052
:10DED0000000000000000000000000000000000042
:10DEE0000000000000000000000000000000000032
:10DEF0000000000000000000000000000000000022
:10DF00000000000000000000000000000000000011
:10DF10000000000000000000000000000000000001
:10DF200000000000000000000000000000000000F1
:10DF300000000000000000000000000000000000E1
:10DF400000000000000000000000000000000000D1
:10DF500000000000000000000000000000000000C1
:10DF600000000000000000000000000000000000B1
:10DF700000000000000000000000000000000000A1
:10DF80000000000000000000000000000000000091
:10DF90000000000000000000000000000000000081
:10DFA0000000000000000000000000000000000071
:10DFB0000000000000000000000000000000000061
:10DFC0000000000000000000000000000000000051
:10DFD0000000000000000000000000000000000041
:10DFE0000000000000000000000000000000000031
:10DFF0000000000000000000000000000000000021
:10E000000000000000000000000000000000000010
:10E010000000000000000000000000000000000000
:10E0200000000000000000000000000000000000F0
:10E0300000000000000000000000000000000000E0
:10E0400000000000000000000000000000000000D0
:10E0500000000000000000000000000000000000C0
:10E0600000000000000000000000000000000000B0
:10E0700000000000000000000000000000000000A0
:10E080000000000000000000000000000000000090
:10E090000000000000000000000000000000000080
:10E0A0000000000000000000000000000000000070
:10E0B0000000000000000000000000000000000060
:10E0C0000000000000000000000000000000000050
:10E0D0000000000000000000000000000000000040
:10E0E0000000000000000000000000000000000030
:10E0F0000000000000000000000000000000000020
:10E10000000000000000000000000000000000000F
:10E1100000000000000000000000000000000000FF
:10E1200000000000000000000000000000000000EF
:10E1300000000000000000000000000000000000DF
:10E1400000000000000000000000000000000000CF
:10E1500000000000000000000000000000000000BF
:10E1600000000000000000000000000000000000AF
:10E17000000000000000000000000000000000009F
:10E18000000000000000000000000000000000008F
:10E19000000000000000000000000000000000007F
:10E1A000000000000000000000000000000000006F
:10E1B000000000000000000000000000000000005F
:10E1C000000000000000000000000000000000004F
:10E1D000000000000000000000000000000000003F
:10E1E000000000000000000000000000000000002F
:10E1F000000000000000000000000000000000001F
:10E20000000000000000000000000000000000000E
:10E2100000000000000000000000000000000000FE
:10E2200000000000000000000000000000000000EE
:10E2300000000000000000000000000000000000DE
:10E2400000000000000000000000000000000000CE
:10E2500000000000000000000000000000000000BE
:10E2600000000000000000000000000000000000AE
:10E27000000000000000000000000000000000009E
:10E28000000000000000000000000000000000008E
:10E29000000000000000000000000000000000007E
:10E2A000000000000000000000000000000000006E
:10E2B000000000000000000000000000000000005E
:10E2C000000000000000000000000000000000004E
:10E2D000000000000000000000000000000000003E
:10E2E000000000000000000000000000000000002E
:10E2F000000000000000000000000000000000001E
:10E30000000000000000000000000000000000000D
:10E3100000000000000000000000000000000000FD
:10E3200000000000000000000000000000000000ED
:10E3300000000000000000000000000000000000DD
:10E3400000000000000000000000000000000000CD
:10E3500000000000000000000000000000000000BD
:10E3600000000000000000000000000000000000AD
:10E37000000000000000000000000000000000009D
:10E38000000000000000000000000000000000008D
:10E39000000000000000000000000000000000007D
:10E3A000000000000000000000000000000000006D
:10E3B000000000000000000000000000000000005D
:10E3C000000000000000000000000000000000004D
:10E3D000000000000000000000000000000000003D
:10E3E000000000000000000000000000000000002D
:10E3F000000000000000000000000000000000001D
:10E40000000000000000000000000000000000000C
:10E4100000000000000000000000000000000000FC
:10E4200000000000000000000000000000000000EC
:10E4300000000000000000000000000000000000DC
:10E4400000000000000000000000000000000000CC
:10E4500000000000000000000000000000000000BC
:10E4600000000000000000000000000000000000AC
:10E47000000000000000000000000000000000009C
:10E48000000000000000000000000000000000008C
:10E49000000000000000000000000000000000007C
:10E4A000000000000000000000000000000000006C
:10E4B000000000000000000000000000000000005C
:10E4C000000000000000000000000000000000004C
:10E4D000000000000000000000000000000000003C
:10E4E000000000000000000000000000000000002C
:10E4F000000000000000000000000000000000001C
:10E50000000000000000000000000000000000000B
:10E5100000000000000000000000000000000000FB
:10E5200000000000000000000000000000000000EB
:10E5300000000000000000000000000000000000DB
:10E5400000000000000000000000000000000000CB
:10E5500000000000000000000000000000000000BB
:10E5600000000000000000000000000000000000AB
:10E57000000000000000000000000000000000009B
:10E58000000000000000000000000000000000008B
:10E59000000000000000000000000000000000007B
:10E5A000000000000000000000000000000000006B
:10E5B000000000000000000000000000000000005B
:10E5C000000000000000000000000000000000004B
:10E5D000000000000000000000000000000000003B
:10E5E000000000000000000000000000000000002B
:10E5F000000000000000000000000000000000001B
:10E60000000000000000000000000000000000000A
:10E6100000000000000000000000000000000000FA
:10E6200000000000000000000000000000000000EA
:10E6300000000000000000000000000000000000DA
:10E6400000000000000000000000000000000000CA
:10E6500000000000000000000000000000000000BA
:10E6600000000000000000000000000000000000AA
:10E67000000000000000000000000000000000009A
:10E68000000000000000000000000000000000008A
:10E69000000000000000000000000000000000007A
:10E6A000000000000000000000000000000000006A
:10E6B000000000000000000000000000000000005A
:10E6C000000000000000000000000000000000004A
:10E6D000000000000000000000000000000000003A
:10E6E000000000000000000000000000000000002A
:10E6F000000000000000000000000000000000001A
:10E700000000000000000000000000000000000009
:10E7100000000000000000000000000000000000F9
:10E7200000000000000000000000000000000000E9
:10E7300000000000000000000000000000000000D9
:10E7400000000000000000000000000000000000C9
:10E7500000000000000000000000000000000000B9
:10E7600000000000000000000000000000000000A9
:10E770000000000000000000000000000000000099
:10E780000000000000000000000000000000000089
:10E790000000000000000000000000000000000079
:10E7A0000000000000000000000000000000000069
:10E7B0000000000000000000000000000000000059
:10E7C0000000000000000000000000000000000049
:10E7D0000000000000000000000000000000000039
:10E7E0000000000000000000000000000000000029
:10E7F0000000000000000000000000000000000019
:10E800000000000000000000000000000000000008
:10E8100000000000000000000000000000000000F8
:10E8200000000000000000000000000000000000E8
:10E8300000000000000000000000000000000000D8
:10E8400000000000000000000000000000000000C8
:10E8500000000000000000000000000000000000B8
:10E8600000000000000000000000000000000000A8
:10E870000000000000000000000000000000000098
:10E880000000000000000000000000000000000088
:10E890000000000000000000000000000000000078
:10E8A0000000000000000000000000000000000068
:10E8B0000000000000000000000000000000000058
:10E8C0000000000000000000000000000000000048
:10E8D0000000000000000000000000000000000038
:10E8E0000000000000000000000000000000000028
:10E8F0000000000000000000000000000000000018
:10E900000000000000000000000000000000000007
:10E9100000000000000000000000000000000000F7
:10E9200000000000000000000000000000000000E7
:10E9300000000000000000000000000000000000D7
:10E9400000000000000000000000000000000000C7
:10E9500000000000000000000000000000000000B7
:10E9600000000000000000000000000000000000A7
:10E970000000000000000000000000000000000097
:10E980000000000000000000000000000000000087
:10E990000000000000000000000000000000000077
:10E9A0000000000000000000000000000000000067
:10E9B0000000000000000000000000000000000057
:10E9C0000000000000000000000000000000000047
:10E9D0000000000000000000000000000000000037
:10E9E0000000000000000000000000000000000027
:10E9F0000000000000000000000000000000000017
:10EA00000000000000000000000000000000000006
:10EA100000000000000000000000000000000000F6
:10EA200000000000000000000000000000000000E6
:10EA300000000000000000000000000000000000D6
:10EA400000000000000000000000000000000000C6
:10EA500000000000000000000000000000000000B6
:10EA600000000000000000000000000000000000A6
:10EA70000000000000000000000000000000000096
:10EA80000000000000000000000000000000000086
:10EA90000000000000000000000000000000000076
:10EAA0000000000000000000000000000000000066
:10EAB0000000000000000000000000000000000056
:10EAC0000000000000000000000000000000000046
:10EAD0000000000000000000000000000000000036
:10EAE0000000000000000000000000000000000026
:10EAF0000000000000000000000000000000000016
:10EB00000000000000000000000000000000000005
:10EB100000000000000000000000000000000000F5
:10EB200000000000000000000000000000000000E5
:10EB300000000000000000000000000000000000D5
:10EB400000000000000000000000000000000000C5
:10EB500000000000000000000000000000000000B5
:10EB600000000000000000000000000000000000A5
:10EB70000000000000000000000000000000000095
:10EB80000000000000000000000000000000000085
:10EB90000000000000000000000000000000000075
:10EBA0000000000000000000000000000000000065
:10EBB0000000000000000000000000000000000055
:10EBC0000000000000000000000000000000000045
:10EBD0000000000000000000000000000000000035
:10EBE0000000000000000000000000000000000025
:10EBF0000000000000000000000000000000000015
:10EC00000000000000000000000000000000000004
:10EC100000000000000000000000000000000000F4
:10EC200000000000000000000000000000000000E4
:10EC300000000000000000000000000000000000D4
:10EC400000000000000000000000000000000000C4
:10EC500000000000000000000000000000000000B4
:10EC600000000000000000000000000000000000A4
:10EC70000000000000000000000000000000000094
:10EC80000000000000000000000000000000000084
:10EC90000000000000000000000000000000000074
:10ECA0000000000000000000000000000000000064
:10ECB0000000000000000000000000000000000054
:10ECC0000000000000000000000000000000000044
:10ECD0000000000000000000000000000000000034
:10ECE0000000000000000000000000000000000024
:10ECF0000000000000000000000000000000000014
:10ED00000000000000000000000000000000000003
:10ED100000000000000000000000000000000000F3
:10ED200000000000000000000000000000000000E3
:10ED300000000000000000000000000000000000D3
:10ED400000000000000000000000000000000000C3
:10ED500000000000000000000000000000000000B3
:10ED600000000000000000000000000000000000A3
:10ED70000000000000000000000000000000000093
:10ED80000000000000000000000000000000000083
:10ED90000000000000000000000000000000000073
:10EDA0000000000000000000000000000000000063
:10EDB0000000000000000000000000000000000053
:10EDC0000000000000000000000000000000000043
:10EDD0000000000000000000000000000000000033
:10EDE0000000000000000000000000000000000023
:10EDF0000000000000000000000000000000000013
:10EE00000000000000000000000000000000000002
:10EE100000000000000000000000000000000000F2
:10EE200000000000000000000000000000000000E2
:10EE300000000000000000000000000000000000D2
:10EE400000000000000000000000000000000000C2
:10EE500000000000000000000000000000000000B2
:10EE600000000000000000000000000000000000A2
:10EE70000000000000000000000000000000000092
:10EE80000000000000000000000000000000000082
:10EE90000000000000000000000000000000000072
:10EEA0000000000000000000000000000000000062
:10EEB0000000000000000000000000000000000052
:10EEC0000000000000000000000000000000000042
:10EED0000000000000000000000000000000000032
:10EEE0000000000000000000000000000000000022
:10EEF0000000000000000000000000000000000012
:10EF00000000000000000000000000000000000001
:10EF100000000000000000000000000000000000F1
:10EF200000000000000000000000000000000000E1
:10EF300000000000000000000000000000000000D1
:10EF400000000000000000000000000000000000C1
:10EF500000000000000000000000000000000000B1
:10EF600000000000000000000000000000000000A1
:10EF70000000000000000000000000000000000091
:10EF80000000000000000000000000000000000081
:10EF90000000000000000000000000000000000071
:10EFA0000000000000000000000000000000000061
:10EFB0000000000000000000000000000000000051
:10EFC0000000000000000000000000000000000041
:10EFD0000000000000000000000000000000000031
:10EFE0000000000000000000000000000000000021
:10EFF0000000000000000000000000000000000011
:10F000000000000000000000000000000000000000
:10F0100000000000000000000000000000000000F0
:10F0200000000000000000000000000000000000E0
:10F0300000000000000000000000000000000000D0
:10F0400000000000000000000000000000000000C0
:10F0500000000000000000000000000000000000B0
:10F0600000000000000000000000000000000000A0
:10F070000000000000000000000000000000000090
:10F080000000000000000000000000000000000080
:10F090000000000000000000000000000000000070
:10F0A0000000000000000000000000000000000060
:10F0B0000000000000000000000000000000000050
:10F0C0000000000000000000000000000000000040
:10F0D0000000000000000000000000000000000030
:10F0E0000000000000000000000000000000000020
:10F0F0000000000000000000000000000000000010
:10F1000000000000000000000000000000000000FF
:10F1100000000000000000000000000000000000EF
:10F1200000000000000000000000000000000000DF
:10F1300000000000000000000000000000000000CF
:10F1400000000000000000000000000000000000BF
:10F1500000000000000000000000000000000000AF
:10F16000000000000000000000000000000000009F
:10F17000000000000000000000000000000000008F
:10F18000000000000000000000000000000000007F
:10F19000000000000000000000000000000000006F
:10F1A000000000000000000000000000000000005F
:10F1B000000000000000000000000000000000004F
:10F1C000000000000000000000000000000000003F
:10F1D000000000000000000000000000000000002F
:10F1E000000000000000000000000000000000001F
:10F1F000000000000000000000000000000000000F
:10F2000000000000000000000000000000000000FE
:10F2100000000000000000000000000000000000EE
:10F2200000000000000000000000000000000000DE
:10F2300000000000000000000000000000000000CE
:10F2400000000000000000000000000000000000BE
:10F2500000000000000000000000000000000000AE
:10F26000000000000000000000000000000000009E
:10F27000000000000000000000000000000000008E
:10F28000000000000000000000000000000000007E
:10F29000000000000000000000000000000000006E
:10F2A000000000000000000000000000000000005E
:10F2B000000000000000000000000000000000004E
:10F2C000000000000000000000000000000000003E
:10F2D000000000000000000000000000000000002E
:10F2E000000000000000000000000000000000001E
:10F2F000000000000000000000000000000000000E
:10F3000000000000000000000000000000000000FD
:10F3100000000000000000000000000000000000ED
:10F3200000000000000000000000000000000000DD
:10F3300000000000000000000000000000000000CD
:10F3400000000000000000000000000000000000BD
:10F3500000000000000000000000000000000000AD
:10F36000000000000000000000000000000000009D
:10F37000000000000000000000000000000000008D
:10F38000000000000000000000000000000000007D
:10F39000000000000000000000000000000000006D
:10F3A000000000000000000000000000000000005D
:10F3B000000000000000000000000000000000004D
:10F3C000000000000000000000000000000000003D
:10F3D000000000000000000000000000000000002D
:10F3E000000000000000000000000000000000001D
:10F3F000000000000000000000000000000000000D
:10F4000000000000000000000000000000000000FC
:10F4100000000000000000000000000000000000EC
:10F4200000000000000000000000000000000000DC
:10F4300000000000000000000000000000000000CC
:10F4400000000000000000000000000000000000BC
:10F4500000000000000000000000000000000000AC
:10F46000000000000000000000000000000000009C
:10F47000000000000000000000000000000000008C
:10F48000000000000000000000000000000000007C
:10F49000000000000000000000000000000000006C
:10F4A000000000000000000000000000000000005C
:10F4B000000000000000000000000000000000004C
:10F4C000000000000000000000000000000000003C
:10F4D000000000000000000000000000000000002C
:10F4E000000000000000000000000000000000001C
:10F4F000000000000000000000000000000000000C
:10F5000000000000000000000000000000000000FB
:10F5100000000000000000000000000000000000EB
:10F5200000000000000000000000000000000000DB
:10F5300000000000000000000000000000000000CB
:10F5400000000000000000000000000000000000BB
:10F5500000000000000000000000000000000000AB
:10F56000000000000000000000000000000000009B
:10F57000000000000000000000000000000000008B
:10F58000000000000000000000000000000000007B
:10F59000000000000000000000000000000000006B
:10F5A000000000000000000000000000000000005B
:10F5B000000000000000000000000000000000004B
:10F5C000000000000000000000000000000000003B
:10F5D000000000000000000000000000000000002B
:10F5E000000000000000000000000000000000001B
:10F5F000000000000000000000000000000000000B
:10F6000000000000000000000000000000000000FA
:10F6100000000000000000000000000000000000EA
:10F6200000000000000000000000000000000000DA
:10F6300000000000000000000000000000000000CA
:10F6400000000000000000000000000000000000BA
:10F6500000000000000000000000000000000000AA
:10F66000000000000000000000000000000000009A
:10F67000000000000000000000000000000000008A
:10F68000000000000000000000000000000000007A
:10F69000000000000000000000000000000000006A
:10F6A000000000000000000000000000000000005A
:10F6B000000000000000000000000000000000004A
:10F6C000000000000000000000000000000000003A
:10F6D000000000000000000000000000000000002A
:10F6E000000000000000000000000000000000001A
:10F6F000000000000000000000000000000000000A
:10F7000000000000000000000000000000000000F9
:10F7100000000000000000000000000000000000E9
:10F7200000000000000000000000000000000000D9
:10F7300000000000000000000000000000000000C9
:10F7400000000000000000000000000000000000B9
:10F7500000000000000000000000000000000000A9
:10F760000000000000000000000000000000000099
:10F770000000000000000000000000000000000089
:10F780000000000000000000000000000000000079
:10F790000000000000000000000000000000000069
:10F7A0000000000000000000000000000000000059
:10F7B0000000000000000000000000000000000049
:10F7C0000000000000000000000000000000000039
:10F7D0000000000000000000000000000000000029
:10F7E0000000000000000000000000000000000019
:10F7F0000000000000000000000000000000000009
:10F8000000000000000000000000000000000000F8
:10F8100000000000000000000000000000000000E8
:10F8200000000000000000000000000000000000D8
:10F8300000000000000000000000000000000000C8
:10F8400000000000000000000000000000000000B8
:10F8500000000000000000000000000000000000A8
:10F860000000000000000000000000000000000098
:10F870000000000000000000000000000000000088
:10F880000000000000000000000000000000000078
:10F890000000000000000000000000000000000068
:10F8A0000000000000000000000000000000000058
:10F8B0000000000000000000000000000000000048
:10F8C0000000000000000000000000000000000038
:10F8D0000000000000000000000000000000000028
:10F8E0000000000000000000000000000000000018
:10F8F0000000000000000000000000000000000008
:10F9000000000000000000000000000000000000F7
:10F9100000000000000000000000000000000000E7
:10F9200000000000000000000000000000000000D7
:10F9300000000000000000000000000000000000C7
:10F9400000000000000000000000000000000000B7
:10F9500000000000000000000000000000000000A7
:10F960000000000000000000000000000000000097
:10F970000000000000000000000000000000000087
:10F980000000000000000000000000000000000077
:10F990000000000000000000000000000000000067
:10F9A0000000000000000000000000000000000057
:10F9B0000000000000000000000000000000000047
:10F9C0000000000000000000000000000000000037
:10F9D0000000000000000000000000000000000027
:10F9E0000000000000000000000000000000000017
:10F9F0000000000000000000000000000000000007
:10FA000000000000000000000000000000000000F6
:10FA100000000000000000000000000000000000E6
:10FA200000000000000000000000000000000000D6
:10FA300000000000000000000000000000000000C6
:10FA400000000000000000000000000000000000B6
:10FA500000000000000000000000000000000000A6
:10FA60000000000000000000000000000000000096
:10FA70000000000000000000000000000000000086
:10FA80000000000000000000000000000000000076
:10FA90000000000000000000000000000000000066
:10FAA0000000000000000000000000000000000056
:10FAB0000000000000000000000000000000000046
:10FAC0000000000000000000000000000000000036
:10FAD0000000000000000000000000000000000026
:10FAE0000000000000000000000000000000000016
:10FAF0000000000000000000000000000000000006
:10FB000000000000000000000000000000000000F5
:10FB100000000000000000000000000000000000E5
:10FB200000000000000000000000000000000000D5
:10FB300000000000000000000000000000000000C5
:10FB400000000000000000000000000000000000B5
:10FB500000000000000000000000000000000000A5
:10FB60000000000000000000000000000000000095
:10FB70000000000000000000000000000000000085
:10FB80000000000000000000000000000000000075
:10FB90000000000000000000000000000000000065
:10FBA0000000000000000000000000000000000055
:10FBB0000000000000000000000000000000000045
:10FBC0000000000000000000000000000000000035
:10FBD0000000000000000000000000000000000025
:10FBE0000000000000000000000000000000000015
:10FBF0000000000000000000000000000000000005
:10FC000000000000000000000000000000000000F4
:10FC100000000000000000000000000000000000E4
:10FC200000000000000000000000000000000000D4
:10FC300000000000000000000000000000000000C4
:10FC400000000000000000000000000000000000B4
:10FC500000000000000000000000000000000000A4
:10FC60000000000000000000000000000000000094
:10FC70000000000000000000000000000000000084
:10FC80000000000000000000000000000000000074
:10FC90000000000000000000000000000000000064
:10FCA0000000000000000000000000000000000054
:10FCB0000000000000000000000000000000000044
:10FCC0000000000000000000000000000000000034
:10FCD0000000000000000000000000000000000024
:10FCE0000000000000000000000000000000000014
:10FCF0000000000000000000000000000000000004
:10FD000000000000000000000000000000000000F3
:10FD100000000000000000000000000000000000E3
:10FD200000000000000000000000000000000000D3
:10FD300000000000000000000000000000000000C3
:10FD400000000000000000000000000000000000B3
:10FD500000000000000000000000000000000000A3
:10FD60000000000000000000000000000000000093
:10FD70000000000000000000000000000000000083
:10FD80000000000000000000000000000000000073
:10FD90000000000000000000000000000000000063
:10FDA0000000000000000000000000000000000053
:10FDB0000000000000000000000000000000000043
:10FDC0000000000000000000000000000000000033
:10FDD0000000000000000000000000000000000023
:10FDE0000000000000000000000000000000000013
:10FDF0000000000000000000000000000000000003
:10FE000000000000000000000000000000000000F2
:10FE100000000000000000000000000000000000E2
:10FE200000000000000000000000000000000000D2
:10FE300000000000000000000000000000000000C2
:10FE400000000000000000000000000000000000B2
:10FE500000000000000000000000000000000000A2
:10FE60000000000000000000000000000000000092
:10FE70000000000000000000000000000000000082
:10FE80000000000000000000000000000000000072
:10FE90000000000000000000000000000000000062
:10FEA0000000000000000000000000000000000052
:10FEB0000000000000000000000000000000000042
:10FEC0000000000000000000000000000000000032
:10FED0000000000000000000000000000000000022
:10FEE0000000000000000000000000000000000012
:10FEF0000000000000000000000000000000000002
:10FF000000000000000000000000000000000000F1
:10FF100000000000000000000000000000000000E1
:10FF200000000000000000000000000000000000D1
:10FF300000000000000000000000000000000000C1
:10FF400000000000000000000000000000000000B1
:10FF500000000000000000000000000000000000A1
:10FF60000000000000000000000000000000000091
:10FF70000000000000000000000000000000000081
:10FF80000000000000000000000000000000000071
:10FF90000000000000000000000000000000000061
:10FFA0000000000000000000000000000000000051
:10FFB0000000000000000000000000000000000041
:10FFC0000000000000000000000000000000000031
:10FFD0000000000000000000000000000000000021
:10FFE0000000000000000000000000000000000011
:10FFF0000000000000000000000000000000000001
:020000040C0AE4
:1000000000000000000000000000000000000000F0
:1000100000000000000000000000000000000000E0
:1000200000000000000000000000000000000000D0
:1000300000000000000000000000000000000000C0
:1000400000000000000000000000000000000000B0
:1000500000000000000000000000000000000000A0
:100060000000000000000000000000000000000090
:100070000000000000000000000000000000000080
:100080000000000000000000000000000000000070
:100090000000000000000000000000000000000060
:1000A0000000000000000000000000000000000050
:1000B0000000000000000000000000000000000040
:1000C0000000000000000000000000000000000030
:1000D0000000000000000000000000000000000020
:1000E0000000000000000000000000000000000010
:1000F0000000000000000000000000000000000000
:1001000000000000000000000000000000000000EF
:1001100000000000000000000000000000000000DF
:1001200000000000000000000000000000000000CF
:1001300000000000000000000000000000000000BF
:1001400000000000000000000000000000000000AF
:10015000000000000000000000000000000000009F
:10016000000000000000000000000000000000008F
:10017000000000000000000000000000000000007F
:10018000000000000000000000000000000000006F
:10019000000000000000000000000000000000005F
:1001A000000000000000000000000000000000004F
:1001B000000000000000000000000000000000003F
:1001C000000000000000000000000000000000002F
:1001D000000000000000000000000000000000001F
:1001E000000000000000000000000000000000000F
:1001F00000000000000000000000000000000000FF
:1002000000000000000000000000000000000000EE
:1002100000000000000000000000000000000000DE
:1002200000000000000000000000000000000000CE
:1002300000000000000000000000000000000000BE
:1002400000000000000000000000000000000000AE
:10025000000000000000000000000000000000009E
:10026000000000000000000000000000000000008E
:10027000000000000000000000000000000000007E
:10028000000000000000000000000000000000006E
:10029000000000000000000000000000000000005E
:1002A000000000000000000000000000000000004E
:1002B000000000000000000000000000000000003E
:1002C000000000000000000000000000000000002E
:1002D000000000000000000000000000000000001E
:1002E000000000000000000000000000000000000E
:1002F00000000000000000000000000000000000FE
:1003000000000000000000000000000000000000ED
:1003100000000000000000000000000000000000DD
:1003200000000000000000000000000000000000CD
:1003300000000000000000000000000000000000BD
:1003400000000000000000000000000000000000AD
:10035000000000000000000000000000000000009D
:10036000000000000000000000000000000000008D
:10037000000000000000000000000000000000007D
:10038000000000000000000000000000000000006D
:10039000000000000000000000000000000000005D
:1003A000000000000000000000000000000000004D
:1003B000000000000000000000000000000000003D
:1003C000000000000000000000000000000000002D
:1003D000000000000000000000000000000000001D
:1003E000000000000000000000000000000000000D
:1003F00000000000000000000000000000000000FD
:1004000000000000000000000000000000000000EC
:1004100000000000000000000000000000000000DC
:1004200000000000000000000000000000000000CC
:1004300000000000000000000000000000000000BC
:1004400000000000000000000000000000000000AC
:10045000000000000000000000000000000000009C
:10046000000000000000000000000000000000008C
:10047000000000000000000000000000000000007C
:10048000000000000000000000000000000000006C
:10049000000000000000000000000000000000005C
:1004A000000000000000000000000000000000004C
:1004B000000000000000000000000000000000003C
:1004C000000000000000000000000000000000002C
:1004D000000000000000000000000000000000001C
:1004E000000000000000000000000000000000000C
:1004F00000000000000000000000000000000000FC
:1005000000000000000000000000000000000000EB
:1005100000000000000000000000000000000000DB
:1005200000000000000000000000000000000000CB
:1005300000000000000000000000000000000000BB
:1005400000000000000000000000000000000000AB
:10055000000000000000000000000000000000009B
:10056000000000000000000000000000000000008B
:10057000000000000000000000000000000000007B
:10058000000000000000000000000000000000006B
:10059000000000000000000000000000000000005B
:1005A000000000000000000000000000000000004B
:1005B000000000000000000000000000000000003B
:1005C000000000000000000000000000000000002B
:1005D000000000000000000000000000000000001B
:1005E000000000000000000000000000000000000B
:1005F00000000000000000000000000000000000FB
:1006000000000000000000000000000000000000EA
:1006100000000000000000000000000000000000DA
:1006200000000000000000000000000000000000CA
:1006300000000000000000000000000000000000BA
:1006400000000000000000000000000000000000AA
:10065000000000000000000000000000000000009A
:10066000000000000000000000000000000000008A
:10067000000000000000000000000000000000007A
:10068000000000000000000000000000000000006A
:10069000000000000000000000000000000000005A
:1006A000000000000000000000000000000000004A
:1006B000000000000000000000000000000000003A
:1006C000000000000000000000000000000000002A
:1006D000000000000000000000000000000000001A
:1006E000000000000000000000000000000000000A
:1006F00000000000000000000000000000000000FA
:1007000000000000000000000000000000000000E9
:1007100000000000000000000000000000000000D9
:1007200000000000000000000000000000000000C9
:1007300000000000000000000000000000000000B9
:1007400000000000000000000000000000000000A9
:100750000000000000000000000000000000000099
:100760000000000000000000000000000000000089
:100770000000000000000000000000000000000079
:100780000000000000000000000000000000000069
:100790000000000000000000000000000000000059
:1007A0000000000000000000000000000000000049
:1007B0000000000000000000000000000000000039
:1007C0000000000000000000000000000000000029
:1007D0000000000000000000000000000000000019
:1007E0000000000000000000000000000000000009
:1007F00000000000000000000000000000000000F9
:1008000000000000000000000000000000000000E8
:1008100000000000000000000000000000000000D8
:1008200000000000000000000000000000000000C8
:1008300000000000000000000000000000000000B8
:1008400000000000000000000000000000000000A8
:100850000000000000000000000000000000000098
:100860000000000000000000000000000000000088
:100870000000000000000000000000000000000078
:100880000000000000000000000000000000000068
:100890000000000000000000000000000000000058
:1008A0000000000000000000000000000000000048
:1008B0000000000000000000000000000000000038
:1008C0000000000000000000000000000000000028
:1008D0000000000000000000000000000000000018
:1008E0000000000000000000000000000000000008
:1008F00000000000000000000000000000000000F8
:1009000000000000000000000000000000000000E7
:1009100000000000000000000000000000000000D7
:1009200000000000000000000000000000000000C7
:1009300000000000000000000000000000000000B7
:1009400000000000000000000000000000000000A7
:100950000000000000000000000000000000000097
:100960000000000000000000000000000000000087
:100970000000000000000000000000000000000077
:100980000000000000000000000000000000000067
:100990000000000000000000000000000000000057
:1009A0000000000000000000000000000000000047
:1009B0000000000000000000000000000000000037
:1009C0000000000000000000000000000000000027
:1009D0000000000000000000000000000000000017
:1009E0000000000000000000000000000000000007
:1009F00000000000000000000000000000000000F7
:100A000000000000000000000000000000000000E6
:100A100000000000000000000000000000000000D6
:100A200000000000000000000000000000000000C6
:100A300000000000000000000000000000000000B6
:100A400000000000000000000000000000000000A6
:100A50000000000000000000000000000000000096
:100A60000000000000000000000000000000000086
:100A70000000000000000000000000000000000076
:100A80000000000000000000000000000000000066
:100A90000000000000000000000000000000000056
:100AA0000000000000000000000000000000000046
:100AB0000000000000000000000000000000000036
:100AC0000000000000000000000000000000000026
:100AD0000000000000000000000000000000000016
:100AE0000000000000000000000000000000000006
:100AF00000000000000000000000000000000000F6
:100B000000000000000000000000000000000000E5
:100B100000000000000000000000000000000000D5
:100B200000000000000000000000000000000000C5
:100B300000000000000000000000000000000000B5
:100B400000000000000000000000000000000000A5
:100B50000000000000000000000000000000000095
:100B60000000000000000000000000000000000085
:100B70000000000000000000000000000000000075
:100B80000000000000000000000000000000000065
:100B90000000000000000000000000000000000055
:100BA0000000000000000000000000000000000045
:100BB0000000000000000000000000000000000035
:100BC0000000000000000000000000000000000025
:100BD0000000000000000000000000000000000015
:100BE0000000000000000000000000000000000005
:100BF00000000000000000000000000000000000F5
:100C000000000000000000000000000000000000E4
:100C100000000000000000000000000000000000D4
:100C200000000000000000000000000000000000C4
:100C300000000000000000000000000000000000B4
:100C400000000000000000000000000000000000A4
:100C50000000000000000000000000000000000094
:100C60000000000000000000000000000000000084
:100C70000000000000000000000000000000000074
:100C80000000000000000000000000000000000064
:100C90000000000000000000000000000000000054
:100CA0000000000000000000000000000000000044
:100CB0000000000000000000000000000000000034
:100CC0000000000000000000000000000000000024
:100CD0000000000000000000000000000000000014
:100CE0000000000000000000000000000000000004
:100CF00000000000000000000000000000000000F4
:100D000000000000000000000000000000000000E3
:100D100000000000000000000000000000000000D3
:100D200000000000000000000000000000000000C3
:100D300000000000000000000000000000000000B3
:100D400000000000000000000000000000000000A3
:100D50000000000000000000000000000000000093
:100D60000000000000000000000000000000000083
:100D70000000000000000000000000000000000073
:100D80000000000000000000000000000000000063
:100D90000000000000000000000000000000000053
:100DA0000000000000000000000000000000000043
:100DB0000000000000000000000000000000000033
:100DC0000000000000000000000000000000000023
:100DD0000000000000000000000000000000000013
:100DE0000000000000000000000000000000000003
:100DF00000000000000000000000000000000000F3
:100E000000000000000000000000000000000000E2
:100E100000000000000000000000000000000000D2
:100E200000000000000000000000000000000000C2
:100E300000000000000000000000000000000000B2
:100E400000000000000000000000000000000000A2
:100E50000000000000000000000000000000000092
:100E60000000000000000000000000000000000082
:100E70000000000000000000000000000000000072
:100E80000000000000000000000000000000000062
:100E90000000000000000000000000000000000052
:100EA0000000000000000000000000000000000042
:100EB0000000000000000000000000000000000032
:100EC0000000000000000000000000000000000022
:100ED0000000000000000000000000000000000012
:100EE0000000000000000000000000000000000002
:100EF00000000000000000000000000000000000F2
:100F000000000000000000000000000000000000E1
:100F100000000000000000000000000000000000D1
:100F200000000000000000000000000000000000C1
:100F300000000000000000000000000000000000B1
:100F400000000000000000000000000000000000A1
:100F50000000000000000000000000000000000091
:100F60000000000000000000000000000000000081
:100F70000000000000000000000000000000000071
:100F80000000000000000000000000000000000061
:100F90000000000000000000000000000000000051
:100FA0000000000000000000000000000000000041
:100FB0000000000000000000000000000000000031
:100FC0000000000000000000000000000000000021
:100FD0000000000000000000000000000000000011
:100FE0000000000000000000000000000000000001
:100FF00000000000000000000000000000000000F1
:1010000000000000000000000000000000000000E0
:1010100000000000000000000000000000000000D0
:1010200000000000000000000000000000000000C0
:1010300000000000000000000000000000000000B0
:1010400000000000000000000000000000000000A0
:101050000000000000000000000000000000000090
:101060000000000000000000000000000000000080
:101070000000000000000000000000000000000070
:101080000000000000000000000000000000000060
:101090000000000000000000000000000000000050
:1010A0000000000000000000000000000000000040
:1010B0000000000000000000000000000000000030
:1010C0000000000000000000000000000000000020
:1010D0000000000000000000000000000000000010
:1010E0000000000000000000000000000000000000
:1010F00000000000000000000000000000000000F0
:1011000000000000000000000000000000000000DF
:1011100000000000000000000000000000000000CF
:1011200000000000000000000000000000000000BF
:1011300000000000000000000000000000000000AF
:10114000000000000000000000000000000000009F
:10115000000000000000000000000000000000008F
:10116000000000000000000000000000000000007F
:10117000000000000000000000000000000000006F
:10118000000000000000000000000000000000005F
:10119000000000000000000000000000000000004F
:1011A000000000000000000000000000000000003F
:1011B000000000000000000000000000000000002F
:1011C000000000000000000000000000000000001F
:1011D000000000000000000000000000000000000F
:1011E00000000000000000000000000000000000FF
:1011F00000000000000000000000000000000000EF
:1012000000000000000000000000000000000000DE
:1012100000000000000000000000000000000000CE
:1012200000000000000000000000000000000000BE
:1012300000000000000000000000000000000000AE
:10124000000000000000000000000000000000009E
:10125000000000000000000000000000000000008E
:10126000000000000000000000000000000000007E
:10127000000000000000000000000000000000006E
:10128000000000000000000000000000000000005E
:10129000000000000000000000000000000000004E
:1012A000000000000000000000000000000000003E
:1012B000000000000000000000000000000000002E
:1012C000000000000000000000000000000000001E
:1012D000000000000000000000000000000000000E
:1012E00000000000000000000000000000000000FE
:1012F00000000000000000000000000000000000EE
:1013000000000000000000000000000000000000DD
:1013100000000000000000000000000000000000CD
:1013200000000000000000000000000000000000BD
:1013300000000000000000000000000000000000AD
:10134000000000000000000000000000000000009D
:10135000000000000000000000000000000000008D
:10136000000000000000000000000000000000007D
:10137000000000000000000000000000000000006D
:10138000000000000000000000000000000000005D
:10139000000000000000000000000000000000004D
:1013A000000000000000000000000000000000003D
:1013B000000000000000000000000000000000002D
:1013C000000000000000000000000000000000001D
:1013D000000000000000000000000000000000000D
:1013E00000000000000000000000000000000000FD
:1013F00000000000000000000000000000000000ED
:1014000000000000000000000000000000000000DC
:1014100000000000000000000000000000000000CC
:1014200000000000000000000000000000000000BC
:1014300000000000000000000000000000000000AC
:10144000000000000000000000000000000000009C
:10145000000000000000000000000000000000008C
:10146000000000000000000000000000000000007C
:10147000000000000000000000000000000000006C
:10148000000000000000000000000000000000005C
:10149000000000000000000000000000000000004C
:1014A000000000000000000000000000000000003C
:1014B000000000000000000000000000000000002C
:1014C000000000000000000000000000000000001C
:1014D000000000000000000000000000000000000C
:1014E00000000000000000000000000000000000FC
:1014F00000000000000000000000000000000000EC
:1015000000000000000000000000000000000000DB
:1015100000000000000000000000000000000000CB
:1015200000000000000000000000000000000000BB
:1015300000000000000000000000000000000000AB
:10154000000000000000000000000000000000009B
:10155000000000000000000000000000000000008B
:10156000000000000000000000000000000000007B
:10157000000000000000000000000000000000006B
:10158000000000000000000000000000000000005B
:10159000000000000000000000000000000000004B
:1015A000000000000000000000000000000000003B
:1015B000000000000000000000000000000000002B
:1015C000000000000000000000000000000000001B
:1015D000000000000000000000000000000000000B
:1015E00000000000000000000000000000000000FB
:1015F00000000000000000000000000000000000EB
:1016000000000000000000000000000000000000DA
:1016100000000000000000000000000000000000CA
:1016200000000000000000000000000000000000BA
:1016300000000000000000000000000000000000AA
:10164000000000000000000000000000000000009A
:10165000000000000000000000000000000000008A
:10166000000000000000000000000000000000007A
:10167000000000000000000000000000000000006A
:10168000000000000000000000000000000000005A
:10169000000000000000000000000000000000004A
:1016A000000000000000000000000000000000003A
:1016B000000000000000000000000000000000002A
:1016C000000000000000000000000000000000001A
:1016D000000000000000000000000000000000000A
:1016E00000000000000000000000000000000000FA
:1016F00000000000000000000000000000000000EA
:1017000000000000000000000000000000000000D9
:1017100000000000000000000000000000000000C9
:1017200000000000000000000000000000000000B9
:1017300000000000000000000000000000000000A9
:101740000000000000000000000000000000000099
:101750000000000000000000000000000000000089
:101760000000000000000000000000000000000079
:101770000000000000000000000000000000000069
:101780000000000000000000000000000000000059
:101790000000000000000000000000000000000049
:1017A0000000000000000000000000000000000039
:1017B0000000000000000000000000000000000029
:1017C0000000000000000000000000000000000019
:1017D0000000000000000000000000000000000009
:1017E00000000000000000000000000000000000F9
:1017F00000000000000000000000000000000000E9
:1018000000000000000000000000000000000000D8
:1018100000000000000000000000000000000000C8
:1018200000000000000000000000000000000000B8
:1018300000000000000000000000000000000000A8
:101840000000000000000000000000000000000098
:101850000000000000000000000000000000000088
:101860000000000000000000000000000000000078
:101870000000000000000000000000000000000068
:101880000000000000000000000000000000000058
:101890000000000000000000000000000000000048
:1018A0000000000000000000000000000000000038
:1018B0000000000000000000000000000000000028
:1018C0000000000000000000000000000000000018
:1018D0000000000000000000000000000000000008
:1018E00000000000000000000000000000000000F8
:1018F00000000000000000000000000000000000E8
:1019000000000000000000000000000000000000D7
:1019100000000000000000000000000000000000C7
:1019200000000000000000000000000000000000B7
:1019300000000000000000000000000000000000A7
:101940000000000000000000000000000000000097
:101950000000000000000000000000000000000087
:101960000000000000000000000000000000000077
:101970000000000000000000000000000000000067
:101980000000000000000000000000000000000057
:101990000000000000000000000000000000000047
:1019A0000000000000000000000000000000000037
:1019B0000000000000000000000000000000000027
:1019C0000000000000000000000000000000000017
:1019D0000000000000000000000000000000000007
:1019E00000000000000000000000000000000000F7
:1019F00000000000000000000000000000000000E7
:101A000000000000000000000000000000000000D6
:101A100000000000000000000000000000000000C6
:101A200000000000000000000000000000000000B6
:101A300000000000000000000000000000000000A6
:101A40000000000000000000000000000000000096
:101A50000000000000000000000000000000000086
:101A60000000000000000000000000000000000076
:101A70000000000000000000000000000000000066
:101A80000000000000000000000000000000000056
:101A90000000000000000000000000000000000046
:101AA0000000000000000000000000000000000036
:101AB0000000000000000000000000000000000026
:101AC0000000000000000000000000000000000016
:101AD0000000000000000000000000000000000006
:101AE00000000000000000000000000000000000F6
:101AF00000000000000000000000000000000000E6
:101B000000000000000000000000000000000000D5
:101B100000000000000000000000000000000000C5
:101B200000000000000000000000000000000000B5
:101B300000000000000000000000000000000000A5
:101B40000000000000000000000000000000000095
:101B50000000000000000000000000000000000085
:101B60000000000000000000000000000000000075
:101B70000000000000000000000000000000000065
:101B80000000000000000000000000000000000055
:101B90000000000000000000000000000000000045
:101BA0000000000000000000000000000000000035
:101BB0000000000000000000000000000000000025
:101BC0000000000000000000000000000000000015
:101BD0000000000000000000000000000000000005
:101BE00000000000000000000000000000000000F5
:101BF00000000000000000000000000000000000E5
:101C000000000000000000000000000000000000D4
:101C100000000000000000000000000000000000C4
:101C200000000000000000000000000000000000B4
:101C300000000000000000000000000000000000A4
:101C40000000000000000000000000000000000094
:101C50000000000000000000000000000000000084
:101C60000000000000000000000000000000000074
:101C70000000000000000000000000000000000064
:101C80000000000000000000000000000000000054
:101C90000000000000000000000000000000000044
:101CA0000000000000000000000000000000000034
:101CB0000000000000000000000000000000000024
:101CC0000000000000000000000000000000000014
:101CD0000000000000000000000000000000000004
:101CE00000000000000000000000000000000000F4
:101CF00000000000000000000000000000000000E4
:101D000000000000000000000000000000000000D3
:101D100000000000000000000000000000000000C3
:101D200000000000000000000000000000000000B3
:101D300000000000000000000000000000000000A3
:101D40000000000000000000000000000000000093
:101D50000000000000000000000000000000000083
:101D60000000000000000000000000000000000073
:101D70000000000000000000000000000000000063
:101D80000000000000000000000000000000000053
:101D90000000000000000000000000000000000043
:101DA0000000000000000000000000000000000033
:101DB0000000000000000000000000000000000023
:101DC0000000000000000000000000000000000013
:101DD0000000000000000000000000000000000003
:101DE00000000000000000000000000000000000F3
:101DF00000000000000000000000000000000000E3
:101E000000000000000000000000000000000000D2
:101E100000000000000000000000000000000000C2
:101E200000000000000000000000000000000000B2
:101E300000000000000000000000000000000000A2
:101E40000000000000000000000000000000000092
:101E50000000000000000000000000000000000082
:101E60000000000000000000000000000000000072
:101E70000000000000000000000000000000000062
:101E80000000000000000000000000000000000052
:101E90000000000000000000000000000000000042
:101EA0000000000000000000000000000000000032
:101EB0000000000000000000000000000000000022
:101EC0000000000000000000000000000000000012
:101ED0000000000000000000000000000000000002
:101EE00000000000000000000000000000000000F2
:101EF00000000000000000000000000000000000E2
:101F000000000000000000000000000000000000D1
:101F100000000000000000000000000000000000C1
:101F200000000000000000000000000000000000B1
:101F300000000000000000000000000000000000A1
:101F40000000000000000000000000000000000091
:101F50000000000000000000000000000000000081
:101F60000000000000000000000000000000000071
:101F70000000000000000000000000000000000061
:101F80000000000000000000000000000000000051
:101F90000000000000000000000000000000000041
:101FA0000000000000000000000000000000000031
:101FB0000000000000000000000000000000000021
:101FC0000000000000000000000000000000000011
:101FD0000000000000000000000000000000000001
:101FE00000000000000000000000000000000000F1
:101FF00000000000000000000000000000000000E1
:1020000000000000000000000000000000000000D0
:1020100000000000000000000000000000000000C0
:1020200000000000000000000000000000000000B0
:1020300000000000000000000000000000000000A0
:102040000000000000000000000000000000000090
:102050000000000000000000000000000000000080
:102060000000000000000000000000000000000070
:102070000000000000000000000000000000000060
:102080000000000000000000000000000000000050
:102090000000000000000000000000000000000040
:1020A0000000000000000000000000000000000030
:1020B0000000000000000000000000000000000020
:1020C0000000000000000000000000000000000010
:1020D0000000000000000000000000000000000000
:1020E00000000000000000000000000000000000F0
:1020F00000000000000000000000000000000000E0
:1021000000000000000000000000000000000000CF
:1021100000000000000000000000000000000000BF
:1021200000000000000000000000000000000000AF
:10213000000000000000000000000000000000009F
:10214000000000000000000000000000000000008F
:10215000000000000000000000000000000000007F
:10216000000000000000000000000000000000006F
:10217000000000000000000000000000000000005F
:10218000000000000000000000000000000000004F
:10219000000000000000000000000000000000003F
:1021A000000000000000000000000000000000002F
:1021B000000000000000000000000000000000001F
:1021C000000000000000000000000000000000000F
:1021D00000000000000000000000000000000000FF
:1021E00000000000000000000000000000000000EF
:1021F00000000000000000000000000000000000DF
:1022000000000000000000000000000000000000CE
:1022100000000000000000000000000000000000BE
:1022200000000000000000000000000000000000AE
:10223000000000000000000000000000000000009E
:10224000000000000000000000000000000000008E
:10225000000000000000000000000000000000007E
:10226000000000000000000000000000000000006E
:10227000000000000000000000000000000000005E
:10228000000000000000000000000000000000004E
:10229000000000000000000000000000000000003E
:1022A000000000000000000000000000000000002E
:1022B000000000000000000000000000000000001E
:1022C000000000000000000000000000000000000E
:1022D00000000000000000000000000000000000FE
:1022E00000000000000000000000000000000000EE
:1022F00000000000000000000000000000000000DE
:1023000000000000000000000000000000000000CD
:1023100000000000000000000000000000000000BD
:1023200000000000000000000000000000000000AD
:10233000000000000000000000000000000000009D
:10234000000000000000000000000000000000008D
:10235000000000000000000000000000000000007D
:10236000000000000000000000000000000000006D
:10237000000000000000000000000000000000005D
:10238000000000000000000000000000000000004D
:10239000000000000000000000000000000000003D
:1023A000000000000000000000000000000000002D
:1023B000000000000000000000000000000000001D
:1023C000000000000000000000000000000000000D
:1023D00000000000000000000000000000000000FD
:1023E00000000000000000000000000000000000ED
:1023F00000000000000000000000000000000000DD
:1024000000000000000000000000000000000000CC
:1024100000000000000000000000000000000000BC
:1024200000000000000000000000000000000000AC
:10243000000000000000000000000000000000009C
:10244000000000000000000000000000000000008C
:10245000000000000000000000000000000000007C
:10246000000000000000000000000000000000006C
:10247000000000000000000000000000000000005C
:10248000000000000000000000000000000000004C
:10249000000000000000000000000000000000003C
:1024A000000000000000000000000000000000002C
:1024B000000000000000000000000000000000001C
:1024C000000000000000000000000000000000000C
:1024D00000000000000000000000000000000000FC
:1024E00000000000000000000000000000000000EC
:1024F00000000000000000000000000000000000DC
:1025000000000000000000000000000000000000CB
:1025100000000000000000000000000000000000BB
:1025200000000000000000000000000000000000AB
:10253000000000000000000000000000000000009B
:10254000000000000000000000000000000000008B
:10255000000000000000000000000000000000007B
:10256000000000000000000000000000000000006B
:10257000000000000000000000000000000000005B
:10258000000000000000000000000000000000004B
:10259000000000000000000000000000000000003B
:1025A000000000000000000000000000000000002B
:1025B000000000000000000000000000000000001B
:1025C000000000000000000000000000000000000B
:1025D00000000000000000000000000000000000FB
:1025E00000000000000000000000000000000000EB
:1025F00000000000000000000000000000000000DB
:1026000000000000000000000000000000000000CA
:1026100000000000000000000000000000000000BA
:1026200000000000000000000000000000000000AA
:10263000000000000000000000000000000000009A
:10264000000000000000000000000000000000008A
:10265000000000000000000000000000000000007A
:10266000000000000000000000000000000000006A
:10267000000000000000000000000000000000005A
:10268000000000000000000000000000000000004A
:10269000000000000000000000000000000000003A
:1026A000000000000000000000000000000000002A
:1026B000000000000000000000000000000000001A
:1026C000000000000000000000000000000000000A
:1026D00000000000000000000000000000000000FA
:1026E00000000000000000000000000000000000EA
:1026F00000000000000000000000000000000000DA
:1027000000000000000000000000000000000000C9
:1027100000000000000000000000000000000000B9
:1027200000000000000000000000000000000000A9
:102730000000000000000000000000000000000099
:102740000000000000000000000000000000000089
:102750000000000000000000000000000000000079
:102760000000000000000000000000000000000069
:102770000000000000000000000000000000000059
:102780000000000000000000000000000000000049
:102790000000000000000000000000000000000039
:1027A0000000000000000000000000000000000029
:1027B0000000000000000000000000000000000019
:1027C0000000000000000000000000000000000009
:1027D00000000000000000000000000000000000F9
:1027E00000000000000000000000000000000000E9
:1027F00000000000000000000000000000000000D9
:1028000000000000000000000000000000000000C8
:1028100000000000000000000000000000000000B8
:1028200000000000000000000000000000000000A8
:102830000000000000000000000000000000000098
:102840000000000000000000000000000000000088
:102850000000000000000000000000000000000078
:102860000000000000000000000000000000000068
:102870000000000000000000000000000000000058
:102880000000000000000000000000000000000048
:102890000000000000000000000000000000000038
:1028A0000000000000000000000000000000000028
:1028B0000000000000000000000000000000000018
:1028C0000000000000000000000000000000000008
:1028D00000000000000000000000000000000000F8
:1028E00000000000000000000000000000000000E8
:1028F00000000000000000000000000000000000D8
:1029000000000000000000000000000000000000C7
:1029100000000000000000000000000000000000B7
:1029200000000000000000000000000000000000A7
:102930000000000000000000000000000000000097
:102940000000000000000000000000000000000087
:102950000000000000000000000000000000000077
:102960000000000000000000000000000000000067
:102970000000000000000000000000000000000057
:102980000000000000000000000000000000000047
:102990000000000000000000000000000000000037
:1029A0000000000000000000000000000000000027
:1029B0000000000000000000000000000000000017
:1029C0000000000000000000000000000000000007
:1029D00000000000000000000000000000000000F7
:1029E00000000000000000000000000000000000E7
:1029F00000000000000000000000000000000000D7
:102A000000000000000000000000000000000000C6
:102A100000000000000000000000000000000000B6
:102A200000000000000000000000000000000000A6
:102A30000000000000000000000000000000000096
:102A40000000000000000000000000000000000086
:102A50000000000000000000000000000000000076
:102A60000000000000000000000000000000000066
:102A70000000000000000000000000000000000056
:102A80000000000000000000000000000000000046
:102A90000000000000000000000000000000000036
:102AA0000000000000000000000000000000000026
:102AB0000000000000000000000000000000000016
:102AC0000000000000000000000000000000000006
:102AD00000000000000000000000000000000000F6
:102AE00000000000000000000000000000000000E6
:102AF00000000000000000000000000000000000D6
:102B000000000000000000000000000000000000C5
:102B100000000000000000000000000000000000B5
:102B200000000000000000000000000000000000A5
:102B30000000000000000000000000000000000095
:102B40000000000000000000000000000000000085
:102B50000000000000000000000000000000000075
:102B60000000000000000000000000000000000065
:102B70000000000000000000000000000000000055
:102B80000000000000000000000000000000000045
:102B90000000000000000000000000000000000035
:102BA0000000000000000000000000000000000025
:102BB0000000000000000000000000000000000015
:102BC0000000000000000000000000000000000005
:102BD00000000000000000000000000000000000F5
:102BE00000000000000000000000000000000000E5
:102BF00000000000000000000000000000000000D5
:102C000000000000000000000000000000000000C4
:102C100000000000000000000000000000000000B4
:102C200000000000000000000000000000000000A4
:102C30000000000000000000000000000000000094
:102C40000000000000000000000000000000000084
:102C50000000000000000000000000000000000074
:102C60000000000000000000000000000000000064
:102C70000000000000000000000000000000000054
:102C80000000000000000000000000000000000044
:102C90000000000000000000000000000000000034
:102CA0000000000000000000000000000000000024
:102CB0000000000000000000000000000000000014
:102CC0000000000000000000000000000000000004
:102CD00000000000000000000000000000000000F4
:102CE00000000000000000000000000000000000E4
:102CF00000000000000000000000000000000000D4
:102D000000000000000000000000000000000000C3
:102D100000000000000000000000000000000000B3
:102D200000000000000000000000000000000000A3
:102D30000000000000000000000000000000000093
:102D40000000000000000000000000000000000083
:102D50000000000000000000000000000000000073
:102D60000000000000000000000000000000000063
:102D70000000000000000000000000000000000053
:102D80000000000000000000000000000000000043
:102D90000000000000000000000000000000000033
:102DA0000000000000000000000000000000000023
:102DB0000000000000000000000000000000000013
:102DC0000000000000000000000000000000000003
:102DD00000000000000000000000000000000000F3
:102DE00000000000000000000000000000000000E3
:102DF00000000000000000000000000000000000D3
:102E000000000000000000000000000000000000C2
:102E100000000000000000000000000000000000B2
:102E200000000000000000000000000000000000A2
:102E30000000000000000000000000000000000092
:102E40000000000000000000000000000000000082
:102E50000000000000000000000000000000000072
:102E60000000000000000000000000000000000062
:102E70000000000000000000000000000000000052
:102E80000000000000000000000000000000000042
:102E90000000000000000000000000000000000032
:102EA0000000000000000000000000000000000022
:102EB0000000000000000000000000000000000012
:102EC0000000000000000000000000000000000002
:102ED00000000000000000000000000000000000F2
:102EE00000000000000000000000000000000000E2
:102EF00000000000000000000000000000000000D2
:102F000000000000000000000000000000000000C1
:102F100000000000000000000000000000000000B1
:102F200000000000000000000000000000000000A1
:102F30000000000000000000000000000000000091
:102F40000000000000000000000000000000000081
:102F50000000000000000000000000000000000071
:102F60000000000000000000000000000000000061
:102F70000000000000000000000000000000000051
:102F80000000000000000000000000000000000041
:102F90000000000000000000000000000000000031
:102FA0000000000000000000000000000000000021
:102FB0000000000000000000000000000000000011
:102FC0000000000000000000000000000000000001
:102FD00000000000000000000000000000000000F1
:102FE00000000000000000000000000000000000E1
:102FF00000000000000000000000000000000000D1
:1030000000000000000000000000000000000000C0
:1030100000000000000000000000000000000000B0
:1030200000000000000000000000000000000000A0
:103030000000000000000000000000000000000090
:103040000000000000000000000000000000000080
:103050000000000000000000000000000000000070
:103060000000000000000000000000000000000060
:103070000000000000000000000000000000000050
:103080000000000000000000000000000000000040
:103090000000000000000000000000000000000030
:1030A0000000000000000000000000000000000020
:1030B0000000000000000000000000000000000010
:1030C0000000000000000000000000000000000000
:1030D00000000000000000000000000000000000F0
:1030E00000000000000000000000000000000000E0
:1030F00000000000000000000000000000000000D0
:1031000000000000000000000000000000000000BF
:1031100000000000000000000000000000000000AF
:10312000000000000000000000000000000000009F
:10313000000000000000000000000000000000008F
:10314000000000000000000000000000000000007F
:10315000000000000000000000000000000000006F
:10316000000000000000000000000000000000005F
:10317000000000000000000000000000000000004F
:10318000000000000000000000000000000000003F
:10319000000000000000000000000000000000002F
:1031A000000000000000000000000000000000001F
:1031B000000000000000000000000000000000000F
:1031C00000000000000000000000000000000000FF
:1031D00000000000000000000000000000000000EF
:1031E00000000000000000000000000000000000DF
:1031F00000000000000000000000000000000000CF
:1032000000000000000000000000000000000000BE
:1032100000000000000000000000000000000000AE
:10322000000000000000000000000000000000009E
:10323000000000000000000000000000000000008E
:10324000000000000000000000000000000000007E
:10325000000000000000000000000000000000006E
:10326000000000000000000000000000000000005E
:10327000000000000000000000000000000000004E
:10328000000000000000000000000000000000003E
:10329000000000000000000000000000000000002E
:1032A000000000000000000000000000000000001E
:1032B000000000000000000000000000000000000E
:1032C00000000000000000000000000000000000FE
:1032D00000000000000000000000000000000000EE
:1032E00000000000000000000000000000000000DE
:1032F00000000000000000000000000000000000CE
:1033000000000000000000000000000000000000BD
:1033100000000000000000000000000000000000AD
:10332000000000000000000000000000000000009D
:10333000000000000000000000000000000000008D
:10334000000000000000000000000000000000007D
:10335000000000000000000000000000000000006D
:10336000000000000000000000000000000000005D
:10337000000000000000000000000000000000004D
:10338000000000000000000000000000000000003D
:10339000000000000000000000000000000000002D
:1033A000000000000000000000000000000000001D
:1033B000000000000000000000000000000000000D
:1033C00000000000000000000000000000000000FD
:1033D00000000000000000000000000000000000ED
:1033E00000000000000000000000000000000000DD
:1033F00000000000000000000000000000000000CD
:1034000000000000000000000000000000000000BC
:1034100000000000000000000000000000000000AC
:10342000000000000000000000000000000000009C
:10343000000000000000000000000000000000008C
:10344000000000000000000000000000000000007C
:10345000000000000000000000000000000000006C
:10346000000000000000000000000000000000005C
:10347000000000000000000000000000000000004C
:10348000000000000000000000000000000000003C
:10349000000000000000000000000000000000002C
:1034A000000000000000000000000000000000001C
:1034B000000000000000000000000000000000000C
:1034C00000000000000000000000000000000000FC
:1034D00000000000000000000000000000000000EC
:1034E00000000000000000000000000000000000DC
:1034F00000000000000000000000000000000000CC
:1035000000000000000000000000000000000000BB
:1035100000000000000000000000000000000000AB
:10352000000000000000000000000000000000009B
:10353000000000000000000000000000000000008B
:10354000000000000000000000000000000000007B
:10355000000000000000000000000000000000006B
:10356000000000000000000000000000000000005B
:10357000000000000000000000000000000000004B
:10358000000000000000000000000000000000003B
:10359000000000000000000000000000000000002B
:1035A000000000000000000000000000000000001B
:1035B000000000000000000000000000000000000B
:1035C00000000000000000000000000000000000FB
:1035D00000000000000000000000000000000000EB
:1035E00000000000000000000000000000000000DB
:1035F00000000000000000000000000000000000CB
:1036000000000000000000000000000000000000BA
:1036100000000000000000000000000000000000AA
:10362000000000000000000000000000000000009A
:10363000000000000000000000000000000000008A
:10364000000000000000000000000000000000007A
:10365000000000000000000000000000000000006A
:10366000000000000000000000000000000000005A
:10367000000000000000000000000000000000004A
:10368000000000000000000000000000000000003A
:10369000000000000000000000000000000000002A
:1036A000000000000000000000000000000000001A
:1036B000000000000000000000000000000000000A
:1036C00000000000000000000000000000000000FA
:1036D00000000000000000000000000000000000EA
:1036E00000000000000000000000000000000000DA
:1036F00000000000000000000000000000000000CA
:1037000000000000000000000000000000000000B9
:1037100000000000000000000000000000000000A9
:103720000000000000000000000000000000000099
:103730000000000000000000000000000000000089
:103740000000000000000000000000000000000079
:103750000000000000000000000000000000000069
:103760000000000000000000000000000000000059
:103770000000000000000000000000000000000049
:103780000000000000000000000000000000000039
:103790000000000000000000000000000000000029
:1037A0000000000000000000000000000000000019
:1037B0000000000000000000000000000000000009
:1037C00000000000000000000000000000000000F9
:1037D00000000000000000000000000000000000E9
:1037E00000000000000000000000000000000000D9
:1037F00000000000000000000000000000000000C9
:1038000000000000000000000000000000000000B8
:1038100000000000000000000000000000000000A8
:103820000000000000000000000000000000000098
:103830000000000000000000000000000000000088
:103840000000000000000000000000000000000078
:103850000000000000000000000000000000000068
:103860000000000000000000000000000000000058
:103870000000000000000000000000000000000048
:103880000000000000000000000000000000000038
:103890000000000000000000000000000000000028
:1038A0000000000000000000000000000000000018
:1038B0000000000000000000000000000000000008
:1038C00000000000000000000000000000000000F8
:1038D00000000000000000000000000000000000E8
:1038E00000000000000000000000000000000000D8
:1038F00000000000000000000000000000000000C8
:1039000000000000000000000000000000000000B7
:1039100000000000000000000000000000000000A7
:103920000000000000000000000000000000000097
:103930000000000000000000000000000000000087
:103940000000000000000000000000000000000077
:103950000000000000000000000000000000000067
:103960000000000000000000000000000000000057
:103970000000000000000000000000000000000047
:103980000000000000000000000000000000000037
:103990000000000000000000000000000000000027
:1039A0000000000000000000000000000000000017
:1039B0000000000000000000000000000000000007
:1039C00000000000000000000000000000000000F7
:1039D00000000000000000000000000000000000E7
:1039E00000000000000000000000000000000000D7
:1039F00000000000000000000000000000000000C7
:103A000000000000000000000000000000000000B6
:103A100000000000000000000000000000000000A6
:103A20000000000000000000000000000000000096
:103A30000000000000000000000000000000000086
:103A40000000000000000000000000000000000076
:103A50000000000000000000000000000000000066
:103A60000000000000000000000000000000000056
:103A70000000000000000000000000000000000046
:103A80000000000000000000000000000000000036
:103A90000000000000000000000000000000000026
:103AA0000000000000000000000000000000000016
:103AB0000000000000000000000000000000000006
:103AC00000000000000000000000000000000000F6
:103AD00000000000000000000000000000000000E6
:103AE00000000000000000000000000000000000D6
:103AF00000000000000000000000000000000000C6
:103B000000000000000000000000000000000000B5
:103B100000000000000000000000000000000000A5
:103B20000000000000000000000000000000000095
:103B30000000000000000000000000000000000085
:103B40000000000000000000000000000000000075
:103B50000000000000000000000000000000000065
:103B60000000000000000000000000000000000055
:103B70000000000000000000000000000000000045
:103B80000000000000000000000000000000000035
:103B90000000000000000000000000000000000025
:103BA0000000000000000000000000000000000015
:103BB0000000000000000000000000000000000005
:103BC00000000000000000000000000000000000F5
:103BD00000000000000000000000000000000000E5
:103BE00000000000000000000000000000000000D5
:103BF00000000000000000000000000000000000C5
:103C000000000000000000000000000000000000B4
:103C100000000000000000000000000000000000A4
:103C20000000000000000000000000000000000094
:103C30000000000000000000000000000000000084
:103C40000000000000000000000000000000000074
:103C50000000000000000000000000000000000064
:103C60000000000000000000000000000000000054
:103C70000000000000000000000000000000000044
:103C80000000000000000000000000000000000034
:103C90000000000000000000000000000000000024
:103CA0000000000000000000000000000000000014
:103CB0000000000000000000000000000000000004
:103CC00000000000000000000000000000000000F4
:103CD00000000000000000000000000000000000E4
:103CE00000000000000000000000000000000000D4
:103CF00000000000000000000000000000000000C4
:103D000000000000000000000000000000000000B3
:103D100000000000000000000000000000000000A3
:103D20000000000000000000000000000000000093
:103D30000000000000000000000000000000000083
:103D40000000000000000000000000000000000073
:103D50000000000000000000000000000000000063
:103D60000000000000000000000000000000000053
:103D70000000000000000000000000000000000043
:103D80000000000000000000000000000000000033
:103D90000000000000000000000000000000000023
:103DA0000000000000000000000000000000000013
:103DB0000000000000000000000000000000000003
:103DC00000000000000000000000000000000000F3
:103DD00000000000000000000000000000000000E3
:103DE00000000000000000000000000000000000D3
:103DF00000000000000000000000000000000000C3
:103E000000000000000000000000000000000000B2
:103E100000000000000000000000000000000000A2
:103E20000000000000000000000000000000000092
:103E30000000000000000000000000000000000082
:103E40000000000000000000000000000000000072
:103E50000000000000000000000000000000000062
:103E60000000000000000000000000000000000052
:103E70000000000000000000000000000000000042
:103E80000000000000000000000000000000000032
:103E90000000000000000000000000000000000022
:103EA0000000000000000000000000000000000012
:103EB0000000000000000000000000000000000002
:103EC00000000000000000000000000000000000F2
:103ED00000000000000000000000000000000000E2
:103EE00000000000000000000000000000000000D2
:103EF00000000000000000000000000000000000C2
:103F000000000000000000000000000000000000B1
:103F100000000000000000000000000000000000A1
:103F20000000000000000000000000000000000091
:103F30000000000000000000000000000000000081
:103F40000000000000000000000000000000000071
:103F50000000000000000000000000000000000061
:103F60000000000000000000000000000000000051
:103F70000000000000000000000000000000000041
:103F80000000000000000000000000000000000031
:103F90000000000000000000000000000000000021
:103FA0000000000000000000000000000000000011
:103FB0000000000000000000000000000000000001
:103FC00000000000000000000000000000000000F1
:103FD00000000000000000000000000000000000E1
:103FE00000000000000000000000000000000000D1
:103FF00000000000000000000000000000000000C1
:1040000000000000000000000000000000000000B0
:1040100000000000000000000000000000000000A0
:104020000000000000000000000000000000000090
:104030000000000000000000000000000000000080
:104040000000000000000000000000000000000070
:104050000000000000000000000000000000000060
:104060000000000000000000000000000000000050
:104070000000000000000000000000000000000040
:104080000000000000000000000000000000000030
:104090000000000000000000000000000000000020
:1040A0000000000000000000000000000000000010
:1040B0000000000000000000000000000000000000
:1040C00000000000000000000000000000000000F0
:1040D00000000000000000000000000000000000E0
:1040E00000000000000000000000000000000000D0
:1040F00000000000000000000000000000000000C0
:1041000000000000000000000000000000000000AF
:10411000000000000000000000000000000000009F
:10412000000000000000000000000000000000008F
:10413000000000000000000000000000000000007F
:10414000000000000000000000000000000000006F
:10415000000000000000000000000000000000005F
:10416000000000000000000000000000000000004F
:10417000000000000000000000000000000000003F
:10418000000000000000000000000000000000002F
:10419000000000000000000000000000000000001F
:1041A000000000000000000000000000000000000F
:1041B00000000000000000000000000000000000FF
:1041C00000000000000000000000000000000000EF
:1041D00000000000000000000000000000000000DF
:1041E00000000000000000000000000000000000CF
:1041F00000000000000000000000000000000000BF
:1042000000000000000000000000000000000000AE
:10421000000000000000000000000000000000009E
:10422000000000000000000000000000000000008E
:10423000000000000000000000000000000000007E
:10424000000000000000000000000000000000006E
:10425000000000000000000000000000000000005E
:10426000000000000000000000000000000000004E
:10427000000000000000000000000000000000003E
:10428000000000000000000000000000000000002E
:10429000000000000000000000000000000000001E
:1042A000000000000000000000000000000000000E
:1042B00000000000000000000000000000000000FE
:1042C00000000000000000000000000000000000EE
:1042D00000000000000000000000000000000000DE
:1042E00000000000000000000000000000000000CE
:1042F00000000000000000000000000000000000BE
:1043000000000000000000000000000000000000AD
:10431000000000000000000000000000000000009D
:10432000000000000000000000000000000000008D
:10433000000000000000000000000000000000007D
:10434000000000000000000000000000000000006D
:10435000000000000000000000000000000000005D
:10436000000000000000000000000000000000004D
:10437000000000000000000000000000000000003D
:10438000000000000000000000000000000000002D
:10439000000000000000000000000000000000001D
:1043A000000000000000000000000000000000000D
:1043B00000000000000000000000000000000000FD
:1043C00000000000000000000000000000000000ED
:1043D00000000000000000000000000000000000DD
:1043E00000000000000000000000000000000000CD
:1043F00000000000000000000000000000000000BD
:1044000000000000000000000000000000000000AC
:10441000000000000000000000000000000000009C
:10442000000000000000000000000000000000008C
:10443000000000000000000000000000000000007C
:10444000000000000000000000000000000000006C
:10445000000000000000000000000000000000005C
:10446000000000000000000000000000000000004C
:10447000000000000000000000000000000000003C
:10448000000000000000000000000000000000002C
:10449000000000000000000000000000000000001C
:1044A000000000000000000000000000000000000C
:1044B00000000000000000000000000000000000FC
:1044C00000000000000000000000000000000000EC
:1044D00000000000000000000000000000000000DC
:1044E00000000000000000000000000000000000CC
:1044F00000000000000000000000000000000000BC
:1045000000000000000000000000000000000000AB
:10451000000000000000000000000000000000009B
:10452000000000000000000000000000000000008B
:10453000000000000000000000000000000000007B
:10454000000000000000000000000000000000006B
:10455000000000000000000000000000000000005B
:10456000000000000000000000000000000000004B
:10457000000000000000000000000000000000003B
:10458000000000000000000000000000000000002B
:10459000000000000000000000000000000000001B
:1045A000000000000000000000000000000000000B
:1045B00000000000000000000000000000000000FB
:1045C00000000000000000000000000000000000EB
:1045D00000000000000000000000000000000000DB
:1045E00000000000000000000000000000000000CB
:1045F00000000000000000000000000000000000BB
:1046000000000000000000000000000000000000AA
:10461000000000000000000000000000000000009A
:10462000000000000000000000000000000000008A
:10463000000000000000000000000000000000007A
:10464000000000000000000000000000000000006A
:10465000000000000000000000000000000000005A
:10466000000000000000000000000000000000004A
:10467000000000000000000000000000000000003A
:10468000000000000000000000000000000000002A
:10469000000000000000000000000000000000001A
:1046A000000000000000000000000000000000000A
:1046B00000000000000000000000000000000000FA
:1046C00000000000000000000000000000000000EA
:1046D00000000000000000000000000000000000DA
:1046E00000000000000000000000000000000000CA
:1046F00000000000000000000000000000000000BA
:1047000000000000000000000000000000000000A9
:104710000000000000000000000000000000000099
:104720000000000000000000000000000000000089
:104730000000000000000000000000000000000079
:104740000000000000000000000000000000000069
:104750000000000000000000000000000000000059
:104760000000000000000000000000000000000049
:104770000000000000000000000000000000000039
:104780000000000000000000000000000000000029
:104790000000000000000000000000000000000019
:1047A0000000000000000000000000000000000009
:1047B00000000000000000000000000000000000F9
:1047C00000000000000000000000000000000000E9
:1047D00000000000000000000000000000000000D9
:1047E00000000000000000000000000000000000C9
:1047F00000000000000000000000000000000000B9
:1048000000000000000000000000000000000000A8
:104810000000000000000000000000000000000098
:104820000000000000000000000000000000000088
:104830000000000000000000000000000000000078
:104840000000000000000000000000000000000068
:104850000000000000000000000000000000000058
:104860000000000000000000000000000000000048
:104870000000000000000000000000000000000038
:104880000000000000000000000000000000000028
:104890000000000000000000000000000000000018
:1048A0000000000000000000000000000000000008
:1048B00000000000000000000000000000000000F8
:1048C00000000000000000000000000000000000E8
:1048D00000000000000000000000000000000000D8
:1048E00000000000000000000000000000000000C8
:1048F00000000000000000000000000000000000B8
:1049000000000000000000000000000000000000A7
:104910000000000000000000000000000000000097
:104920000000000000000000000000000000000087
:104930000000000000000000000000000000000077
:104940000000000000000000000000000000000067
:104950000000000000000000000000000000000057
:104960000000000000000000000000000000000047
:104970000000000000000000000000000000000037
:104980000000000000000000000000000000000027
:104990000000000000000000000000000000000017
:1049A0000000000000000000000000000000000007
:1049B00000000000000000000000000000000000F7
:1049C00000000000000000000000000000000000E7
:1049D00000000000000000000000000000000000D7
:1049E00000000000000000000000000000000000C7
:1049F00000000000000000000000000000000000B7
:104A000000000000000000000000000000000000A6
:104A10000000000000000000000000000000000096
:104A20000000000000000000000000000000000086
:104A30000000000000000000000000000000000076
:104A40000000000000000000000000000000000066
:104A50000000000000000000000000000000000056
:104A60000000000000000000000000000000000046
:104A70000000000000000000000000000000000036
:104A80000000000000000000000000000000000026
:104A90000000000000000000000000000000000016
:104AA0000000000000000000000000000000000006
:104AB00000000000000000000000000000000000F6
:104AC00000000000000000000000000000000000E6
:104AD00000000000000000000000000000000000D6
:104AE00000000000000000000000000000000000C6
:104AF00000000000000000000000000000000000B6
:104B000000000000000000000000000000000000A5
:104B10000000000000000000000000000000000095
:104B20000000000000000000000000000000000085
:104B30000000000000000000000000000000000075
:104B40000000000000000000000000000000000065
:104B50000000000000000000000000000000000055
:104B60000000000000000000000000000000000045
:104B70000000000000000000000000000000000035
:104B80000000000000000000000000000000000025
:104B90000000000000000000000000000000000015
:104BA0000000000000000000000000000000000005
:104BB00000000000000000000000000000000000F5
:104BC00000000000000000000000000000000000E5
:104BD00000000000000000000000000000000000D5
:104BE00000000000000000000000000000000000C5
:104BF00000000000000000000000000000000000B5
:104C000000000000000000000000000000000000A4
:104C10000000000000000000000000000000000094
:104C20000000000000000000000000000000000084
:104C30000000000000000000000000000000000074
:104C40000000000000000000000000000000000064
:104C50000000000000000000000000000000000054
:104C60000000000000000000000000000000000044
:104C70000000000000000000000000000000000034
:104C80000000000000000000000000000000000024
:104C90000000000000000000000000000000000014
:104CA0000000000000000000000000000000000004
:104CB00000000000000000000000000000000000F4
:104CC00000000000000000000000000000000000E4
:104CD00000000000000000000000000000000000D4
:104CE00000000000000000000000000000000000C4
:104CF00000000000000000000000000000000000B4
:104D000000000000000000000000000000000000A3
:104D10000000000000000000000000000000000093
:104D20000000000000000000000000000000000083
:104D30000000000000000000000000000000000073
:104D40000000000000000000000000000000000063
:104D50000000000000000000000000000000000053
:104D60000000000000000000000000000000000043
:104D70000000000000000000000000000000000033
:104D80000000000000000000000000000000000023
:104D90000000000000000000000000000000000013
:104DA0000000000000000000000000000000000003
:104DB00000000000000000000000000000000000F3
:104DC00000000000000000000000000000000000E3
:104DD00000000000000000000000000000000000D3
:104DE00000000000000000000000000000000000C3
:104DF00000000000000000000000000000000000B3
:104E000000000000000000000000000000000000A2
:104E10000000000000000000000000000000000092
:104E20000000000000000000000000000000000082
:104E30000000000000000000000000000000000072
:104E40000000000000000000000000000000000062
:104E50000000000000000000000000000000000052
:104E60000000000000000000000000000000000042
:104E70000000000000000000000000000000000032
:104E80000000000000000000000000000000000022
:104E90000000000000000000000000000000000012
:104EA0000000000000000000000000000000000002
:104EB00000000000000000000000000000000000F2
:104EC00000000000000000000000000000000000E2
:104ED00000000000000000000000000000000000D2
:104EE00000000000000000000000000000000000C2
:104EF00000000000000000000000000000000000B2
:104F000000000000000000000000000000000000A1
:104F10000000000000000000000000000000000091
:104F20000000000000000000000000000000000081
:104F30000000000000000000000000000000000071
:104F40000000000000000000000000000000000061
:104F50000000000000000000000000000000000051
:104F60000000000000000000000000000000000041
:104F70000000000000000000000000000000000031
:104F80000000000000000000000000000000000021
:104F90000000000000000000000000000000000011
:104FA0000000000000000000000000000000000001
:104FB00000000000000000000000000000000000F1
:104FC00000000000000000000000000000000000E1
:104FD00000000000000000000000000000000000D1
:104FE00000000000000000000000000000000000C1
:104FF00000000000000000000000000000000000B1
:1050000000000000000000000000000000000000A0
:105010000000000000000000000000000000000090
:105020000000000000000000000000000000000080
:105030000000000000000000000000000000000070
:105040000000000000000000000000000000000060
:105050000000000000000000000000000000000050
:105060000000000000000000000000000000000040
:105070000000000000000000000000000000000030
:105080000000000000000000000000000000000020
:105090000000000000000000000000000000000010
:1050A0000000000000000000000000000000000000
:1050B00000000000000000000000000000000000F0
:1050C00000000000000000000000000000000000E0
:1050D00000000000000000000000000000000000D0
:1050E00000000000000000000000000000000000C0
:1050F00000000000000000000000000000000000B0
:10510000000000000000000000000000000000009F
:10511000000000000000000000000000000000008F
:10512000000000000000000000000000000000007F
:10513000000000000000000000000000000000006F
:10514000000000000000000000000000000000005F
:10515000000000000000000000000000000000004F
:10516000000000000000000000000000000000003F
:10517000000000000000000000000000000000002F
:10518000000000000000000000000000000000001F
:10519000000000000000000000000000000000000F
:1051A00000000000000000000000000000000000FF
:1051B00000000000000000000000000000000000EF
:1051C00000000000000000000000000000000000DF
:1051D00000000000000000000000000000000000CF
:1051E00000000000000000000000000000000000BF
:1051F00000000000000000000000000000000000AF
:10520000000000000000000000000000000000009E
:10521000000000000000000000000000000000008E
:10522000000000000000000000000000000000007E
:10523000000000000000000000000000000000006E
:10524000000000000000000000000000000000005E
:10525000000000000000000000000000000000004E
:10526000000000000000000000000000000000003E
:10527000000000000000000000000000000000002E
:10528000000000000000000000000000000000001E
:10529000000000000000000000000000000000000E
:1052A00000000000000000000000000000000000FE
:1052B00000000000000000000000000000000000EE
:1052C00000000000000000000000000000000000DE
:1052D00000000000000000000000000000000000CE
:1052E00000000000000000000000000000000000BE
:1052F00000000000000000000000000000000000AE
:10530000000000000000000000000000000000009D
:10531000000000000000000000000000000000008D
:10532000000000000000000000000000000000007D
:10533000000000000000000000000000000000006D
:10534000000000000000000000000000000000005D
:10535000000000000000000000000000000000004D
:10536000000000000000000000000000000000003D
:10537000000000000000000000000000000000002D
:10538000000000000000000000000000000000001D
:10539000000000000000000000000000000000000D
:1053A00000000000000000000000000000000000FD
:1053B00000000000000000000000000000000000ED
:1053C00000000000000000000000000000000000DD
:1053D00000000000000000000000000000000000CD
:1053E00000000000000000000000000000000000BD
:1053F00000000000000000000000000000000000AD
:10540000000000000000000000000000000000009C
:10541000000000000000000000000000000000008C
:10542000000000000000000000000000000000007C
:10543000000000000000000000000000000000006C
:10544000000000000000000000000000000000005C
:10545000000000000000000000000000000000004C
:10546000000000000000000000000000000000003C
:10547000000000000000000000000000000000002C
:10548000000000000000000000000000000000001C
:10549000000000000000000000000000000000000C
:1054A00000000000000000000000000000000000FC
:1054B00000000000000000000000000000000000EC
:1054C00000000000000000000000000000000000DC
:1054D00000000000000000000000000000000000CC
:1054E00000000000000000000000000000000000BC
:1054F00000000000000000000000000000000000AC
:10550000000000000000000000000000000000009B
:10551000000000000000000000000000000000008B
:10552000000000000000000000000000000000007B
:10553000000000000000000000000000000000006B
:10554000000000000000000000000000000000005B
:10555000000000000000000000000000000000004B
:10556000000000000000000000000000000000003B
:10557000000000000000000000000000000000002B
:10558000000000000000000000000000000000001B
:10559000000000000000000000000000000000000B
:1055A00000000000000000000000000000000000FB
:1055B00000000000000000000000000000000000EB
:1055C00000000000000000000000000000000000DB
:1055D00000000000000000000000000000000000CB
:1055E00000000000000000000000000000000000BB
:1055F00000000000000000000000000000000000AB
:10560000000000000000000000000000000000009A
:10561000000000000000000000000000000000008A
:10562000000000000000000000000000000000007A
:10563000000000000000000000000000000000006A
:10564000000000000000000000000000000000005A
:10565000000000000000000000000000000000004A
:10566000000000000000000000000000000000003A
:10567000000000000000000000000000000000002A
:10568000000000000000000000000000000000001A
:10569000000000000000000000000000000000000A
:1056A00000000000000000000000000000000000FA
:1056B00000000000000000000000000000000000EA
:1056C00000000000000000000000000000000000DA
:1056D00000000000000000000000000000000000CA
:1056E00000000000000000000000000000000000BA
:1056F00000000000000000000000000000000000AA
:105700000000000000000000000000000000000099
:105710000000000000000000000000000000000089
:105720000000000000000000000000000000000079
:105730000000000000000000000000000000000069
:105740000000000000000000000000000000000059
:105750000000000000000000000000000000000049
:105760000000000000000000000000000000000039
:105770000000000000000000000000000000000029
:105780000000000000000000000000000000000019
:105790000000000000000000000000000000000009
:1057A00000000000000000000000000000000000F9
:1057B00000000000000000000000000000000000E9
:1057C00000000000000000000000000000000000D9
:1057D00000000000000000000000000000000000C9
:1057E00000000000000000000000000000000000B9
:1057F00000000000000000000000000000000000A9
:105800000000000000000000000000000000000098
:105810000000000000000000000000000000000088
:105820000000000000000000000000000000000078
:105830000000000000000000000000000000000068
:105840000000000000000000000000000000000058
:105850000000000000000000000000000000000048
:105860000000000000000000000000000000000038
:105870000000000000000000000000000000000028
:105880000000000000000000000000000000000018
:105890000000000000000000000000000000000008
:1058A00000000000000000000000000000000000F8
:1058B00000000000000000000000000000000000E8
:1058C00000000000000000000000000000000000D8
:1058D00000000000000000000000000000000000C8
:1058E00000000000000000000000000000000000B8
:1058F00000000000000000000000000000000000A8
:105900000000000000000000000000000000000097
:105910000000000000000000000000000000000087
:105920000000000000000000000000000000000077
:105930000000000000000000000000000000000067
:105940000000000000000000000000000000000057
:105950000000000000000000000000000000000047
:105960000000000000000000000000000000000037
:105970000000000000000000000000000000000027
:105980000000000000000000000000000000000017
:105990000000000000000000000000000000000007
:1059A00000000000000000000000000000000000F7
:1059B00000000000000000000000000000000000E7
:1059C00000000000000000000000000000000000D7
:1059D00000000000000000000000000000000000C7
:1059E00000000000000000000000000000000000B7
:1059F00000000000000000000000000000000000A7
:105A00000000000000000000000000000000000096
:105A10000000000000000000000000000000000086
:105A20000000000000000000000000000000000076
:105A30000000000000000000000000000000000066
:105A40000000000000000000000000000000000056
:105A50000000000000000000000000000000000046
:105A60000000000000000000000000000000000036
:105A70000000000000000000000000000000000026
:105A80000000000000000000000000000000000016
:105A90000000000000000000000000000000000006
:105AA00000000000000000000000000000000000F6
:105AB00000000000000000000000000000000000E6
:105AC00000000000000000000000000000000000D6
:105AD00000000000000000000000000000000000C6
:105AE00000000000000000000000000000000000B6
:105AF00000000000000000000000000000000000A6
:105B00000000000000000000000000000000000095
:105B10000000000000000000000000000000000085
:105B20000000000000000000000000000000000075
:105B30000000000000000000000000000000000065
:105B40000000000000000000000000000000000055
:105B50000000000000000000000000000000000045
:105B60000000000000000000000000000000000035
:105B70000000000000000000000000000000000025
:105B80000000000000000000000000000000000015
:105B90000000000000000000000000000000000005
:105BA00000000000000000000000000000000000F5
:105BB00000000000000000000000000000000000E5
:105BC00000000000000000000000000000000000D5
:105BD00000000000000000000000000000000000C5
:105BE00000000000000000000000000000000000B5
:105BF00000000000000000000000000000000000A5
:105C00000000000000000000000000000000000094
:105C10000000000000000000000000000000000084
:105C20000000000000000000000000000000000074
:105C30000000000000000000000000000000000064
:105C40000000000000000000000000000000000054
:105C50000000000000000000000000000000000044
:105C60000000000000000000000000000000000034
:105C70000000000000000000000000000000000024
:105C80000000000000000000000000000000000014
:105C90000000000000000000000000000000000004
:105CA00000000000000000000000000000000000F4
:105CB00000000000000000000000000000000000E4
:105CC00000000000000000000000000000000000D4
:105CD00000000000000000000000000000000000C4
:105CE00000000000000000000000000000000000B4
:105CF00000000000000000000000000000000000A4
:105D00000000000000000000000000000000000093
:105D10000000000000000000000000000000000083
:105D20000000000000000000000000000000000073
:105D30000000000000000000000000000000000063
:105D40000000000000000000000000000000000053
:105D50000000000000000000000000000000000043
:105D60000000000000000000000000000000000033
:105D70000000000000000000000000000000000023
:105D80000000000000000000000000000000000013
:105D90000000000000000000000000000000000003
:105DA00000000000000000000000000000000000F3
:105DB00000000000000000000000000000000000E3
:105DC00000000000000000000000000000000000D3
:105DD00000000000000000000000000000000000C3
:105DE00000000000000000000000000000000000B3
:105DF00000000000000000000000000000000000A3
:105E00000000000000000000000000000000000092
:105E10000000000000000000000000000000000082
:105E20000000000000000000000000000000000072
:105E30000000000000000000000000000000000062
:105E40000000000000000000000000000000000052
:105E50000000000000000000000000000000000042
:105E60000000000000000000000000000000000032
:105E70000000000000000000000000000000000022
:105E80000000000000000000000000000000000012
:105E90000000000000000000000000000000000002
:105EA00000000000000000000000000000000000F2
:105EB00000000000000000000000000000000000E2
:105EC00000000000000000000000000000000000D2
:105ED00000000000000000000000000000000000C2
:105EE00000000000000000000000000000000000B2
:105EF00000000000000000000000000000000000A2
:105F00000000000000000000000000000000000091
:105F10000000000000000000000000000000000081
:105F20000000000000000000000000000000000071
:105F30000000000000000000000000000000000061
:105F40000000000000000000000000000000000051
:105F50000000000000000000000000000000000041
:105F60000000000000000000000000000000000031
:105F70000000000000000000000000000000000021
:105F80000000000000000000000000000000000011
:105F90000000000000000000000000000000000001
:105FA00000000000000000000000000000000000F1
:105FB00000000000000000000000000000000000E1
:105FC00000000000000000000000000000000000D1
:105FD00000000000000000000000000000000000C1
:105FE00000000000000000000000000000000000B1
:105FF00000000000000000000000000000000000A1
:106000000000000000000000000000000000000090
:106010000000000000000000000000000000000080
:106020000000000000000000000000000000000070
:106030000000000000000000000000000000000060
:106040000000000000000000000000000000000050
:106050000000000000000000000000000000000040
:106060000000000000000000000000000000000030
:106070000000000000000000000000000000000020
:106080000000000000000000000000000000000010
:106090000000000000000000000000000000000000
:1060A00000000000000000000000000000000000F0
:1060B00000000000000000000000000000000000E0
:1060C00000000000000000000000000000000000D0
:1060D00000000000000000000000000000000000C0
:1060E00000000000000000000000000000000000B0
:1060F00000000000000000000000000000000000A0
:10610000000000000000000000000000000000008F
:10611000000000000000000000000000000000007F
:10612000000000000000000000000000000000006F
:10613000000000000000000000000000000000005F
:10614000000000000000000000000000000000004F
:10615000000000000000000000000000000000003F
:10616000000000000000000000000000000000002F
:10617000000000000000000000000000000000001F
:10618000000000000000000000000000000000000F
:1061900000000000000000000000000000000000FF
:1061A00000000000000000000000000000000000EF
:1061B00000000000000000000000000000000000DF
:1061C00000000000000000000000000000000000CF
:1061D00000000000000000000000000000000000BF
:1061E00000000000000000000000000000000000AF
:1061F000000000000000000000000000000000009F
:10620000000000000000000000000000000000008E
:10621000000000000000000000000000000000007E
:10622000000000000000000000000000000000006E
:10623000000000000000000000000000000000005E
:10624000000000000000000000000000000000004E
:10625000000000000000000000000000000000003E
:10626000000000000000000000000000000000002E
:10627000000000000000000000000000000000001E
:10628000000000000000000000000000000000000E
:1062900000000000000000000000000000000000FE
:1062A00000000000000000000000000000000000EE
:1062B00000000000000000000000000000000000DE
:1062C00000000000000000000000000000000000CE
:1062D00000000000000000000000000000000000BE
:1062E00000000000000000000000000000000000AE
:1062F000000000000000000000000000000000009E
:10630000000000000000000000000000000000008D
:10631000000000000000000000000000000000007D
:10632000000000000000000000000000000000006D
:10633000000000000000000000000000000000005D
:10634000000000000000000000000000000000004D
:10635000000000000000000000000000000000003D
:10636000000000000000000000000000000000002D
:10637000000000000000000000000000000000001D
:10638000000000000000000000000000000000000D
:1063900000000000000000000000000000000000FD
:1063A00000000000000000000000000000000000ED
:1063B00000000000000000000000000000000000DD
:1063C00000000000000000000000000000000000CD
:1063D00000000000000000000000000000000000BD
:1063E00000000000000000000000000000000000AD
:1063F000000000000000000000000000000000009D
:10640000000000000000000000000000000000008C
:10641000000000000000000000000000000000007C
:10642000000000000000000000000000000000006C
:10643000000000000000000000000000000000005C
:10644000000000000000000000000000000000004C
:10645000000000000000000000000000000000003C
:10646000000000000000000000000000000000002C
:10647000000000000000000000000000000000001C
:10648000000000000000000000000000000000000C
:1064900000000000000000000000000000000000FC
:1064A00000000000000000000000000000000000EC
:1064B00000000000000000000000000000000000DC
:1064C00000000000000000000000000000000000CC
:1064D00000000000000000000000000000000000BC
:1064E00000000000000000000000000000000000AC
:1064F000000000000000000000000000000000009C
:10650000000000000000000000000000000000008B
:10651000000000000000000000000000000000007B
:10652000000000000000000000000000000000006B
:10653000000000000000000000000000000000005B
:10654000000000000000000000000000000000004B
:10655000000000000000000000000000000000003B
:10656000000000000000000000000000000000002B
:10657000000000000000000000000000000000001B
:10658000000000000000000000000000000000000B
:1065900000000000000000000000000000000000FB
:1065A00000000000000000000000000000000000EB
:1065B00000000000000000000000000000000000DB
:1065C00000000000000000000000000000000000CB
:1065D00000000000000000000000000000000000BB
:1065E00000000000000000000000000000000000AB
:1065F000000000000000000000000000000000009B
:10660000000000000000000000000000000000008A
:10661000000000000000000000000000000000007A
:10662000000000000000000000000000000000006A
:10663000000000000000000000000000000000005A
:10664000000000000000000000000000000000004A
:10665000000000000000000000000000000000003A
:10666000000000000000000000000000000000002A
:10667000000000000000000000000000000000001A
:10668000000000000000000000000000000000000A
:1066900000000000000000000000000000000000FA
:1066A00000000000000000000000000000000000EA
:1066B00000000000000000000000000000000000DA
:1066C00000000000000000000000000000000000CA
:1066D00000000000000000000000000000000000BA
:1066E00000000000000000000000000000000000AA
:1066F000000000000000000000000000000000009A
:106700000000000000000000000000000000000089
:106710000000000000000000000000000000000079
:106720000000000000000000000000000000000069
:106730000000000000000000000000000000000059
:106740000000000000000000000000000000000049
:106750000000000000000000000000000000000039
:106760000000000000000000000000000000000029
:106770000000000000000000000000000000000019
:106780000000000000000000000000000000000009
:1067900000000000000000000000000000000000F9
:1067A00000000000000000000000000000000000E9
:1067B00000000000000000000000000000000000D9
:1067C00000000000000000000000000000000000C9
:1067D00000000000000000000000000000000000B9
:1067E00000000000000000000000000000000000A9
:1067F0000000000000000000000000000000000099
:106800000000000000000000000000000000000088
:106810000000000000000000000000000000000078
:106820000000000000000000000000000000000068
:106830000000000000000000000000000000000058
:106840000000000000000000000000000000000048
:106850000000000000000000000000000000000038
:106860000000000000000000000000000000000028
:106870000000000000000000000000000000000018
:106880000000000000000000000000000000000008
:1068900000000000000000000000000000000000F8
:1068A00000000000000000000000000000000000E8
:1068B00000000000000000000000000000000000D8
:1068C00000000000000000000000000000000000C8
:1068D00000000000000000000000000000000000B8
:1068E00000000000000000000000000000000000A8
:1068F0000000000000000000000000000000000098
:106900000000000000000000000000000000000087
:106910000000000000000000000000000000000077
:106920000000000000000000000000000000000067
:106930000000000000000000000000000000000057
:106940000000000000000000000000000000000047
:106950000000000000000000000000000000000037
:106960000000000000000000000000000000000027
:106970000000000000000000000000000000000017
:106980000000000000000000000000000000000007
:1069900000000000000000000000000000000000F7
:1069A00000000000000000000000000000000000E7
:1069B00000000000000000000000000000000000D7
:1069C00000000000000000000000000000000000C7
:1069D00000000000000000000000000000000000B7
:1069E00000000000000000000000000000000000A7
:1069F0000000000000000000000000000000000097
:106A00000000000000000000000000000000000086
:106A10000000000000000000000000000000000076
:106A20000000000000000000000000000000000066
:106A30000000000000000000000000000000000056
:106A40000000000000000000000000000000000046
:106A50000000000000000000000000000000000036
:106A60000000000000000000000000000000000026
:106A70000000000000000000000000000000000016
:106A80000000000000000000000000000000000006
:106A900000000000000000000000000000000000F6
:106AA00000000000000000000000000000000000E6
:106AB00000000000000000000000000000000000D6
:106AC00000000000000000000000000000000000C6
:106AD00000000000000000000000000000000000B6
:106AE00000000000000000000000000000000000A6
:106AF0000000000000000000000000000000000096
:106B00000000000000000000000000000000000085
:106B10000000000000000000000000000000000075
:106B20000000000000000000000000000000000065
:106B30000000000000000000000000000000000055
:106B40000000000000000000000000000000000045
:106B50000000000000000000000000000000000035
:106B60000000000000000000000000000000000025
:106B70000000000000000000000000000000000015
:106B80000000000000000000000000000000000005
:106B900000000000000000000000000000000000F5
:106BA00000000000000000000000000000000000E5
:106BB00000000000000000000000000000000000D5
:106BC00000000000000000000000000000000000C5
:106BD00000000000000000000000000000000000B5
:106BE00000000000000000000000000000000000A5
:106BF0000000000000000000000000000000000095
:106C00000000000000000000000000000000000084
:106C10000000000000000000000000000000000074
:106C20000000000000000000000000000000000064
:106C30000000000000000000000000000000000054
:106C40000000000000000000000000000000000044
:106C50000000000000000000000000000000000034
:106C60000000000000000000000000000000000024
:106C70000000000000000000000000000000000014
:106C80000000000000000000000000000000000004
:106C900000000000000000000000000000000000F4
:106CA00000000000000000000000000000000000E4
:106CB00000000000000000000000000000000000D4
:106CC00000000000000000000000000000000000C4
:106CD00000000000000000000000000000000000B4
:106CE00000000000000000000000000000000000A4
:106CF0000000000000000000000000000000000094
:106D00000000000000000000000000000000000083
:106D10000000000000000000000000000000000073
:106D20000000000000000000000000000000000063
:106D30000000000000000000000000000000000053
:106D40000000000000000000000000000000000043
:106D50000000000000000000000000000000000033
:106D60000000000000000000000000000000000023
:106D70000000000000000000000000000000000013
:106D80000000000000000000000000000000000003
:106D900000000000000000000000000000000000F3
:106DA00000000000000000000000000000000000E3
:106DB00000000000000000000000000000000000D3
:106DC00000000000000000000000000000000000C3
:106DD00000000000000000000000000000000000B3
:106DE00000000000000000000000000000000000A3
:106DF0000000000000000000000000000000000093
:106E00000000000000000000000000000000000082
:106E10000000000000000000000000000000000072
:106E20000000000000000000000000000000000062
:106E30000000000000000000000000000000000052
:106E40000000000000000000000000000000000042
:106E50000000000000000000000000000000000032
:106E60000000000000000000000000000000000022
:106E70000000000000000000000000000000000012
:106E80000000000000000000000000000000000002
:106E900000000000000000000000000000000000F2
:106EA00000000000000000000000000000000000E2
:106EB00000000000000000000000000000000000D2
:106EC00000000000000000000000000000000000C2
:106ED00000000000000000000000000000000000B2
:106EE00000000000000000000000000000000000A2
:106EF0000000000000000000000000000000000092
:106F00000000000000000000000000000000000081
:106F10000000000000000000000000000000000071
:106F20000000000000000000000000000000000061
:106F30000000000000000000000000000000000051
:106F40000000000000000000000000000000000041
:106F50000000000000000000000000000000000031
:106F60000000000000000000000000000000000021
:106F70000000000000000000000000000000000011
:106F80000000000000000000000000000000000001
:106F900000000000000000000000000000000000F1
:106FA00000000000000000000000000000000000E1
:106FB00000000000000000000000000000000000D1
:106FC00000000000000000000000000000000000C1
:106FD00000000000000000000000000000000000B1
:106FE00000000000000000000000000000000000A1
:106FF0000000000000000000000000000000000091
:107000000000000000000000000000000000000080
:107010000000000000000000000000000000000070
:107020000000000000000000000000000000000060
:107030000000000000000000000000000000000050
:107040000000000000000000000000000000000040
:107050000000000000000000000000000000000030
:107060000000000000000000000000000000000020
:107070000000000000000000000000000000000010
:107080000000000000000000000000000000000000
:1070900000000000000000000000000000000000F0
:1070A00000000000000000000000000000000000E0
:1070B00000000000000000000000000000000000D0
:1070C00000000000000000000000000000000000C0
:1070D00000000000000000000000000000000000B0
:1070E00000000000000000000000000000000000A0
:1070F0000000000000000000000000000000000090
:10710000000000000000000000000000000000007F
:10711000000000000000000000000000000000006F
:10712000000000000000000000000000000000005F
:10713000000000000000000000000000000000004F
:10714000000000000000000000000000000000003F
:10715000000000000000000000000000000000002F
:10716000000000000000000000000000000000001F
:10717000000000000000000000000000000000000F
:1071800000000000000000000000000000000000FF
:1071900000000000000000000000000000000000EF
:1071A00000000000000000000000000000000000DF
:1071B00000000000000000000000000000000000CF
:1071C00000000000000000000000000000000000BF
:1071D00000000000000000000000000000000000AF
:1071E000000000000000000000000000000000009F
:1071F000000000000000000000000000000000008F
:10720000000000000000000000000000000000007E
:10721000000000000000000000000000000000006E
:10722000000000000000000000000000000000005E
:10723000000000000000000000000000000000004E
:10724000000000000000000000000000000000003E
:10725000000000000000000000000000000000002E
:10726000000000000000000000000000000000001E
:10727000000000000000000000000000000000000E
:1072800000000000000000000000000000000000FE
:1072900000000000000000000000000000000000EE
:1072A00000000000000000000000000000000000DE
:1072B00000000000000000000000000000000000CE
:1072C00000000000000000000000000000000000BE
:1072D00000000000000000000000000000000000AE
:1072E000000000000000000000000000000000009E
:1072F000000000000000000000000000000000008E
:10730000000000000000000000000000000000007D
:10731000000000000000000000000000000000006D
:10732000000000000000000000000000000000005D
:10733000000000000000000000000000000000004D
:10734000000000000000000000000000000000003D
:10735000000000000000000000000000000000002D
:10736000000000000000000000000000000000001D
:10737000000000000000000000000000000000000D
:1073800000000000000000000000000000000000FD
:1073900000000000000000000000000000000000ED
:1073A00000000000000000000000000000000000DD
:1073B00000000000000000000000000000000000CD
:1073C00000000000000000000000000000000000BD
:1073D00000000000000000000000000000000000AD
:1073E000000000000000000000000000000000009D
:1073F000000000000000000000000000000000008D
:10740000000000000000000000000000000000007C
:10741000000000000000000000000000000000006C
:10742000000000000000000000000000000000005C
:10743000000000000000000000000000000000004C
:10744000000000000000000000000000000000003C
:10745000000000000000000000000000000000002C
:10746000000000000000000000000000000000001C
:10747000000000000000000000000000000000000C
:1074800000000000000000000000000000000000FC
:1074900000000000000000000000000000000000EC
:1074A00000000000000000000000000000000000DC
:1074B00000000000000000000000000000000000CC
:1074C00000000000000000000000000000000000BC
:1074D00000000000000000000000000000000000AC
:1074E000000000000000000000000000000000009C
:1074F000000000000000000000000000000000008C
:10750000000000000000000000000000000000007B
:10751000000000000000000000000000000000006B
:10752000000000000000000000000000000000005B
:10753000000000000000000000000000000000004B
:10754000000000000000000000000000000000003B
:10755000000000000000000000000000000000002B
:10756000000000000000000000000000000000001B
:10757000000000000000000000000000000000000B
:1075800000000000000000000000000000000000FB
:1075900000000000000000000000000000000000EB
:1075A00000000000000000000000000000000000DB
:1075B00000000000000000000000000000000000CB
:1075C00000000000000000000000000000000000BB
:1075D00000000000000000000000000000000000AB
:1075E000000000000000000000000000000000009B
:1075F000000000000000000000000000000000008B
:10760000000000000000000000000000000000007A
:10761000000000000000000000000000000000006A
:10762000000000000000000000000000000000005A
:10763000000000000000000000000000000000004A
:10764000000000000000000000000000000000003A
:10765000000000000000000000000000000000002A
:10766000000000000000000000000000000000001A
:10767000000000000000000000000000000000000A
:1076800000000000000000000000000000000000FA
:1076900000000000000000000000000000000000EA
:1076A00000000000000000000000000000000000DA
:1076B00000000000000000000000000000000000CA
:1076C00000000000000000000000000000000000BA
:1076D00000000000000000000000000000000000AA
:1076E000000000000000000000000000000000009A
:1076F000000000000000000000000000000000008A
:107700000000000000000000000000000000000079
:107710000000000000000000000000000000000069
:107720000000000000000000000000000000000059
:107730000000000000000000000000000000000049
:107740000000000000000000000000000000000039
:107750000000000000000000000000000000000029
:107760000000000000000000000000000000000019
:107770000000000000000000000000000000000009
:1077800000000000000000000000000000000000F9
:1077900000000000000000000000000000000000E9
:1077A00000000000000000000000000000000000D9
:1077B00000000000000000000000000000000000C9
:1077C00000000000000000000000000000000000B9
:1077D00000000000000000000000000000000000A9
:1077E0000000000000000000000000000000000099
:1077F0000000000000000000000000000000000089
:107800000000000000000000000000000000000078
:107810000000000000000000000000000000000068
:107820000000000000000000000000000000000058
:107830000000000000000000000000000000000048
:107840000000000000000000000000000000000038
:107850000000000000000000000000000000000028
:107860000000000000000000000000000000000018
:107870000000000000000000000000000000000008
:1078800000000000000000000000000000000000F8
:1078900000000000000000000000000000000000E8
:1078A00000000000000000000000000000000000D8
:1078B00000000000000000000000000000000000C8
:1078C00000000000000000000000000000000000B8
:1078D00000000000000000000000000000000000A8
:1078E0000000000000000000000000000000000098
:1078F0000000000000000000000000000000000088
:107900000000000000000000000000000000000077
:107910000000000000000000000000000000000067
:107920000000000000000000000000000000000057
:107930000000000000000000000000000000000047
:107940000000000000000000000000000000000037
:107950000000000000000000000000000000000027
:107960000000000000000000000000000000000017
:107970000000000000000000000000000000000007
:1079800000000000000000000000000000000000F7
:1079900000000000000000000000000000000000E7
:1079A00000000000000000000000000000000000D7
:1079B00000000000000000000000000000000000C7
:1079C00000000000000000000000000000000000B7
:1079D00000000000000000000000000000000000A7
:1079E0000000000000000000000000000000000097
:1079F0000000000000000000000000000000000087
:107A00000000000000000000000000000000000076
:107A10000000000000000000000000000000000066
:107A20000000000000000000000000000000000056
:107A30000000000000000000000000000000000046
:107A40000000000000000000000000000000000036
:107A50000000000000000000000000000000000026
:107A60000000000000000000000000000000000016
:107A70000000000000000000000000000000000006
:107A800000000000000000000000000000000000F6
:107A900000000000000000000000000000000000E6
:107AA00000000000000000000000000000000000D6
:107AB00000000000000000000000000000000000C6
:107AC00000000000000000000000000000000000B6
:107AD00000000000000000000000000000000000A6
:107AE0000000000000000000000000000000000096
:107AF0000000000000000000000000000000000086
:107B00000000000000000000000000000000000075
:107B10000000000000000000000000000000000065
:107B20000000000000000000000000000000000055
:107B30000000000000000000000000000000000045
:107B40000000000000000000000000000000000035
:107B50000000000000000000000000000000000025
:107B60000000000000000000000000000000000015
:107B70000000000000000000000000000000000005
:107B800000000000000000000000000000000000F5
:107B900000000000000000000000000000000000E5
:107BA00000000000000000000000000000000000D5
:107BB00000000000000000000000000000000000C5
:107BC00000000000000000000000000000000000B5
:107BD00000000000000000000000000000000000A5
:107BE0000000000000000000000000000000000095
:107BF0000000000000000000000000000000000085
:107C00000000000000000000000000000000000074
:107C10000000000000000000000000000000000064
:107C20000000000000000000000000000000000054
:107C30000000000000000000000000000000000044
:107C40000000000000000000000000000000000034
:107C50000000000000000000000000000000000024
:107C60000000000000000000000000000000000014
:107C70000000000000000000000000000000000004
:107C800000000000000000000000000000000000F4
:107C900000000000000000000000000000000000E4
:107CA00000000000000000000000000000000000D4
:107CB00000000000000000000000000000000000C4
:107CC00000000000000000000000000000000000B4
:107CD00000000000000000000000000000000000A4
:107CE0000000000000000000000000000000000094
:107CF0000000000000000000000000000000000084
:107D00000000000000000000000000000000000073
:107D10000000000000000000000000000000000063
:107D20000000000000000000000000000000000053
:107D30000000000000000000000000000000000043
:107D40000000000000000000000000000000000033
:107D50000000000000000000000000000000000023
:107D60000000000000000000000000000000000013
:107D70000000000000000000000000000000000003
:107D800000000000000000000000000000000000F3
:107D900000000000000000000000000000000000E3
:107DA00000000000000000000000000000000000D3
:107DB00000000000000000000000000000000000C3
:107DC00000000000000000000000000000000000B3
:107DD00000000000000000000000000000000000A3
:107DE0000000000000000000000000000000000093
:107DF0000000000000000000000000000000000083
:107E00000000000000000000000000000000000072
:107E10000000000000000000000000000000000062
:107E20000000000000000000000000000000000052
:107E30000000000000000000000000000000000042
:107E40000000000000000000000000000000000032
:107E50000000000000000000000000000000000022
:107E60000000000000000000000000000000000012
:107E70000000000000000000000000000000000002
:107E800000000000000000000000000000000000F2
:107E900000000000000000000000000000000000E2
:107EA00000000000000000000000000000000000D2
:107EB00000000000000000000000000000000000C2
:107EC00000000000000000000000000000000000B2
:107ED00000000000000000000000000000000000A2
:107EE0000000000000000000000000000000000092
:107EF0000000000000000000000000000000000082
:107F00000000000000000000000000000000000071
:107F10000000000000000000000000000000000061
:107F20000000000000000000000000000000000051
:107F30000000000000000000000000000000000041
:107F40000000000000000000000000000000000031
:107F50000000000000000000000000000000000021
:107F60000000000000000000000000000000000011
:107F70000000000000000000000000000000000001
:107F800000000000000000000000000000000000F1
:107F900000000000000000000000000000000000E1
:107FA00000000000000000000000000000000000D1
:107FB00000000000000000000000000000000000C1
:107FC00000000000000000000000000000000000B1
:107FD00000000000000000000000000000000000A1
:107FE0000000000000000000000000000000000091
:107FF0000000000000000000000000000000000081
:108000000000000000000000000000000000000070
:108010000000000000000000000000000000000060
:108020000000000000000000000000000000000050
:108030000000000000000000000000000000000040
:108040000000000000000000000000000000000030
:108050000000000000000000000000000000000020
:108060000000000000000000000000000000000010
:108070000000000000000000000000000000000000
:1080800000000000000000000000000000000000F0
:1080900000000000000000000000000000000000E0
:1080A00000000000000000000000000000000000D0
:1080B00000000000000000000000000000000000C0
:1080C00000000000000000000000000000000000B0
:1080D00000000000000000000000000000000000A0
:1080E0000000000000000000000000000000000090
:1080F0000000000000000000000000000000000080
:10810000000000000000000000000000000000006F
:10811000000000000000000000000000000000005F
:10812000000000000000000000000000000000004F
:10813000000000000000000000000000000000003F
:10814000000000000000000000000000000000002F
:10815000000000000000000000000000000000001F
:10816000000000000000000000000000000000000F
:1081700000000000000000000000000000000000FF
:1081800000000000000000000000000000000000EF
:1081900000000000000000000000000000000000DF
:1081A00000000000000000000000000000000000CF
:1081B00000000000000000000000000000000000BF
:1081C00000000000000000000000000000000000AF
:1081D000000000000000000000000000000000009F
:1081E000000000000000000000000000000000008F
:1081F000000000000000000000000000000000007F
:10820000000000000000000000000000000000006E
:10821000000000000000000000000000000000005E
:10822000000000000000000000000000000000004E
:10823000000000000000000000000000000000003E
:10824000000000000000000000000000000000002E
:10825000000000000000000000000000000000001E
:10826000000000000000000000000000000000000E
:1082700000000000000000000000000000000000FE
:1082800000000000000000000000000000000000EE
:1082900000000000000000000000000000000000DE
:1082A00000000000000000000000000000000000CE
:1082B00000000000000000000000000000000000BE
:1082C00000000000000000000000000000000000AE
:1082D000000000000000000000000000000000009E
:1082E000000000000000000000000000000000008E
:1082F000000000000000000000000000000000007E
:10830000000000000000000000000000000000006D
:10831000000000000000000000000000000000005D
:10832000000000000000000000000000000000004D
:10833000000000000000000000000000000000003D
:10834000000000000000000000000000000000002D
:10835000000000000000000000000000000000001D
:10836000000000000000000000000000000000000D
:1083700000000000000000000000000000000000FD
:1083800000000000000000000000000000000000ED
:1083900000000000000000000000000000000000DD
:1083A00000000000000000000000000000000000CD
:1083B00000000000000000000000000000000000BD
:1083C00000000000000000000000000000000000AD
:1083D000000000000000000000000000000000009D
:1083E000000000000000000000000000000000008D
:1083F000000000000000000000000000000000007D
:10840000000000000000000000000000000000006C
:10841000000000000000000000000000000000005C
:10842000000000000000000000000000000000004C
:10843000000000000000000000000000000000003C
:10844000000000000000000000000000000000002C
:10845000000000000000000000000000000000001C
:10846000000000000000000000000000000000000C
:1084700000000000000000000000000000000000FC
:1084800000000000000000000000000000000000EC
:1084900000000000000000000000000000000000DC
:1084A00000000000000000000000000000000000CC
:1084B00000000000000000000000000000000000BC
:1084C00000000000000000000000000000000000AC
:1084D000000000000000000000000000000000009C
:1084E000000000000000000000000000000000008C
:1084F000000000000000000000000000000000007C
:10850000000000000000000000000000000000006B
:10851000000000000000000000000000000000005B
:10852000000000000000000000000000000000004B
:10853000000000000000000000000000000000003B
:10854000000000000000000000000000000000002B
:10855000000000000000000000000000000000001B
:10856000000000000000000000000000000000000B
:1085700000000000000000000000000000000000FB
:1085800000000000000000000000000000000000EB
:1085900000000000000000000000000000000000DB
:1085A00000000000000000000000000000000000CB
:1085B00000000000000000000000000000000000BB
:1085C00000000000000000000000000000000000AB
:1085D000000000000000000000000000000000009B
:1085E000000000000000000000000000000000008B
:1085F000000000000000000000000000000000007B
:10860000000000000000000000000000000000006A
:10861000000000000000000000000000000000005A
:10862000000000000000000000000000000000004A
:10863000000000000000000000000000000000003A
:10864000000000000000000000000000000000002A
:10865000000000000000000000000000000000001A
:10866000000000000000000000000000000000000A
:1086700000000000000000000000000000000000FA
:1086800000000000000000000000000000000000EA
:1086900000000000000000000000000000000000DA
:1086A00000000000000000000000000000000000CA
:1086B00000000000000000000000000000000000BA
:1086C00000000000000000000000000000000000AA
:1086D000000000000000000000000000000000009A
:1086E000000000000000000000000000000000008A
:1086F000000000000000000000000000000000007A
:108700000000000000000000000000000000000069
:108710000000000000000000000000000000000059
:108720000000000000000000000000000000000049
:108730000000000000000000000000000000000039
:108740000000000000000000000000000000000029
:108750000000000000000000000000000000000019
:108760000000000000000000000000000000000009
:1087700000000000000000000000000000000000F9
:1087800000000000000000000000000000000000E9
:1087900000000000000000000000000000000000D9
:1087A00000000000000000000000000000000000C9
:1087B00000000000000000000000000000000000B9
:1087C00000000000000000000000000000000000A9
:1087D0000000000000000000000000000000000099
:1087E0000000000000000000000000000000000089
:1087F0000000000000000000000000000000000079
:108800000000000000000000000000000000000068
:108810000000000000000000000000000000000058
:108820000000000000000000000000000000000048
:108830000000000000000000000000000000000038
:108840000000000000000000000000000000000028
:108850000000000000000000000000000000000018
:108860000000000000000000000000000000000008
:1088700000000000000000000000000000000000F8
:1088800000000000000000000000000000000000E8
:1088900000000000000000000000000000000000D8
:1088A00000000000000000000000000000000000C8
:1088B00000000000000000000000000000000000B8
:1088C00000000000000000000000000000000000A8
:1088D0000000000000000000000000000000000098
:1088E0000000000000000000000000000000000088
:1088F0000000000000000000000000000000000078
:108900000000000000000000000000000000000067
:108910000000000000000000000000000000000057
:108920000000000000000000000000000000000047
:108930000000000000000000000000000000000037
:108940000000000000000000000000000000000027
:108950000000000000000000000000000000000017
:108960000000000000000000000000000000000007
:1089700000000000000000000000000000000000F7
:1089800000000000000000000000000000000000E7
:1089900000000000000000000000000000000000D7
:1089A00000000000000000000000000000000000C7
:1089B00000000000000000000000000000000000B7
:1089C00000000000000000000000000000000000A7
:1089D0000000000000000000000000000000000097
:1089E0000000000000000000000000000000000087
:1089F0000000000000000000000000000000000077
:108A00000000000000000000000000000000000066
:108A10000000000000000000000000000000000056
:108A20000000000000000000000000000000000046
:108A30000000000000000000000000000000000036
:108A40000000000000000000000000000000000026
:108A50000000000000000000000000000000000016
:108A60000000000000000000000000000000000006
:108A700000000000000000000000000000000000F6
:108A800000000000000000000000000000000000E6
:108A900000000000000000000000000000000000D6
:108AA00000000000000000000000000000000000C6
:108AB00000000000000000000000000000000000B6
:108AC00000000000000000000000000000000000A6
:108AD0000000000000000000000000000000000096
:108AE0000000000000000000000000000000000086
:108AF0000000000000000000000000000000000076
:108B00000000000000000000000000000000000065
:108B10000000000000000000000000000000000055
:108B20000000000000000000000000000000000045
:108B30000000000000000000000000000000000035
:108B40000000000000000000000000000000000025
:108B50000000000000000000000000000000000015
:108B60000000000000000000000000000000000005
:108B700000000000000000000000000000000000F5
:108B800000000000000000000000000000000000E5
:108B900000000000000000000000000000000000D5
:108BA00000000000000000000000000000000000C5
:108BB00000000000000000000000000000000000B5
:108BC00000000000000000000000000000000000A5
:108BD0000000000000000000000000000000000095
:108BE0000000000000000000000000000000000085
:108BF0000000000000000000000000000000000075
:108C00000000000000000000000000000000000064
:108C10000000000000000000000000000000000054
:108C20000000000000000000000000000000000044
:108C30000000000000000000000000000000000034
:108C40000000000000000000000000000000000024
:108C50000000000000000000000000000000000014
:108C60000000000000000000000000000000000004
:108C700000000000000000000000000000000000F4
:108C800000000000000000000000000000000000E4
:108C900000000000000000000000000000000000D4
:108CA00000000000000000000000000000000000C4
:108CB00000000000000000000000000000000000B4
:108CC00000000000000000000000000000000000A4
:108CD0000000000000000000000000000000000094
:108CE0000000000000000000000000000000000084
:108CF0000000000000000000000000000000000074
:108D00000000000000000000000000000000000063
:108D10000000000000000000000000000000000053
:108D20000000000000000000000000000000000043
:108D30000000000000000000000000000000000033
:108D40000000000000000000000000000000000023
:108D50000000000000000000000000000000000013
:108D60000000000000000000000000000000000003
:108D700000000000000000000000000000000000F3
:108D800000000000000000000000000000000000E3
:108D900000000000000000000000000000000000D3
:108DA00000000000000000000000000000000000C3
:108DB00000000000000000000000000000000000B3
:108DC00000000000000000000000000000000000A3
:108DD0000000000000000000000000000000000093
:108DE0000000000000000000000000000000000083
:108DF0000000000000000000000000000000000073
:108E00000000000000000000000000000000000062
:108E10000000000000000000000000000000000052
:108E20000000000000000000000000000000000042
:108E30000000000000000000000000000000000032
:108E40000000000000000000000000000000000022
:108E50000000000000000000000000000000000012
:108E60000000000000000000000000000000000002
:108E700000000000000000000000000000000000F2
:108E800000000000000000000000000000000000E2
:108E900000000000000000000000000000000000D2
:108EA00000000000000000000000000000000000C2
:108EB00000000000000000000000000000000000B2
:108EC00000000000000000000000000000000000A2
:108ED0000000000000000000000000000000000092
:108EE0000000000000000000000000000000000082
:108EF0000000000000000000000000000000000072
:108F00000000000000000000000000000000000061
:108F10000000000000000000000000000000000051
:108F20000000000000000000000000000000000041
:108F30000000000000000000000000000000000031
:108F40000000000000000000000000000000000021
:108F50000000000000000000000000000000000011
:108F60000000000000000000000000000000000001
:108F700000000000000000000000000000000000F1
:108F800000000000000000000000000000000000E1
:108F900000000000000000000000000000000000D1
:108FA00000000000000000000000000000000000C1
:108FB00000000000000000000000000000000000B1
:108FC00000000000000000000000000000000000A1
:108FD0000000000000000000000000000000000091
:108FE0000000000000000000000000000000000081
:108FF0000000000000000000000000000000000071
:109000000000000000000000000000000000000060
:109010000000000000000000000000000000000050
:109020000000000000000000000000000000000040
:109030000000000000000000000000000000000030
:109040000000000000000000000000000000000020
:109050000000000000000000000000000000000010
:109060000000000000000000000000000000000000
:1090700000000000000000000000000000000000F0
:1090800000000000000000000000000000000000E0
:1090900000000000000000000000000000000000D0
:1090A00000000000000000000000000000000000C0
:1090B00000000000000000000000000000000000B0
:1090C00000000000000000000000000000000000A0
:1090D0000000000000000000000000000000000090
:1090E0000000000000000000000000000000000080
:1090F0000000000000000000000000000000000070
:10910000000000000000000000000000000000005F
:10911000000000000000000000000000000000004F
:10912000000000000000000000000000000000003F
:10913000000000000000000000000000000000002F
:10914000000000000000000000000000000000001F
:10915000000000000000000000000000000000000F
:1091600000000000000000000000000000000000FF
:1091700000000000000000000000000000000000EF
:1091800000000000000000000000000000000000DF
:1091900000000000000000000000000000000000CF
:1091A00000000000000000000000000000000000BF
:1091B00000000000000000000000000000000000AF
:1091C000000000000000000000000000000000009F
:1091D000000000000000000000000000000000008F
:1091E000000000000000000000000000000000007F
:1091F000000000000000000000000000000000006F
:10920000000000000000000000000000000000005E
:10921000000000000000000000000000000000004E
:10922000000000000000000000000000000000003E
:10923000000000000000000000000000000000002E
:10924000000000000000000000000000000000001E
:10925000000000000000000000000000000000000E
:1092600000000000000000000000000000000000FE
:1092700000000000000000000000000000000000EE
:1092800000000000000000000000000000000000DE
:1092900000000000000000000000000000000000CE
:1092A00000000000000000000000000000000000BE
:1092B00000000000000000000000000000000000AE
:1092C000000000000000000000000000000000009E
:1092D000000000000000000000000000000000008E
:1092E000000000000000000000000000000000007E
:1092F000000000000000000000000000000000006E
:10930000000000000000000000000000000000005D
:10931000000000000000000000000000000000004D
:10932000000000000000000000000000000000003D
:10933000000000000000000000000000000000002D
:10934000000000000000000000000000000000001D
:10935000000000000000000000000000000000000D
:1093600000000000000000000000000000000000FD
:1093700000000000000000000000000000000000ED
:1093800000000000000000000000000000000000DD
:1093900000000000000000000000000000000000CD
:1093A00000000000000000000000000000000000BD
:1093B00000000000000000000000000000000000AD
:1093C000000000000000000000000000000000009D
:1093D000000000000000000000000000000000008D
:1093E000000000000000000000000000000000007D
:1093F000000000000000000000000000000000006D
:10940000000000000000000000000000000000005C
:10941000000000000000000000000000000000004C
:10942000000000000000000000000000000000003C
:10943000000000000000000000000000000000002C
:10944000000000000000000000000000000000001C
:10945000000000000000000000000000000000000C
:1094600000000000000000000000000000000000FC
:1094700000000000000000000000000000000000EC
:1094800000000000000000000000000000000000DC
:1094900000000000000000000000000000000000CC
:1094A00000000000000000000000000000000000BC
:1094B00000000000000000000000000000000000AC
:1094C000000000000000000000000000000000009C
:1094D000000000000000000000000000000000008C
:1094E000000000000000000000000000000000007C
:1094F000000000000000000000000000000000006C
:10950000000000000000000000000000000000005B
:10951000000000000000000000000000000000004B
:10952000000000000000000000000000000000003B
:10953000000000000000000000000000000000002B
:10954000000000000000000000000000000000001B
:10955000000000000000000000000000000000000B
:1095600000000000000000000000000000000000FB
:1095700000000000000000000000000000000000EB
:1095800000000000000000000000000000000000DB
:1095900000000000000000000000000000000000CB
:1095A00000000000000000000000000000000000BB
:1095B00000000000000000000000000000000000AB
:1095C000000000000000000000000000000000009B
:1095D000000000000000000000000000000000008B
:1095E000000000000000000000000000000000007B
:1095F000000000000000000000000000000000006B
:10960000000000000000000000000000000000005A
:10961000000000000000000000000000000000004A
:10962000000000000000000000000000000000003A
:10963000000000000000000000000000000000002A
:10964000000000000000000000000000000000001A
:10965000000000000000000000000000000000000A
:1096600000000000000000000000000000000000FA
:1096700000000000000000000000000000000000EA
:1096800000000000000000000000000000000000DA
:1096900000000000000000000000000000000000CA
:1096A00000000000000000000000000000000000BA
:1096B00000000000000000000000000000000000AA
:1096C000000000000000000000000000000000009A
:1096D000000000000000000000000000000000008A
:1096E000000000000000000000000000000000007A
:1096F000000000000000000000000000000000006A
:109700000000000000000000000000000000000059
:109710000000000000000000000000000000000049
:109720000000000000000000000000000000000039
:109730000000000000000000000000000000000029
:109740000000000000000000000000000000000019
:109750000000000000000000000000000000000009
:1097600000000000000000000000000000000000F9
:1097700000000000000000000000000000000000E9
:1097800000000000000000000000000000000000D9
:1097900000000000000000000000000000000000C9
:1097A00000000000000000000000000000000000B9
:1097B00000000000000000000000000000000000A9
:1097C0000000000000000000000000000000000099
:1097D0000000000000000000000000000000000089
:1097E0000000000000000000000000000000000079
:1097F0000000000000000000000000000000000069
:109800000000000000000000000000000000000058
:109810000000000000000000000000000000000048
:109820000000000000000000000000000000000038
:109830000000000000000000000000000000000028
:109840000000000000000000000000000000000018
:109850000000000000000000000000000000000008
:1098600000000000000000000000000000000000F8
:1098700000000000000000000000000000000000E8
:1098800000000000000000000000000000000000D8
:1098900000000000000000000000000000000000C8
:1098A00000000000000000000000000000000000B8
:1098B00000000000000000000000000000000000A8
:1098C0000000000000000000000000000000000098
:1098D0000000000000000000000000000000000088
:1098E0000000000000000000000000000000000078
:1098F0000000000000000000000000000000000068
:109900000000000000000000000000000000000057
:109910000000000000000000000000000000000047
:109920000000000000000000000000000000000037
:109930000000000000000000000000000000000027
:109940000000000000000000000000000000000017
:109950000000000000000000000000000000000007
:1099600000000000000000000000000000000000F7
:1099700000000000000000000000000000000000E7
:1099800000000000000000000000000000000000D7
:1099900000000000000000000000000000000000C7
:1099A00000000000000000000000000000000000B7
:1099B00000000000000000000000000000000000A7
:1099C0000000000000000000000000000000000097
:1099D0000000000000000000000000000000000087
:1099E0000000000000000000000000000000000077
:1099F0000000000000000000000000000000000067
:109A00000000000000000000000000000000000056
:109A10000000000000000000000000000000000046
:109A20000000000000000000000000000000000036
:109A30000000000000000000000000000000000026
:109A40000000000000000000000000000000000016
:109A50000000000000000000000000000000000006
:109A600000000000000000000000000000000000F6
:109A700000000000000000000000000000000000E6
:109A800000000000000000000000000000000000D6
:109A900000000000000000000000000000000000C6
:109AA00000000000000000000000000000000000B6
:109AB00000000000000000000000000000000000A6
:109AC0000000000000000000000000000000000096
:109AD0000000000000000000000000000000000086
:109AE0000000000000000000000000000000000076
:109AF0000000000000000000000000000000000066
:109B00000000000000000000000000000000000055
:109B10000000000000000000000000000000000045
:109B20000000000000000000000000000000000035
:109B30000000000000000000000000000000000025
:109B40000000000000000000000000000000000015
:109B50000000000000000000000000000000000005
:109B600000000000000000000000000000000000F5
:109B700000000000000000000000000000000000E5
:109B800000000000000000000000000000000000D5
:109B900000000000000000000000000000000000C5
:109BA00000000000000000000000000000000000B5
:109BB00000000000000000000000000000000000A5
:109BC0000000000000000000000000000000000095
:109BD0000000000000000000000000000000000085
:109BE0000000000000000000000000000000000075
:109BF0000000000000000000000000000000000065
:109C00000000000000000000000000000000000054
:109C10000000000000000000000000000000000044
:109C20000000000000000000000000000000000034
:109C30000000000000000000000000000000000024
:109C40000000000000000000000000000000000014
:109C50000000000000000000000000000000000004
:109C600000000000000000000000000000000000F4
:109C700000000000000000000000000000000000E4
:109C800000000000000000000000000000000000D4
:109C900000000000000000000000000000000000C4
:109CA00000000000000000000000000000000000B4
:109CB00000000000000000000000000000000000A4
:109CC0000000000000000000000000000000000094
:109CD0000000000000000000000000000000000084
:109CE0000000000000000000000000000000000074
:109CF0000000000000000000000000000000000064
:109D00000000000000000000000000000000000053
:109D10000000000000000000000000000000000043
:109D20000000000000000000000000000000000033
:109D30000000000000000000000000000000000023
:109D40000000000000000000000000000000000013
:109D50000000000000000000000000000000000003
:109D600000000000000000000000000000000000F3
:109D700000000000000000000000000000000000E3
:109D800000000000000000000000000000000000D3
:109D900000000000000000000000000000000000C3
:109DA00000000000000000000000000000000000B3
:109DB00000000000000000000000000000000000A3
:109DC0000000000000000000000000000000000093
:109DD0000000000000000000000000000000000083
:109DE0000000000000000000000000000000000073
:109DF0000000000000000000000000000000000063
:109E00000000000000000000000000000000000052
:109E10000000000000000000000000000000000042
:109E20000000000000000000000000000000000032
:109E30000000000000000000000000000000000022
:109E40000000000000000000000000000000000012
:109E50000000000000000000000000000000000002
:109E600000000000000000000000000000000000F2
:109E700000000000000000000000000000000000E2
:109E800000000000000000000000000000000000D2
:109E900000000000000000000000000000000000C2
:109EA00000000000000000000000000000000000B2
:109EB00000000000000000000000000000000000A2
:109EC0000000000000000000000000000000000092
:109ED0000000000000000000000000000000000082
:109EE0000000000000000000000000000000000072
:109EF0000000000000000000000000000000000062
:109F00000000000000000000000000000000000051
:109F10000000000000000000000000000000000041
:109F20000000000000000000000000000000000031
:109F30000000000000000000000000000000000021
:109F40000000000000000000000000000000000011
:109F50000000000000000000000000000000000001
:109F600000000000000000000000000000000000F1
:109F700000000000000000000000000000000000E1
:109F800000000000000000000000000000000000D1
:109F900000000000000000000000000000000000C1
:109FA00000000000000000000000000000000000B1
:109FB00000000000000000000000000000000000A1
:109FC0000000000000000000000000000000000091
:109FD0000000000000000000000000000000000081
:109FE0000000000000000000000000000000000071
:109FF0000000000000000000000000000000000061
:10A000000000000000000000000000000000000050
:10A010000000000000000000000000000000000040
:10A020000000000000000000000000000000000030
:10A030000000000000000000000000000000000020
:10A040000000000000000000000000000000000010
:10A050000000000000000000000000000000000000
:10A0600000000000000000000000000000000000F0
:10A0700000000000000000000000000000000000E0
:10A0800000000000000000000000000000000000D0
:10A0900000000000000000000000000000000000C0
:10A0A00000000000000000000000000000000000B0
:10A0B00000000000000000000000000000000000A0
:10A0C0000000000000000000000000000000000090
:10A0D0000000000000000000000000000000000080
:10A0E0000000000000000000000000000000000070
:10A0F0000000000000000000000000000000000060
:10A10000000000000000000000000000000000004F
:10A11000000000000000000000000000000000003F
:10A12000000000000000000000000000000000002F
:10A13000000000000000000000000000000000001F
:10A14000000000000000000000000000000000000F
:10A1500000000000000000000000000000000000FF
:10A1600000000000000000000000000000000000EF
:10A1700000000000000000000000000000000000DF
:10A1800000000000000000000000000000000000CF
:10A1900000000000000000000000000000000000BF
:10A1A00000000000000000000000000000000000AF
:10A1B000000000000000000000000000000000009F
:10A1C000000000000000000000000000000000008F
:10A1D000000000000000000000000000000000007F
:10A1E000000000000000000000000000000000006F
:10A1F000000000000000000000000000000000005F
:10A20000000000000000000000000000000000004E
:10A21000000000000000000000000000000000003E
:10A22000000000000000000000000000000000002E
:10A23000000000000000000000000000000000001E
:10A24000000000000000000000000000000000000E
:10A2500000000000000000000000000000000000FE
:10A2600000000000000000000000000000000000EE
:10A2700000000000000000000000000000000000DE
:10A2800000000000000000000000000000000000CE
:10A2900000000000000000000000000000000000BE
:10A2A00000000000000000000000000000000000AE
:10A2B000000000000000000000000000000000009E
:10A2C000000000000000000000000000000000008E
:10A2D000000000000000000000000000000000007E
:10A2E000000000000000000000000000000000006E
:10A2F000000000000000000000000000000000005E
:10A30000000000000000000000000000000000004D
:10A31000000000000000000000000000000000003D
:10A32000000000000000000000000000000000002D
:10A33000000000000000000000000000000000001D
:10A34000000000000000000000000000000000000D
:10A3500000000000000000000000000000000000FD
:10A3600000000000000000000000000000000000ED
:10A3700000000000000000000000000000000000DD
:10A3800000000000000000000000000000000000CD
:10A3900000000000000000000000000000000000BD
:10A3A00000000000000000000000000000000000AD
:10A3B000000000000000000000000000000000009D
:10A3C000000000000000000000000000000000008D
:10A3D000000000000000000000000000000000007D
:10A3E000000000000000000000000000000000006D
:10A3F000000000000000000000000000000000005D
:10A40000000000000000000000000000000000004C
:10A41000000000000000000000000000000000003C
:10A42000000000000000000000000000000000002C
:10A43000000000000000000000000000000000001C
:10A44000000000000000000000000000000000000C
:10A4500000000000000000000000000000000000FC
:10A4600000000000000000000000000000000000EC
:10A4700000000000000000000000000000000000DC
:10A4800000000000000000000000000000000000CC
:10A4900000000000000000000000000000000000BC
:10A4A00000000000000000000000000000000000AC
:10A4B000000000000000000000000000000000009C
:10A4C000000000000000000000000000000000008C
:10A4D000000000000000000000000000000000007C
:10A4E000000000000000000000000000000000006C
:10A4F000000000000000000000000000000000005C
:10A50000000000000000000000000000000000004B
:10A51000000000000000000000000000000000003B
:10A52000000000000000000000000000000000002B
:10A53000000000000000000000000000000000001B
:10A54000000000000000000000000000000000000B
:10A5500000000000000000000000000000000000FB
:10A5600000000000000000000000000000000000EB
:10A5700000000000000000000000000000000000DB
:10A5800000000000000000000000000000000000CB
:10A5900000000000000000000000000000000000BB
:10A5A00000000000000000000000000000000000AB
:10A5B000000000000000000000000000000000009B
:10A5C000000000000000000000000000000000008B
:10A5D000000000000000000000000000000000007B
:10A5E000000000000000000000000000000000006B
:10A5F000000000000000000000000000000000005B
:10A60000000000000000000000000000000000004A
:10A61000000000000000000000000000000000003A
:10A62000000000000000000000000000000000002A
:10A63000000000000000000000000000000000001A
:10A64000000000000000000000000000000000000A
:10A6500000000000000000000000000000000000FA
:10A6600000000000000000000000000000000000EA
:10A6700000000000000000000000000000000000DA
:10A6800000000000000000000000000000000000CA
:10A6900000000000000000000000000000000000BA
:10A6A00000000000000000000000000000000000AA
:10A6B000000000000000000000000000000000009A
:10A6C000000000000000000000000000000000008A
:10A6D000000000000000000000000000000000007A
:10A6E000000000000000000000000000000000006A
:10A6F000000000000000000000000000000000005A
:10A700000000000000000000000000000000000049
:10A710000000000000000000000000000000000039
:10A720000000000000000000000000000000000029
:10A730000000000000000000000000000000000019
:10A740000000000000000000000000000000000009
:10A7500000000000000000000000000000000000F9
:10A7600000000000000000000000000000000000E9
:10A7700000000000000000000000000000000000D9
:10A7800000000000000000000000000000000000C9
:10A7900000000000000000000000000000000000B9
:10A7A00000000000000000000000000000000000A9
:10A7B0000000000000000000000000000000000099
:10A7C0000000000000000000000000000000000089
:10A7D0000000000000000000000000000000000079
:10A7E0000000000000000000000000000000000069
:10A7F0000000000000000000000000000000000059
:10A800000000000000000000000000000000000048
:10A810000000000000000000000000000000000038
:10A820000000000000000000000000000000000028
:10A830000000000000000000000000000000000018
:10A840000000000000000000000000000000000008
:10A8500000000000000000000000000000000000F8
:10A8600000000000000000000000000000000000E8
:10A8700000000000000000000000000000000000D8
:10A8800000000000000000000000000000000000C8
:10A8900000000000000000000000000000000000B8
:10A8A00000000000000000000000000000000000A8
:10A8B0000000000000000000000000000000000098
:10A8C0000000000000000000000000000000000088
:10A8D0000000000000000000000000000000000078
:10A8E0000000000000000000000000000000000068
:10A8F0000000000000000000000000000000000058
:10A900000000000000000000000000000000000047
:10A910000000000000000000000000000000000037
:10A920000000000000000000000000000000000027
:10A930000000000000000000000000000000000017
:10A940000000000000000000000000000000000007
:10A9500000000000000000000000000000000000F7
:10A9600000000000000000000000000000000000E7
:10A9700000000000000000000000000000000000D7
:10A9800000000000000000000000000000000000C7
:10A9900000000000000000000000000000000000B7
:10A9A00000000000000000000000000000000000A7
:10A9B0000000000000000000000000000000000097
:10A9C0000000000000000000000000000000000087
:10A9D0000000000000000000000000000000000077
:10A9E0000000000000000000000000000000000067
:10A9F0000000000000000000000000000000000057
:10AA00000000000000000000000000000000000046
:10AA10000000000000000000000000000000000036
:10AA20000000000000000000000000000000000026
:10AA30000000000000000000000000000000000016
:10AA40000000000000000000000000000000000006
:10AA500000000000000000000000000000000000F6
:10AA600000000000000000000000000000000000E6
:10AA700000000000000000000000000000000000D6
:10AA800000000000000000000000000000000000C6
:10AA900000000000000000000000000000000000B6
:10AAA00000000000000000000000000000000000A6
:10AAB0000000000000000000000000000000000096
:10AAC0000000000000000000000000000000000086
:10AAD0000000000000000000000000000000000076
:10AAE0000000000000000000000000000000000066
:10AAF0000000000000000000000000000000000056
:10AB00000000000000000000000000000000000045
:10AB10000000000000000000000000000000000035
:10AB20000000000000000000000000000000000025
:10AB30000000000000000000000000000000000015
:10AB40000000000000000000000000000000000005
:10AB500000000000000000000000000000000000F5
:10AB600000000000000000000000000000000000E5
:10AB700000000000000000000000000000000000D5
:10AB800000000000000000000000000000000000C5
:10AB900000000000000000000000000000000000B5
:10ABA00000000000000000000000000000000000A5
:10ABB0000000000000000000000000000000000095
:10ABC0000000000000000000000000000000000085
:10ABD0000000000000000000000000000000000075
:10ABE0000000000000000000000000000000000065
:10ABF0000000000000000000000000000000000055
:10AC00000000000000000000000000000000000044
:10AC10000000000000000000000000000000000034
:10AC20000000000000000000000000000000000024
:10AC30000000000000000000000000000000000014
:10AC40000000000000000000000000000000000004
:10AC500000000000000000000000000000000000F4
:10AC600000000000000000000000000000000000E4
:10AC700000000000000000000000000000000000D4
:10AC800000000000000000000000000000000000C4
:10AC900000000000000000000000000000000000B4
:10ACA00000000000000000000000000000000000A4
:10ACB0000000000000000000000000000000000094
:10ACC0000000000000000000000000000000000084
:10ACD0000000000000000000000000000000000074
:10ACE0000000000000000000000000000000000064
:10ACF0000000000000000000000000000000000054
:10AD00000000000000000000000000000000000043
:10AD10000000000000000000000000000000000033
:10AD20000000000000000000000000000000000023
:10AD30000000000000000000000000000000000013
:10AD40000000000000000000000000000000000003
:10AD500000000000000000000000000000000000F3
:10AD600000000000000000000000000000000000E3
:10AD700000000000000000000000000000000000D3
:10AD800000000000000000000000000000000000C3
:10AD900000000000000000000000000000000000B3
:10ADA00000000000000000000000000000000000A3
:10ADB0000000000000000000000000000000000093
:10ADC0000000000000000000000000000000000083
:10ADD0000000000000000000000000000000000073
:10ADE0000000000000000000000000000000000063
:10ADF0000000000000000000000000000000000053
:10AE00000000000000000000000000000000000042
:10AE10000000000000000000000000000000000032
:10AE20000000000000000000000000000000000022
:10AE30000000000000000000000000000000000012
:10AE40000000000000000000000000000000000002
:10AE500000000000000000000000000000000000F2
:10AE600000000000000000000000000000000000E2
:10AE700000000000000000000000000000000000D2
:10AE800000000000000000000000000000000000C2
:10AE900000000000000000000000000000000000B2
:10AEA00000000000000000000000000000000000A2
:10AEB0000000000000000000000000000000000092
:10AEC0000000000000000000000000000000000082
:10AED0000000000000000000000000000000000072
:10AEE0000000000000000000000000000000000062
:10AEF0000000000000000000000000000000000052
:10AF00000000000000000000000000000000000041
:10AF10000000000000000000000000000000000031
:10AF20000000000000000000000000000000000021
:10AF30000000000000000000000000000000000011
:10AF40000000000000000000000000000000000001
:10AF500000000000000000000000000000000000F1
:10AF600000000000000000000000000000000000E1
:10AF700000000000000000000000000000000000D1
:10AF800000000000000000000000000000000000C1
:10AF900000000000000000000000000000000000B1
:10AFA00000000000000000000000000000000000A1
:10AFB0000000000000000000000000000000000091
:10AFC0000000000000000000000000000000000081
:10AFD0000000000000000000000000000000000071
:10AFE0000000000000000000000000000000000061
:10AFF0000000000000000000000000000000000051
:10B000000000000000000000000000000000000040
:10B010000000000000000000000000000000000030
:10B020000000000000000000000000000000000020
:10B030000000000000000000000000000000000010
:10B040000000000000000000000000000000000000
:10B0500000000000000000000000000000000000F0
:10B0600000000000000000000000000000000000E0
:10B0700000000000000000000000000000000000D0
:10B0800000000000000000000000000000000000C0
:10B0900000000000000000000000000000000000B0
:10B0A00000000000000000000000000000000000A0
:10B0B0000000000000000000000000000000000090
:10B0C0000000000000000000000000000000000080
:10B0D0000000000000000000000000000000000070
:10B0E0000000000000000000000000000000000060
:10B0F0000000000000000000000000000000000050
:10B10000000000000000000000000000000000003F
:10B11000000000000000000000000000000000002F
:10B12000000000000000000000000000000000001F
:10B13000000000000000000000000000000000000F
:10B1400000000000000000000000000000000000FF
:10B1500000000000000000000000000000000000EF
:10B1600000000000000000000000000000000000DF
:10B1700000000000000000000000000000000000CF
:10B1800000000000000000000000000000000000BF
:10B1900000000000000000000000000000000000AF
:10B1A000000000000000000000000000000000009F
:10B1B000000000000000000000000000000000008F
:10B1C000000000000000000000000000000000007F
:10B1D000000000000000000000000000000000006F
:10B1E000000000000000000000000000000000005F
:10B1F000000000000000000000000000000000004F
:10B20000000000000000000000000000000000003E
:10B21000000000000000000000000000000000002E
:10B22000000000000000000000000000000000001E
:10B23000000000000000000000000000000000000E
:10B2400000000000000000000000000000000000FE
:10B2500000000000000000000000000000000000EE
:10B2600000000000000000000000000000000000DE
:10B2700000000000000000000000000000000000CE
:10B2800000000000000000000000000000000000BE
:10B2900000000000000000000000000000000000AE
:10B2A000000000000000000000000000000000009E
:10B2B000000000000000000000000000000000008E
:10B2C000000000000000000000000000000000007E
:10B2D000000000000000000000000000000000006E
:10B2E000000000000000000000000000000000005E
:10B2F000000000000000000000000000000000004E
:10B30000000000000000000000000000000000003D
:10B31000000000000000000000000000000000002D
:10B32000000000000000000000000000000000001D
:10B33000000000000000000000000000000000000D
:10B3400000000000000000000000000000000000FD
:10B3500000000000000000000000000000000000ED
:10B3600000000000000000000000000000000000DD
:10B3700000000000000000000000000000000000CD
:10B3800000000000000000000000000000000000BD
:10B3900000000000000000000000000000000000AD
:10B3A000000000000000000000000000000000009D
:10B3B000000000000000000000000000000000008D
:10B3C000000000000000000000000000000000007D
:10B3D000000000000000000000000000000000006D
:10B3E000000000000000000000000000000000005D
:10B3F000000000000000000000000000000000004D
:10B40000000000000000000000000000000000003C
:10B41000000000000000000000000000000000002C
:10B42000000000000000000000000000000000001C
:10B43000000000000000000000000000000000000C
:10B4400000000000000000000000000000000000FC
:10B4500000000000000000000000000000000000EC
:10B4600000000000000000000000000000000000DC
:10B4700000000000000000000000000000000000CC
:10B4800000000000000000000000000000000000BC
:10B4900000000000000000000000000000000000AC
:10B4A000000000000000000000000000000000009C
:10B4B000000000000000000000000000000000008C
:10B4C000000000000000000000000000000000007C
:10B4D000000000000000000000000000000000006C
:10B4E000000000000000000000000000000000005C
:10B4F000000000000000000000000000000000004C
:10B50000000000000000000000000000000000003B
:10B51000000000000000000000000000000000002B
:10B52000000000000000000000000000000000001B
:10B53000000000000000000000000000000000000B
:10B5400000000000000000000000000000000000FB
:10B5500000000000000000000000000000000000EB
:10B5600000000000000000000000000000000000DB
:10B5700000000000000000000000000000000000CB
:10B5800000000000000000000000000000000000BB
:10B5900000000000000000000000000000000000AB
:10B5A000000000000000000000000000000000009B
:10B5B000000000000000000000000000000000008B
:10B5C000000000000000000000000000000000007B
:10B5D000000000000000000000000000000000006B
:10B5E000000000000000000000000000000000005B
:10B5F000000000000000000000000000000000004B
:10B60000000000000000000000000000000000003A
:10B61000000000000000000000000000000000002A
:10B62000000000000000000000000000000000001A
:10B63000000000000000000000000000000000000A
:10B6400000000000000000000000000000000000FA
:10B6500000000000000000000000000000000000EA
:10B6600000000000000000000000000000000000DA
:10B6700000000000000000000000000000000000CA
:10B6800000000000000000000000000000000000BA
:10B6900000000000000000000000000000000000AA
:10B6A000000000000000000000000000000000009A
:10B6B000000000000000000000000000000000008A
:10B6C000000000000000000000000000000000007A
:10B6D000000000000000000000000000000000006A
:10B6E000000000000000000000000000000000005A
:10B6F000000000000000000000000000000000004A
:10B700000000000000000000000000000000000039
:10B710000000000000000000000000000000000029
:10B720000000000000000000000000000000000019
:10B730000000000000000000000000000000000009
:10B7400000000000000000000000000000000000F9
:10B7500000000000000000000000000000000000E9
:10B7600000000000000000000000000000000000D9
:10B7700000000000000000000000000000000000C9
:10B7800000000000000000000000000000000000B9
:10B7900000000000000000000000000000000000A9
:10B7A0000000000000000000000000000000000099
:10B7B0000000000000000000000000000000000089
:10B7C0000000000000000000000000000000000079
:10B7D0000000000000000000000000000000000069
:10B7E0000000000000000000000000000000000059
:10B7F0000000000000000000000000000000000049
:10B800000000000000000000000000000000000038
:10B810000000000000000000000000000000000028
:10B820000000000000000000000000000000000018
:10B830000000000000000000000000000000000008
:10B8400000000000000000000000000000000000F8
:10B8500000000000000000000000000000000000E8
:10B8600000000000000000000000000000000000D8
:10B8700000000000000000000000000000000000C8
:10B8800000000000000000000000000000000000B8
:10B8900000000000000000000000000000000000A8
:10B8A0000000000000000000000000000000000098
:10B8B0000000000000000000000000000000000088
:10B8C0000000000000000000000000000000000078
:10B8D0000000000000000000000000000000000068
:10B8E0000000000000000000000000000000000058
:10B8F0000000000000000000000000000000000048
:10B900000000000000000000000000000000000037
:10B910000000000000000000000000000000000027
:10B920000000000000000000000000000000000017
:10B930000000000000000000000000000000000007
:10B9400000000000000000000000000000000000F7
:10B9500000000000000000000000000000000000E7
:10B9600000000000000000000000000000000000D7
:10B9700000000000000000000000000000000000C7
:10B9800000000000000000000000000000000000B7
:10B9900000000000000000000000000000000000A7
:10B9A0000000000000000000000000000000000097
:10B9B0000000000000000000000000000000000087
:10B9C0000000000000000000000000000000000077
:10B9D0000000000000000000000000000000000067
:10B9E0000000000000000000000000000000000057
:10B9F0000000000000000000000000000000000047
:10BA00000000000000000000000000000000000036
:10BA10000000000000000000000000000000000026
:10BA20000000000000000000000000000000000016
:10BA30000000000000000000000000000000000006
:10BA400000000000000000000000000000000000F6
:10BA500000000000000000000000000000000000E6
:10BA600000000000000000000000000000000000D6
:10BA700000000000000000000000000000000000C6
:10BA800000000000000000000000000000000000B6
:10BA900000000000000000000000000000000000A6
:10BAA0000000000000000000000000000000000096
:10BAB0000000000000000000000000000000000086
:10BAC0000000000000000000000000000000000076
:10BAD0000000000000000000000000000000000066
:10BAE0000000000000000000000000000000000056
:10BAF0000000000000000000000000000000000046
:10BB00000000000000000000000000000000000035
:10BB10000000000000000000000000000000000025
:10BB20000000000000000000000000000000000015
:10BB30000000000000000000000000000000000005
:10BB400000000000000000000000000000000000F5
:10BB500000000000000000000000000000000000E5
:10BB600000000000000000000000000000000000D5
:10BB700000000000000000000000000000000000C5
:10BB800000000000000000000000000000000000B5
:10BB900000000000000000000000000000000000A5
:10BBA0000000000000000000000000000000000095
:10BBB0000000000000000000000000000000000085
:10BBC0000000000000000000000000000000000075
:10BBD0000000000000000000000000000000000065
:10BBE0000000000000000000000000000000000055
:10BBF0000000000000000000000000000000000045
:10BC00000000000000000000000000000000000034
:10BC10000000000000000000000000000000000024
:10BC20000000000000000000000000000000000014
:10BC30000000000000000000000000000000000004
:10BC400000000000000000000000000000000000F4
:10BC500000000000000000000000000000000000E4
:10BC600000000000000000000000000000000000D4
:10BC700000000000000000000000000000000000C4
:10BC800000000000000000000000000000000000B4
:10BC900000000000000000000000000000000000A4
:10BCA0000000000000000000000000000000000094
:10BCB0000000000000000000000000000000000084
:10BCC0000000000000000000000000000000000074
:10BCD0000000000000000000000000000000000064
:10BCE0000000000000000000000000000000000054
:10BCF0000000000000000000000000000000000044
:10BD00000000000000000000000000000000000033
:10BD10000000000000000000000000000000000023
:10BD20000000000000000000000000000000000013
:10BD30000000000000000000000000000000000003
:10BD400000000000000000000000000000000000F3
:10BD500000000000000000000000000000000000E3
:10BD600000000000000000000000000000000000D3
:10BD700000000000000000000000000000000000C3
:10BD800000000000000000000000000000000000B3
:10BD900000000000000000000000000000000000A3
:10BDA0000000000000000000000000000000000093
:10BDB0000000000000000000000000000000000083
:10BDC0000000000000000000000000000000000073
:10BDD0000000000000000000000000000000000063
:10BDE0000000000000000000000000000000000053
:10BDF0000000000000000000000000000000000043
:10BE00000000000000000000000000000000000032
:10BE10000000000000000000000000000000000022
:10BE20000000000000000000000000000000000012
:10BE30000000000000000000000000000000000002
:10BE400000000000000000000000000000000000F2
:10BE500000000000000000000000000000000000E2
:10BE600000000000000000000000000000000000D2
:10BE700000000000000000000000000000000000C2
:10BE800000000000000000000000000000000000B2
:10BE900000000000000000000000000000000000A2
:10BEA0000000000000000000000000000000000092
:10BEB0000000000000000000000000000000000082
:10BEC0000000000000000000000000000000000072
:10BED0000000000000000000000000000000000062
:10BEE0000000000000000000000000000000000052
:10BEF0000000000000000000000000000000000042
:10BF00000000000000000000000000000000000031
:10BF10000000000000000000000000000000000021
:10BF20000000000000000000000000000000000011
:10BF30000000000000000000000000000000000001
:10BF400000000000000000000000000000000000F1
:10BF500000000000000000000000000000000000E1
:10BF600000000000000000000000000000000000D1
:10BF700000000000000000000000000000000000C1
:10BF800000000000000000000000000000000000B1
:10BF900000000000000000000000000000000000A1
:10BFA0000000000000000000000000000000000091
:10BFB0000000000000000000000000000000000081
:10BFC0000000000000000000000000000000000071
:10BFD0000000000000000000000000000000000061
:10BFE0000000000000000000000000000000000051
:10BFF0000000000000000000000000000000000041
:10C000000000000000000000000000000000000030
:10C010000000000000000000000000000000000020
:10C020000000000000000000000000000000000010
:10C030000000000000000000000000000000000000
:10C0400000000000000000000000000000000000F0
:10C0500000000000000000000000000000000000E0
:10C0600000000000000000000000000000000000D0
:10C0700000000000000000000000000000000000C0
:10C0800000000000000000000000000000000000B0
:10C0900000000000000000000000000000000000A0
:10C0A0000000000000000000000000000000000090
:10C0B0000000000000000000000000000000000080
:10C0C0000000000000000000000000000000000070
:10C0D0000000000000000000000000000000000060
:10C0E0000000000000000000000000000000000050
:10C0F0000000000000000000000000000000000040
:10C10000000000000000000000000000000000002F
:10C11000000000000000000000000000000000001F
:10C12000000000000000000000000000000000000F
:10C1300000000000000000000000000000000000FF
:10C1400000000000000000000000000000000000EF
:10C1500000000000000000000000000000000000DF
:10C1600000000000000000000000000000000000CF
:10C1700000000000000000000000000000000000BF
:10C1800000000000000000000000000000000000AF
:10C19000000000000000000000000000000000009F
:10C1A000000000000000000000000000000000008F
:10C1B000000000000000000000000000000000007F
:10C1C000000000000000000000000000000000006F
:10C1D000000000000000000000000000000000005F
:10C1E000000000000000000000000000000000004F
:10C1F000000000000000000000000000000000003F
:10C20000000000000000000000000000000000002E
:10C21000000000000000000000000000000000001E
:10C22000000000000000000000000000000000000E
:10C2300000000000000000000000000000000000FE
:10C2400000000000000000000000000000000000EE
:10C2500000000000000000000000000000000000DE
:10C2600000000000000000000000000000000000CE
:10C2700000000000000000000000000000000000BE
:10C2800000000000000000000000000000000000AE
:10C29000000000000000000000000000000000009E
:10C2A000000000000000000000000000000000008E
:10C2B000000000000000000000000000000000007E
:10C2C000000000000000000000000000000000006E
:10C2D000000000000000000000000000000000005E
:10C2E000000000000000000000000000000000004E
:10C2F000000000000000000000000000000000003E
:10C30000000000000000000000000000000000002D
:10C31000000000000000000000000000000000001D
:10C32000000000000000000000000000000000000D
:10C3300000000000000000000000000000000000FD
:10C3400000000000000000000000000000000000ED
:10C3500000000000000000000000000000000000DD
:10C3600000000000000000000000000000000000CD
:10C3700000000000000000000000000000000000BD
:10C3800000000000000000000000000000000000AD
:10C39000000000000000000000000000000000009D
:10C3A000000000000000000000000000000000008D
:10C3B000000000000000000000000000000000007D
:10C3C000000000000000000000000000000000006D
:10C3D000000000000000000000000000000000005D
:10C3E000000000000000000000000000000000004D
:10C3F000000000000000000000000000000000003D
:10C40000000000000000000000000000000000002C
:10C41000000000000000000000000000000000001C
:10C42000000000000000000000000000000000000C
:10C4300000000000000000000000000000000000FC
:10C4400000000000000000000000000000000000EC
:10C4500000000000000000000000000000000000DC
:10C4600000000000000000000000000000000000CC
:10C4700000000000000000000000000000000000BC
:10C4800000000000000000000000000000000000AC
:10C49000000000000000000000000000000000009C
:10C4A000000000000000000000000000000000008C
:10C4B000000000000000000000000000000000007C
:10C4C000000000000000000000000000000000006C
:10C4D000000000000000000000000000000000005C
:10C4E000000000000000000000000000000000004C
:10C4F000000000000000000000000000000000003C
:10C50000000000000000000000000000000000002B
:10C51000000000000000000000000000000000001B
:10C52000000000000000000000000000000000000B
:10C5300000000000000000000000000000000000FB
:10C5400000000000000000000000000000000000EB
:10C5500000000000000000000000000000000000DB
:10C5600000000000000000000000000000000000CB
:10C5700000000000000000000000000000000000BB
:10C5800000000000000000000000000000000000AB
:10C59000000000000000000000000000000000009B
:10C5A000000000000000000000000000000000008B
:10C5B000000000000000000000000000000000007B
:10C5C000000000000000000000000000000000006B
:10C5D000000000000000000000000000000000005B
:10C5E000000000000000000000000000000000004B
:10C5F000000000000000000000000000000000003B
:10C60000000000000000000000000000000000002A
:10C61000000000000000000000000000000000001A
:10C62000000000000000000000000000000000000A
:10C6300000000000000000000000000000000000FA
:10C6400000000000000000000000000000000000EA
:10C6500000000000000000000000000000000000DA
:10C6600000000000000000000000000000000000CA
:10C6700000000000000000000000000000000000BA
:10C6800000000000000000000000000000000000AA
:10C69000000000000000000000000000000000009A
:10C6A000000000000000000000000000000000008A
:10C6B000000000000000000000000000000000007A
:10C6C000000000000000000000000000000000006A
:10C6D000000000000000000000000000000000005A
:10C6E000000000000000000000000000000000004A
:10C6F000000000000000000000000000000000003A
:10C700000000000000000000000000000000000029
:10C710000000000000000000000000000000000019
:10C720000000000000000000000000000000000009
:10C7300000000000000000000000000000000000F9
:10C7400000000000000000000000000000000000E9
:10C7500000000000000000000000000000000000D9
:10C7600000000000000000000000000000000000C9
:10C7700000000000000000000000000000000000B9
:10C7800000000000000000000000000000000000A9
:10C790000000000000000000000000000000000099
:10C7A0000000000000000000000000000000000089
:10C7B0000000000000000000000000000000000079
:10C7C0000000000000000000000000000000000069
:10C7D0000000000000000000000000000000000059
:10C7E0000000000000000000000000000000000049
:10C7F0000000000000000000000000000000000039
:10C800000000000000000000000000000000000028
:10C810000000000000000000000000000000000018
:10C820000000000000000000000000000000000008
:10C8300000000000000000000000000000000000F8
:10C8400000000000000000000000000000000000E8
:10C8500000000000000000000000000000000000D8
:10C8600000000000000000000000000000000000C8
:10C8700000000000000000000000000000000000B8
:10C8800000000000000000000000000000000000A8
:10C890000000000000000000000000000000000098
:10C8A0000000000000000000000000000000000088
:10C8B0000000000000000000000000000000000078
:10C8C0000000000000000000000000000000000068
:10C8D0000000000000000000000000000000000058
:10C8E0000000000000000000000000000000000048
:10C8F0000000000000000000000000000000000038
:10C900000000000000000000000000000000000027
:10C910000000000000000000000000000000000017
:10C920000000000000000000000000000000000007
:10C9300000000000000000000000000000000000F7
:10C9400000000000000000000000000000000000E7
:10C9500000000000000000000000000000000000D7
:10C9600000000000000000000000000000000000C7
:10C9700000000000000000000000000000000000B7
:10C9800000000000000000000000000000000000A7
:10C990000000000000000000000000000000000097
:10C9A0000000000000000000000000000000000087
:10C9B0000000000000000000000000000000000077
:10C9C0000000000000000000000000000000000067
:10C9D0000000000000000000000000000000000057
:10C9E0000000000000000000000000000000000047
:10C9F0000000000000000000000000000000000037
:10CA00000000000000000000000000000000000026
:10CA10000000000000000000000000000000000016
:10CA20000000000000000000000000000000000006
:10CA300000000000000000000000000000000000F6
:10CA400000000000000000000000000000000000E6
:10CA500000000000000000000000000000000000D6
:10CA600000000000000000000000000000000000C6
:10CA700000000000000000000000000000000000B6
:10CA800000000000000000000000000000000000A6
:10CA90000000000000000000000000000000000096
:10CAA0000000000000000000000000000000000086
:10CAB0000000000000000000000000000000000076
:10CAC0000000000000000000000000000000000066
:10CAD0000000000000000000000000000000000056
:10CAE0000000000000000000000000000000000046
:10CAF0000000000000000000000000000000000036
:10CB00000000000000000000000000000000000025
:10CB10000000000000000000000000000000000015
:10CB20000000000000000000000000000000000005
:10CB300000000000000000000000000000000000F5
:10CB400000000000000000000000000000000000E5
:10CB500000000000000000000000000000000000D5
:10CB600000000000000000000000000000000000C5
:10CB700000000000000000000000000000000000B5
:10CB800000000000000000000000000000000000A5
:10CB90000000000000000000000000000000000095
:10CBA0000000000000000000000000000000000085
:10CBB0000000000000000000000000000000000075
:10CBC0000000000000000000000000000000000065
:10CBD0000000000000000000000000000000000055
:10CBE0000000000000000000000000000000000045
:10CBF0000000000000000000000000000000000035
:10CC00000000000000000000000000000000000024
:10CC10000000000000000000000000000000000014
:10CC20000000000000000000000000000000000004
:10CC300000000000000000000000000000000000F4
:10CC400000000000000000000000000000000000E4
:10CC500000000000000000000000000000000000D4
:10CC600000000000000000000000000000000000C4
:10CC700000000000000000000000000000000000B4
:10CC800000000000000000000000000000000000A4
:10CC90000000000000000000000000000000000094
:10CCA0000000000000000000000000000000000084
:10CCB0000000000000000000000000000000000074
:10CCC0000000000000000000000000000000000064
:10CCD0000000000000000000000000000000000054
:10CCE0000000000000000000000000000000000044
:10CCF0000000000000000000000000000000000034
:10CD00000000000000000000000000000000000023
:10CD10000000000000000000000000000000000013
:10CD20000000000000000000000000000000000003
:10CD300000000000000000000000000000000000F3
:10CD400000000000000000000000000000000000E3
:10CD500000000000000000000000000000000000D3
:10CD600000000000000000000000000000000000C3
:10CD700000000000000000000000000000000000B3
:10CD800000000000000000000000000000000000A3
:10CD90000000000000000000000000000000000093
:10CDA0000000000000000000000000000000000083
:10CDB0000000000000000000000000000000000073
:10CDC0000000000000000000000000000000000063
:10CDD0000000000000000000000000000000000053
:10CDE0000000000000000000000000000000000043
:10CDF0000000000000000000000000000000000033
:10CE00000000000000000000000000000000000022
:10CE10000000000000000000000000000000000012
:10CE20000000000000000000000000000000000002
:10CE300000000000000000000000000000000000F2
:10CE400000000000000000000000000000000000E2
:10CE500000000000000000000000000000000000D2
:10CE600000000000000000000000000000000000C2
:10CE700000000000000000000000000000000000B2
:10CE800000000000000000000000000000000000A2
:10CE90000000000000000000000000000000000092
:10CEA0000000000000000000000000000000000082
:10CEB0000000000000000000000000000000000072
:10CEC0000000000000000000000000000000000062
:10CED0000000000000000000000000000000000052
:10CEE0000000000000000000000000000000000042
:10CEF0000000000000000000000000000000000032
:10CF00000000000000000000000000000000000021
:10CF10000000000000000000000000000000000011
:10CF20000000000000000000000000000000000001
:10CF300000000000000000000000000000000000F1
:10CF400000000000000000000000000000000000E1
:10CF500000000000000000000000000000000000D1
:10CF600000000000000000000000000000000000C1
:10CF700000000000000000000000000000000000B1
:10CF800000000000000000000000000000000000A1
:10CF90000000000000000000000000000000000091
:10CFA0000000000000000000000000000000000081
:10CFB0000000000000000000000000000000000071
:10CFC0000000000000000000000000000000000061
:10CFD0000000000000000000000000000000000051
:10CFE0000000000000000000000000000000000041
:10CFF0000000000000000000000000000000000031
:10D000000000000000000000000000000000000020
:10D010000000000000000000000000000000000010
:10D020000000000000000000000000000000000000
:10D0300000000000000000000000000000000000F0
:10D0400000000000000000000000000000000000E0
:10D0500000000000000000000000000000000000D0
:10D0600000000000000000000000000000000000C0
:10D0700000000000000000000000000000000000B0
:10D0800000000000000000000000000000000000A0
:10D090000000000000000000000000000000000090
:10D0A0000000000000000000000000000000000080
:10D0B0000000000000000000000000000000000070
:10D0C0000000000000000000000000000000000060
:10D0D0000000000000000000000000000000000050
:10D0E0000000000000000000000000000000000040
:10D0F0000000000000000000000000000000000030
:10D10000000000000000000000000000000000001F
:10D11000000000000000000000000000000000000F
:10D1200000000000000000000000000000000000FF
:10D1300000000000000000000000000000000000EF
:10D1400000000000000000000000000000000000DF
:10D1500000000000000000000000000000000000CF
:10D1600000000000000000000000000000000000BF
:10D1700000000000000000000000000000000000AF
:10D18000000000000000000000000000000000009F
:10D19000000000000000000000000000000000008F
:10D1A000000000000000000000000000000000007F
:10D1B000000000000000000000000000000000006F
:10D1C000000000000000000000000000000000005F
:10D1D000000000000000000000000000000000004F
:10D1E000000000000000000000000000000000003F
:10D1F000000000000000000000000000000000002F
:10D20000000000000000000000000000000000001E
:10D21000000000000000000000000000000000000E
:10D2200000000000000000000000000000000000FE
:10D2300000000000000000000000000000000000EE
:10D2400000000000000000000000000000000000DE
:10D2500000000000000000000000000000000000CE
:10D2600000000000000000000000000000000000BE
:10D2700000000000000000000000000000000000AE
:10D28000000000000000000000000000000000009E
:10D29000000000000000000000000000000000008E
:10D2A000000000000000000000000000000000007E
:10D2B000000000000000000000000000000000006E
:10D2C000000000000000000000000000000000005E
:10D2D000000000000000000000000000000000004E
:10D2E000000000000000000000000000000000003E
:10D2F000000000000000000000000000000000002E
:10D30000000000000000000000000000000000001D
:10D31000000000000000000000000000000000000D
:10D3200000000000000000000000000000000000FD
:10D3300000000000000000000000000000000000ED
:10D3400000000000000000000000000000000000DD
:10D3500000000000000000000000000000000000CD
:10D3600000000000000000000000000000000000BD
:10D3700000000000000000000000000000000000AD
:10D38000000000000000000000000000000000009D
:10D39000000000000000000000000000000000008D
:10D3A000000000000000000000000000000000007D
:10D3B000000000000000000000000000000000006D
:10D3C000000000000000000000000000000000005D
:10D3D000000000000000000000000000000000004D
:10D3E000000000000000000000000000000000003D
:10D3F000000000000000000000000000000000002D
:10D40000000000000000000000000000000000001C
:10D41000000000000000000000000000000000000C
:10D4200000000000000000000000000000000000FC
:10D4300000000000000000000000000000000000EC
:10D4400000000000000000000000000000000000DC
:10D4500000000000000000000000000000000000CC
:10D4600000000000000000000000000000000000BC
:10D4700000000000000000000000000000000000AC
:10D48000000000000000000000000000000000009C
:10D49000000000000000000000000000000000008C
:10D4A000000000000000000000000000000000007C
:10D4B000000000000000000000000000000000006C
:10D4C000000000000000000000000000000000005C
:10D4D000000000000000000000000000000000004C
:10D4E000000000000000000000000000000000003C
:10D4F000000000000000000000000000000000002C
:10D50000000000000000000000000000000000001B
:10D51000000000000000000000000000000000000B
:10D5200000000000000000000000000000000000FB
:10D5300000000000000000000000000000000000EB
:10D5400000000000000000000000000000000000DB
:10D5500000000000000000000000000000000000CB
:10D5600000000000000000000000000000000000BB
:10D5700000000000000000000000000000000000AB
:10D58000000000000000000000000000000000009B
:10D59000000000000000000000000000000000008B
:10D5A000000000000000000000000000000000007B
:10D5B000000000000000000000000000000000006B
:10D5C000000000000000000000000000000000005B
:10D5D000000000000000000000000000000000004B
:10D5E000000000000000000000000000000000003B
:10D5F000000000000000000000000000000000002B
:10D60000000000000000000000000000000000001A
:10D61000000000000000000000000000000000000A
:10D6200000000000000000000000000000000000FA
:10D6300000000000000000000000000000000000EA
:10D6400000000000000000000000000000000000DA
:10D6500000000000000000000000000000000000CA
:10D6600000000000000000000000000000000000BA
:10D6700000000000000000000000000000000000AA
:10D68000000000000000000000000000000000009A
:10D69000000000000000000000000000000000008A
:10D6A000000000000000000000000000000000007A
:10D6B000000000000000000000000000000000006A
:10D6C000000000000000000000000000000000005A
:10D6D000000000000000000000000000000000004A
:10D6E000000000000000000000000000000000003A
:10D6F000000000000000000000000000000000002A
:10D700000000000000000000000000000000000019
:10D710000000000000000000000000000000000009
:10D7200000000000000000000000000000000000F9
:10D7300000000000000000000000000000000000E9
:10D7400000000000000000000000000000000000D9
:10D7500000000000000000000000000000000000C9
:10D7600000000000000000000000000000000000B9
:10D7700000000000000000000000000000000000A9
:10D780000000000000000000000000000000000099
:10D790000000000000000000000000000000000089
:10D7A0000000000000000000000000000000000079
:10D7B0000000000000000000000000000000000069
:10D7C0000000000000000000000000000000000059
:10D7D0000000000000000000000000000000000049
:10D7E0000000000000000000000000000000000039
:10D7F0000000000000000000000000000000000029
:10D800000000000000000000000000000000000018
:10D810000000000000000000000000000000000008
:10D8200000000000000000000000000000000000F8
:10D8300000000000000000000000000000000000E8
:10D8400000000000000000000000000000000000D8
:10D8500000000000000000000000000000000000C8
:10D8600000000000000000000000000000000000B8
:10D8700000000000000000000000000000000000A8
:10D880000000000000000000000000000000000098
:10D890000000000000000000000000000000000088
:10D8A0000000000000000000000000000000000078
:10D8B0000000000000000000000000000000000068
:10D8C0000000000000000000000000000000000058
:10D8D0000000000000000000000000000000000048
:10D8E0000000000000000000000000000000000038
:10D8F0000000000000000000000000000000000028
:10D900000000000000000000000000000000000017
:10D910000000000000000000000000000000000007
:10D9200000000000000000000000000000000000F7
:10D9300000000000000000000000000000000000E7
:10D9400000000000000000000000000000000000D7
:10D9500000000000000000000000000000000000C7
:10D9600000000000000000000000000000000000B7
:10D9700000000000000000000000000000000000A7
:10D980000000000000000000000000000000000097
:10D990000000000000000000000000000000000087
:10D9A0000000000000000000000000000000000077
:10D9B0000000000000000000000000000000000067
:10D9C0000000000000000000000000000000000057
:10D9D0000000000000000000000000000000000047
:10D9E0000000000000000000000000000000000037
:10D9F0000000000000000000000000000000000027
:10DA00000000000000000000000000000000000016
:10DA10000000000000000000000000000000000006
:10DA200000000000000000000000000000000000F6
:10DA300000000000000000000000000000000000E6
:10DA400000000000000000000000000000000000D6
:10DA500000000000000000000000000000000000C6
:10DA600000000000000000000000000000000000B6
:10DA700000000000000000000000000000000000A6
:10DA80000000000000000000000000000000000096
:10DA90000000000000000000000000000000000086
:10DAA0000000000000000000000000000000000076
:10DAB0000000000000000000000000000000000066
:10DAC0000000000000000000000000000000000056
:10DAD0000000000000000000000000000000000046
:10DAE0000000000000000000000000000000000036
:10DAF0000000000000000000000000000000000026
:10DB00000000000000000000000000000000000015
:10DB10000000000000000000000000000000000005
:10DB200000000000000000000000000000000000F5
:10DB300000000000000000000000000000000000E5
:10DB400000000000000000000000000000000000D5
:10DB500000000000000000000000000000000000C5
:10DB600000000000000000000000000000000000B5
:10DB700000000000000000000000000000000000A5
:10DB80000000000000000000000000000000000095
:10DB90000000000000000000000000000000000085
:10DBA0000000000000000000000000000000000075
:10DBB0000000000000000000000000000000000065
:10DBC0000000000000000000000000000000000055
:10DBD0000000000000000000000000000000000045
:10DBE0000000000000000000000000000000000035
:10DBF0000000000000000000000000000000000025
:10DC00000000000000000000000000000000000014
:10DC10000000000000000000000000000000000004
:10DC200000000000000000000000000000000000F4
:10DC300000000000000000000000000000000000E4
:10DC400000000000000000000000000000000000D4
:10DC500000000000000000000000000000000000C4
:10DC600000000000000000000000000000000000B4
:10DC700000000000000000000000000000000000A4
:10DC80000000000000000000000000000000000094
:10DC90000000000000000000000000000000000084
:10DCA0000000000000000000000000000000000074
:10DCB0000000000000000000000000000000000064
:10DCC0000000000000000000000000000000000054
:10DCD0000000000000000000000000000000000044
:10DCE0000000000000000000000000000000000034
:10DCF0000000000000000000000000000000000024
:10DD00000000000000000000000000000000000013
:10DD10000000000000000000000000000000000003
:10DD200000000000000000000000000000000000F3
:10DD300000000000000000000000000000000000E3
:10DD400000000000000000000000000000000000D3
:10DD500000000000000000000000000000000000C3
:10DD600000000000000000000000000000000000B3
:10DD700000000000000000000000000000000000A3
:10DD80000000000000000000000000000000000093
:10DD90000000000000000000000000000000000083
:10DDA0000000000000000000000000000000000073
:10DDB0000000000000000000000000000000000063
:10DDC0000000000000000000000000000000000053
:10DDD0000000000000000000000000000000000043
:10DDE0000000000000000000000000000000000033
:10DDF0000000000000000000000000000000000023
:10DE00000000000000000000000000000000000012
:10DE10000000000000000000000000000000000002
:10DE200000000000000000000000000000000000F2
:10DE300000000000000000000000000000000000E2
:10DE400000000000000000000000000000000000D2
:10DE500000000000000000000000000000000000C2
:10DE600000000000000000000000000000000000B2
:10DE700000000000000000000000000000000000A2
:10DE80000000000000000000000000000000000092
:10DE90000000000000000000000000000000000082
:10DEA0000000000000000000000000000000000072
:10DEB0000000000000000000000000000000000062
:10DEC0000000000000000000000000000000000052
:10DED0000000000000000000000000000000000042
:10DEE0000000000000000000000000000000000032
:10DEF0000000000000000000000000000000000022
:10DF00000000000000000000000000000000000011
:10DF10000000000000000000000000000000000001
:10DF200000000000000000000000000000000000F1
:10DF300000000000000000000000000000000000E1
:10DF400000000000000000000000000000000000D1
:10DF500000000000000000000000000000000000C1
:10DF600000000000000000000000000000000000B1
:10DF700000000000000000000000000000000000A1
:10DF80000000000000000000000000000000000091
:10DF90000000000000000000000000000000000081
:10DFA0000000000000000000000000000000000071
:10DFB0000000000000000000000000000000000061
:10DFC0000000000000000000000000000000000051
:10DFD0000000000000000000000000000000000041
:10DFE0000000000000000000000000000000000031
:10DFF0000000000000000000000000000000000021
:10E000000000000000000000000000000000000010
:10E010000000000000000000000000000000000000
:10E0200000000000000000000000000000000000F0
:10E0300000000000000000000000000000000000E0
:10E0400000000000000000000000000000000000D0
:10E0500000000000000000000000000000000000C0
:10E0600000000000000000000000000000000000B0
:10E0700000000000000000000000000000000000A0
:10E080000000000000000000000000000000000090
:10E090000000000000000000000000000000000080
:10E0A0000000000000000000000000000000000070
:10E0B0000000000000000000000000000000000060
:10E0C0000000000000000000000000000000000050
:10E0D0000000000000000000000000000000000040
:10E0E0000000000000000000000000000000000030
:10E0F0000000000000000000000000000000000020
:10E10000000000000000000000000000000000000F
:10E1100000000000000000000000000000000000FF
:10E1200000000000000000000000000000000000EF
:10E1300000000000000000000000000000000000DF
:10E1400000000000000000000000000000000000CF
:10E1500000000000000000000000000000000000BF
:10E1600000000000000000000000000000000000AF
:10E17000000000000000000000000000000000009F
:10E18000000000000000000000000000000000008F
:10E19000000000000000000000000000000000007F
:10E1A000000000000000000000000000000000006F
:10E1B000000000000000000000000000000000005F
:10E1C000000000000000000000000000000000004F
:10E1D000000000000000000000000000000000003F
:10E1E000000000000000000000000000000000002F
:10E1F000000000000000000000000000000000001F
:10E20000000000000000000000000000000000000E
:10E2100000000000000000000000000000000000FE
:10E2200000000000000000000000000000000000EE
:10E2300000000000000000000000000000000000DE
:10E2400000000000000000000000000000000000CE
:10E2500000000000000000000000000000000000BE
:10E2600000000000000000000000000000000000AE
:10E27000000000000000000000000000000000009E
:10E28000000000000000000000000000000000008E
:10E29000000000000000000000000000000000007E
:10E2A000000000000000000000000000000000006E
:10E2B000000000000000000000000000000000005E
:10E2C000000000000000000000000000000000004E
:10E2D000000000000000000000000000000000003E
:10E2E000000000000000000000000000000000002E
:10E2F000000000000000000000000000000000001E
:10E30000000000000000000000000000000000000D
:10E3100000000000000000000000000000000000FD
:10E3200000000000000000000000000000000000ED
:10E3300000000000000000000000000000000000DD
:10E3400000000000000000000000000000000000CD
:10E3500000000000000000000000000000000000BD
:10E3600000000000000000000000000000000000AD
:10E37000000000000000000000000000000000009D
:10E38000000000000000000000000000000000008D
:10E39000000000000000000000000000000000007D
:10E3A000000000000000000000000000000000006D
:10E3B000000000000000000000000000000000005D
:10E3C000000000000000000000000000000000004D
:10E3D000000000000000000000000000000000003D
:10E3E000000000000000000000000000000000002D
:10E3F000000000000000000000000000000000001D
:10E40000000000000000000000000000000000000C
:10E4100000000000000000000000000000000000FC
:10E4200000000000000000000000000000000000EC
:10E4300000000000000000000000000000000000DC
:10E4400000000000000000000000000000000000CC
:10E4500000000000000000000000000000000000BC
:10E4600000000000000000000000000000000000AC
:10E47000000000000000000000000000000000009C
:10E48000000000000000000000000000000000008C
:10E49000000000000000000000000000000000007C
:10E4A000000000000000000000000000000000006C
:10E4B000000000000000000000000000000000005C
:10E4C000000000000000000000000000000000004C
:10E4D000000000000000000000000000000000003C
:10E4E000000000000000000000000000000000002C
:10E4F000000000000000000000000000000000001C
:10E50000000000000000000000000000000000000B
:10E5100000000000000000000000000000000000FB
:10E5200000000000000000000000000000000000EB
:10E5300000000000000000000000000000000000DB
:10E5400000000000000000000000000000000000CB
:10E5500000000000000000000000000000000000BB
:10E5600000000000000000000000000000000000AB
:10E57000000000000000000000000000000000009B
:10E58000000000000000000000000000000000008B
:10E59000000000000000000000000000000000007B
:10E5A000000000000000000000000000000000006B
:10E5B000000000000000000000000000000000005B
:10E5C000000000000000000000000000000000004B
:10E5D000000000000000000000000000000000003B
:10E5E000000000000000000000000000000000002B
:10E5F000000000000000000000000000000000001B
:10E60000000000000000000000000000000000000A
:10E6100000000000000000000000000000000000FA
:10E6200000000000000000000000000000000000EA
:10E6300000000000000000000000000000000000DA
:10E6400000000000000000000000000000000000CA
:10E6500000000000000000000000000000000000BA
:10E6600000000000000000000000000000000000AA
:10E67000000000000000000000000000000000009A
:10E68000000000000000000000000000000000008A
:10E69000000000000000000000000000000000007A
:10E6A000000000000000000000000000000000006A
:10E6B000000000000000000000000000000000005A
:10E6C000000000000000000000000000000000004A
:10E6D000000000000000000000000000000000003A
:10E6E000000000000000000000000000000000002A
:10E6F000000000000000000000000000000000001A
:10E700000000000000000000000000000000000009
:10E7100000000000000000000000000000000000F9
:10E7200000000000000000000000000000000000E9
:10E7300000000000000000000000000000000000D9
:10E7400000000000000000000000000000000000C9
:10E7500000000000000000000000000000000000B9
:10E7600000000000000000000000000000000000A9
:10E770000000000000000000000000000000000099
:10E780000000000000000000000000000000000089
:10E790000000000000000000000000000000000079
:10E7A0000000000000000000000000000000000069
:10E7B0000000000000000000000000000000000059
:10E7C0000000000000000000000000000000000049
:10E7D0000000000000000000000000000000000039
:10E7E0000000000000000000000000000000000029
:10E7F0000000000000000000000000000000000019
:10E800000000000000000000000000000000000008
:10E8100000000000000000000000000000000000F8
:10E8200000000000000000000000000000000000E8
:10E8300000000000000000000000000000000000D8
:10E8400000000000000000000000000000000000C8
:10E8500000000000000000000000000000000000B8
:10E8600000000000000000000000000000000000A8
:10E870000000000000000000000000000000000098
:10E880000000000000000000000000000000000088
:10E890000000000000000000000000000000000078
:10E8A0000000000000000000000000000000000068
:10E8B0000000000000000000000000000000000058
:10E8C0000000000000000000000000000000000048
:10E8D0000000000000000000000000000000000038
:10E8E0000000000000000000000000000000000028
:10E8F0000000000000000000000000000000000018
:10E900000000000000000000000000000000000007
:10E9100000000000000000000000000000000000F7
:10E9200000000000000000000000000000000000E7
:10E9300000000000000000000000000000000000D7
:10E9400000000000000000000000000000000000C7
:10E9500000000000000000000000000000000000B7
:10E9600000000000000000000000000000000000A7
:10E970000000000000000000000000000000000097
:10E980000000000000000000000000000000000087
:10E990000000000000000000000000000000000077
:10E9A0000000000000000000000000000000000067
:10E9B0000000000000000000000000000000000057
:10E9C0000000000000000000000000000000000047
:10E9D0000000000000000000000000000000000037
:10E9E0000000000000000000000000000000000027
:10E9F0000000000000000000000000000000000017
:10EA00000000000000000000000000000000000006
:10EA100000000000000000000000000000000000F6
:10EA200000000000000000000000000000000000E6
:10EA300000000000000000000000000000000000D6
:10EA400000000000000000000000000000000000C6
:10EA500000000000000000000000000000000000B6
:10EA600000000000000000000000000000000000A6
:10EA70000000000000000000000000000000000096
:10EA80000000000000000000000000000000000086
:10EA90000000000000000000000000000000000076
:10EAA0000000000000000000000000000000000066
:10EAB0000000000000000000000000000000000056
:10EAC0000000000000000000000000000000000046
:10EAD0000000000000000000000000000000000036
:10EAE0000000000000000000000000000000000026
:10EAF0000000000000000000000000000000000016
:10EB00000000000000000000000000000000000005
:10EB100000000000000000000000000000000000F5
:10EB200000000000000000000000000000000000E5
:10EB300000000000000000000000000000000000D5
:10EB400000000000000000000000000000000000C5
:10EB500000000000000000000000000000000000B5
:10EB600000000000000000000000000000000000A5
:10EB70000000000000000000000000000000000095
:10EB80000000000000000000000000000000000085
:10EB90000000000000000000000000000000000075
:10EBA0000000000000000000000000000000000065
:10EBB0000000000000000000000000000000000055
:10EBC0000000000000000000000000000000000045
:10EBD0000000000000000000000000000000000035
:10EBE0000000000000000000000000000000000025
:10EBF0000000000000000000000000000000000015
:10EC00000000000000000000000000000000000004
:10EC100000000000000000000000000000000000F4
:10EC200000000000000000000000000000000000E4
:10EC300000000000000000000000000000000000D4
:10EC400000000000000000000000000000000000C4
:10EC500000000000000000000000000000000000B4
:10EC600000000000000000000000000000000000A4
:10EC70000000000000000000000000000000000094
:10EC80000000000000000000000000000000000084
:10EC90000000000000000000000000000000000074
:10ECA0000000000000000000000000000000000064
:10ECB0000000000000000000000000000000000054
:10ECC0000000000000000000000000000000000044
:10ECD0000000000000000000000000000000000034
:10ECE0000000000000000000000000000000000024
:10ECF0000000000000000000000000000000000014
:10ED00000000000000000000000000000000000003
:10ED100000000000000000000000000000000000F3
:10ED200000000000000000000000000000000000E3
:10ED300000000000000000000000000000000000D3
:10ED400000000000000000000000000000000000C3
:10ED500000000000000000000000000000000000B3
:10ED600000000000000000000000000000000000A3
:10ED70000000000000000000000000000000000093
:10ED80000000000000000000000000000000000083
:10ED90000000000000000000000000000000000073
:10EDA0000000000000000000000000000000000063
:10EDB0000000000000000000000000000000000053
:10EDC0000000000000000000000000000000000043
:10EDD0000000000000000000000000000000000033
:10EDE0000000000000000000000000000000000023
:10EDF0000000000000000000000000000000000013
:10EE00000000000000000000000000000000000002
:10EE100000000000000000000000000000000000F2
:10EE200000000000000000000000000000000000E2
:10EE300000000000000000000000000000000000D2
:10EE400000000000000000000000000000000000C2
:10EE500000000000000000000000000000000000B2
:10EE600000000000000000000000000000000000A2
:10EE70000000000000000000000000000000000092
:10EE80000000000000000000000000000000000082
:10EE90000000000000000000000000000000000072
:10EEA0000000000000000000000000000000000062
:10EEB0000000000000000000000000000000000052
:10EEC0000000000000000000000000000000000042
:10EED0000000000000000000000000000000000032
:10EEE0000000000000000000000000000000000022
:10EEF0000000000000000000000000000000000012
:10EF00000000000000000000000000000000000001
:10EF100000000000000000000000000000000000F1
:10EF200000000000000000000000000000000000E1
:10EF300000000000000000000000000000000000D1
:10EF400000000000000000000000000000000000C1
:10EF500000000000000000000000000000000000B1
:10EF600000000000000000000000000000000000A1
:10EF70000000000000000000000000000000000091
:10EF80000000000000000000000000000000000081
:10EF90000000000000000000000000000000000071
:10EFA0000000000000000000000000000000000061
:10EFB0000000000000000000000000000000000051
:10EFC0000000000000000000000000000000000041
:10EFD0000000000000000000000000000000000031
:10EFE0000000000000000000000000000000000021
:10EFF0000000000000000000000000000000000011
:10F000000000000000000000000000000000000000
:10F0100000000000000000000000000000000000F0
:10F0200000000000000000000000000000000000E0
:10F0300000000000000000000000000000000000D0
:10F0400000000000000000000000000000000000C0
:10F0500000000000000000000000000000000000B0
:10F0600000000000000000000000000000000000A0
:10F070000000000000000000000000000000000090
:10F080000000000000000000000000000000000080
:10F090000000000000000000000000000000000070
:10F0A0000000000000000000000000000000000060
:10F0B0000000000000000000000000000000000050
:10F0C0000000000000000000000000000000000040
:10F0D0000000000000000000000000000000000030
:10F0E0000000000000000000000000000000000020
:10F0F0000000000000000000000000000000000010
:10F1000000000000000000000000000000000000FF
:10F1100000000000000000000000000000000000EF
:10F1200000000000000000000000000000000000DF
:10F1300000000000000000000000000000000000CF
:10F1400000000000000000000000000000000000BF
:10F1500000000000000000000000000000000000AF
:10F16000000000000000000000000000000000009F
:10F17000000000000000000000000000000000008F
:10F18000000000000000000000000000000000007F
:10F19000000000000000000000000000000000006F
:10F1A000000000000000000000000000000000005F
:10F1B000000000000000000000000000000000004F
:10F1C000000000000000000000000000000000003F
:10F1D000000000000000000000000000000000002F
:10F1E000000000000000000000000000000000001F
:10F1F000000000000000000000000000000000000F
:10F2000000000000000000000000000000000000FE
:10F2100000000000000000000000000000000000EE
:10F2200000000000000000000000000000000000DE
:10F2300000000000000000000000000000000000CE
:10F2400000000000000000000000000000000000BE
:10F2500000000000000000000000000000000000AE
:10F26000000000000000000000000000000000009E
:10F27000000000000000000000000000000000008E
:10F28000000000000000000000000000000000007E
:10F29000000000000000000000000000000000006E
:10F2A000000000000000000000000000000000005E
:10F2B000000000000000000000000000000000004E
:10F2C000000000000000000000000000000000003E
:10F2D000000000000000000000000000000000002E
:10F2E000000000000000000000000000000000001E
:10F2F000000000000000000000000000000000000E
:10F3000000000000000000000000000000000000FD
:10F3100000000000000000000000000000000000ED
:10F3200000000000000000000000000000000000DD
:10F3300000000000000000000000000000000000CD
:10F3400000000000000000000000000000000000BD
:10F3500000000000000000000000000000000000AD
:10F36000000000000000000000000000000000009D
:10F37000000000000000000000000000000000008D
:10F38000000000000000000000000000000000007D
:10F39000000000000000000000000000000000006D
:10F3A000000000000000000000000000000000005D
:10F3B000000000000000000000000000000000004D
:10F3C000000000000000000000000000000000003D
:10F3D000000000000000000000000000000000002D
:10F3E000000000000000000000000000000000001D
:10F3F000000000000000000000000000000000000D
:10F4000000000000000000000000000000000000FC
:10F4100000000000000000000000000000000000EC
:10F4200000000000000000000000000000000000DC
:10F4300000000000000000000000000000000000CC
:10F4400000000000000000000000000000000000BC
:10F4500000000000000000000000000000000000AC
:10F46000000000000000000000000000000000009C
:10F47000000000000000000000000000000000008C
:10F48000000000000000000000000000000000007C
:10F49000000000000000000000000000000000006C
:10F4A000000000000000000000000000000000005C
:10F4B000000000000000000000000000000000004C
:10F4C000000000000000000000000000000000003C
:10F4D000000000000000000000000000000000002C
:10F4E000000000000000000000000000000000001C
:10F4F000000000000000000000000000000000000C
:10F5000000000000000000000000000000000000FB
:10F5100000000000000000000000000000000000EB
:10F5200000000000000000000000000000000000DB
:10F5300000000000000000000000000000000000CB
:10F5400000000000000000000000000000000000BB
:10F5500000000000000000000000000000000000AB
:10F56000000000000000000000000000000000009B
:10F57000000000000000000000000000000000008B
:10F58000000000000000000000000000000000007B
:10F59000000000000000000000000000000000006B
:10F5A000000000000000000000000000000000005B
:10F5B000000000000000000000000000000000004B
:10F5C000000000000000000000000000000000003B
:10F5D000000000000000000000000000000000002B
:10F5E000000000000000000000000000000000001B
:10F5F000000000000000000000000000000000000B
:10F6000000000000000000000000000000000000FA
:10F6100000000000000000000000000000000000EA
:10F6200000000000000000000000000000000000DA
:10F6300000000000000000000000000000000000CA
:10F6400000000000000000000000000000000000BA
:10F6500000000000000000000000000000000000AA
:10F66000000000000000000000000000000000009A
:10F67000000000000000000000000000000000008A
:10F68000000000000000000000000000000000007A
:10F69000000000000000000000000000000000006A
:10F6A000000000000000000000000000000000005A
:10F6B000000000000000000000000000000000004A
:10F6C000000000000000000000000000000000003A
:10F6D000000000000000000000000000000000002A
:10F6E000000000000000000000000000000000001A
:10F6F000000000000000000000000000000000000A
:10F7000000000000000000000000000000000000F9
:10F7100000000000000000000000000000000000E9
:10F7200000000000000000000000000000000000D9
:10F7300000000000000000000000000000000000C9
:10F7400000000000000000000000000000000000B9
:10F7500000000000000000000000000000000000A9
:10F760000000000000000000000000000000000099
:10F770000000000000000000000000000000000089
:10F780000000000000000000000000000000000079
:10F790000000000000000000000000000000000069
:10F7A0000000000000000000000000000000000059
:10F7B0000000000000000000000000000000000049
:10F7C0000000000000000000000000000000000039
:10F7D0000000000000000000000000000000000029
:10F7E0000000000000000000000000000000000019
:10F7F0000000000000000000000000000000000009
:10F8000000000000000000000000000000000000F8
:10F8100000000000000000000000000000000000E8
:10F8200000000000000000000000000000000000D8
:10F8300000000000000000000000000000000000C8
:10F8400000000000000000000000000000000000B8
:10F8500000000000000000000000000000000000A8
:10F860000000000000000000000000000000000098
:10F870000000000000000000000000000000000088
:10F880000000000000000000000000000000000078
:10F890000000000000000000000000000000000068
:10F8A0000000000000000000000000000000000058
:10F8B0000000000000000000000000000000000048
:10F8C0000000000000000000000000000000000038
:10F8D0000000000000000000000000000000000028
:10F8E0000000000000000000000000000000000018
:10F8F0000000000000000000000000000000000008
:10F9000000000000000000000000000000000000F7
:10F9100000000000000000000000000000000000E7
:10F9200000000000000000000000000000000000D7
:10F9300000000000000000000000000000000000C7
:10F9400000000000000000000000000000000000B7
:10F9500000000000000000000000000000000000A7
:10F960000000000000000000000000000000000097
:10F970000000000000000000000000000000000087
:10F980000000000000000000000000000000000077
:10F990000000000000000000000000000000000067
:10F9A0000000000000000000000000000000000057
:10F9B0000000000000000000000000000000000047
:10F9C0000000000000000000000000000000000037
:10F9D0000000000000000000000000000000000027
:10F9E0000000000000000000000000000000000017
:10F9F0000000000000000000000000000000000007
:10FA000000000000000000000000000000000000F6
:10FA100000000000000000000000000000000000E6
:10FA200000000000000000000000000000000000D6
:10FA300000000000000000000000000000000000C6
:10FA400000000000000000000000000000000000B6
:10FA500000000000000000000000000000000000A6
:10FA60000000000000000000000000000000000096
:10FA70000000000000000000000000000000000086
:10FA80000000000000000000000000000000000076
:10FA90000000000000000000000000000000000066
:10FAA0000000000000000000000000000000000056
:10FAB0000000000000000000000000000000000046
:10FAC0000000000000000000000000000000000036
:10FAD0000000000000000000000000000000000026
:10FAE0000000000000000000000000000000000016
:10FAF0000000000000000000000000000000000006
:10FB000000000000000000000000000000000000F5
:10FB100000000000000000000000000000000000E5
:10FB200000000000000000000000000000000000D5
:10FB300000000000000000000000000000000000C5
:10FB400000000000000000000000000000000000B5
:10FB500000000000000000000000000000000000A5
:10FB60000000000000000000000000000000000095
:10FB70000000000000000000000000000000000085
:10FB80000000000000000000000000000000000075
:10FB90000000000000000000000000000000000065
:10FBA0000000000000000000000000000000000055
:10FBB0000000000000000000000000000000000045
:10FBC0000000000000000000000000000000000035
:10FBD0000000000000000000000000000000000025
:10FBE0000000000000000000000000000000000015
:10FBF0000000000000000000000000000000000005
:10FC000000000000000000000000000000000000F4
:10FC100000000000000000000000000000000000E4
:10FC200000000000000000000000000000000000D4
:10FC300000000000000000000000000000000000C4
:10FC400000000000000000000000000000000000B4
:10FC500000000000000000000000000000000000A4
:10FC60000000000000000000000000000000000094
:10FC70000000000000000000000000000000000084
:10FC80000000000000000000000000000000000074
:10FC90000000000000000000000000000000000064
:10FCA0000000000000000000000000000000000054
:10FCB0000000000000000000000000000000000044
:10FCC0000000000000000000000000000000000034
:10FCD0000000000000000000000000000000000024
:10FCE0000000000000000000000000000000000014
:10FCF0000000000000000000000000000000000004
:10FD000000000000000000000000000000000000F3
:10FD100000000000000000000000000000000000E3
:10FD200000000000000000000000000000000000D3
:10FD300000000000000000000000000000000000C3
:10FD400000000000000000000000000000000000B3
:10FD500000000000000000000000000000000000A3
:10FD60000000000000000000000000000000000093
:10FD70000000000000000000000000000000000083
:10FD80000000000000000000000000000000000073
:10FD90000000000000000000000000000000000063
:10FDA0000000000000000000000000000000000053
:10FDB0000000000000000000000000000000000043
:10FDC0000000000000000000000000000000000033
:10FDD0000000000000000000000000000000000023
:10FDE0000000000000000000000000000000000013
:10FDF0000000000000000000000000000000000003
:10FE000000000000000000000000000000000000F2
:10FE100000000000000000000000000000000000E2
:10FE200000000000000000000000000000000000D2
:10FE300000000000000000000000000000000000C2
:10FE400000000000000000000000000000000000B2
:10FE500000000000000000000000000000000000A2
:10FE60000000000000000000000000000000000092
:10FE70000000000000000000000000000000000082
:10FE80000000000000000000000000000000000072
:10FE90000000000000000000000000000000000062
:10FEA0000000000000000000000000000000000052
:10FEB0000000000000000000000000000000000042
:10FEC0000000000000000000000000000000000032
:10FED0000000000000000000000000000000000022
:10FEE0000000000000000000000000000000000012
:10FEF0000000000000000000000000000000000002
:10FF000000000000000000000000000000000000F1
:10FF100000000000000000000000000000000000E1
:10FF200000000000000000000000000000000000D1
:10FF300000000000000000000000000000000000C1
:10FF400000000000000000000000000000000000B1
:10FF500000000000000000000000000000000000A1
:10FF60000000000000000000000000000000000091
:10FF70000000000000000000000000000000000081
:10FF80000000000000000000000000000000000071
:10FF90000000000000000000000000000000000061
:10FFA0000000000000000000000000000000000051
:10FFB0000000000000000000000000000000000041
:10FFC0000000000000000000000000000000000031
:10FFD0000000000000000000000000000000000021
:10FFE0000000000000000000000000000000000011
:10FFF0000000000000000000000000000000000001
:020000040C0BE3
:1000000000000000000000000000000000000000F0
:1000100000000000000000000000000000000000E0
:1000200000000000000000000000000000000000D0
:1000300000000000000000000000000000000000C0
:1000400000000000000000000000000000000000B0
:1000500000000000000000000000000000000000A0
:100060000000000000000000000000000000000090
:100070000000000000000000000000000000000080
:100080000000000000000000000000000000000070
:100090000000000000000000000000000000000060
:1000A0000000000000000000000000000000000050
:1000B0000000000000000000000000000000000040
:1000C0000000000000000000000000000000000030
:1000D0000000000000000000000000000000000020
:1000E0000000000000000000000000000000000010
:1000F0000000000000000000000000000000000000
:1001000000000000000000000000000000000000EF
:1001100000000000000000000000000000000000DF
:1001200000000000000000000000000000000000CF
:1001300000000000000000000000000000000000BF
:1001400000000000000000000000000000000000AF
:10015000000000000000000000000000000000009F
:10016000000000000000000000000000000000008F
:10017000000000000000000000000000000000007F
:10018000000000000000000000000000000000006F
:10019000000000000000000000000000000000005F
:1001A000000000000000000000000000000000004F
:1001B000000000000000000000000000000000003F
:1001C000000000000000000000000000000000002F
:1001D000000000000000000000000000000000001F
:1001E000000000000000000000000000000000000F
:1001F00000000000000000000000000000000000FF
:1002000000000000000000000000000000000000EE
:1002100000000000000000000000000000000000DE
:1002200000000000000000000000000000000000CE
:1002300000000000000000000000000000000000BE
:1002400000000000000000000000000000000000AE
:10025000000000000000000000000000000000009E
:10026000000000000000000000000000000000008E
:10027000000000000000000000000000000000007E
:10028000000000000000000000000000000000006E
:10029000000000000000000000000000000000005E
:1002A000000000000000000000000000000000004E
:1002B000000000000000000000000000000000003E
:1002C000000000000000000000000000000000002E
:1002D000000000000000000000000000000000001E
:1002E000000000000000000000000000000000000E
:1002F00000000000000000000000000000000000FE
:1003000000000000000000000000000000000000ED
:1003100000000000000000000000000000000000DD
:1003200000000000000000000000000000000000CD
:1003300000000000000000000000000000000000BD
:1003400000000000000000000000000000000000AD
:10035000000000000000000000000000000000009D
:10036000000000000000000000000000000000008D
:10037000000000000000000000000000000000007D
:10038000000000000000000000000000000000006D
:10039000000000000000000000000000000000005D
:1003A000000000000000000000000000000000004D
:1003B000000000000000000000000000000000003D
:1003C000000000000000000000000000000000002D
:1003D000000000000000000000000000000000001D
:1003E000000000000000000000000000000000000D
:1003F00000000000000000000000000000000000FD
:1004000000000000000000000000000000000000EC
:1004100000000000000000000000000000000000DC
:1004200000000000000000000000000000000000CC
:1004300000000000000000000000000000000000BC
:1004400000000000000000000000000000000000AC
:10045000000000000000000000000000000000009C
:10046000000000000000000000000000000000008C
:10047000000000000000000000000000000000007C
:10048000000000000000000000000000000000006C
:10049000000000000000000000000000000000005C
:1004A000000000000000000000000000000000004C
:1004B000000000000000000000000000000000003C
:1004C000000000000000000000000000000000002C
:1004D000000000000000000000000000000000001C
:1004E000000000000000000000000000000000000C
:1004F00000000000000000000000000000000000FC
:1005000000000000000000000000000000000000EB
:1005100000000000000000000000000000000000DB
:1005200000000000000000000000000000000000CB
:1005300000000000000000000000000000000000BB
:1005400000000000000000000000000000000000AB
:10055000000000000000000000000000000000009B
:10056000000000000000000000000000000000008B
:10057000000000000000000000000000000000007B
:10058000000000000000000000000000000000006B
:10059000000000000000000000000000000000005B
:1005A000000000000000000000000000000000004B
:1005B000000000000000000000000000000000003B
:1005C000000000000000000000000000000000002B
:1005D000000000000000000000000000000000001B
:1005E000000000000000000000000000000000000B
:1005F00000000000000000000000000000000000FB
:1006000000000000000000000000000000000000EA
:1006100000000000000000000000000000000000DA
:1006200000000000000000000000000000000000CA
:1006300000000000000000000000000000000000BA
:1006400000000000000000000000000000000000AA
:10065000000000000000000000000000000000009A
:10066000000000000000000000000000000000008A
:10067000000000000000000000000000000000007A
:10068000000000000000000000000000000000006A
:10069000000000000000000000000000000000005A
:1006A000000000000000000000000000000000004A
:1006B000000000000000000000000000000000003A
:1006C000000000000000000000000000000000002A
:1006D000000000000000000000000000000000001A
:1006E000000000000000000000000000000000000A
:1006F00000000000000000000000000000000000FA
:1007000000000000000000000000000000000000E9
:1007100000000000000000000000000000000000D9
:1007200000000000000000000000000000000000C9
:1007300000000000000000000000000000000000B9
:1007400000000000000000000000000000000000A9
:100750000000000000000000000000000000000099
:100760000000000000000000000000000000000089
:100770000000000000000000000000000000000079
:100780000000000000000000000000000000000069
:100790000000000000000000000000000000000059
:1007A0000000000000000000000000000000000049
:1007B0000000000000000000000000000000000039
:1007C0000000000000000000000000000000000029
:1007D0000000000000000000000000000000000019
:1007E0000000000000000000000000000000000009
:1007F00000000000000000000000000000000000F9
:1008000000000000000000000000000000000000E8
:1008100000000000000000000000000000000000D8
:1008200000000000000000000000000000000000C8
:1008300000000000000000000000000000000000B8
:1008400000000000000000000000000000000000A8
:100850000000000000000000000000000000000098
:100860000000000000000000000000000000000088
:100870000000000000000000000000000000000078
:100880000000000000000000000000000000000068
:100890000000000000000000000000000000000058
:1008A0000000000000000000000000000000000048
:1008B0000000000000000000000000000000000038
:1008C0000000000000000000000000000000000028
:1008D0000000000000000000000000000000000018
:1008E0000000000000000000000000000000000008
:1008F00000000000000000000000000000000000F8
:1009000000000000000000000000000000000000E7
:1009100000000000000000000000000000000000D7
:1009200000000000000000000000000000000000C7
:1009300000000000000000000000000000000000B7
:1009400000000000000000000000000000000000A7
:100950000000000000000000000000000000000097
:100960000000000000000000000000000000000087
:100970000000000000000000000000000000000077
:100980000000000000000000000000000000000067
:100990000000000000000000000000000000000057
:1009A0000000000000000000000000000000000047
:1009B0000000000000000000000000000000000037
:1009C0000000000000000000000000000000000027
:1009D0000000000000000000000000000000000017
:1009E0000000000000000000000000000000000007
:1009F00000000000000000000000000000000000F7
:100A000000000000000000000000000000000000E6
:100A100000000000000000000000000000000000D6
:100A200000000000000000000000000000000000C6
:100A300000000000000000000000000000000000B6
:100A400000000000000000000000000000000000A6
:100A50000000000000000000000000000000000096
:100A60000000000000000000000000000000000086
:100A70000000000000000000000000000000000076
:100A80000000000000000000000000000000000066
:100A90000000000000000000000000000000000056
:100AA0000000000000000000000000000000000046
:100AB0000000000000000000000000000000000036
:100AC0000000000000000000000000000000000026
:100AD0000000000000000000000000000000000016
:100AE0000000000000000000000000000000000006
:100AF00000000000000000000000000000000000F6
:100B000000000000000000000000000000000000E5
:100B100000000000000000000000000000000000D5
:100B200000000000000000000000000000000000C5
:100B300000000000000000000000000000000000B5
:100B400000000000000000000000000000000000A5
:100B50000000000000000000000000000000000095
:100B60000000000000000000000000000000000085
:100B70000000000000000000000000000000000075
:100B80000000000000000000000000000000000065
:100B90000000000000000000000000000000000055
:100BA0000000000000000000000000000000000045
:100BB0000000000000000000000000000000000035
:100BC0000000000000000000000000000000000025
:100BD0000000000000000000000000000000000015
:100BE0000000000000000000000000000000000005
:100BF00000000000000000000000000000000000F5
:100C000000000000000000000000000000000000E4
:100C100000000000000000000000000000000000D4
:100C200000000000000000000000000000000000C4
:100C300000000000000000000000000000000000B4
:100C400000000000000000000000000000000000A4
:100C50000000000000000000000000000000000094
:100C60000000000000000000000000000000000084
:100C70000000000000000000000000000000000074
:100C80000000000000000000000000000000000064
:100C90000000000000000000000000000000000054
:100CA0000000000000000000000000000000000044
:100CB0000000000000000000000000000000000034
:100CC0000000000000000000000000000000000024
:100CD0000000000000000000000000000000000014
:100CE0000000000000000000000000000000000004
:100CF00000000000000000000000000000000000F4
:100D000000000000000000000000000000000000E3
:100D100000000000000000000000000000000000D3
:100D200000000000000000000000000000000000C3
:100D300000000000000000000000000000000000B3
:100D400000000000000000000000000000000000A3
:100D50000000000000000000000000000000000093
:100D60000000000000000000000000000000000083
:100D70000000000000000000000000000000000073
:100D80000000000000000000000000000000000063
:100D90000000000000000000000000000000000053
:100DA0000000000000000000000000000000000043
:100DB0000000000000000000000000000000000033
:100DC0000000000000000000000000000000000023
:100DD0000000000000000000000000000000000013
:100DE0000000000000000000000000000000000003
:100DF00000000000000000000000000000000000F3
:100E000000000000000000000000000000000000E2
:100E100000000000000000000000000000000000D2
:100E200000000000000000000000000000000000C2
:100E300000000000000000000000000000000000B2
:100E400000000000000000000000000000000000A2
:100E50000000000000000000000000000000000092
:100E60000000000000000000000000000000000082
:100E70000000000000000000000000000000000072
:100E80000000000000000000000000000000000062
:100E90000000000000000000000000000000000052
:100EA0000000000000000000000000000000000042
:100EB0000000000000000000000000000000000032
:100EC0000000000000000000000000000000000022
:100ED0000000000000000000000000000000000012
:100EE0000000000000000000000000000000000002
:100EF00000000000000000000000000000000000F2
:100F000000000000000000000000000000000000E1
:100F100000000000000000000000000000000000D1
:100F200000000000000000000000000000000000C1
:100F300000000000000000000000000000000000B1
:100F400000000000000000000000000000000000A1
:100F50000000000000000000000000000000000091
:100F60000000000000000000000000000000000081
:100F70000000000000000000000000000000000071
:100F80000000000000000000000000000000000061
:100F90000000000000000000000000000000000051
:100FA0000000000000000000000000000000000041
:100FB0000000000000000000000000000000000031
:100FC0000000000000000000000000000000000021
:100FD0000000000000000000000000000000000011
:100FE0000000000000000000000000000000000001
:100FF00000000000000000000000000000000000F1
:1010000000000000000000000000000000000000E0
:1010100000000000000000000000000000000000D0
:1010200000000000000000000000000000000000C0
:1010300000000000000000000000000000000000B0
:1010400000000000000000000000000000000000A0
:101050000000000000000000000000000000000090
:101060000000000000000000000000000000000080
:101070000000000000000000000000000000000070
:101080000000000000000000000000000000000060
:101090000000000000000000000000000000000050
:1010A0000000000000000000000000000000000040
:1010B0000000000000000000000000000000000030
:1010C0000000000000000000000000000000000020
:1010D0000000000000000000000000000000000010
:1010E0000000000000000000000000000000000000
:1010F00000000000000000000000000000000000F0
:1011000000000000000000000000000000000000DF
:1011100000000000000000000000000000000000CF
:1011200000000000000000000000000000000000BF
:1011300000000000000000000000000000000000AF
:10114000000000000000000000000000000000009F
:10115000000000000000000000000000000000008F
:10116000000000000000000000000000000000007F
:10117000000000000000000000000000000000006F
:10118000000000000000000000000000000000005F
:10119000000000000000000000000000000000004F
:1011A000000000000000000000000000000000003F
:1011B000000000000000000000000000000000002F
:1011C000000000000000000000000000000000001F
:1011D000000000000000000000000000000000000F
:1011E00000000000000000000000000000000000FF
:1011F00000000000000000000000000000000000EF
:1012000000000000000000000000000000000000DE
:1012100000000000000000000000000000000000CE
:1012200000000000000000000000000000000000BE
:1012300000000000000000000000000000000000AE
:10124000000000000000000000000000000000009E
:10125000000000000000000000000000000000008E
:10126000000000000000000000000000000000007E
:10127000000000000000000000000000000000006E
:10128000000000000000000000000000000000005E
:10129000000000000000000000000000000000004E
:1012A000000000000000000000000000000000003E
:1012B000000000000000000000000000000000002E
:1012C000000000000000000000000000000000001E
:1012D000000000000000000000000000000000000E
:1012E00000000000000000000000000000000000FE
:1012F00000000000000000000000000000000000EE
:1013000000000000000000000000000000000000DD
:1013100000000000000000000000000000000000CD
:1013200000000000000000000000000000000000BD
:1013300000000000000000000000000000000000AD
:10134000000000000000000000000000000000009D
:10135000000000000000000000000000000000008D
:10136000000000000000000000000000000000007D
:10137000000000000000000000000000000000006D
:10138000000000000000000000000000000000005D
:10139000000000000000000000000000000000004D
:1013A000000000000000000000000000000000003D
:1013B000000000000000000000000000000000002D
:1013C000000000000000000000000000000000001D
:1013D000000000000000000000000000000000000D
:1013E00000000000000000000000000000000000FD
:1013F00000000000000000000000000000000000ED
:1014000000000000000000000000000000000000DC
:1014100000000000000000000000000000000000CC
:1014200000000000000000000000000000000000BC
:1014300000000000000000000000000000000000AC
:10144000000000000000000000000000000000009C
:10145000000000000000000000000000000000008C
:10146000000000000000000000000000000000007C
:10147000000000000000000000000000000000006C
:10148000000000000000000000000000000000005C
:10149000000000000000000000000000000000004C
:1014A000000000000000000000000000000000003C
:1014B000000000000000000000000000000000002C
:1014C000000000000000000000000000000000001C
:1014D000000000000000000000000000000000000C
:1014E00000000000000000000000000000000000FC
:1014F00000000000000000000000000000000000EC
:1015000000000000000000000000000000000000DB
:1015100000000000000000000000000000000000CB
:1015200000000000000000000000000000000000BB
:1015300000000000000000000000000000000000AB
:10154000000000000000000000000000000000009B
:10155000000000000000000000000000000000008B
:10156000000000000000000000000000000000007B
:10157000000000000000000000000000000000006B
:10158000000000000000000000000000000000005B
:10159000000000000000000000000000000000004B
:1015A000000000000000000000000000000000003B
:1015B000000000000000000000000000000000002B
:1015C000000000000000000000000000000000001B
:1015D000000000000000000000000000000000000B
:1015E00000000000000000000000000000000000FB
:1015F00000000000000000000000000000000000EB
:1016000000000000000000000000000000000000DA
:1016100000000000000000000000000000000000CA
:1016200000000000000000000000000000000000BA
:1016300000000000000000000000000000000000AA
:10164000000000000000000000000000000000009A
:10165000000000000000000000000000000000008A
:10166000000000000000000000000000000000007A
:10167000000000000000000000000000000000006A
:10168000000000000000000000000000000000005A
:10169000000000000000000000000000000000004A
:1016A000000000000000000000000000000000003A
:1016B000000000000000000000000000000000002A
:1016C000000000000000000000000000000000001A
:1016D000000000000000000000000000000000000A
:1016E00000000000000000000000000000000000FA
:1016F00000000000000000000000000000000000EA
:1017000000000000000000000000000000000000D9
:1017100000000000000000000000000000000000C9
:1017200000000000000000000000000000000000B9
:1017300000000000000000000000000000000000A9
:101740000000000000000000000000000000000099
:101750000000000000000000000000000000000089
:101760000000000000000000000000000000000079
:101770000000000000000000000000000000000069
:101780000000000000000000000000000000000059
:101790000000000000000000000000000000000049
:1017A0000000000000000000000000000000000039
:1017B0000000000000000000000000000000000029
:1017C0000000000000000000000000000000000019
:1017D0000000000000000000000000000000000009
:1017E00000000000000000000000000000000000F9
:1017F00000000000000000000000000000000000E9
:1018000000000000000000000000000000000000D8
:1018100000000000000000000000000000000000C8
:1018200000000000000000000000000000000000B8
:1018300000000000000000000000000000000000A8
:101840000000000000000000000000000000000098
:101850000000000000000000000000000000000088
:101860000000000000000000000000000000000078
:101870000000000000000000000000000000000068
:101880000000000000000000000000000000000058
:101890000000000000000000000000000000000048
:1018A0000000000000000000000000000000000038
:1018B0000000000000000000000000000000000028
:1018C0000000000000000000000000000000000018
:1018D0000000000000000000000000000000000008
:1018E00000000000000000000000000000000000F8
:1018F00000000000000000000000000000000000E8
:1019000000000000000000000000000000000000D7
:1019100000000000000000000000000000000000C7
:1019200000000000000000000000000000000000B7
:1019300000000000000000000000000000000000A7
:101940000000000000000000000000000000000097
:101950000000000000000000000000000000000087
:101960000000000000000000000000000000000077
:101970000000000000000000000000000000000067
:101980000000000000000000000000000000000057
:101990000000000000000000000000000000000047
:1019A0000000000000000000000000000000000037
:1019B0000000000000000000000000000000000027
:1019C0000000000000000000000000000000000017
:1019D0000000000000000000000000000000000007
:1019E00000000000000000000000000000000000F7
:1019F00000000000000000000000000000000000E7
:101A000000000000000000000000000000000000D6
:101A100000000000000000000000000000000000C6
:101A200000000000000000000000000000000000B6
:101A300000000000000000000000000000000000A6
:101A40000000000000000000000000000000000096
:101A50000000000000000000000000000000000086
:101A60000000000000000000000000000000000076
:101A70000000000000000000000000000000000066
:101A80000000000000000000000000000000000056
:101A90000000000000000000000000000000000046
:101AA0000000000000000000000000000000000036
:101AB0000000000000000000000000000000000026
:101AC0000000000000000000000000000000000016
:101AD0000000000000000000000000000000000006
:101AE00000000000000000000000000000000000F6
:101AF00000000000000000000000000000000000E6
:101B000000000000000000000000000000000000D5
:101B100000000000000000000000000000000000C5
:101B200000000000000000000000000000000000B5
:101B300000000000000000000000000000000000A5
:101B40000000000000000000000000000000000095
:101B50000000000000000000000000000000000085
:101B60000000000000000000000000000000000075
:101B70000000000000000000000000000000000065
:101B80000000000000000000000000000000000055
:101B90000000000000000000000000000000000045
:101BA0000000000000000000000000000000000035
:101BB0000000000000000000000000000000000025
:101BC0000000000000000000000000000000000015
:101BD0000000000000000000000000000000000005
:101BE00000000000000000000000000000000000F5
:101BF00000000000000000000000000000000000E5
:101C000000000000000000000000000000000000D4
:101C100000000000000000000000000000000000C4
:101C200000000000000000000000000000000000B4
:101C300000000000000000000000000000000000A4
:101C40000000000000000000000000000000000094
:101C50000000000000000000000000000000000084
:101C60000000000000000000000000000000000074
:101C70000000000000000000000000000000000064
:101C80000000000000000000000000000000000054
:101C90000000000000000000000000000000000044
:101CA0000000000000000000000000000000000034
:101CB0000000000000000000000000000000000024
:101CC0000000000000000000000000000000000014
:101CD0000000000000000000000000000000000004
:101CE00000000000000000000000000000000000F4
:101CF00000000000000000000000000000000000E4
:101D000000000000000000000000000000000000D3
:101D100000000000000000000000000000000000C3
:101D200000000000000000000000000000000000B3
:101D300000000000000000000000000000000000A3
:101D40000000000000000000000000000000000093
:101D50000000000000000000000000000000000083
:101D60000000000000000000000000000000000073
:101D70000000000000000000000000000000000063
:101D80000000000000000000000000000000000053
:101D90000000000000000000000000000000000043
:101DA0000000000000000000000000000000000033
:101DB0000000000000000000000000000000000023
:101DC0000000000000000000000000000000000013
:101DD0000000000000000000000000000000000003
:101DE00000000000000000000000000000000000F3
:101DF00000000000000000000000000000000000E3
:101E000000000000000000000000000000000000D2
:101E100000000000000000000000000000000000C2
:101E200000000000000000000000000000000000B2
:101E300000000000000000000000000000000000A2
:101E40000000000000000000000000000000000092
:101E50000000000000000000000000000000000082
:101E60000000000000000000000000000000000072
:101E70000000000000000000000000000000000062
:101E80000000000000000000000000000000000052
:101E90000000000000000000000000000000000042
:101EA0000000000000000000000000000000000032
:101EB0000000000000000000000000000000000022
:101EC0000000000000000000000000000000000012
:101ED0000000000000000000000000000000000002
:101EE00000000000000000000000000000000000F2
:101EF00000000000000000000000000000000000E2
:101F000000000000000000000000000000000000D1
:101F100000000000000000000000000000000000C1
:101F200000000000000000000000000000000000B1
:101F300000000000000000000000000000000000A1
:101F40000000000000000000000000000000000091
:101F50000000000000000000000000000000000081
:101F60000000000000000000000000000000000071
:101F70000000000000000000000000000000000061
:101F80000000000000000000000000000000000051
:101F90000000000000000000000000000000000041
:101FA0000000000000000000000000000000000031
:101FB0000000000000000000000000000000000021
:101FC0000000000000000000000000000000000011
:101FD0000000000000000000000000000000000001
:101FE00000000000000000000000000000000000F1
:101FF00000000000000000000000000000000000E1
:1020000000000000000000000000000000000000D0
:1020100000000000000000000000000000000000C0
:1020200000000000000000000000000000000000B0
:1020300000000000000000000000000000000000A0
:102040000000000000000000000000000000000090
:102050000000000000000000000000000000000080
:102060000000000000000000000000000000000070
:102070000000000000000000000000000000000060
:102080000000000000000000000000000000000050
:102090000000000000000000000000000000000040
:1020A0000000000000000000000000000000000030
:1020B0000000000000000000000000000000000020
:1020C0000000000000000000000000000000000010
:1020D0000000000000000000000000000000000000
:1020E00000000000000000000000000000000000F0
:1020F00000000000000000000000000000000000E0
:1021000000000000000000000000000000000000CF
:1021100000000000000000000000000000000000BF
:1021200000000000000000000000000000000000AF
:10213000000000000000000000000000000000009F
:10214000000000000000000000000000000000008F
:10215000000000000000000000000000000000007F
:10216000000000000000000000000000000000006F
:10217000000000000000000000000000000000005F
:10218000000000000000000000000000000000004F
:10219000000000000000000000000000000000003F
:1021A000000000000000000000000000000000002F
:1021B000000000000000000000000000000000001F
:1021C000000000000000000000000000000000000F
:1021D00000000000000000000000000000000000FF
:1021E00000000000000000000000000000000000EF
:1021F00000000000000000000000000000000000DF
:1022000000000000000000000000000000000000CE
:1022100000000000000000000000000000000000BE
:1022200000000000000000000000000000000000AE
:10223000000000000000000000000000000000009E
:10224000000000000000000000000000000000008E
:10225000000000000000000000000000000000007E
:10226000000000000000000000000000000000006E
:10227000000000000000000000000000000000005E
:10228000000000000000000000000000000000004E
:10229000000000000000000000000000000000003E
:1022A000000000000000000000000000000000002E
:1022B000000000000000000000000000000000001E
:1022C000000000000000000000000000000000000E
:1022D00000000000000000000000000000000000FE
:1022E00000000000000000000000000000000000EE
:1022F00000000000000000000000000000000000DE
:1023000000000000000000000000000000000000CD
:1023100000000000000000000000000000000000BD
:1023200000000000000000000000000000000000AD
:10233000000000000000000000000000000000009D
:10234000000000000000000000000000000000008D
:10235000000000000000000000000000000000007D
:10236000000000000000000000000000000000006D
:10237000000000000000000000000000000000005D
:10238000000000000000000000000000000000004D
:10239000000000000000000000000000000000003D
:1023A000000000000000000000000000000000002D
:1023B000000000000000000000000000000000001D
:1023C000000000000000000000000000000000000D
:1023D00000000000000000000000000000000000FD
:1023E00000000000000000000000000000000000ED
:1023F00000000000000000000000000000000000DD
:1024000000000000000000000000000000000000CC
:1024100000000000000000000000000000000000BC
:1024200000000000000000000000000000000000AC
:10243000000000000000000000000000000000009C
:10244000000000000000000000000000000000008C
:10245000000000000000000000000000000000007C
:10246000000000000000000000000000000000006C
:10247000000000000000000000000000000000005C
:10248000000000000000000000000000000000004C
:10249000000000000000000000000000000000003C
:1024A000000000000000000000000000000000002C
:1024B000000000000000000000000000000000001C
:1024C000000000000000000000000000000000000C
:1024D00000000000000000000000000000000000FC
:1024E00000000000000000000000000000000000EC
:1024F00000000000000000000000000000000000DC
:1025000000000000000000000000000000000000CB
:1025100000000000000000000000000000000000BB
:1025200000000000000000000000000000000000AB
:10253000000000000000000000000000000000009B
:10254000000000000000000000000000000000008B
:10255000000000000000000000000000000000007B
:10256000000000000000000000000000000000006B
:10257000000000000000000000000000000000005B
:10258000000000000000000000000000000000004B
:10259000000000000000000000000000000000003B
:1025A000000000000000000000000000000000002B
:1025B000000000000000000000000000000000001B
:1025C000000000000000000000000000000000000B
:1025D00000000000000000000000000000000000FB
:1025E00000000000000000000000000000000000EB
:1025F00000000000000000000000000000000000DB
:1026000000000000000000000000000000000000CA
:1026100000000000000000000000000000000000BA
:1026200000000000000000000000000000000000AA
:10263000000000000000000000000000000000009A
:10264000000000000000000000000000000000008A
:10265000000000000000000000000000000000007A
:10266000000000000000000000000000000000006A
:10267000000000000000000000000000000000005A
:10268000000000000000000000000000000000004A
:10269000000000000000000000000000000000003A
:1026A000000000000000000000000000000000002A
:1026B000000000000000000000000000000000001A
:1026C000000000000000000000000000000000000A
:1026D00000000000000000000000000000000000FA
:1026E00000000000000000000000000000000000EA
:1026F00000000000000000000000000000000000DA
:1027000000000000000000000000000000000000C9
:1027100000000000000000000000000000000000B9
:1027200000000000000000000000000000000000A9
:102730000000000000000000000000000000000099
:102740000000000000000000000000000000000089
:102750000000000000000000000000000000000079
:102760000000000000000000000000000000000069
:102770000000000000000000000000000000000059
:102780000000000000000000000000000000000049
:102790000000000000000000000000000000000039
:1027A0000000000000000000000000000000000029
:1027B0000000000000000000000000000000000019
:1027C0000000000000000000000000000000000009
:1027D00000000000000000000000000000000000F9
:1027E00000000000000000000000000000000000E9
:1027F00000000000000000000000000000000000D9
:1028000000000000000000000000000000000000C8
:1028100000000000000000000000000000000000B8
:1028200000000000000000000000000000000000A8
:102830000000000000000000000000000000000098
:102840000000000000000000000000000000000088
:102850000000000000000000000000000000000078
:102860000000000000000000000000000000000068
:102870000000000000000000000000000000000058
:102880000000000000000000000000000000000048
:102890000000000000000000000000000000000038
:1028A0000000000000000000000000000000000028
:1028B0000000000000000000000000000000000018
:1028C0000000000000000000000000000000000008
:1028D00000000000000000000000000000000000F8
:1028E00000000000000000000000000000000000E8
:1028F00000000000000000000000000000000000D8
:1029000000000000000000000000000000000000C7
:1029100000000000000000000000000000000000B7
:1029200000000000000000000000000000000000A7
:102930000000000000000000000000000000000097
:102940000000000000000000000000000000000087
:102950000000000000000000000000000000000077
:102960000000000000000000000000000000000067
:102970000000000000000000000000000000000057
:102980000000000000000000000000000000000047
:102990000000000000000000000000000000000037
:1029A0000000000000000000000000000000000027
:1029B0000000000000000000000000000000000017
:1029C0000000000000000000000000000000000007
:1029D00000000000000000000000000000000000F7
:1029E00000000000000000000000000000000000E7
:1029F00000000000000000000000000000000000D7
:102A000000000000000000000000000000000000C6
:102A100000000000000000000000000000000000B6
:102A200000000000000000000000000000000000A6
:102A30000000000000000000000000000000000096
:102A40000000000000000000000000000000000086
:102A50000000000000000000000000000000000076
:102A60000000000000000000000000000000000066
:102A70000000000000000000000000000000000056
:102A80000000000000000000000000000000000046
:102A90000000000000000000000000000000000036
:102AA0000000000000000000000000000000000026
:102AB0000000000000000000000000000000000016
:102AC0000000000000000000000000000000000006
:102AD00000000000000000000000000000000000F6
:102AE00000000000000000000000000000000000E6
:102AF00000000000000000000000000000000000D6
:102B000000000000000000000000000000000000C5
:102B100000000000000000000000000000000000B5
:102B200000000000000000000000000000000000A5
:102B30000000000000000000000000000000000095
:102B40000000000000000000000000000000000085
:102B50000000000000000000000000000000000075
:102B60000000000000000000000000000000000065
:102B70000000000000000000000000000000000055
:102B80000000000000000000000000000000000045
:102B90000000000000000000000000000000000035
:102BA0000000000000000000000000000000000025
:102BB0000000000000000000000000000000000015
:102BC0000000000000000000000000000000000005
:102BD00000000000000000000000000000000000F5
:102BE00000000000000000000000000000000000E5
:102BF00000000000000000000000000000000000D5
:102C000000000000000000000000000000000000C4
:102C100000000000000000000000000000000000B4
:102C200000000000000000000000000000000000A4
:102C30000000000000000000000000000000000094
:102C40000000000000000000000000000000000084
:102C50000000000000000000000000000000000074
:102C60000000000000000000000000000000000064
:102C70000000000000000000000000000000000054
:102C80000000000000000000000000000000000044
:102C90000000000000000000000000000000000034
:102CA0000000000000000000000000000000000024
:102CB0000000000000000000000000000000000014
:102CC0000000000000000000000000000000000004
:102CD00000000000000000000000000000000000F4
:102CE00000000000000000000000000000000000E4
:102CF00000000000000000000000000000000000D4
:102D000000000000000000000000000000000000C3
:102D100000000000000000000000000000000000B3
:102D200000000000000000000000000000000000A3
:102D30000000000000000000000000000000000093
:102D40000000000000000000000000000000000083
:102D50000000000000000000000000000000000073
:102D60000000000000000000000000000000000063
:102D70000000000000000000000000000000000053
:102D80000000000000000000000000000000000043
:102D90000000000000000000000000000000000033
:102DA0000000000000000000000000000000000023
:102DB0000000000000000000000000000000000013
:102DC0000000000000000000000000000000000003
:102DD00000000000000000000000000000000000F3
:102DE00000000000000000000000000000000000E3
:102DF00000000000000000000000000000000000D3
:102E000000000000000000000000000000000000C2
:102E100000000000000000000000000000000000B2
:102E200000000000000000000000000000000000A2
:102E30000000000000000000000000000000000092
:102E40000000000000000000000000000000000082
:102E50000000000000000000000000000000000072
:102E60000000000000000000000000000000000062
:102E70000000000000000000000000000000000052
:102E80000000000000000000000000000000000042
:102E90000000000000000000000000000000000032
:102EA0000000000000000000000000000000000022
:102EB0000000000000000000000000000000000012
:102EC0000000000000000000000000000000000002
:102ED00000000000000000000000000000000000F2
:102EE00000000000000000000000000000000000E2
:102EF00000000000000000000000000000000000D2
:102F000000000000000000000000000000000000C1
:102F100000000000000000000000000000000000B1
:102F200000000000000000000000000000000000A1
:102F30000000000000000000000000000000000091
:102F40000000000000000000000000000000000081
:102F50000000000000000000000000000000000071
:102F60000000000000000000000000000000000061
:102F70000000000000000000000000000000000051
:102F80000000000000000000000000000000000041
:102F90000000000000000000000000000000000031
:102FA0000000000000000000000000000000000021
:102FB0000000000000000000000000000000000011
:102FC0000000000000000000000000000000000001
:102FD00000000000000000000000000000000000F1
:102FE00000000000000000000000000000000000E1
:102FF00000000000000000000000000000000000D1
:1030000000000000000000000000000000000000C0
:1030100000000000000000000000000000000000B0
:1030200000000000000000000000000000000000A0
:103030000000000000000000000000000000000090
:103040000000000000000000000000000000000080
:103050000000000000000000000000000000000070
:103060000000000000000000000000000000000060
:103070000000000000000000000000000000000050
:103080000000000000000000000000000000000040
:103090000000000000000000000000000000000030
:1030A0000000000000000000000000000000000020
:1030B0000000000000000000000000000000000010
:1030C0000000000000000000000000000000000000
:1030D00000000000000000000000000000000000F0
:1030E00000000000000000000000000000000000E0
:1030F00000000000000000000000000000000000D0
:1031000000000000000000000000000000000000BF
:1031100000000000000000000000000000000000AF
:10312000000000000000000000000000000000009F
:10313000000000000000000000000000000000008F
:10314000000000000000000000000000000000007F
:10315000000000000000000000000000000000006F
:10316000000000000000000000000000000000005F
:10317000000000000000000000000000000000004F
:10318000000000000000000000000000000000003F
:10319000000000000000000000000000000000002F
:1031A000000000000000000000000000000000001F
:1031B000000000000000000000000000000000000F
:1031C00000000000000000000000000000000000FF
:1031D00000000000000000000000000000000000EF
:1031E00000000000000000000000000000000000DF
:1031F00000000000000000000000000000000000CF
:1032000000000000000000000000000000000000BE
:1032100000000000000000000000000000000000AE
:10322000000000000000000000000000000000009E
:10323000000000000000000000000000000000008E
:10324000000000000000000000000000000000007E
:10325000000000000000000000000000000000006E
:10326000000000000000000000000000000000005E
:10327000000000000000000000000000000000004E
:10328000000000000000000000000000000000003E
:10329000000000000000000000000000000000002E
:1032A000000000000000000000000000000000001E
:1032B000000000000000000000000000000000000E
:1032C00000000000000000000000000000000000FE
:1032D00000000000000000000000000000000000EE
:1032E00000000000000000000000000000000000DE
:1032F00000000000000000000000000000000000CE
:1033000000000000000000000000000000000000BD
:1033100000000000000000000000000000000000AD
:10332000000000000000000000000000000000009D
:10333000000000000000000000000000000000008D
:10334000000000000000000000000000000000007D
:10335000000000000000000000000000000000006D
:10336000000000000000000000000000000000005D
:10337000000000000000000000000000000000004D
:10338000000000000000000000000000000000003D
:10339000000000000000000000000000000000002D
:1033A000000000000000000000000000000000001D
:1033B000000000000000000000000000000000000D
:1033C00000000000000000000000000000000000FD
:1033D00000000000000000000000000000000000ED
:1033E00000000000000000000000000000000000DD
:1033F00000000000000000000000000000000000CD
:1034000000000000000000000000000000000000BC
:1034100000000000000000000000000000000000AC
:10342000000000000000000000000000000000009C
:10343000000000000000000000000000000000008C
:10344000000000000000000000000000000000007C
:10345000000000000000000000000000000000006C
:10346000000000000000000000000000000000005C
:10347000000000000000000000000000000000004C
:10348000000000000000000000000000000000003C
:10349000000000000000000000000000000000002C
:1034A000000000000000000000000000000000001C
:1034B000000000000000000000000000000000000C
:1034C00000000000000000000000000000000000FC
:1034D00000000000000000000000000000000000EC
:1034E00000000000000000000000000000000000DC
:1034F00000000000000000000000000000000000CC
:1035000000000000000000000000000000000000BB
:1035100000000000000000000000000000000000AB
:10352000000000000000000000000000000000009B
:10353000000000000000000000000000000000008B
:10354000000000000000000000000000000000007B
:10355000000000000000000000000000000000006B
:10356000000000000000000000000000000000005B
:10357000000000000000000000000000000000004B
:10358000000000000000000000000000000000003B
:10359000000000000000000000000000000000002B
:1035A000000000000000000000000000000000001B
:1035B000000000000000000000000000000000000B
:1035C00000000000000000000000000000000000FB
:1035D00000000000000000000000000000000000EB
:1035E00000000000000000000000000000000000DB
:1035F00000000000000000000000000000000000CB
:1036000000000000000000000000000000000000BA
:1036100000000000000000000000000000000000AA
:10362000000000000000000000000000000000009A
:10363000000000000000000000000000000000008A
:10364000000000000000000000000000000000007A
:10365000000000000000000000000000000000006A
:10366000000000000000000000000000000000005A
:10367000000000000000000000000000000000004A
:10368000000000000000000000000000000000003A
:10369000000000000000000000000000000000002A
:1036A000000000000000000000000000000000001A
:1036B000000000000000000000000000000000000A
:1036C00000000000000000000000000000000000FA
:1036D00000000000000000000000000000000000EA
:1036E00000000000000000000000000000000000DA
:1036F00000000000000000000000000000000000CA
:1037000000000000000000000000000000000000B9
:1037100000000000000000000000000000000000A9
:103720000000000000000000000000000000000099
:103730000000000000000000000000000000000089
:103740000000000000000000000000000000000079
:103750000000000000000000000000000000000069
:103760000000000000000000000000000000000059
:103770000000000000000000000000000000000049
:103780000000000000000000000000000000000039
:103790000000000000000000000000000000000029
:1037A0000000000000000000000000000000000019
:1037B0000000000000000000000000000000000009
:1037C00000000000000000000000000000000000F9
:1037D00000000000000000000000000000000000E9
:1037E00000000000000000000000000000000000D9
:1037F00000000000000000000000000000000000C9
:1038000000000000000000000000000000000000B8
:1038100000000000000000000000000000000000A8
:103820000000000000000000000000000000000098
:103830000000000000000000000000000000000088
:103840000000000000000000000000000000000078
:103850000000000000000000000000000000000068
:103860000000000000000000000000000000000058
:103870000000000000000000000000000000000048
:103880000000000000000000000000000000000038
:103890000000000000000000000000000000000028
:1038A0000000000000000000000000000000000018
:1038B0000000000000000000000000000000000008
:1038C00000000000000000000000000000000000F8
:1038D00000000000000000000000000000000000E8
:1038E00000000000000000000000000000000000D8
:1038F00000000000000000000000000000000000C8
:1039000000000000000000000000000000000000B7
:1039100000000000000000000000000000000000A7
:103920000000000000000000000000000000000097
:103930000000000000000000000000000000000087
:103940000000000000000000000000000000000077
:103950000000000000000000000000000000000067
:103960000000000000000000000000000000000057
:103970000000000000000000000000000000000047
:103980000000000000000000000000000000000037
:103990000000000000000000000000000000000027
:1039A0000000000000000000000000000000000017
:1039B0000000000000000000000000000000000007
:1039C00000000000000000000000000000000000F7
:1039D00000000000000000000000000000000000E7
:1039E00000000000000000000000000000000000D7
:1039F00000000000000000000000000000000000C7
:103A000000000000000000000000000000000000B6
:103A100000000000000000000000000000000000A6
:103A20000000000000000000000000000000000096
:103A30000000000000000000000000000000000086
:103A40000000000000000000000000000000000076
:103A50000000000000000000000000000000000066
:103A60000000000000000000000000000000000056
:103A70000000000000000000000000000000000046
:103A80000000000000000000000000000000000036
:103A90000000000000000000000000000000000026
:103AA0000000000000000000000000000000000016
:103AB0000000000000000000000000000000000006
:103AC00000000000000000000000000000000000F6
:103AD00000000000000000000000000000000000E6
:103AE00000000000000000000000000000000000D6
:103AF00000000000000000000000000000000000C6
:103B000000000000000000000000000000000000B5
:103B100000000000000000000000000000000000A5
:103B20000000000000000000000000000000000095
:103B30000000000000000000000000000000000085
:103B40000000000000000000000000000000000075
:103B50000000000000000000000000000000000065
:103B60000000000000000000000000000000000055
:103B70000000000000000000000000000000000045
:103B80000000000000000000000000000000000035
:103B90000000000000000000000000000000000025
:103BA0000000000000000000000000000000000015
:103BB0000000000000000000000000000000000005
:103BC00000000000000000000000000000000000F5
:103BD00000000000000000000000000000000000E5
:103BE00000000000000000000000000000000000D5
:103BF00000000000000000000000000000000000C5
:103C000000000000000000000000000000000000B4
:103C100000000000000000000000000000000000A4
:103C20000000000000000000000000000000000094
:103C30000000000000000000000000000000000084
:103C40000000000000000000000000000000000074
:103C50000000000000000000000000000000000064
:103C60000000000000000000000000000000000054
:103C70000000000000000000000000000000000044
:103C80000000000000000000000000000000000034
:103C90000000000000000000000000000000000024
:103CA0000000000000000000000000000000000014
:103CB0000000000000000000000000000000000004
:103CC00000000000000000000000000000000000F4
:103CD00000000000000000000000000000000000E4
:103CE00000000000000000000000000000000000D4
:103CF00000000000000000000000000000000000C4
:103D000000000000000000000000000000000000B3
:103D100000000000000000000000000000000000A3
:103D20000000000000000000000000000000000093
:103D30000000000000000000000000000000000083
:103D40000000000000000000000000000000000073
:103D50000000000000000000000000000000000063
:103D60000000000000000000000000000000000053
:103D70000000000000000000000000000000000043
:103D80000000000000000000000000000000000033
:103D90000000000000000000000000000000000023
:103DA0000000000000000000000000000000000013
:103DB0000000000000000000000000000000000003
:103DC00000000000000000000000000000000000F3
:103DD00000000000000000000000000000000000E3
:103DE00000000000000000000000000000000000D3
:103DF00000000000000000000000000000000000C3
:103E000000000000000000000000000000000000B2
:103E100000000000000000000000000000000000A2
:103E20000000000000000000000000000000000092
:103E30000000000000000000000000000000000082
:103E40000000000000000000000000000000000072
:103E50000000000000000000000000000000000062
:103E60000000000000000000000000000000000052
:103E70000000000000000000000000000000000042
:103E80000000000000000000000000000000000032
:103E90000000000000000000000000000000000022
:103EA0000000000000000000000000000000000012
:103EB0000000000000000000000000000000000002
:103EC00000000000000000000000000000000000F2
:103ED00000000000000000000000000000000000E2
:103EE00000000000000000000000000000000000D2
:103EF00000000000000000000000000000000000C2
:103F000000000000000000000000000000000000B1
:103F100000000000000000000000000000000000A1
:103F20000000000000000000000000000000000091
:103F30000000000000000000000000000000000081
:103F40000000000000000000000000000000000071
:103F50000000000000000000000000000000000061
:103F60000000000000000000000000000000000051
:103F70000000000000000000000000000000000041
:103F80000000000000000000000000000000000031
:103F90000000000000000000000000000000000021
:103FA0000000000000000000000000000000000011
:103FB0000000000000000000000000000000000001
:103FC00000000000000000000000000000000000F1
:103FD00000000000000000000000000000000000E1
:103FE00000000000000000000000000000000000D1
:103FF00000000000000000000000000000000000C1
:1040000000000000000000000000000000000000B0
:1040100000000000000000000000000000000000A0
:104020000000000000000000000000000000000090
:104030000000000000000000000000000000000080
:104040000000000000000000000000000000000070
:104050000000000000000000000000000000000060
:104060000000000000000000000000000000000050
:104070000000000000000000000000000000000040
:104080000000000000000000000000000000000030
:104090000000000000000000000000000000000020
:1040A0000000000000000000000000000000000010
:1040B0000000000000000000000000000000000000
:1040C00000000000000000000000000000000000F0
:1040D00000000000000000000000000000000000E0
:1040E00000000000000000000000000000000000D0
:1040F00000000000000000000000000000000000C0
:1041000000000000000000000000000000000000AF
:10411000000000000000000000000000000000009F
:10412000000000000000000000000000000000008F
:10413000000000000000000000000000000000007F
:10414000000000000000000000000000000000006F
:10415000000000000000000000000000000000005F
:10416000000000000000000000000000000000004F
:10417000000000000000000000000000000000003F
:10418000000000000000000000000000000000002F
:10419000000000000000000000000000000000001F
:1041A000000000000000000000000000000000000F
:1041B00000000000000000000000000000000000FF
:1041C00000000000000000000000000000000000EF
:1041D00000000000000000000000000000000000DF
:1041E00000000000000000000000000000000000CF
:1041F00000000000000000000000000000000000BF
:1042000000000000000000000000000000000000AE
:10421000000000000000000000000000000000009E
:10422000000000000000000000000000000000008E
:10423000000000000000000000000000000000007E
:10424000000000000000000000000000000000006E
:10425000000000000000000000000000000000005E
:10426000000000000000000000000000000000004E
:10427000000000000000000000000000000000003E
:10428000000000000000000000000000000000002E
:10429000000000000000000000000000000000001E
:1042A000000000000000000000000000000000000E
:1042B00000000000000000000000000000000000FE
:1042C00000000000000000000000000000000000EE
:1042D00000000000000000000000000000000000DE
:1042E00000000000000000000000000000000000CE
:1042F00000000000000000000000000000000000BE
:1043000000000000000000000000000000000000AD
:10431000000000000000000000000000000000009D
:10432000000000000000000000000000000000008D
:10433000000000000000000000000000000000007D
:10434000000000000000000000000000000000006D
:10435000000000000000000000000000000000005D
:10436000000000000000000000000000000000004D
:10437000000000000000000000000000000000003D
:10438000000000000000000000000000000000002D
:10439000000000000000000000000000000000001D
:1043A000000000000000000000000000000000000D
:1043B00000000000000000000000000000000000FD
:1043C00000000000000000000000000000000000ED
:1043D00000000000000000000000000000000000DD
:1043E00000000000000000000000000000000000CD
:1043F00000000000000000000000000000000000BD
:1044000000000000000000000000000000000000AC
:10441000000000000000000000000000000000009C
:10442000000000000000000000000000000000008C
:10443000000000000000000000000000000000007C
:10444000000000000000000000000000000000006C
:10445000000000000000000000000000000000005C
:10446000000000000000000000000000000000004C
:10447000000000000000000000000000000000003C
:10448000000000000000000000000000000000002C
:10449000000000000000000000000000000000001C
:1044A000000000000000000000000000000000000C
:1044B00000000000000000000000000000000000FC
:1044C00000000000000000000000000000000000EC
:1044D00000000000000000000000000000000000DC
:1044E00000000000000000000000000000000000CC
:1044F00000000000000000000000000000000000BC
:1045000000000000000000000000000000000000AB
:10451000000000000000000000000000000000009B
:10452000000000000000000000000000000000008B
:10453000000000000000000000000000000000007B
:10454000000000000000000000000000000000006B
:10455000000000000000000000000000000000005B
:10456000000000000000000000000000000000004B
:10457000000000000000000000000000000000003B
:10458000000000000000000000000000000000002B
:10459000000000000000000000000000000000001B
:1045A000000000000000000000000000000000000B
:1045B00000000000000000000000000000000000FB
:1045C00000000000000000000000000000000000EB
:1045D00000000000000000000000000000000000DB
:1045E00000000000000000000000000000000000CB
:1045F00000000000000000000000000000000000BB
:1046000000000000000000000000000000000000AA
:10461000000000000000000000000000000000009A
:10462000000000000000000000000000000000008A
:10463000000000000000000000000000000000007A
:10464000000000000000000000000000000000006A
:10465000000000000000000000000000000000005A
:10466000000000000000000000000000000000004A
:10467000000000000000000000000000000000003A
:10468000000000000000000000000000000000002A
:10469000000000000000000000000000000000001A
:1046A000000000000000000000000000000000000A
:1046B00000000000000000000000000000000000FA
:1046C00000000000000000000000000000000000EA
:1046D00000000000000000000000000000000000DA
:1046E00000000000000000000000000000000000CA
:1046F00000000000000000000000000000000000BA
:1047000000000000000000000000000000000000A9
:104710000000000000000000000000000000000099
:104720000000000000000000000000000000000089
:104730000000000000000000000000000000000079
:104740000000000000000000000000000000000069
:104750000000000000000000000000000000000059
:104760000000000000000000000000000000000049
:104770000000000000000000000000000000000039
:104780000000000000000000000000000000000029
:104790000000000000000000000000000000000019
:1047A0000000000000000000000000000000000009
:1047B00000000000000000000000000000000000F9
:1047C00000000000000000000000000000000000E9
:1047D00000000000000000000000000000000000D9
:1047E00000000000000000000000000000000000C9
:1047F00000000000000000000000000000000000B9
:1048000000000000000000000000000000000000A8
:104810000000000000000000000000000000000098
:104820000000000000000000000000000000000088
:104830000000000000000000000000000000000078
:104840000000000000000000000000000000000068
:104850000000000000000000000000000000000058
:104860000000000000000000000000000000000048
:104870000000000000000000000000000000000038
:104880000000000000000000000000000000000028
:104890000000000000000000000000000000000018
:1048A0000000000000000000000000000000000008
:1048B00000000000000000000000000000000000F8
:1048C00000000000000000000000000000000000E8
:1048D00000000000000000000000000000000000D8
:1048E00000000000000000000000000000000000C8
:1048F00000000000000000000000000000000000B8
:1049000000000000000000000000000000000000A7
:104910000000000000000000000000000000000097
:104920000000000000000000000000000000000087
:104930000000000000000000000000000000000077
:104940000000000000000000000000000000000067
:104950000000000000000000000000000000000057
:104960000000000000000000000000000000000047
:104970000000000000000000000000000000000037
:104980000000000000000000000000000000000027
:104990000000000000000000000000000000000017
:1049A0000000000000000000000000000000000007
:1049B00000000000000000000000000000000000F7
:1049C00000000000000000000000000000000000E7
:1049D00000000000000000000000000000000000D7
:1049E00000000000000000000000000000000000C7
:1049F00000000000000000000000000000000000B7
:104A000000000000000000000000000000000000A6
:104A10000000000000000000000000000000000096
:104A20000000000000000000000000000000000086
:104A30000000000000000000000000000000000076
:104A40000000000000000000000000000000000066
:104A50000000000000000000000000000000000056
:104A60000000000000000000000000000000000046
:104A70000000000000000000000000000000000036
:104A80000000000000000000000000000000000026
:104A90000000000000000000000000000000000016
:104AA0000000000000000000000000000000000006
:104AB00000000000000000000000000000000000F6
:104AC00000000000000000000000000000000000E6
:104AD00000000000000000000000000000000000D6
:104AE00000000000000000000000000000000000C6
:104AF00000000000000000000000000000000000B6
:104B000000000000000000000000000000000000A5
:104B10000000000000000000000000000000000095
:104B20000000000000000000000000000000000085
:104B30000000000000000000000000000000000075
:104B40000000000000000000000000000000000065
:104B50000000000000000000000000000000000055
:104B60000000000000000000000000000000000045
:104B70000000000000000000000000000000000035
:104B80000000000000000000000000000000000025
:104B90000000000000000000000000000000000015
:104BA0000000000000000000000000000000000005
:104BB00000000000000000000000000000000000F5
:104BC00000000000000000000000000000000000E5
:104BD00000000000000000000000000000000000D5
:104BE00000000000000000000000000000000000C5
:104BF00000000000000000000000000000000000B5
:104C000000000000000000000000000000000000A4
:104C10000000000000000000000000000000000094
:104C20000000000000000000000000000000000084
:104C30000000000000000000000000000000000074
:104C40000000000000000000000000000000000064
:104C50000000000000000000000000000000000054
:104C60000000000000000000000000000000000044
:104C70000000000000000000000000000000000034
:104C80000000000000000000000000000000000024
:104C90000000000000000000000000000000000014
:104CA0000000000000000000000000000000000004
:104CB00000000000000000000000000000000000F4
:104CC00000000000000000000000000000000000E4
:104CD00000000000000000000000000000000000D4
:104CE00000000000000000000000000000000000C4
:104CF00000000000000000000000000000000000B4
:104D000000000000000000000000000000000000A3
:104D10000000000000000000000000000000000093
:104D20000000000000000000000000000000000083
:104D30000000000000000000000000000000000073
:104D40000000000000000000000000000000000063
:104D50000000000000000000000000000000000053
:104D60000000000000000000000000000000000043
:104D70000000000000000000000000000000000033
:104D80000000000000000000000000000000000023
:104D90000000000000000000000000000000000013
:104DA0000000000000000000000000000000000003
:104DB00000000000000000000000000000000000F3
:104DC00000000000000000000000000000000000E3
:104DD00000000000000000000000000000000000D3
:104DE00000000000000000000000000000000000C3
:104DF00000000000000000000000000000000000B3
:104E000000000000000000000000000000000000A2
:104E10000000000000000000000000000000000092
:104E20000000000000000000000000000000000082
:104E30000000000000000000000000000000000072
:104E40000000000000000000000000000000000062
:104E50000000000000000000000000000000000052
:104E60000000000000000000000000000000000042
:104E70000000000000000000000000000000000032
:104E80000000000000000000000000000000000022
:104E90000000000000000000000000000000000012
:104EA0000000000000000000000000000000000002
:104EB00000000000000000000000000000000000F2
:104EC00000000000000000000000000000000000E2
:104ED00000000000000000000000000000000000D2
:104EE00000000000000000000000000000000000C2
:104EF00000000000000000000000000000000000B2
:104F000000000000000000000000000000000000A1
:104F10000000000000000000000000000000000091
:104F20000000000000000000000000000000000081
:104F30000000000000000000000000000000000071
:104F40000000000000000000000000000000000061
:104F50000000000000000000000000000000000051
:104F60000000000000000000000000000000000041
:104F70000000000000000000000000000000000031
:104F80000000000000000000000000000000000021
:104F90000000000000000000000000000000000011
:104FA0000000000000000000000000000000000001
:104FB00000000000000000000000000000000000F1
:104FC00000000000000000000000000000000000E1
:104FD00000000000000000000000000000000000D1
:104FE00000000000000000000000000000000000C1
:104FF00000000000000000000000000000000000B1
:1050000000000000000000000000000000000000A0
:105010000000000000000000000000000000000090
:105020000000000000000000000000000000000080
:105030000000000000000000000000000000000070
:105040000000000000000000000000000000000060
:105050000000000000000000000000000000000050
:105060000000000000000000000000000000000040
:105070000000000000000000000000000000000030
:105080000000000000000000000000000000000020
:105090000000000000000000000000000000000010
:1050A0000000000000000000000000000000000000
:1050B00000000000000000000000000000000000F0
:1050C00000000000000000000000000000000000E0
:1050D00000000000000000000000000000000000D0
:1050E00000000000000000000000000000000000C0
:1050F00000000000000000000000000000000000B0
:10510000000000000000000000000000000000009F
:10511000000000000000000000000000000000008F
:10512000000000000000000000000000000000007F
:10513000000000000000000000000000000000006F
:10514000000000000000000000000000000000005F
:10515000000000000000000000000000000000004F
:10516000000000000000000000000000000000003F
:10517000000000000000000000000000000000002F
:10518000000000000000000000000000000000001F
:10519000000000000000000000000000000000000F
:1051A00000000000000000000000000000000000FF
:1051B00000000000000000000000000000000000EF
:1051C00000000000000000000000000000000000DF
:1051D00000000000000000000000000000000000CF
:1051E00000000000000000000000000000000000BF
:1051F00000000000000000000000000000000000AF
:10520000000000000000000000000000000000009E
:10521000000000000000000000000000000000008E
:10522000000000000000000000000000000000007E
:10523000000000000000000000000000000000006E
:10524000000000000000000000000000000000005E
:10525000000000000000000000000000000000004E
:10526000000000000000000000000000000000003E
:10527000000000000000000000000000000000002E
:10528000000000000000000000000000000000001E
:10529000000000000000000000000000000000000E
:1052A00000000000000000000000000000000000FE
:1052B00000000000000000000000000000000000EE
:1052C00000000000000000000000000000000000DE
:1052D00000000000000000000000000000000000CE
:1052E00000000000000000000000000000000000BE
:1052F00000000000000000000000000000000000AE
:10530000000000000000000000000000000000009D
:10531000000000000000000000000000000000008D
:10532000000000000000000000000000000000007D
:10533000000000000000000000000000000000006D
:10534000000000000000000000000000000000005D
:10535000000000000000000000000000000000004D
:10536000000000000000000000000000000000003D
:10537000000000000000000000000000000000002D
:10538000000000000000000000000000000000001D
:10539000000000000000000000000000000000000D
:1053A00000000000000000000000000000000000FD
:1053B00000000000000000000000000000000000ED
:1053C00000000000000000000000000000000000DD
:1053D00000000000000000000000000000000000CD
:1053E00000000000000000000000000000000000BD
:1053F00000000000000000000000000000000000AD
:10540000000000000000000000000000000000009C
:10541000000000000000000000000000000000008C
:10542000000000000000000000000000000000007C
:10543000000000000000000000000000000000006C
:10544000000000000000000000000000000000005C
:10545000000000000000000000000000000000004C
:10546000000000000000000000000000000000003C
:10547000000000000000000000000000000000002C
:10548000000000000000000000000000000000001C
:10549000000000000000000000000000000000000C
:1054A00000000000000000000000000000000000FC
:1054B00000000000000000000000000000000000EC
:1054C00000000000000000000000000000000000DC
:1054D00000000000000000000000000000000000CC
:1054E00000000000000000000000000000000000BC
:1054F00000000000000000000000000000000000AC
:10550000000000000000000000000000000000009B
:10551000000000000000000000000000000000008B
:10552000000000000000000000000000000000007B
:10553000000000000000000000000000000000006B
:10554000000000000000000000000000000000005B
:10555000000000000000000000000000000000004B
:10556000000000000000000000000000000000003B
:10557000000000000000000000000000000000002B
:10558000000000000000000000000000000000001B
:10559000000000000000000000000000000000000B
:1055A00000000000000000000000000000000000FB
:1055B00000000000000000000000000000000000EB
:1055C00000000000000000000000000000000000DB
:1055D00000000000000000000000000000000000CB
:1055E00000000000000000000000000000000000BB
:1055F00000000000000000000000000000000000AB
:10560000000000000000000000000000000000009A
:10561000000000000000000000000000000000008A
:10562000000000000000000000000000000000007A
:10563000000000000000000000000000000000006A
:10564000000000000000000000000000000000005A
:10565000000000000000000000000000000000004A
:10566000000000000000000000000000000000003A
:10567000000000000000000000000000000000002A
:10568000000000000000000000000000000000001A
:10569000000000000000000000000000000000000A
:1056A00000000000000000000000000000000000FA
:1056B00000000000000000000000000000000000EA
:1056C00000000000000000000000000000000000DA
:1056D00000000000000000000000000000000000CA
:1056E00000000000000000000000000000000000BA
:1056F00000000000000000000000000000000000AA
:105700000000000000000000000000000000000099
:105710000000000000000000000000000000000089
:105720000000000000000000000000000000000079
:105730000000000000000000000000000000000069
:105740000000000000000000000000000000000059
:105750000000000000000000000000000000000049
:105760000000000000000000000000000000000039
:105770000000000000000000000000000000000029
:105780000000000000000000000000000000000019
:105790000000000000000000000000000000000009
:1057A00000000000000000000000000000000000F9
:1057B00000000000000000000000000000000000E9
:1057C00000000000000000000000000000000000D9
:1057D00000000000000000000000000000000000C9
:1057E00000000000000000000000000000000000B9
:1057F00000000000000000000000000000000000A9
:105800000000000000000000000000000000000098
:105810000000000000000000000000000000000088
:105820000000000000000000000000000000000078
:105830000000000000000000000000000000000068
:105840000000000000000000000000000000000058
:105850000000000000000000000000000000000048
:105860000000000000000000000000000000000038
:105870000000000000000000000000000000000028
:105880000000000000000000000000000000000018
:105890000000000000000000000000000000000008
:1058A00000000000000000000000000000000000F8
:1058B00000000000000000000000000000000000E8
:1058C00000000000000000000000000000000000D8
:1058D00000000000000000000000000000000000C8
:1058E00000000000000000000000000000000000B8
:1058F00000000000000000000000000000000000A8
:105900000000000000000000000000000000000097
:105910000000000000000000000000000000000087
:105920000000000000000000000000000000000077
:105930000000000000000000000000000000000067
:105940000000000000000000000000000000000057
:105950000000000000000000000000000000000047
:105960000000000000000000000000000000000037
:105970000000000000000000000000000000000027
:105980000000000000000000000000000000000017
:105990000000000000000000000000000000000007
:1059A00000000000000000000000000000000000F7
:1059B00000000000000000000000000000000000E7
:1059C00000000000000000000000000000000000D7
:1059D00000000000000000000000000000000000C7
:1059E00000000000000000000000000000000000B7
:1059F00000000000000000000000000000000000A7
:105A00000000000000000000000000000000000096
:105A10000000000000000000000000000000000086
:105A20000000000000000000000000000000000076
:105A30000000000000000000000000000000000066
:105A40000000000000000000000000000000000056
:105A50000000000000000000000000000000000046
:105A60000000000000000000000000000000000036
:105A70000000000000000000000000000000000026
:105A80000000000000000000000000000000000016
:105A90000000000000000000000000000000000006
:105AA00000000000000000000000000000000000F6
:105AB00000000000000000000000000000000000E6
:105AC00000000000000000000000000000000000D6
:105AD00000000000000000000000000000000000C6
:105AE00000000000000000000000000000000000B6
:105AF00000000000000000000000000000000000A6
:105B00000000000000000000000000000000000095
:105B10000000000000000000000000000000000085
:105B20000000000000000000000000000000000075
:105B30000000000000000000000000000000000065
:105B40000000000000000000000000000000000055
:105B50000000000000000000000000000000000045
:105B60000000000000000000000000000000000035
:105B70000000000000000000000000000000000025
:105B80000000000000000000000000000000000015
:105B90000000000000000000000000000000000005
:105BA00000000000000000000000000000000000F5
:105BB00000000000000000000000000000000000E5
:105BC00000000000000000000000000000000000D5
:105BD00000000000000000000000000000000000C5
:105BE00000000000000000000000000000000000B5
:105BF00000000000000000000000000000000000A5
:105C00000000000000000000000000000000000094
:105C10000000000000000000000000000000000084
:105C20000000000000000000000000000000000074
:105C30000000000000000000000000000000000064
:105C40000000000000000000000000000000000054
:105C50000000000000000000000000000000000044
:105C60000000000000000000000000000000000034
:105C70000000000000000000000000000000000024
:105C80000000000000000000000000000000000014
:105C90000000000000000000000000000000000004
:105CA00000000000000000000000000000000000F4
:105CB00000000000000000000000000000000000E4
:105CC00000000000000000000000000000000000D4
:105CD00000000000000000000000000000000000C4
:105CE00000000000000000000000000000000000B4
:105CF00000000000000000000000000000000000A4
:105D00000000000000000000000000000000000093
:105D10000000000000000000000000000000000083
:105D20000000000000000000000000000000000073
:105D30000000000000000000000000000000000063
:105D40000000000000000000000000000000000053
:105D50000000000000000000000000000000000043
:105D60000000000000000000000000000000000033
:105D70000000000000000000000000000000000023
:105D80000000000000000000000000000000000013
:105D90000000000000000000000000000000000003
:105DA00000000000000000000000000000000000F3
:105DB00000000000000000000000000000000000E3
:105DC00000000000000000000000000000000000D3
:105DD00000000000000000000000000000000000C3
:105DE00000000000000000000000000000000000B3
:105DF00000000000000000000000000000000000A3
:105E00000000000000000000000000000000000092
:105E10000000000000000000000000000000000082
:105E20000000000000000000000000000000000072
:105E30000000000000000000000000000000000062
:105E40000000000000000000000000000000000052
:105E50000000000000000000000000000000000042
:105E60000000000000000000000000000000000032
:105E70000000000000000000000000000000000022
:105E80000000000000000000000000000000000012
:105E90000000000000000000000000000000000002
:105EA00000000000000000000000000000000000F2
:105EB00000000000000000000000000000000000E2
:105EC00000000000000000000000000000000000D2
:105ED00000000000000000000000000000000000C2
:105EE00000000000000000000000000000000000B2
:105EF00000000000000000000000000000000000A2
:105F00000000000000000000000000000000000091
:105F10000000000000000000000000000000000081
:105F20000000000000000000000000000000000071
:105F30000000000000000000000000000000000061
:105F40000000000000000000000000000000000051
:105F50000000000000000000000000000000000041
:105F60000000000000000000000000000000000031
:105F70000000000000000000000000000000000021
:105F80000000000000000000000000000000000011
:105F90000000000000000000000000000000000001
:105FA00000000000000000000000000000000000F1
:105FB00000000000000000000000000000000000E1
:105FC00000000000000000000000000000000000D1
:105FD00000000000000000000000000000000000C1
:105FE00000000000000000000000000000000000B1
:105FF00000000000000000000000000000000000A1
:106000000000000000000000000000000000000090
:106010000000000000000000000000000000000080
:106020000000000000000000000000000000000070
:106030000000000000000000000000000000000060
:106040000000000000000000000000000000000050
:106050000000000000000000000000000000000040
:106060000000000000000000000000000000000030
:106070000000000000000000000000000000000020
:106080000000000000000000000000000000000010
:106090000000000000000000000000000000000000
:1060A00000000000000000000000000000000000F0
:1060B00000000000000000000000000000000000E0
:1060C00000000000000000000000000000000000D0
:1060D00000000000000000000000000000000000C0
:1060E00000000000000000000000000000000000B0
:1060F00000000000000000000000000000000000A0
:10610000000000000000000000000000000000008F
:10611000000000000000000000000000000000007F
:10612000000000000000000000000000000000006F
:10613000000000000000000000000000000000005F
:10614000000000000000000000000000000000004F
:10615000000000000000000000000000000000003F
:10616000000000000000000000000000000000002F
:10617000000000000000000000000000000000001F
:10618000000000000000000000000000000000000F
:1061900000000000000000000000000000000000FF
:1061A00000000000000000000000000000000000EF
:1061B00000000000000000000000000000000000DF
:1061C00000000000000000000000000000000000CF
:1061D00000000000000000000000000000000000BF
:1061E00000000000000000000000000000000000AF
:1061F000000000000000000000000000000000009F
:10620000000000000000000000000000000000008E
:10621000000000000000000000000000000000007E
:10622000000000000000000000000000000000006E
:10623000000000000000000000000000000000005E
:10624000000000000000000000000000000000004E
:10625000000000000000000000000000000000003E
:10626000000000000000000000000000000000002E
:10627000000000000000000000000000000000001E
:10628000000000000000000000000000000000000E
:1062900000000000000000000000000000000000FE
:1062A00000000000000000000000000000000000EE
:1062B00000000000000000000000000000000000DE
:1062C00000000000000000000000000000000000CE
:1062D00000000000000000000000000000000000BE
:1062E00000000000000000000000000000000000AE
:1062F000000000000000000000000000000000009E
:10630000000000000000000000000000000000008D
:10631000000000000000000000000000000000007D
:10632000000000000000000000000000000000006D
:10633000000000000000000000000000000000005D
:10634000000000000000000000000000000000004D
:10635000000000000000000000000000000000003D
:10636000000000000000000000000000000000002D
:10637000000000000000000000000000000000001D
:10638000000000000000000000000000000000000D
:1063900000000000000000000000000000000000FD
:1063A00000000000000000000000000000000000ED
:1063B00000000000000000000000000000000000DD
:1063C00000000000000000000000000000000000CD
:1063D00000000000000000000000000000000000BD
:1063E00000000000000000000000000000000000AD
:1063F000000000000000000000000000000000009D
:10640000000000000000000000000000000000008C
:10641000000000000000000000000000000000007C
:10642000000000000000000000000000000000006C
:10643000000000000000000000000000000000005C
:10644000000000000000000000000000000000004C
:10645000000000000000000000000000000000003C
:10646000000000000000000000000000000000002C
:10647000000000000000000000000000000000001C
:10648000000000000000000000000000000000000C
:1064900000000000000000000000000000000000FC
:1064A00000000000000000000000000000000000EC
:1064B00000000000000000000000000000000000DC
:1064C00000000000000000000000000000000000CC
:1064D00000000000000000000000000000000000BC
:1064E00000000000000000000000000000000000AC
:1064F000000000000000000000000000000000009C
:10650000000000000000000000000000000000008B
:10651000000000000000000000000000000000007B
:10652000000000000000000000000000000000006B
:10653000000000000000000000000000000000005B
:10654000000000000000000000000000000000004B
:10655000000000000000000000000000000000003B
:10656000000000000000000000000000000000002B
:10657000000000000000000000000000000000001B
:10658000000000000000000000000000000000000B
:1065900000000000000000000000000000000000FB
:1065A00000000000000000000000000000000000EB
:1065B00000000000000000000000000000000000DB
:1065C00000000000000000000000000000000000CB
:1065D00000000000000000000000000000000000BB
:1065E00000000000000000000000000000000000AB
:1065F000000000000000000000000000000000009B
:10660000000000000000000000000000000000008A
:10661000000000000000000000000000000000007A
:10662000000000000000000000000000000000006A
:10663000000000000000000000000000000000005A
:10664000000000000000000000000000000000004A
:10665000000000000000000000000000000000003A
:10666000000000000000000000000000000000002A
:10667000000000000000000000000000000000001A
:10668000000000000000000000000000000000000A
:1066900000000000000000000000000000000000FA
:1066A00000000000000000000000000000000000EA
:1066B00000000000000000000000000000000000DA
:1066C00000000000000000000000000000000000CA
:1066D00000000000000000000000000000000000BA
:1066E00000000000000000000000000000000000AA
:1066F000000000000000000000000000000000009A
:106700000000000000000000000000000000000089
:106710000000000000000000000000000000000079
:106720000000000000000000000000000000000069
:106730000000000000000000000000000000000059
:106740000000000000000000000000000000000049
:106750000000000000000000000000000000000039
:106760000000000000000000000000000000000029
:106770000000000000000000000000000000000019
:106780000000000000000000000000000000000009
:1067900000000000000000000000000000000000F9
:1067A00000000000000000000000000000000000E9
:1067B00000000000000000000000000000000000D9
:1067C00000000000000000000000000000000000C9
:1067D00000000000000000000000000000000000B9
:1067E00000000000000000000000000000000000A9
:1067F0000000000000000000000000000000000099
:106800000000000000000000000000000000000088
:106810000000000000000000000000000000000078
:106820000000000000000000000000000000000068
:106830000000000000000000000000000000000058
:106840000000000000000000000000000000000048
:106850000000000000000000000000000000000038
:106860000000000000000000000000000000000028
:106870000000000000000000000000000000000018
:106880000000000000000000000000000000000008
:1068900000000000000000000000000000000000F8
:1068A00000000000000000000000000000000000E8
:1068B00000000000000000000000000000000000D8
:1068C00000000000000000000000000000000000C8
:1068D00000000000000000000000000000000000B8
:1068E00000000000000000000000000000000000A8
:1068F0000000000000000000000000000000000098
:106900000000000000000000000000000000000087
:106910000000000000000000000000000000000077
:106920000000000000000000000000000000000067
:106930000000000000000000000000000000000057
:106940000000000000000000000000000000000047
:106950000000000000000000000000000000000037
:106960000000000000000000000000000000000027
:106970000000000000000000000000000000000017
:106980000000000000000000000000000000000007
:1069900000000000000000000000000000000000F7
:1069A00000000000000000000000000000000000E7
:1069B00000000000000000000000000000000000D7
:1069C00000000000000000000000000000000000C7
:1069D00000000000000000000000000000000000B7
:1069E00000000000000000000000000000000000A7
:1069F0000000000000000000000000000000000097
:106A00000000000000000000000000000000000086
:106A10000000000000000000000000000000000076
:106A20000000000000000000000000000000000066
:106A30000000000000000000000000000000000056
:106A40000000000000000000000000000000000046
:106A50000000000000000000000000000000000036
:106A60000000000000000000000000000000000026
:106A70000000000000000000000000000000000016
:106A80000000000000000000000000000000000006
:106A900000000000000000000000000000000000F6
:106AA00000000000000000000000000000000000E6
:106AB00000000000000000000000000000000000D6
:106AC00000000000000000000000000000000000C6
:106AD00000000000000000000000000000000000B6
:106AE00000000000000000000000000000000000A6
:106AF0000000000000000000000000000000000096
:106B00000000000000000000000000000000000085
:106B10000000000000000000000000000000000075
:106B20000000000000000000000000000000000065
:106B30000000000000000000000000000000000055
:106B40000000000000000000000000000000000045
:106B50000000000000000000000000000000000035
:106B60000000000000000000000000000000000025
:106B70000000000000000000000000000000000015
:106B80000000000000000000000000000000000005
:106B900000000000000000000000000000000000F5
:106BA00000000000000000000000000000000000E5
:106BB00000000000000000000000000000000000D5
:106BC00000000000000000000000000000000000C5
:106BD00000000000000000000000000000000000B5
:106BE00000000000000000000000000000000000A5
:106BF0000000000000000000000000000000000095
:106C00000000000000000000000000000000000084
:106C10000000000000000000000000000000000074
:106C20000000000000000000000000000000000064
:106C30000000000000000000000000000000000054
:106C40000000000000000000000000000000000044
:106C50000000000000000000000000000000000034
:106C60000000000000000000000000000000000024
:106C70000000000000000000000000000000000014
:106C80000000000000000000000000000000000004
:106C900000000000000000000000000000000000F4
:106CA00000000000000000000000000000000000E4
:106CB00000000000000000000000000000000000D4
:106CC00000000000000000000000000000000000C4
:106CD00000000000000000000000000000000000B4
:106CE00000000000000000000000000000000000A4
:106CF0000000000000000000000000000000000094
:106D00000000000000000000000000000000000083
:106D10000000000000000000000000000000000073
:106D20000000000000000000000000000000000063
:106D30000000000000000000000000000000000053
:106D40000000000000000000000000000000000043
:106D50000000000000000000000000000000000033
:106D60000000000000000000000000000000000023
:106D70000000000000000000000000000000000013
:106D80000000000000000000000000000000000003
:106D900000000000000000000000000000000000F3
:106DA00000000000000000000000000000000000E3
:106DB00000000000000000000000000000000000D3
:106DC00000000000000000000000000000000000C3
:106DD00000000000000000000000000000000000B3
:106DE00000000000000000000000000000000000A3
:106DF0000000000000000000000000000000000093
:106E00000000000000000000000000000000000082
:106E10000000000000000000000000000000000072
:106E20000000000000000000000000000000000062
:106E30000000000000000000000000000000000052
:106E40000000000000000000000000000000000042
:106E50000000000000000000000000000000000032
:106E60000000000000000000000000000000000022
:106E70000000000000000000000000000000000012
:106E80000000000000000000000000000000000002
:106E900000000000000000000000000000000000F2
:106EA00000000000000000000000000000000000E2
:106EB00000000000000000000000000000000000D2
:106EC00000000000000000000000000000000000C2
:106ED00000000000000000000000000000000000B2
:106EE00000000000000000000000000000000000A2
:106EF0000000000000000000000000000000000092
:106F00000000000000000000000000000000000081
:106F10000000000000000000000000000000000071
:106F20000000000000000000000000000000000061
:106F30000000000000000000000000000000000051
:106F40000000000000000000000000000000000041
:106F50000000000000000000000000000000000031
:106F60000000000000000000000000000000000021
:106F70000000000000000000000000000000000011
:106F80000000000000000000000000000000000001
:106F900000000000000000000000000000000000F1
:106FA00000000000000000000000000000000000E1
:106FB00000000000000000000000000000000000D1
:106FC00000000000000000000000000000000000C1
:106FD00000000000000000000000000000000000B1
:106FE00000000000000000000000000000000000A1
:106FF0000000000000000000000000000000000091
:107000000000000000000000000000000000000080
:107010000000000000000000000000000000000070
:107020000000000000000000000000000000000060
:107030000000000000000000000000000000000050
:107040000000000000000000000000000000000040
:107050000000000000000000000000000000000030
:107060000000000000000000000000000000000020
:107070000000000000000000000000000000000010
:107080000000000000000000000000000000000000
:1070900000000000000000000000000000000000F0
:1070A00000000000000000000000000000000000E0
:1070B00000000000000000000000000000000000D0
:1070C00000000000000000000000000000000000C0
:1070D00000000000000000000000000000000000B0
:1070E00000000000000000000000000000000000A0
:1070F0000000000000000000000000000000000090
:10710000000000000000000000000000000000007F
:10711000000000000000000000000000000000006F
:10712000000000000000000000000000000000005F
:10713000000000000000000000000000000000004F
:10714000000000000000000000000000000000003F
:10715000000000000000000000000000000000002F
:10716000000000000000000000000000000000001F
:10717000000000000000000000000000000000000F
:1071800000000000000000000000000000000000FF
:1071900000000000000000000000000000000000EF
:1071A00000000000000000000000000000000000DF
:1071B00000000000000000000000000000000000CF
:1071C00000000000000000000000000000000000BF
:1071D00000000000000000000000000000000000AF
:1071E000000000000000000000000000000000009F
:1071F000000000000000000000000000000000008F
:10720000000000000000000000000000000000007E
:10721000000000000000000000000000000000006E
:10722000000000000000000000000000000000005E
:10723000000000000000000000000000000000004E
:10724000000000000000000000000000000000003E
:10725000000000000000000000000000000000002E
:10726000000000000000000000000000000000001E
:10727000000000000000000000000000000000000E
:1072800000000000000000000000000000000000FE
:1072900000000000000000000000000000000000EE
:1072A00000000000000000000000000000000000DE
:1072B00000000000000000000000000000000000CE
:1072C00000000000000000000000000000000000BE
:1072D00000000000000000000000000000000000AE
:1072E000000000000000000000000000000000009E
:1072F000000000000000000000000000000000008E
:10730000000000000000000000000000000000007D
:10731000000000000000000000000000000000006D
:10732000000000000000000000000000000000005D
:10733000000000000000000000000000000000004D
:10734000000000000000000000000000000000003D
:10735000000000000000000000000000000000002D
:10736000000000000000000000000000000000001D
:10737000000000000000000000000000000000000D
:1073800000000000000000000000000000000000FD
:1073900000000000000000000000000000000000ED
:1073A00000000000000000000000000000000000DD
:1073B00000000000000000000000000000000000CD
:1073C00000000000000000000000000000000000BD
:1073D00000000000000000000000000000000000AD
:1073E000000000000000000000000000000000009D
:1073F000000000000000000000000000000000008D
:10740000000000000000000000000000000000007C
:10741000000000000000000000000000000000006C
:10742000000000000000000000000000000000005C
:10743000000000000000000000000000000000004C
:10744000000000000000000000000000000000003C
:10745000000000000000000000000000000000002C
:10746000000000000000000000000000000000001C
:10747000000000000000000000000000000000000C
:1074800000000000000000000000000000000000FC
:1074900000000000000000000000000000000000EC
:1074A00000000000000000000000000000000000DC
:1074B00000000000000000000000000000000000CC
:1074C00000000000000000000000000000000000BC
:1074D00000000000000000000000000000000000AC
:1074E000000000000000000000000000000000009C
:1074F000000000000000000000000000000000008C
:10750000000000000000000000000000000000007B
:10751000000000000000000000000000000000006B
:10752000000000000000000000000000000000005B
:10753000000000000000000000000000000000004B
:10754000000000000000000000000000000000003B
:10755000000000000000000000000000000000002B
:10756000000000000000000000000000000000001B
:10757000000000000000000000000000000000000B
:1075800000000000000000000000000000000000FB
:1075900000000000000000000000000000000000EB
:1075A00000000000000000000000000000000000DB
:1075B00000000000000000000000000000000000CB
:1075C00000000000000000000000000000000000BB
:1075D00000000000000000000000000000000000AB
:1075E000000000000000000000000000000000009B
:1075F000000000000000000000000000000000008B
:10760000000000000000000000000000000000007A
:10761000000000000000000000000000000000006A
:10762000000000000000000000000000000000005A
:10763000000000000000000000000000000000004A
:10764000000000000000000000000000000000003A
:10765000000000000000000000000000000000002A
:10766000000000000000000000000000000000001A
:10767000000000000000000000000000000000000A
:1076800000000000000000000000000000000000FA
:1076900000000000000000000000000000000000EA
:1076A00000000000000000000000000000000000DA
:1076B00000000000000000000000000000000000CA
:1076C00000000000000000000000000000000000BA
:1076D00000000000000000000000000000000000AA
:1076E000000000000000000000000000000000009A
:1076F000000000000000000000000000000000008A
:107700000000000000000000000000000000000079
:107710000000000000000000000000000000000069
:107720000000000000000000000000000000000059
:107730000000000000000000000000000000000049
:107740000000000000000000000000000000000039
:107750000000000000000000000000000000000029
:107760000000000000000000000000000000000019
:107770000000000000000000000000000000000009
:1077800000000000000000000000000000000000F9
:1077900000000000000000000000000000000000E9
:1077A00000000000000000000000000000000000D9
:1077B00000000000000000000000000000000000C9
:1077C00000000000000000000000000000000000B9
:1077D00000000000000000000000000000000000A9
:1077E0000000000000000000000000000000000099
:1077F0000000000000000000000000000000000089
:107800000000000000000000000000000000000078
:107810000000000000000000000000000000000068
:107820000000000000000000000000000000000058
:107830000000000000000000000000000000000048
:107840000000000000000000000000000000000038
:107850000000000000000000000000000000000028
:107860000000000000000000000000000000000018
:107870000000000000000000000000000000000008
:1078800000000000000000000000000000000000F8
:1078900000000000000000000000000000000000E8
:1078A00000000000000000000000000000000000D8
:1078B00000000000000000000000000000000000C8
:1078C00000000000000000000000000000000000B8
:1078D00000000000000000000000000000000000A8
:1078E0000000000000000000000000000000000098
:1078F0000000000000000000000000000000000088
:107900000000000000000000000000000000000077
:107910000000000000000000000000000000000067
:107920000000000000000000000000000000000057
:107930000000000000000000000000000000000047
:107940000000000000000000000000000000000037
:107950000000000000000000000000000000000027
:107960000000000000000000000000000000000017
:107970000000000000000000000000000000000007
:1079800000000000000000000000000000000000F7
:1079900000000000000000000000000000000000E7
:1079A00000000000000000000000000000000000D7
:1079B00000000000000000000000000000000000C7
:1079C00000000000000000000000000000000000B7
:1079D00000000000000000000000000000000000A7
:1079E0000000000000000000000000000000000097
:1079F0000000000000000000000000000000000087
:107A00000000000000000000000000000000000076
:107A10000000000000000000000000000000000066
:107A20000000000000000000000000000000000056
:107A30000000000000000000000000000000000046
:107A40000000000000000000000000000000000036
:107A50000000000000000000000000000000000026
:107A60000000000000000000000000000000000016
:107A70000000000000000000000000000000000006
:107A800000000000000000000000000000000000F6
:107A900000000000000000000000000000000000E6
:107AA00000000000000000000000000000000000D6
:107AB00000000000000000000000000000000000C6
:107AC00000000000000000000000000000000000B6
:107AD00000000000000000000000000000000000A6
:107AE0000000000000000000000000000000000096
:107AF0000000000000000000000000000000000086
:107B00000000000000000000000000000000000075
:107B10000000000000000000000000000000000065
:107B20000000000000000000000000000000000055
:107B30000000000000000000000000000000000045
:107B40000000000000000000000000000000000035
:107B50000000000000000000000000000000000025
:107B60000000000000000000000000000000000015
:107B70000000000000000000000000000000000005
:107B800000000000000000000000000000000000F5
:107B900000000000000000000000000000000000E5
:107BA00000000000000000000000000000000000D5
:107BB00000000000000000000000000000000000C5
:107BC00000000000000000000000000000000000B5
:107BD00000000000000000000000000000000000A5
:107BE0000000000000000000000000000000000095
:107BF0000000000000000000000000000000000085
:107C00000000000000000000000000000000000074
:107C10000000000000000000000000000000000064
:107C20000000000000000000000000000000000054
:107C30000000000000000000000000000000000044
:107C40000000000000000000000000000000000034
:107C50000000000000000000000000000000000024
:107C60000000000000000000000000000000000014
:107C70000000000000000000000000000000000004
:107C800000000000000000000000000000000000F4
:107C900000000000000000000000000000000000E4
:107CA00000000000000000000000000000000000D4
:107CB00000000000000000000000000000000000C4
:107CC00000000000000000000000000000000000B4
:107CD00000000000000000000000000000000000A4
:107CE0000000000000000000000000000000000094
:107CF0000000000000000000000000000000000084
:107D00000000000000000000000000000000000073
:107D10000000000000000000000000000000000063
:107D20000000000000000000000000000000000053
:107D30000000000000000000000000000000000043
:107D40000000000000000000000000000000000033
:107D50000000000000000000000000000000000023
:107D60000000000000000000000000000000000013
:107D70000000000000000000000000000000000003
:107D800000000000000000000000000000000000F3
:107D900000000000000000000000000000000000E3
:107DA00000000000000000000000000000000000D3
:107DB00000000000000000000000000000000000C3
:107DC00000000000000000000000000000000000B3
:107DD00000000000000000000000000000000000A3
:107DE0000000000000000000000000000000000093
:107DF0000000000000000000000000000000000083
:107E00000000000000000000000000000000000072
:107E10000000000000000000000000000000000062
:107E20000000000000000000000000000000000052
:107E30000000000000000000000000000000000042
:107E40000000000000000000000000000000000032
:107E50000000000000000000000000000000000022
:107E60000000000000000000000000000000000012
:107E70000000000000000000000000000000000002
:107E800000000000000000000000000000000000F2
:107E900000000000000000000000000000000000E2
:107EA00000000000000000000000000000000000D2
:107EB00000000000000000000000000000000000C2
:107EC00000000000000000000000000000000000B2
:107ED00000000000000000000000000000000000A2
:107EE0000000000000000000000000000000000092
:107EF0000000000000000000000000000000000082
:107F00000000000000000000000000000000000071
:107F10000000000000000000000000000000000061
:107F20000000000000000000000000000000000051
:107F30000000000000000000000000000000000041
:107F40000000000000000000000000000000000031
:107F50000000000000000000000000000000000021
:107F60000000000000000000000000000000000011
:107F70000000000000000000000000000000000001
:107F800000000000000000000000000000000000F1
:107F900000000000000000000000000000000000E1
:107FA00000000000000000000000000000000000D1
:107FB00000000000000000000000000000000000C1
:107FC00000000000000000000000000000000000B1
:107FD00000000000000000000000000000000000A1
:107FE0000000000000000000000000000000000091
:107FF0000000000000000000000000000000000081
:108000000000000000000000000000000000000070
:108010000000000000000000000000000000000060
:108020000000000000000000000000000000000050
:108030000000000000000000000000000000000040
:108040000000000000000000000000000000000030
:108050000000000000000000000000000000000020
:108060000000000000000000000000000000000010
:108070000000000000000000000000000000000000
:1080800000000000000000000000000000000000F0
:1080900000000000000000000000000000000000E0
:1080A00000000000000000000000000000000000D0
:1080B00000000000000000000000000000000000C0
:1080C00000000000000000000000000000000000B0
:1080D00000000000000000000000000000000000A0
:1080E0000000000000000000000000000000000090
:1080F0000000000000000000000000000000000080
:10810000000000000000000000000000000000006F
:10811000000000000000000000000000000000005F
:10812000000000000000000000000000000000004F
:10813000000000000000000000000000000000003F
:10814000000000000000000000000000000000002F
:10815000000000000000000000000000000000001F
:10816000000000000000000000000000000000000F
:1081700000000000000000000000000000000000FF
:1081800000000000000000000000000000000000EF
:1081900000000000000000000000000000000000DF
:1081A00000000000000000000000000000000000CF
:1081B00000000000000000000000000000000000BF
:1081C00000000000000000000000000000000000AF
:1081D000000000000000000000000000000000009F
:1081E000000000000000000000000000000000008F
:1081F000000000000000000000000000000000007F
:10820000000000000000000000000000000000006E
:10821000000000000000000000000000000000005E
:10822000000000000000000000000000000000004E
:10823000000000000000000000000000000000003E
:10824000000000000000000000000000000000002E
:10825000000000000000000000000000000000001E
:10826000000000000000000000000000000000000E
:1082700000000000000000000000000000000000FE
:1082800000000000000000000000000000000000EE
:1082900000000000000000000000000000000000DE
:1082A00000000000000000000000000000000000CE
:1082B00000000000000000000000000000000000BE
:1082C00000000000000000000000000000000000AE
:1082D000000000000000000000000000000000009E
:1082E000000000000000000000000000000000008E
:1082F000000000000000000000000000000000007E
:10830000000000000000000000000000000000006D
:10831000000000000000000000000000000000005D
:10832000000000000000000000000000000000004D
:10833000000000000000000000000000000000003D
:10834000000000000000000000000000000000002D
:10835000000000000000000000000000000000001D
:10836000000000000000000000000000000000000D
:1083700000000000000000000000000000000000FD
:1083800000000000000000000000000000000000ED
:1083900000000000000000000000000000000000DD
:1083A00000000000000000000000000000000000CD
:1083B00000000000000000000000000000000000BD
:1083C00000000000000000000000000000000000AD
:1083D000000000000000000000000000000000009D
:1083E000000000000000000000000000000000008D
:1083F000000000000000000000000000000000007D
:10840000000000000000000000000000000000006C
:10841000000000000000000000000000000000005C
:10842000000000000000000000000000000000004C
:10843000000000000000000000000000000000003C
:10844000000000000000000000000000000000002C
:10845000000000000000000000000000000000001C
:10846000000000000000000000000000000000000C
:1084700000000000000000000000000000000000FC
:1084800000000000000000000000000000000000EC
:1084900000000000000000000000000000000000DC
:1084A00000000000000000000000000000000000CC
:1084B00000000000000000000000000000000000BC
:1084C00000000000000000000000000000000000AC
:1084D000000000000000000000000000000000009C
:1084E000000000000000000000000000000000008C
:1084F000000000000000000000000000000000007C
:10850000000000000000000000000000000000006B
:10851000000000000000000000000000000000005B
:10852000000000000000000000000000000000004B
:10853000000000000000000000000000000000003B
:10854000000000000000000000000000000000002B
:10855000000000000000000000000000000000001B
:10856000000000000000000000000000000000000B
:1085700000000000000000000000000000000000FB
:1085800000000000000000000000000000000000EB
:1085900000000000000000000000000000000000DB
:1085A00000000000000000000000000000000000CB
:1085B00000000000000000000000000000000000BB
:1085C00000000000000000000000000000000000AB
:1085D000000000000000000000000000000000009B
:1085E000000000000000000000000000000000008B
:1085F000000000000000000000000000000000007B
:10860000000000000000000000000000000000006A
:10861000000000000000000000000000000000005A
:10862000000000000000000000000000000000004A
:10863000000000000000000000000000000000003A
:10864000000000000000000000000000000000002A
:10865000000000000000000000000000000000001A
:10866000000000000000000000000000000000000A
:1086700000000000000000000000000000000000FA
:1086800000000000000000000000000000000000EA
:1086900000000000000000000000000000000000DA
:1086A00000000000000000000000000000000000CA
:1086B00000000000000000000000000000000000BA
:1086C00000000000000000000000000000000000AA
:1086D000000000000000000000000000000000009A
:1086E000000000000000000000000000000000008A
:1086F000000000000000000000000000000000007A
:108700000000000000000000000000000000000069
:108710000000000000000000000000000000000059
:108720000000000000000000000000000000000049
:108730000000000000000000000000000000000039
:108740000000000000000000000000000000000029
:108750000000000000000000000000000000000019
:108760000000000000000000000000000000000009
:1087700000000000000000000000000000000000F9
:1087800000000000000000000000000000000000E9
:1087900000000000000000000000000000000000D9
:1087A00000000000000000000000000000000000C9
:1087B00000000000000000000000000000000000B9
:1087C00000000000000000000000000000000000A9
:1087D0000000000000000000000000000000000099
:1087E0000000000000000000000000000000000089
:1087F0000000000000000000000000000000000079
:108800000000000000000000000000000000000068
:108810000000000000000000000000000000000058
:108820000000000000000000000000000000000048
:108830000000000000000000000000000000000038
:108840000000000000000000000000000000000028
:108850000000000000000000000000000000000018
:108860000000000000000000000000000000000008
:1088700000000000000000000000000000000000F8
:1088800000000000000000000000000000000000E8
:1088900000000000000000000000000000000000D8
:1088A00000000000000000000000000000000000C8
:1088B00000000000000000000000000000000000B8
:1088C00000000000000000000000000000000000A8
:1088D0000000000000000000000000000000000098
:1088E0000000000000000000000000000000000088
:1088F0000000000000000000000000000000000078
:108900000000000000000000000000000000000067
:108910000000000000000000000000000000000057
:108920000000000000000000000000000000000047
:108930000000000000000000000000000000000037
:108940000000000000000000000000000000000027
:108950000000000000000000000000000000000017
:108960000000000000000000000000000000000007
:1089700000000000000000000000000000000000F7
:1089800000000000000000000000000000000000E7
:1089900000000000000000000000000000000000D7
:1089A00000000000000000000000000000000000C7
:1089B00000000000000000000000000000000000B7
:1089C00000000000000000000000000000000000A7
:1089D0000000000000000000000000000000000097
:1089E0000000000000000000000000000000000087
:1089F0000000000000000000000000000000000077
:108A00000000000000000000000000000000000066
:108A10000000000000000000000000000000000056
:108A20000000000000000000000000000000000046
:108A30000000000000000000000000000000000036
:108A40000000000000000000000000000000000026
:108A50000000000000000000000000000000000016
:108A60000000000000000000000000000000000006
:108A700000000000000000000000000000000000F6
:108A800000000000000000000000000000000000E6
:108A900000000000000000000000000000000000D6
:108AA00000000000000000000000000000000000C6
:108AB00000000000000000000000000000000000B6
:108AC00000000000000000000000000000000000A6
:108AD0000000000000000000000000000000000096
:108AE0000000000000000000000000000000000086
:108AF0000000000000000000000000000000000076
:108B00000000000000000000000000000000000065
:108B10000000000000000000000000000000000055
:108B20000000000000000000000000000000000045
:108B30000000000000000000000000000000000035
:108B40000000000000000000000000000000000025
:108B50000000000000000000000000000000000015
:108B60000000000000000000000000000000000005
:108B700000000000000000000000000000000000F5
:108B800000000000000000000000000000000000E5
:108B900000000000000000000000000000000000D5
:108BA00000000000000000000000000000000000C5
:108BB00000000000000000000000000000000000B5
:108BC00000000000000000000000000000000000A5
:108BD0000000000000000000000000000000000095
:108BE0000000000000000000000000000000000085
:108BF0000000000000000000000000000000000075
:108C00000000000000000000000000000000000064
:108C10000000000000000000000000000000000054
:108C20000000000000000000000000000000000044
:108C30000000000000000000000000000000000034
:108C40000000000000000000000000000000000024
:108C50000000000000000000000000000000000014
:108C60000000000000000000000000000000000004
:108C700000000000000000000000000000000000F4
:108C800000000000000000000000000000000000E4
:108C900000000000000000000000000000000000D4
:108CA00000000000000000000000000000000000C4
:108CB00000000000000000000000000000000000B4
:108CC00000000000000000000000000000000000A4
:108CD0000000000000000000000000000000000094
:108CE0000000000000000000000000000000000084
:108CF0000000000000000000000000000000000074
:108D00000000000000000000000000000000000063
:108D10000000000000000000000000000000000053
:108D20000000000000000000000000000000000043
:108D30000000000000000000000000000000000033
:108D40000000000000000000000000000000000023
:108D50000000000000000000000000000000000013
:108D60000000000000000000000000000000000003
:108D700000000000000000000000000000000000F3
:108D800000000000000000000000000000000000E3
:108D900000000000000000000000000000000000D3
:108DA00000000000000000000000000000000000C3
:108DB00000000000000000000000000000000000B3
:108DC00000000000000000000000000000000000A3
:108DD0000000000000000000000000000000000093
:108DE0000000000000000000000000000000000083
:108DF0000000000000000000000000000000000073
:108E00000000000000000000000000000000000062
:108E10000000000000000000000000000000000052
:108E20000000000000000000000000000000000042
:108E30000000000000000000000000000000000032
:108E40000000000000000000000000000000000022
:108E50000000000000000000000000000000000012
:108E60000000000000000000000000000000000002
:108E700000000000000000000000000000000000F2
:108E800000000000000000000000000000000000E2
:108E900000000000000000000000000000000000D2
:108EA00000000000000000000000000000000000C2
:108EB00000000000000000000000000000000000B2
:108EC00000000000000000000000000000000000A2
:108ED0000000000000000000000000000000000092
:108EE0000000000000000000000000000000000082
:108EF0000000000000000000000000000000000072
:108F00000000000000000000000000000000000061
:108F10000000000000000000000000000000000051
:108F20000000000000000000000000000000000041
:108F30000000000000000000000000000000000031
:108F40000000000000000000000000000000000021
:108F50000000000000000000000000000000000011
:108F60000000000000000000000000000000000001
:108F700000000000000000000000000000000000F1
:108F800000000000000000000000000000000000E1
:108F900000000000000000000000000000000000D1
:108FA00000000000000000000000000000000000C1
:108FB00000000000000000000000000000000000B1
:108FC00000000000000000000000000000000000A1
:108FD0000000000000000000000000000000000091
:108FE0000000000000000000000000000000000081
:108FF0000000000000000000000000000000000071
:109000000000000000000000000000000000000060
:109010000000000000000000000000000000000050
:109020000000000000000000000000000000000040
:109030000000000000000000000000000000000030
:109040000000000000000000000000000000000020
:109050000000000000000000000000000000000010
:109060000000000000000000000000000000000000
:1090700000000000000000000000000000000000F0
:1090800000000000000000000000000000000000E0
:1090900000000000000000000000000000000000D0
:1090A00000000000000000000000000000000000C0
:1090B00000000000000000000000000000000000B0
:1090C00000000000000000000000000000000000A0
:1090D0000000000000000000000000000000000090
:1090E0000000000000000000000000000000000080
:1090F0000000000000000000000000000000000070
:10910000000000000000000000000000000000005F
:10911000000000000000000000000000000000004F
:10912000000000000000000000000000000000003F
:10913000000000000000000000000000000000002F
:10914000000000000000000000000000000000001F
:10915000000000000000000000000000000000000F
:1091600000000000000000000000000000000000FF
:1091700000000000000000000000000000000000EF
:1091800000000000000000000000000000000000DF
:1091900000000000000000000000000000000000CF
:1091A00000000000000000000000000000000000BF
:1091B00000000000000000000000000000000000AF
:1091C000000000000000000000000000000000009F
:1091D000000000000000000000000000000000008F
:1091E000000000000000000000000000000000007F
:1091F000000000000000000000000000000000006F
:10920000000000000000000000000000000000005E
:10921000000000000000000000000000000000004E
:10922000000000000000000000000000000000003E
:10923000000000000000000000000000000000002E
:10924000000000000000000000000000000000001E
:10925000000000000000000000000000000000000E
:1092600000000000000000000000000000000000FE
:1092700000000000000000000000000000000000EE
:1092800000000000000000000000000000000000DE
:1092900000000000000000000000000000000000CE
:1092A00000000000000000000000000000000000BE
:1092B00000000000000000000000000000000000AE
:1092C000000000000000000000000000000000009E
:1092D000000000000000000000000000000000008E
:1092E000000000000000000000000000000000007E
:1092F000000000000000000000000000000000006E
:10930000000000000000000000000000000000005D
:10931000000000000000000000000000000000004D
:10932000000000000000000000000000000000003D
:10933000000000000000000000000000000000002D
:10934000000000000000000000000000000000001D
:10935000000000000000000000000000000000000D
:1093600000000000000000000000000000000000FD
:1093700000000000000000000000000000000000ED
:1093800000000000000000000000000000000000DD
:1093900000000000000000000000000000000000CD
:1093A00000000000000000000000000000000000BD
:1093B00000000000000000000000000000000000AD
:1093C000000000000000000000000000000000009D
:1093D000000000000000000000000000000000008D
:1093E000000000000000000000000000000000007D
:1093F000000000000000000000000000000000006D
:10940000000000000000000000000000000000005C
:10941000000000000000000000000000000000004C
:10942000000000000000000000000000000000003C
:10943000000000000000000000000000000000002C
:10944000000000000000000000000000000000001C
:10945000000000000000000000000000000000000C
:1094600000000000000000000000000000000000FC
:1094700000000000000000000000000000000000EC
:1094800000000000000000000000000000000000DC
:1094900000000000000000000000000000000000CC
:1094A00000000000000000000000000000000000BC
:1094B00000000000000000000000000000000000AC
:1094C000000000000000000000000000000000009C
:1094D000000000000000000000000000000000008C
:1094E000000000000000000000000000000000007C
:1094F000000000000000000000000000000000006C
:10950000000000000000000000000000000000005B
:10951000000000000000000000000000000000004B
:10952000000000000000000000000000000000003B
:10953000000000000000000000000000000000002B
:10954000000000000000000000000000000000001B
:10955000000000000000000000000000000000000B
:1095600000000000000000000000000000000000FB
:1095700000000000000000000000000000000000EB
:1095800000000000000000000000000000000000DB
:1095900000000000000000000000000000000000CB
:1095A00000000000000000000000000000000000BB
:1095B00000000000000000000000000000000000AB
:1095C000000000000000000000000000000000009B
:1095D000000000000000000000000000000000008B
:1095E000000000000000000000000000000000007B
:1095F000000000000000000000000000000000006B
:10960000000000000000000000000000000000005A
:10961000000000000000000000000000000000004A
:10962000000000000000000000000000000000003A
:10963000000000000000000000000000000000002A
:10964000000000000000000000000000000000001A
:10965000000000000000000000000000000000000A
:1096600000000000000000000000000000000000FA
:1096700000000000000000000000000000000000EA
:1096800000000000000000000000000000000000DA
:1096900000000000000000000000000000000000CA
:1096A00000000000000000000000000000000000BA
:1096B00000000000000000000000000000000000AA
:1096C000000000000000000000000000000000009A
:1096D000000000000000000000000000000000008A
:1096E000000000000000000000000000000000007A
:1096F000000000000000000000000000000000006A
:109700000000000000000000000000000000000059
:109710000000000000000000000000000000000049
:109720000000000000000000000000000000000039
:109730000000000000000000000000000000000029
:109740000000000000000000000000000000000019
:109750000000000000000000000000000000000009
:1097600000000000000000000000000000000000F9
:1097700000000000000000000000000000000000E9
:1097800000000000000000000000000000000000D9
:1097900000000000000000000000000000000000C9
:1097A00000000000000000000000000000000000B9
:1097B00000000000000000000000000000000000A9
:1097C0000000000000000000000000000000000099
:1097D0000000000000000000000000000000000089
:1097E0000000000000000000000000000000000079
:1097F0000000000000000000000000000000000069
:109800000000000000000000000000000000000058
:109810000000000000000000000000000000000048
:109820000000000000000000000000000000000038
:109830000000000000000000000000000000000028
:109840000000000000000000000000000000000018
:109850000000000000000000000000000000000008
:1098600000000000000000000000000000000000F8
:1098700000000000000000000000000000000000E8
:1098800000000000000000000000000000000000D8
:1098900000000000000000000000000000000000C8
:1098A00000000000000000000000000000000000B8
:1098B00000000000000000000000000000000000A8
:1098C0000000000000000000000000000000000098
:1098D0000000000000000000000000000000000088
:1098E0000000000000000000000000000000000078
:1098F0000000000000000000000000000000000068
:109900000000000000000000000000000000000057
:109910000000000000000000000000000000000047
:109920000000000000000000000000000000000037
:109930000000000000000000000000000000000027
:109940000000000000000000000000000000000017
:109950000000000000000000000000000000000007
:1099600000000000000000000000000000000000F7
:1099700000000000000000000000000000000000E7
:1099800000000000000000000000000000000000D7
:1099900000000000000000000000000000000000C7
:1099A00000000000000000000000000000000000B7
:1099B00000000000000000000000000000000000A7
:1099C0000000000000000000000000000000000097
:1099D0000000000000000000000000000000000087
:1099E0000000000000000000000000000000000077
:1099F0000000000000000000000000000000000067
:109A00000000000000000000000000000000000056
:109A10000000000000000000000000000000000046
:109A20000000000000000000000000000000000036
:109A30000000000000000000000000000000000026
:109A40000000000000000000000000000000000016
:109A50000000000000000000000000000000000006
:109A600000000000000000000000000000000000F6
:109A700000000000000000000000000000000000E6
:109A800000000000000000000000000000000000D6
:109A900000000000000000000000000000000000C6
:109AA00000000000000000000000000000000000B6
:109AB00000000000000000000000000000000000A6
:109AC0000000000000000000000000000000000096
:109AD0000000000000000000000000000000000086
:109AE0000000000000000000000000000000000076
:109AF0000000000000000000000000000000000066
:109B00000000000000000000000000000000000055
:109B10000000000000000000000000000000000045
:109B20000000000000000000000000000000000035
:109B30000000000000000000000000000000000025
:109B40000000000000000000000000000000000015
:109B50000000000000000000000000000000000005
:109B600000000000000000000000000000000000F5
:109B700000000000000000000000000000000000E5
:109B800000000000000000000000000000000000D5
:109B900000000000000000000000000000000000C5
:109BA00000000000000000000000000000000000B5
:109BB00000000000000000000000000000000000A5
:109BC0000000000000000000000000000000000095
:109BD0000000000000000000000000000000000085
:109BE0000000000000000000000000000000000075
:109BF0000000000000000000000000000000000065
:109C00000000000000000000000000000000000054
:109C10000000000000000000000000000000000044
:109C20000000000000000000000000000000000034
:109C30000000000000000000000000000000000024
:109C40000000000000000000000000000000000014
:109C50000000000000000000000000000000000004
:109C600000000000000000000000000000000000F4
:109C700000000000000000000000000000000000E4
:109C800000000000000000000000000000000000D4
:109C900000000000000000000000000000000000C4
:109CA00000000000000000000000000000000000B4
:109CB00000000000000000000000000000000000A4
:109CC0000000000000000000000000000000000094
:109CD0000000000000000000000000000000000084
:109CE0000000000000000000000000000000000074
:109CF0000000000000000000000000000000000064
:109D00000000000000000000000000000000000053
:109D10000000000000000000000000000000000043
:109D20000000000000000000000000000000000033
:109D30000000000000000000000000000000000023
:109D40000000000000000000000000000000000013
:109D50000000000000000000000000000000000003
:109D600000000000000000000000000000000000F3
:109D700000000000000000000000000000000000E3
:109D800000000000000000000000000000000000D3
:109D900000000000000000000000000000000000C3
:109DA00000000000000000000000000000000000B3
:109DB00000000000000000000000000000000000A3
:109DC0000000000000000000000000000000000093
:109DD0000000000000000000000000000000000083
:109DE0000000000000000000000000000000000073
:109DF0000000000000000000000000000000000063
:109E00000000000000000000000000000000000052
:109E10000000000000000000000000000000000042
:109E20000000000000000000000000000000000032
:109E30000000000000000000000000000000000022
:109E40000000000000000000000000000000000012
:109E50000000000000000000000000000000000002
:109E600000000000000000000000000000000000F2
:109E700000000000000000000000000000000000E2
:109E800000000000000000000000000000000000D2
:109E900000000000000000000000000000000000C2
:109EA00000000000000000000000000000000000B2
:109EB00000000000000000000000000000000000A2
:109EC0000000000000000000000000000000000092
:109ED0000000000000000000000000000000000082
:109EE0000000000000000000000000000000000072
:109EF0000000000000000000000000000000000062
:109F00000000000000000000000000000000000051
:109F10000000000000000000000000000000000041
:109F20000000000000000000000000000000000031
:109F30000000000000000000000000000000000021
:109F40000000000000000000000000000000000011
:109F50000000000000000000000000000000000001
:109F600000000000000000000000000000000000F1
:109F700000000000000000000000000000000000E1
:109F800000000000000000000000000000000000D1
:109F900000000000000000000000000000000000C1
:109FA00000000000000000000000000000000000B1
:109FB00000000000000000000000000000000000A1
:109FC0000000000000000000000000000000000091
:109FD0000000000000000000000000000000000081
:109FE0000000000000000000000000000000000071
:109FF0000000000000000000000000000000000061
:10A000000000000000000000000000000000000050
:10A010000000000000000000000000000000000040
:10A020000000000000000000000000000000000030
:10A030000000000000000000000000000000000020
:10A040000000000000000000000000000000000010
:10A050000000000000000000000000000000000000
:10A0600000000000000000000000000000000000F0
:10A0700000000000000000000000000000000000E0
:10A0800000000000000000000000000000000000D0
:10A0900000000000000000000000000000000000C0
:10A0A00000000000000000000000000000000000B0
:10A0B00000000000000000000000000000000000A0
:10A0C0000000000000000000000000000000000090
:10A0D0000000000000000000000000000000000080
:10A0E0000000000000000000000000000000000070
:10A0F0000000000000000000000000000000000060
:10A10000000000000000000000000000000000004F
:10A11000000000000000000000000000000000003F
:10A12000000000000000000000000000000000002F
:10A13000000000000000000000000000000000001F
:10A14000000000000000000000000000000000000F
:10A1500000000000000000000000000000000000FF
:10A1600000000000000000000000000000000000EF
:10A1700000000000000000000000000000000000DF
:10A1800000000000000000000000000000000000CF
:10A1900000000000000000000000000000000000BF
:10A1A00000000000000000000000000000000000AF
:10A1B000000000000000000000000000000000009F
:10A1C000000000000000000000000000000000008F
:10A1D000000000000000000000000000000000007F
:10A1E000000000000000000000000000000000006F
:10A1F000000000000000000000000000000000005F
:10A20000000000000000000000000000000000004E
:10A21000000000000000000000000000000000003E
:10A22000000000000000000000000000000000002E
:10A23000000000000000000000000000000000001E
:10A24000000000000000000000000000000000000E
:10A2500000000000000000000000000000000000FE
:10A2600000000000000000000000000000000000EE
:10A2700000000000000000000000000000000000DE
:10A2800000000000000000000000000000000000CE
:10A2900000000000000000000000000000000000BE
:10A2A00000000000000000000000000000000000AE
:10A2B000000000000000000000000000000000009E
:10A2C000000000000000000000000000000000008E
:10A2D000000000000000000000000000000000007E
:10A2E000000000000000000000000000000000006E
:10A2F000000000000000000000000000000000005E
:10A30000000000000000000000000000000000004D
:10A31000000000000000000000000000000000003D
:10A32000000000000000000000000000000000002D
:10A33000000000000000000000000000000000001D
:10A34000000000000000000000000000000000000D
:10A3500000000000000000000000000000000000FD
:10A3600000000000000000000000000000000000ED
:10A3700000000000000000000000000000000000DD
:10A3800000000000000000000000000000000000CD
:10A3900000000000000000000000000000000000BD
:10A3A00000000000000000000000000000000000AD
:10A3B000000000000000000000000000000000009D
:10A3C000000000000000000000000000000000008D
:10A3D000000000000000000000000000000000007D
:10A3E000000000000000000000000000000000006D
:10A3F000000000000000000000000000000000005D
:10A40000000000000000000000000000000000004C
:10A41000000000000000000000000000000000003C
:10A42000000000000000000000000000000000002C
:10A43000000000000000000000000000000000001C
:10A44000000000000000000000000000000000000C
:10A4500000000000000000000000000000000000FC
:10A4600000000000000000000000000000000000EC
:10A4700000000000000000000000000000000000DC
:10A4800000000000000000000000000000000000CC
:10A4900000000000000000000000000000000000BC
:10A4A00000000000000000000000000000000000AC
:10A4B000000000000000000000000000000000009C
:10A4C000000000000000000000000000000000008C
:10A4D000000000000000000000000000000000007C
:10A4E000000000000000000000000000000000006C
:10A4F000000000000000000000000000000000005C
:10A50000000000000000000000000000000000004B
:10A51000000000000000000000000000000000003B
:10A52000000000000000000000000000000000002B
:10A53000000000000000000000000000000000001B
:10A54000000000000000000000000000000000000B
:10A5500000000000000000000000000000000000FB
:10A5600000000000000000000000000000000000EB
:10A5700000000000000000000000000000000000DB
:10A5800000000000000000000000000000000000CB
:10A5900000000000000000000000000000000000BB
:10A5A00000000000000000000000000000000000AB
:10A5B000000000000000000000000000000000009B
:10A5C000000000000000000000000000000000008B
:10A5D000000000000000000000000000000000007B
:10A5E000000000000000000000000000000000006B
:10A5F000000000000000000000000000000000005B
:10A60000000000000000000000000000000000004A
:10A61000000000000000000000000000000000003A
:10A62000000000000000000000000000000000002A
:10A63000000000000000000000000000000000001A
:10A64000000000000000000000000000000000000A
:10A6500000000000000000000000000000000000FA
:10A6600000000000000000000000000000000000EA
:10A6700000000000000000000000000000000000DA
:10A6800000000000000000000000000000000000CA
:10A6900000000000000000000000000000000000BA
:10A6A00000000000000000000000000000000000AA
:10A6B000000000000000000000000000000000009A
:10A6C000000000000000000000000000000000008A
:10A6D000000000000000000000000000000000007A
:10A6E000000000000000000000000000000000006A
:10A6F000000000000000000000000000000000005A
:10A700000000000000000000000000000000000049
:10A710000000000000000000000000000000000039
:10A720000000000000000000000000000000000029
:10A730000000000000000000000000000000000019
:10A740000000000000000000000000000000000009
:10A7500000000000000000000000000000000000F9
:10A7600000000000000000000000000000000000E9
:10A7700000000000000000000000000000000000D9
:10A7800000000000000000000000000000000000C9
:10A7900000000000000000000000000000000000B9
:10A7A00000000000000000000000000000000000A9
:10A7B0000000000000000000000000000000000099
:10A7C0000000000000000000000000000000000089
:10A7D0000000000000000000000000000000000079
:10A7E0000000000000000000000000000000000069
:10A7F0000000000000000000000000000000000059
:10A800000000000000000000000000000000000048
:10A810000000000000000000000000000000000038
:10A820000000000000000000000000000000000028
:10A830000000000000000000000000000000000018
:10A840000000000000000000000000000000000008
:10A8500000000000000000000000000000000000F8
:10A8600000000000000000000000000000000000E8
:10A8700000000000000000000000000000000000D8
:10A8800000000000000000000000000000000000C8
:10A8900000000000000000000000000000000000B8
:10A8A00000000000000000000000000000000000A8
:10A8B0000000000000000000000000000000000098
:10A8C0000000000000000000000000000000000088
:10A8D0000000000000000000000000000000000078
:10A8E0000000000000000000000000000000000068
:10A8F0000000000000000000000000000000000058
:10A900000000000000000000000000000000000047
:10A910000000000000000000000000000000000037
:10A920000000000000000000000000000000000027
:10A930000000000000000000000000000000000017
:10A940000000000000000000000000000000000007
:10A9500000000000000000000000000000000000F7
:10A9600000000000000000000000000000000000E7
:10A9700000000000000000000000000000000000D7
:10A9800000000000000000000000000000000000C7
:10A9900000000000000000000000000000000000B7
:10A9A00000000000000000000000000000000000A7
:10A9B0000000000000000000000000000000000097
:10A9C0000000000000000000000000000000000087
:10A9D0000000000000000000000000000000000077
:10A9E0000000000000000000000000000000000067
:10A9F0000000000000000000000000000000000057
:10AA00000000000000000000000000000000000046
:10AA10000000000000000000000000000000000036
:10AA20000000000000000000000000000000000026
:10AA30000000000000000000000000000000000016
:10AA40000000000000000000000000000000000006
:10AA500000000000000000000000000000000000F6
:10AA600000000000000000000000000000000000E6
:10AA700000000000000000000000000000000000D6
:10AA800000000000000000000000000000000000C6
:10AA900000000000000000000000000000000000B6
:10AAA00000000000000000000000000000000000A6
:10AAB0000000000000000000000000000000000096
:10AAC0000000000000000000000000000000000086
:10AAD0000000000000000000000000000000000076
:10AAE0000000000000000000000000000000000066
:10AAF0000000000000000000000000000000000056
:10AB00000000000000000000000000000000000045
:10AB10000000000000000000000000000000000035
:10AB20000000000000000000000000000000000025
:10AB30000000000000000000000000000000000015
:10AB40000000000000000000000000000000000005
:10AB500000000000000000000000000000000000F5
:10AB600000000000000000000000000000000000E5
:10AB700000000000000000000000000000000000D5
:10AB800000000000000000000000000000000000C5
:10AB900000000000000000000000000000000000B5
:10ABA00000000000000000000000000000000000A5
:10ABB0000000000000000000000000000000000095
:10ABC0000000000000000000000000000000000085
:10ABD0000000000000000000000000000000000075
:10ABE0000000000000000000000000000000000065
:10ABF0000000000000000000000000000000000055
:10AC00000000000000000000000000000000000044
:10AC10000000000000000000000000000000000034
:10AC20000000000000000000000000000000000024
:10AC30000000000000000000000000000000000014
:10AC40000000000000000000000000000000000004
:10AC500000000000000000000000000000000000F4
:10AC600000000000000000000000000000000000E4
:10AC700000000000000000000000000000000000D4
:10AC800000000000000000000000000000000000C4
:10AC900000000000000000000000000000000000B4
:10ACA00000000000000000000000000000000000A4
:10ACB0000000000000000000000000000000000094
:10ACC0000000000000000000000000000000000084
:10ACD0000000000000000000000000000000000074
:10ACE0000000000000000000000000000000000064
:10ACF0000000000000000000000000000000000054
:10AD00000000000000000000000000000000000043
:10AD10000000000000000000000000000000000033
:10AD20000000000000000000000000000000000023
:10AD30000000000000000000000000000000000013
:10AD40000000000000000000000000000000000003
:10AD500000000000000000000000000000000000F3
:10AD600000000000000000000000000000000000E3
:10AD700000000000000000000000000000000000D3
:10AD800000000000000000000000000000000000C3
:10AD900000000000000000000000000000000000B3
:10ADA00000000000000000000000000000000000A3
:10ADB0000000000000000000000000000000000093
:10ADC0000000000000000000000000000000000083
:10ADD0000000000000000000000000000000000073
:10ADE0000000000000000000000000000000000063
:10ADF0000000000000000000000000000000000053
:10AE00000000000000000000000000000000000042
:10AE10000000000000000000000000000000000032
:10AE20000000000000000000000000000000000022
:10AE30000000000000000000000000000000000012
:10AE40000000000000000000000000000000000002
:10AE500000000000000000000000000000000000F2
:10AE600000000000000000000000000000000000E2
:10AE700000000000000000000000000000000000D2
:10AE800000000000000000000000000000000000C2
:10AE900000000000000000000000000000000000B2
:10AEA00000000000000000000000000000000000A2
:10AEB0000000000000000000000000000000000092
:10AEC0000000000000000000000000000000000082
:10AED0000000000000000000000000000000000072
:10AEE0000000000000000000000000000000000062
:10AEF0000000000000000000000000000000000052
:10AF00000000000000000000000000000000000041
:10AF10000000000000000000000000000000000031
:10AF20000000000000000000000000000000000021
:10AF30000000000000000000000000000000000011
:10AF40000000000000000000000000000000000001
:10AF500000000000000000000000000000000000F1
:10AF600000000000000000000000000000000000E1
:10AF700000000000000000000000000000000000D1
:10AF800000000000000000000000000000000000C1
:10AF900000000000000000000000000000000000B1
:10AFA00000000000000000000000000000000000A1
:10AFB0000000000000000000000000000000000091
:10AFC0000000000000000000000000000000000081
:10AFD0000000000000000000000000000000000071
:10AFE0000000000000000000000000000000000061
:10AFF0000000000000000000000000000000000051
:10B000000000000000000000000000000000000040
:10B010000000000000000000000000000000000030
:10B020000000000000000000000000000000000020
:10B030000000000000000000000000000000000010
:10B040000000000000000000000000000000000000
:10B0500000000000000000000000000000000000F0
:10B0600000000000000000000000000000000000E0
:10B0700000000000000000000000000000000000D0
:10B0800000000000000000000000000000000000C0
:10B0900000000000000000000000000000000000B0
:10B0A00000000000000000000000000000000000A0
:10B0B0000000000000000000000000000000000090
:10B0C0000000000000000000000000000000000080
:10B0D0000000000000000000000000000000000070
:10B0E0000000000000000000000000000000000060
:10B0F0000000000000000000000000000000000050
:10B10000000000000000000000000000000000003F
:10B11000000000000000000000000000000000002F
:10B12000000000000000000000000000000000001F
:10B13000000000000000000000000000000000000F
:10B1400000000000000000000000000000000000FF
:10B1500000000000000000000000000000000000EF
:10B1600000000000000000000000000000000000DF
:10B1700000000000000000000000000000000000CF
:10B1800000000000000000000000000000000000BF
:10B1900000000000000000000000000000000000AF
:10B1A000000000000000000000000000000000009F
:10B1B000000000000000000000000000000000008F
:10B1C000000000000000000000000000000000007F
:10B1D000000000000000000000000000000000006F
:10B1E000000000000000000000000000000000005F
:10B1F000000000000000000000000000000000004F
:10B20000000000000000000000000000000000003E
:10B21000000000000000000000000000000000002E
:10B22000000000000000000000000000000000001E
:10B23000000000000000000000000000000000000E
:10B2400000000000000000000000000000000000FE
:10B2500000000000000000000000000000000000EE
:10B2600000000000000000000000000000000000DE
:10B2700000000000000000000000000000000000CE
:10B2800000000000000000000000000000000000BE
:10B2900000000000000000000000000000000000AE
:10B2A000000000000000000000000000000000009E
:10B2B000000000000000000000000000000000008E
:10B2C000000000000000000000000000000000007E
:10B2D000000000000000000000000000000000006E
:10B2E000000000000000000000000000000000005E
:10B2F000000000000000000000000000000000004E
:10B30000000000000000000000000000000000003D
:10B31000000000000000000000000000000000002D
:10B32000000000000000000000000000000000001D
:10B33000000000000000000000000000000000000D
:10B3400000000000000000000000000000000000FD
:10B3500000000000000000000000000000000000ED
:10B3600000000000000000000000000000000000DD
:10B3700000000000000000000000000000000000CD
:10B3800000000000000000000000000000000000BD
:10B3900000000000000000000000000000000000AD
:10B3A000000000000000000000000000000000009D
:10B3B000000000000000000000000000000000008D
:10B3C000000000000000000000000000000000007D
:10B3D000000000000000000000000000000000006D
:10B3E000000000000000000000000000000000005D
:10B3F000000000000000000000000000000000004D
:10B40000000000000000000000000000000000003C
:10B41000000000000000000000000000000000002C
:10B42000000000000000000000000000000000001C
:10B43000000000000000000000000000000000000C
:10B4400000000000000000000000000000000000FC
:10B4500000000000000000000000000000000000EC
:10B4600000000000000000000000000000000000DC
:10B4700000000000000000000000000000000000CC
:10B4800000000000000000000000000000000000BC
:10B4900000000000000000000000000000000000AC
:10B4A000000000000000000000000000000000009C
:10B4B000000000000000000000000000000000008C
:10B4C000000000000000000000000000000000007C
:10B4D000000000000000000000000000000000006C
:10B4E000000000000000000000000000000000005C
:10B4F000000000000000000000000000000000004C
:10B50000000000000000000000000000000000003B
:10B51000000000000000000000000000000000002B
:10B52000000000000000000000000000000000001B
:10B53000000000000000000000000000000000000B
:10B5400000000000000000000000000000000000FB
:10B5500000000000000000000000000000000000EB
:10B5600000000000000000000000000000000000DB
:10B5700000000000000000000000000000000000CB
:10B5800000000000000000000000000000000000BB
:10B5900000000000000000000000000000000000AB
:10B5A000000000000000000000000000000000009B
:10B5B000000000000000000000000000000000008B
:10B5C000000000000000000000000000000000007B
:10B5D000000000000000000000000000000000006B
:10B5E000000000000000000000000000000000005B
:10B5F000000000000000000000000000000000004B
:10B60000000000000000000000000000000000003A
:10B61000000000000000000000000000000000002A
:10B62000000000000000000000000000000000001A
:10B63000000000000000000000000000000000000A
:10B6400000000000000000000000000000000000FA
:10B6500000000000000000000000000000000000EA
:10B6600000000000000000000000000000000000DA
:10B6700000000000000000000000000000000000CA
:10B6800000000000000000000000000000000000BA
:10B6900000000000000000000000000000000000AA
:10B6A000000000000000000000000000000000009A
:10B6B000000000000000000000000000000000008A
:10B6C000000000000000000000000000000000007A
:10B6D000000000000000000000000000000000006A
:10B6E000000000000000000000000000000000005A
:10B6F000000000000000000000000000000000004A
:10B700000000000000000000000000000000000039
:10B710000000000000000000000000000000000029
:10B720000000000000000000000000000000000019
:10B730000000000000000000000000000000000009
:10B7400000000000000000000000000000000000F9
:10B7500000000000000000000000000000000000E9
:10B7600000000000000000000000000000000000D9
:10B7700000000000000000000000000000000000C9
:10B7800000000000000000000000000000000000B9
:10B7900000000000000000000000000000000000A9
:10B7A0000000000000000000000000000000000099
:10B7B0000000000000000000000000000000000089
:10B7C0000000000000000000000000000000000079
:10B7D0000000000000000000000000000000000069
:10B7E0000000000000000000000000000000000059
:10B7F0000000000000000000000000000000000049
:10B800000000000000000000000000000000000038
:10B810000000000000000000000000000000000028
:10B820000000000000000000000000000000000018
:10B830000000000000000000000000000000000008
:10B8400000000000000000000000000000000000F8
:10B8500000000000000000000000000000000000E8
:10B8600000000000000000000000000000000000D8
:10B8700000000000000000000000000000000000C8
:10B8800000000000000000000000000000000000B8
:10B8900000000000000000000000000000000000A8
:10B8A0000000000000000000000000000000000098
:10B8B0000000000000000000000000000000000088
:10B8C0000000000000000000000000000000000078
:10B8D0000000000000000000000000000000000068
:10B8E0000000000000000000000000000000000058
:10B8F0000000000000000000000000000000000048
:10B900000000000000000000000000000000000037
:10B910000000000000000000000000000000000027
:10B920000000000000000000000000000000000017
:10B930000000000000000000000000000000000007
:10B9400000000000000000000000000000000000F7
:10B9500000000000000000000000000000000000E7
:10B9600000000000000000000000000000000000D7
:10B9700000000000000000000000000000000000C7
:10B9800000000000000000000000000000000000B7
:10B9900000000000000000000000000000000000A7
:10B9A0000000000000000000000000000000000097
:10B9B0000000000000000000000000000000000087
:10B9C0000000000000000000000000000000000077
:10B9D0000000000000000000000000000000000067
:10B9E0000000000000000000000000000000000057
:10B9F0000000000000000000000000000000000047
:10BA00000000000000000000000000000000000036
:10BA10000000000000000000000000000000000026
:10BA20000000000000000000000000000000000016
:10BA30000000000000000000000000000000000006
:10BA400000000000000000000000000000000000F6
:10BA500000000000000000000000000000000000E6
:10BA600000000000000000000000000000000000D6
:10BA700000000000000000000000000000000000C6
:10BA800000000000000000000000000000000000B6
:10BA900000000000000000000000000000000000A6
:10BAA0000000000000000000000000000000000096
:10BAB0000000000000000000000000000000000086
:10BAC0000000000000000000000000000000000076
:10BAD0000000000000000000000000000000000066
:10BAE0000000000000000000000000000000000056
:10BAF0000000000000000000000000000000000046
:10BB00000000000000000000000000000000000035
:10BB10000000000000000000000000000000000025
:10BB20000000000000000000000000000000000015
:10BB30000000000000000000000000000000000005
:10BB400000000000000000000000000000000000F5
:10BB500000000000000000000000000000000000E5
:10BB600000000000000000000000000000000000D5
:10BB700000000000000000000000000000000000C5
:10BB800000000000000000000000000000000000B5
:10BB900000000000000000000000000000000000A5
:10BBA0000000000000000000000000000000000095
:10BBB0000000000000000000000000000000000085
:10BBC0000000000000000000000000000000000075
:10BBD0000000000000000000000000000000000065
:10BBE0000000000000000000000000000000000055
:10BBF0000000000000000000000000000000000045
:10BC00000000000000000000000000000000000034
:10BC10000000000000000000000000000000000024
:10BC20000000000000000000000000000000000014
:10BC30000000000000000000000000000000000004
:10BC400000000000000000000000000000000000F4
:10BC500000000000000000000000000000000000E4
:10BC600000000000000000000000000000000000D4
:10BC700000000000000000000000000000000000C4
:10BC800000000000000000000000000000000000B4
:10BC900000000000000000000000000000000000A4
:10BCA0000000000000000000000000000000000094
:10BCB0000000000000000000000000000000000084
:10BCC0000000000000000000000000000000000074
:10BCD0000000000000000000000000000000000064
:10BCE0000000000000000000000000000000000054
:10BCF0000000000000000000000000000000000044
:10BD00000000000000000000000000000000000033
:10BD10000000000000000000000000000000000023
:10BD20000000000000000000000000000000000013
:10BD30000000000000000000000000000000000003
:10BD400000000000000000000000000000000000F3
:10BD500000000000000000000000000000000000E3
:10BD600000000000000000000000000000000000D3
:10BD700000000000000000000000000000000000C3
:10BD800000000000000000000000000000000000B3
:10BD900000000000000000000000000000000000A3
:10BDA0000000000000000000000000000000000093
:10BDB0000000000000000000000000000000000083
:10BDC0000000000000000000000000000000000073
:10BDD0000000000000000000000000000000000063
:10BDE0000000000000000000000000000000000053
:10BDF0000000000000000000000000000000000043
:10BE00000000000000000000000000000000000032
:10BE10000000000000000000000000000000000022
:10BE20000000000000000000000000000000000012
:10BE30000000000000000000000000000000000002
:10BE400000000000000000000000000000000000F2
:10BE500000000000000000000000000000000000E2
:10BE600000000000000000000000000000000000D2
:10BE700000000000000000000000000000000000C2
:10BE800000000000000000000000000000000000B2
:10BE900000000000000000000000000000000000A2
:10BEA0000000000000000000000000000000000092
:10BEB0000000000000000000000000000000000082
:10BEC0000000000000000000000000000000000072
:10BED0000000000000000000000000000000000062
:10BEE0000000000000000000000000000000000052
:10BEF0000000000000000000000000000000000042
:10BF00000000000000000000000000000000000031
:10BF10000000000000000000000000000000000021
:10BF20000000000000000000000000000000000011
:10BF30000000000000000000000000000000000001
:10BF400000000000000000000000000000000000F1
:10BF500000000000000000000000000000000000E1
:10BF600000000000000000000000000000000000D1
:10BF700000000000000000000000000000000000C1
:10BF800000000000000000000000000000000000B1
:10BF900000000000000000000000000000000000A1
:10BFA0000000000000000000000000000000000091
:10BFB0000000000000000000000000000000000081
:10BFC0000000000000000000000000000000000071
:10BFD0000000000000000000000000000000000061
:10BFE0000000000000000000000000000000000051
:10BFF0000000000000000000000000000000000041
:10C000000000000000000000000000000000000030
:10C010000000000000000000000000000000000020
:10C020000000000000000000000000000000000010
:10C030000000000000000000000000000000000000
:10C0400000000000000000000000000000000000F0
:10C0500000000000000000000000000000000000E0
:10C0600000000000000000000000000000000000D0
:10C0700000000000000000000000000000000000C0
:10C0800000000000000000000000000000000000B0
:10C0900000000000000000000000000000000000A0
:10C0A0000000000000000000000000000000000090
:10C0B0000000000000000000000000000000000080
:10C0C0000000000000000000000000000000000070
:10C0D0000000000000000000000000000000000060
:10C0E0000000000000000000000000000000000050
:10C0F0000000000000000000000000000000000040
:10C10000000000000000000000000000000000002F
:10C11000000000000000000000000000000000001F
:10C12000000000000000000000000000000000000F
:10C1300000000000000000000000000000000000FF
:10C1400000000000000000000000000000000000EF
:10C1500000000000000000000000000000000000DF
:10C1600000000000000000000000000000000000CF
:10C1700000000000000000000000000000000000BF
:10C1800000000000000000000000000000000000AF
:10C19000000000000000000000000000000000009F
:10C1A000000000000000000000000000000000008F
:10C1B000000000000000000000000000000000007F
:10C1C000000000000000000000000000000000006F
:10C1D000000000000000000000000000000000005F
:10C1E000000000000000000000000000000000004F
:10C1F000000000000000000000000000000000003F
:10C20000000000000000000000000000000000002E
:10C21000000000000000000000000000000000001E
:10C22000000000000000000000000000000000000E
:10C2300000000000000000000000000000000000FE
:10C2400000000000000000000000000000000000EE
:10C2500000000000000000000000000000000000DE
:10C2600000000000000000000000000000000000CE
:10C2700000000000000000000000000000000000BE
:10C2800000000000000000000000000000000000AE
:10C29000000000000000000000000000000000009E
:10C2A000000000000000000000000000000000008E
:10C2B000000000000000000000000000000000007E
:10C2C000000000000000000000000000000000006E
:10C2D000000000000000000000000000000000005E
:10C2E000000000000000000000000000000000004E
:10C2F000000000000000000000000000000000003E
:10C30000000000000000000000000000000000002D
:10C31000000000000000000000000000000000001D
:10C32000000000000000000000000000000000000D
:10C3300000000000000000000000000000000000FD
:10C3400000000000000000000000000000000000ED
:10C3500000000000000000000000000000000000DD
:10C3600000000000000000000000000000000000CD
:10C3700000000000000000000000000000000000BD
:10C3800000000000000000000000000000000000AD
:10C39000000000000000000000000000000000009D
:10C3A000000000000000000000000000000000008D
:10C3B000000000000000000000000000000000007D
:10C3C000000000000000000000000000000000006D
:10C3D000000000000000000000000000000000005D
:10C3E000000000000000000000000000000000004D
:10C3F000000000000000000000000000000000003D
:10C40000000000000000000000000000000000002C
:10C41000000000000000000000000000000000001C
:10C42000000000000000000000000000000000000C
:10C4300000000000000000000000000000000000FC
:10C4400000000000000000000000000000000000EC
:10C4500000000000000000000000000000000000DC
:10C4600000000000000000000000000000000000CC
:10C4700000000000000000000000000000000000BC
:10C4800000000000000000000000000000000000AC
:10C49000000000000000000000000000000000009C
:10C4A000000000000000000000000000000000008C
:10C4B000000000000000000000000000000000007C
:10C4C000000000000000000000000000000000006C
:10C4D000000000000000000000000000000000005C
:10C4E000000000000000000000000000000000004C
:10C4F000000000000000000000000000000000003C
:10C50000000000000000000000000000000000002B
:10C51000000000000000000000000000000000001B
:10C52000000000000000000000000000000000000B
:10C5300000000000000000000000000000000000FB
:10C5400000000000000000000000000000000000EB
:10C5500000000000000000000000000000000000DB
:10C5600000000000000000000000000000000000CB
:10C5700000000000000000000000000000000000BB
:10C5800000000000000000000000000000000000AB
:10C59000000000000000000000000000000000009B
:10C5A000000000000000000000000000000000008B
:10C5B000000000000000000000000000000000007B
:10C5C000000000000000000000000000000000006B
:10C5D000000000000000000000000000000000005B
:10C5E000000000000000000000000000000000004B
:10C5F000000000000000000000000000000000003B
:10C60000000000000000000000000000000000002A
:10C61000000000000000000000000000000000001A
:10C62000000000000000000000000000000000000A
:10C6300000000000000000000000000000000000FA
:10C6400000000000000000000000000000000000EA
:10C6500000000000000000000000000000000000DA
:10C6600000000000000000000000000000000000CA
:10C6700000000000000000000000000000000000BA
:10C6800000000000000000000000000000000000AA
:10C69000000000000000000000000000000000009A
:10C6A000000000000000000000000000000000008A
:10C6B000000000000000000000000000000000007A
:10C6C000000000000000000000000000000000006A
:10C6D000000000000000000000000000000000005A
:10C6E000000000000000000000000000000000004A
:10C6F000000000000000000000000000000000003A
:10C700000000000000000000000000000000000029
:10C710000000000000000000000000000000000019
:10C720000000000000000000000000000000000009
:10C7300000000000000000000000000000000000F9
:10C7400000000000000000000000000000000000E9
:10C7500000000000000000000000000000000000D9
:10C7600000000000000000000000000000000000C9
:10C7700000000000000000000000000000000000B9
:10C7800000000000000000000000000000000000A9
:10C790000000000000000000000000000000000099
:10C7A0000000000000000000000000000000000089
:10C7B0000000000000000000000000000000000079
:10C7C0000000000000000000000000000000000069
:10C7D0000000000000000000000000000000000059
:10C7E0000000000000000000000000000000000049
:10C7F0000000000000000000000000000000000039
:10C800000000000000000000000000000000000028
:10C810000000000000000000000000000000000018
:10C820000000000000000000000000000000000008
:10C8300000000000000000000000000000000000F8
:10C8400000000000000000000000000000000000E8
:10C8500000000000000000000000000000000000D8
:10C8600000000000000000000000000000000000C8
:10C8700000000000000000000000000000000000B8
:10C8800000000000000000000000000000000000A8
:10C890000000000000000000000000000000000098
:10C8A0000000000000000000000000000000000088
:10C8B0000000000000000000000000000000000078
:10C8C0000000000000000000000000000000000068
:10C8D0000000000000000000000000000000000058
:10C8E0000000000000000000000000000000000048
:10C8F0000000000000000000000000000000000038
:10C900000000000000000000000000000000000027
:10C910000000000000000000000000000000000017
:10C920000000000000000000000000000000000007
:10C9300000000000000000000000000000000000F7
:10C9400000000000000000000000000000000000E7
:10C9500000000000000000000000000000000000D7
:10C9600000000000000000000000000000000000C7
:10C9700000000000000000000000000000000000B7
:10C9800000000000000000000000000000000000A7
:10C990000000000000000000000000000000000097
:10C9A0000000000000000000000000000000000087
:10C9B0000000000000000000000000000000000077
:10C9C0000000000000000000000000000000000067
:10C9D0000000000000000000000000000000000057
:10C9E0000000000000000000000000000000000047
:10C9F0000000000000000000000000000000000037
:10CA00000000000000000000000000000000000026
:10CA10000000000000000000000000000000000016
:10CA20000000000000000000000000000000000006
:10CA300000000000000000000000000000000000F6
:10CA400000000000000000000000000000000000E6
:10CA500000000000000000000000000000000000D6
:10CA600000000000000000000000000000000000C6
:10CA700000000000000000000000000000000000B6
:10CA800000000000000000000000000000000000A6
:10CA90000000000000000000000000000000000096
:10CAA0000000000000000000000000000000000086
:10CAB0000000000000000000000000000000000076
:10CAC0000000000000000000000000000000000066
:10CAD0000000000000000000000000000000000056
:10CAE0000000000000000000000000000000000046
:10CAF0000000000000000000000000000000000036
:10CB00000000000000000000000000000000000025
:10CB10000000000000000000000000000000000015
:10CB20000000000000000000000000000000000005
:10CB300000000000000000000000000000000000F5
:10CB400000000000000000000000000000000000E5
:10CB500000000000000000000000000000000000D5
:10CB600000000000000000000000000000000000C5
:10CB700000000000000000000000000000000000B5
:10CB800000000000000000000000000000000000A5
:10CB90000000000000000000000000000000000095
:10CBA0000000000000000000000000000000000085
:10CBB0000000000000000000000000000000000075
:10CBC0000000000000000000000000000000000065
:10CBD0000000000000000000000000000000000055
:10CBE0000000000000000000000000000000000045
:10CBF0000000000000000000000000000000000035
:10CC00000000000000000000000000000000000024
:10CC10000000000000000000000000000000000014
:10CC20000000000000000000000000000000000004
:10CC300000000000000000000000000000000000F4
:10CC400000000000000000000000000000000000E4
:10CC500000000000000000000000000000000000D4
:10CC600000000000000000000000000000000000C4
:10CC700000000000000000000000000000000000B4
:10CC800000000000000000000000000000000000A4
:10CC90000000000000000000000000000000000094
:10CCA0000000000000000000000000000000000084
:10CCB0000000000000000000000000000000000074
:10CCC0000000000000000000000000000000000064
:10CCD0000000000000000000000000000000000054
:10CCE0000000000000000000000000000000000044
:10CCF0000000000000000000000000000000000034
:10CD00000000000000000000000000000000000023
:10CD10000000000000000000000000000000000013
:10CD20000000000000000000000000000000000003
:10CD300000000000000000000000000000000000F3
:10CD400000000000000000000000000000000000E3
:10CD500000000000000000000000000000000000D3
:10CD600000000000000000000000000000000000C3
:10CD700000000000000000000000000000000000B3
:10CD800000000000000000000000000000000000A3
:10CD90000000000000000000000000000000000093
:10CDA0000000000000000000000000000000000083
:10CDB0000000000000000000000000000000000073
:10CDC0000000000000000000000000000000000063
:10CDD0000000000000000000000000000000000053
:10CDE0000000000000000000000000000000000043
:10CDF0000000000000000000000000000000000033
:10CE00000000000000000000000000000000000022
:10CE10000000000000000000000000000000000012
:10CE20000000000000000000000000000000000002
:10CE300000000000000000000000000000000000F2
:10CE400000000000000000000000000000000000E2
:10CE500000000000000000000000000000000000D2
:10CE600000000000000000000000000000000000C2
:10CE700000000000000000000000000000000000B2
:10CE800000000000000000000000000000000000A2
:10CE90000000000000000000000000000000000092
:10CEA0000000000000000000000000000000000082
:10CEB0000000000000000000000000000000000072
:10CEC0000000000000000000000000000000000062
:10CED0000000000000000000000000000000000052
:10CEE0000000000000000000000000000000000042
:10CEF0000000000000000000000000000000000032
:10CF00000000000000000000000000000000000021
:10CF10000000000000000000000000000000000011
:10CF20000000000000000000000000000000000001
:10CF300000000000000000000000000000000000F1
:10CF400000000000000000000000000000000000E1
:10CF500000000000000000000000000000000000D1
:10CF600000000000000000000000000000000000C1
:10CF700000000000000000000000000000000000B1
:10CF800000000000000000000000000000000000A1
:10CF90000000000000000000000000000000000091
:10CFA0000000000000000000000000000000000081
:10CFB0000000000000000000000000000000000071
:10CFC0000000000000000000000000000000000061
:10CFD0000000000000000000000000000000000051
:10CFE0000000000000000000000000000000000041
:10CFF0000000000000000000000000000000000031
:10D000000000000000000000000000000000000020
:10D010000000000000000000000000000000000010
:10D020000000000000000000000000000000000000
:10D0300000000000000000000000000000000000F0
:10D0400000000000000000000000000000000000E0
:10D0500000000000000000000000000000000000D0
:10D0600000000000000000000000000000000000C0
:10D0700000000000000000000000000000000000B0
:10D0800000000000000000000000000000000000A0
:10D090000000000000000000000000000000000090
:10D0A0000000000000000000000000000000000080
:10D0B0000000000000000000000000000000000070
:10D0C0000000000000000000000000000000000060
:10D0D0000000000000000000000000000000000050
:10D0E0000000000000000000000000000000000040
:10D0F0000000000000000000000000000000000030
:10D10000000000000000000000000000000000001F
:10D11000000000000000000000000000000000000F
:10D1200000000000000000000000000000000000FF
:10D1300000000000000000000000000000000000EF
:10D1400000000000000000000000000000000000DF
:10D1500000000000000000000000000000000000CF
:10D1600000000000000000000000000000000000BF
:10D1700000000000000000000000000000000000AF
:10D18000000000000000000000000000000000009F
:10D19000000000000000000000000000000000008F
:10D1A000000000000000000000000000000000007F
:10D1B000000000000000000000000000000000006F
:10D1C000000000000000000000000000000000005F
:10D1D000000000000000000000000000000000004F
:10D1E000000000000000000000000000000000003F
:10D1F000000000000000000000000000000000002F
:10D20000000000000000000000000000000000001E
:10D21000000000000000000000000000000000000E
:10D2200000000000000000000000000000000000FE
:10D2300000000000000000000000000000000000EE
:10D2400000000000000000000000000000000000DE
:10D2500000000000000000000000000000000000CE
:10D2600000000000000000000000000000000000BE
:10D2700000000000000000000000000000000000AE
:10D28000000000000000000000000000000000009E
:10D29000000000000000000000000000000000008E
:10D2A000000000000000000000000000000000007E
:10D2B000000000000000000000000000000000006E
:10D2C000000000000000000000000000000000005E
:10D2D000000000000000000000000000000000004E
:10D2E000000000000000000000000000000000003E
:10D2F000000000000000000000000000000000002E
:10D30000000000000000000000000000000000001D
:10D31000000000000000000000000000000000000D
:10D3200000000000000000000000000000000000FD
:10D3300000000000000000000000000000000000ED
:10D3400000000000000000000000000000000000DD
:10D3500000000000000000000000000000000000CD
:10D3600000000000000000000000000000000000BD
:10D3700000000000000000000000000000000000AD
:10D38000000000000000000000000000000000009D
:10D39000000000000000000000000000000000008D
:10D3A000000000000000000000000000000000007D
:10D3B000000000000000000000000000000000006D
:10D3C000000000000000000000000000000000005D
:10D3D000000000000000000000000000000000004D
:10D3E000000000000000000000000000000000003D
:10D3F000000000000000000000000000000000002D
:10D40000000000000000000000000000000000001C
:10D41000000000000000000000000000000000000C
:10D4200000000000000000000000000000000000FC
:10D4300000000000000000000000000000000000EC
:10D4400000000000000000000000000000000000DC
:10D4500000000000000000000000000000000000CC
:10D4600000000000000000000000000000000000BC
:10D4700000000000000000000000000000000000AC
:10D48000000000000000000000000000000000009C
:10D49000000000000000000000000000000000008C
:10D4A000000000000000000000000000000000007C
:10D4B000000000000000000000000000000000006C
:10D4C000000000000000000000000000000000005C
:10D4D000000000000000000000000000000000004C
:10D4E000000000000000000000000000000000003C
:10D4F000000000000000000000000000000000002C
:10D50000000000000000000000000000000000001B
:10D51000000000000000000000000000000000000B
:10D5200000000000000000000000000000000000FB
:10D5300000000000000000000000000000000000EB
:10D5400000000000000000000000000000000000DB
:10D5500000000000000000000000000000000000CB
:10D5600000000000000000000000000000000000BB
:10D5700000000000000000000000000000000000AB
:10D58000000000000000000000000000000000009B
:10D59000000000000000000000000000000000008B
:10D5A000000000000000000000000000000000007B
:10D5B000000000000000000000000000000000006B
:10D5C000000000000000000000000000000000005B
:10D5D000000000000000000000000000000000004B
:10D5E000000000000000000000000000000000003B
:10D5F000000000000000000000000000000000002B
:10D60000000000000000000000000000000000001A
:10D61000000000000000000000000000000000000A
:10D6200000000000000000000000000000000000FA
:10D6300000000000000000000000000000000000EA
:10D6400000000000000000000000000000000000DA
:10D6500000000000000000000000000000000000CA
:10D6600000000000000000000000000000000000BA
:10D6700000000000000000000000000000000000AA
:10D68000000000000000000000000000000000009A
:10D69000000000000000000000000000000000008A
:10D6A000000000000000000000000000000000007A
:10D6B000000000000000000000000000000000006A
:10D6C000000000000000000000000000000000005A
:10D6D000000000000000000000000000000000004A
:10D6E000000000000000000000000000000000003A
:10D6F000000000000000000000000000000000002A
:10D700000000000000000000000000000000000019
:10D710000000000000000000000000000000000009
:10D7200000000000000000000000000000000000F9
:10D7300000000000000000000000000000000000E9
:10D7400000000000000000000000000000000000D9
:10D7500000000000000000000000000000000000C9
:10D7600000000000000000000000000000000000B9
:10D7700000000000000000000000000000000000A9
:10D780000000000000000000000000000000000099
:10D790000000000000000000000000000000000089
:10D7A0000000000000000000000000000000000079
:10D7B0000000000000000000000000000000000069
:10D7C0000000000000000000000000000000000059
:10D7D0000000000000000000000000000000000049
:10D7E0000000000000000000000000000000000039
:10D7F0000000000000000000000000000000000029
:10D800000000000000000000000000000000000018
:10D810000000000000000000000000000000000008
:10D8200000000000000000000000000000000000F8
:10D8300000000000000000000000000000000000E8
:10D8400000000000000000000000000000000000D8
:10D8500000000000000000000000000000000000C8
:10D8600000000000000000000000000000000000B8
:10D8700000000000000000000000000000000000A8
:10D880000000000000000000000000000000000098
:10D890000000000000000000000000000000000088
:10D8A0000000000000000000000000000000000078
:10D8B0000000000000000000000000000000000068
:10D8C0000000000000000000000000000000000058
:10D8D0000000000000000000000000000000000048
:10D8E0000000000000000000000000000000000038
:10D8F0000000000000000000000000000000000028
:10D900000000000000000000000000000000000017
:10D910000000000000000000000000000000000007
:10D9200000000000000000000000000000000000F7
:10D9300000000000000000000000000000000000E7
:10D9400000000000000000000000000000000000D7
:10D9500000000000000000000000000000000000C7
:10D9600000000000000000000000000000000000B7
:10D9700000000000000000000000000000000000A7
:10D980000000000000000000000000000000000097
:10D990000000000000000000000000000000000087
:10D9A0000000000000000000000000000000000077
:10D9B0000000000000000000000000000000000067
:10D9C0000000000000000000000000000000000057
:10D9D0000000000000000000000000000000000047
:10D9E0000000000000000000000000000000000037
:10D9F0000000000000000000000000000000000027
:10DA00000000000000000000000000000000000016
:10DA10000000000000000000000000000000000006
:10DA200000000000000000000000000000000000F6
:10DA300000000000000000000000000000000000E6
:10DA400000000000000000000000000000000000D6
:10DA500000000000000000000000000000000000C6
:10DA600000000000000000000000000000000000B6
:10DA700000000000000000000000000000000000A6
:10DA80000000000000000000000000000000000096
:10DA90000000000000000000000000000000000086
:10DAA0000000000000000000000000000000000076
:10DAB0000000000000000000000000000000000066
:10DAC0000000000000000000000000000000000056
:10DAD0000000000000000000000000000000000046
:10DAE0000000000000000000000000000000000036
:10DAF0000000000000000000000000000000000026
:10DB00000000000000000000000000000000000015
:10DB10000000000000000000000000000000000005
:10DB200000000000000000000000000000000000F5
:10DB300000000000000000000000000000000000E5
:10DB400000000000000000000000000000000000D5
:10DB500000000000000000000000000000000000C5
:10DB600000000000000000000000000000000000B5
:10DB700000000000000000000000000000000000A5
:10DB80000000000000000000000000000000000095
:10DB90000000000000000000000000000000000085
:10DBA0000000000000000000000000000000000075
:10DBB0000000000000000000000000000000000065
:10DBC0000000000000000000000000000000000055
:10DBD0000000000000000000000000000000000045
:10DBE0000000000000000000000000000000000035
:10DBF0000000000000000000000000000000000025
:10DC00000000000000000000000000000000000014
:10DC10000000000000000000000000000000000004
:10DC200000000000000000000000000000000000F4
:10DC300000000000000000000000000000000000E4
:10DC400000000000000000000000000000000000D4
:10DC500000000000000000000000000000000000C4
:10DC600000000000000000000000000000000000B4
:10DC700000000000000000000000000000000000A4
:10DC80000000000000000000000000000000000094
:10DC90000000000000000000000000000000000084
:10DCA0000000000000000000000000000000000074
:10DCB0000000000000000000000000000000000064
:10DCC0000000000000000000000000000000000054
:10DCD0000000000000000000000000000000000044
:10DCE0000000000000000000000000000000000034
:10DCF0000000000000000000000000000000000024
:10DD00000000000000000000000000000000000013
:10DD10000000000000000000000000000000000003
:10DD200000000000000000000000000000000000F3
:10DD300000000000000000000000000000000000E3
:10DD400000000000000000000000000000000000D3
:10DD500000000000000000000000000000000000C3
:10DD600000000000000000000000000000000000B3
:10DD700000000000000000000000000000000000A3
:10DD80000000000000000000000000000000000093
:10DD90000000000000000000000000000000000083
:10DDA0000000000000000000000000000000000073
:10DDB0000000000000000000000000000000000063
:10DDC0000000000000000000000000000000000053
:10DDD0000000000000000000000000000000000043
:10DDE0000000000000000000000000000000000033
:10DDF0000000000000000000000000000000000023
:10DE00000000000000000000000000000000000012
:10DE10000000000000000000000000000000000002
:10DE200000000000000000000000000000000000F2
:10DE300000000000000000000000000000000000E2
:10DE400000000000000000000000000000000000D2
:10DE500000000000000000000000000000000000C2
:10DE600000000000000000000000000000000000B2
:10DE700000000000000000000000000000000000A2
:10DE80000000000000000000000000000000000092
:10DE90000000000000000000000000000000000082
:10DEA0000000000000000000000000000000000072
:10DEB0000000000000000000000000000000000062
:10DEC0000000000000000000000000000000000052
:10DED0000000000000000000000000000000000042
:10DEE0000000000000000000000000000000000032
:10DEF0000000000000000000000000000000000022
:10DF00000000000000000000000000000000000011
:10DF10000000000000000000000000000000000001
:10DF200000000000000000000000000000000000F1
:10DF300000000000000000000000000000000000E1
:10DF400000000000000000000000000000000000D1
:10DF500000000000000000000000000000000000C1
:10DF600000000000000000000000000000000000B1
:10DF700000000000000000000000000000000000A1
:10DF80000000000000000000000000000000000091
:10DF90000000000000000000000000000000000081
:10DFA0000000000000000000000000000000000071
:10DFB0000000000000000000000000000000000061
:10DFC0000000000000000000000000000000000051
:10DFD0000000000000000000000000000000000041
:10DFE0000000000000000000000000000000000031
:10DFF0000000000000000000000000000000000021
:10E000000000000000000000000000000000000010
:10E010000000000000000000000000000000000000
:10E0200000000000000000000000000000000000F0
:10E0300000000000000000000000000000000000E0
:10E0400000000000000000000000000000000000D0
:10E0500000000000000000000000000000000000C0
:10E0600000000000000000000000000000000000B0
:10E0700000000000000000000000000000000000A0
:10E080000000000000000000000000000000000090
:10E090000000000000000000000000000000000080
:10E0A0000000000000000000000000000000000070
:10E0B0000000000000000000000000000000000060
:10E0C0000000000000000000000000000000000050
:10E0D0000000000000000000000000000000000040
:10E0E0000000000000000000000000000000000030
:10E0F0000000000000000000000000000000000020
:10E10000000000000000000000000000000000000F
:10E1100000000000000000000000000000000000FF
:10E1200000000000000000000000000000000000EF
:10E1300000000000000000000000000000000000DF
:10E1400000000000000000000000000000000000CF
:10E1500000000000000000000000000000000000BF
:10E1600000000000000000000000000000000000AF
:10E17000000000000000000000000000000000009F
:10E18000000000000000000000000000000000008F
:10E19000000000000000000000000000000000007F
:10E1A000000000000000000000000000000000006F
:10E1B000000000000000000000000000000000005F
:10E1C000000000000000000000000000000000004F
:10E1D000000000000000000000000000000000003F
:10E1E000000000000000000000000000000000002F
:10E1F000000000000000000000000000000000001F
:10E20000000000000000000000000000000000000E
:10E2100000000000000000000000000000000000FE
:10E2200000000000000000000000000000000000EE
:10E2300000000000000000000000000000000000DE
:10E2400000000000000000000000000000000000CE
:10E2500000000000000000000000000000000000BE
:10E2600000000000000000000000000000000000AE
:10E27000000000000000000000000000000000009E
:10E28000000000000000000000000000000000008E
:10E29000000000000000000000000000000000007E
:10E2A000000000000000000000000000000000006E
:10E2B000000000000000000000000000000000005E
:10E2C000000000000000000000000000000000004E
:10E2D000000000000000000000000000000000003E
:10E2E000000000000000000000000000000000002E
:10E2F000000000000000000000000000000000001E
:10E30000000000000000000000000000000000000D
:10E3100000000000000000000000000000000000FD
:10E3200000000000000000000000000000000000ED
:10E3300000000000000000000000000000000000DD
:10E3400000000000000000000000000000000000CD
:10E3500000000000000000000000000000000000BD
:10E3600000000000000000000000000000000000AD
:10E37000000000000000000000000000000000009D
:10E38000000000000000000000000000000000008D
:10E39000000000000000000000000000000000007D
:10E3A000000000000000000000000000000000006D
:10E3B000000000000000000000000000000000005D
:10E3C000000000000000000000000000000000004D
:10E3D000000000000000000000000000000000003D
:10E3E000000000000000000000000000000000002D
:10E3F000000000000000000000000000000000001D
:10E40000000000000000000000000000000000000C
:10E4100000000000000000000000000000000000FC
:10E4200000000000000000000000000000000000EC
:10E4300000000000000000000000000000000000DC
:10E4400000000000000000000000000000000000CC
:10E4500000000000000000000000000000000000BC
:10E4600000000000000000000000000000000000AC
:10E47000000000000000000000000000000000009C
:10E48000000000000000000000000000000000008C
:10E49000000000000000000000000000000000007C
:10E4A000000000000000000000000000000000006C
:10E4B000000000000000000000000000000000005C
:10E4C000000000000000000000000000000000004C
:10E4D000000000000000000000000000000000003C
:10E4E000000000000000000000000000000000002C
:10E4F000000000000000000000000000000000001C
:10E50000000000000000000000000000000000000B
:10E5100000000000000000000000000000000000FB
:10E5200000000000000000000000000000000000EB
:10E5300000000000000000000000000000000000DB
:10E5400000000000000000000000000000000000CB
:10E5500000000000000000000000000000000000BB
:10E5600000000000000000000000000000000000AB
:10E57000000000000000000000000000000000009B
:10E58000000000000000000000000000000000008B
:10E59000000000000000000000000000000000007B
:10E5A000000000000000000000000000000000006B
:10E5B000000000000000000000000000000000005B
:10E5C000000000000000000000000000000000004B
:10E5D000000000000000000000000000000000003B
:10E5E000000000000000000000000000000000002B
:10E5F000000000000000000000000000000000001B
:10E60000000000000000000000000000000000000A
:10E6100000000000000000000000000000000000FA
:10E6200000000000000000000000000000000000EA
:10E6300000000000000000000000000000000000DA
:10E6400000000000000000000000000000000000CA
:10E6500000000000000000000000000000000000BA
:10E6600000000000000000000000000000000000AA
:10E67000000000000000000000000000000000009A
:10E68000000000000000000000000000000000008A
:10E69000000000000000000000000000000000007A
:10E6A000000000000000000000000000000000006A
:10E6B000000000000000000000000000000000005A
:10E6C000000000000000000000000000000000004A
:10E6D000000000000000000000000000000000003A
:10E6E000000000000000000000000000000000002A
:10E6F000000000000000000000000000000000001A
:10E700000000000000000000000000000000000009
:10E7100000000000000000000000000000000000F9
:10E7200000000000000000000000000000000000E9
:10E7300000000000000000000000000000000000D9
:10E7400000000000000000000000000000000000C9
:10E7500000000000000000000000000000000000B9
:10E7600000000000000000000000000000000000A9
:10E770000000000000000000000000000000000099
:10E780000000000000000000000000000000000089
:10E790000000000000000000000000000000000079
:10E7A0000000000000000000000000000000000069
:10E7B0000000000000000000000000000000000059
:10E7C0000000000000000000000000000000000049
:10E7D0000000000000000000000000000000000039
:10E7E0000000000000000000000000000000000029
:10E7F0000000000000000000000000000000000019
:10E800000000000000000000000000000000000008
:10E8100000000000000000000000000000000000F8
:10E8200000000000000000000000000000000000E8
:10E8300000000000000000000000000000000000D8
:10E8400000000000000000000000000000000000C8
:10E8500000000000000000000000000000000000B8
:10E8600000000000000000000000000000000000A8
:10E870000000000000000000000000000000000098
:10E880000000000000000000000000000000000088
:10E890000000000000000000000000000000000078
:10E8A0000000000000000000000000000000000068
:10E8B0000000000000000000000000000000000058
:10E8C0000000000000000000000000000000000048
:10E8D0000000000000000000000000000000000038
:10E8E0000000000000000000000000000000000028
:10E8F0000000000000000000000000000000000018
:10E900000000000000000000000000000000000007
:10E9100000000000000000000000000000000000F7
:10E9200000000000000000000000000000000000E7
:10E9300000000000000000000000000000000000D7
:10E9400000000000000000000000000000000000C7
:10E9500000000000000000000000000000000000B7
:10E9600000000000000000000000000000000000A7
:10E970000000000000000000000000000000000097
:10E980000000000000000000000000000000000087
:10E990000000000000000000000000000000000077
:10E9A0000000000000000000000000000000000067
:10E9B0000000000000000000000000000000000057
:10E9C0000000000000000000000000000000000047
:10E9D0000000000000000000000000000000000037
:10E9E0000000000000000000000000000000000027
:10E9F0000000000000000000000000000000000017
:10EA00000000000000000000000000000000000006
:10EA100000000000000000000000000000000000F6
:10EA200000000000000000000000000000000000E6
:10EA300000000000000000000000000000000000D6
:10EA400000000000000000000000000000000000C6
:10EA500000000000000000000000000000000000B6
:10EA600000000000000000000000000000000000A6
:10EA70000000000000000000000000000000000096
:10EA80000000000000000000000000000000000086
:10EA90000000000000000000000000000000000076
:10EAA0000000000000000000000000000000000066
:10EAB0000000000000000000000000000000000056
:10EAC0000000000000000000000000000000000046
:10EAD0000000000000000000000000000000000036
:10EAE0000000000000000000000000000000000026
:10EAF0000000000000000000000000000000000016
:10EB00000000000000000000000000000000000005
:10EB100000000000000000000000000000000000F5
:10EB200000000000000000000000000000000000E5
:10EB300000000000000000000000000000000000D5
:10EB400000000000000000000000000000000000C5
:10EB500000000000000000000000000000000000B5
:10EB600000000000000000000000000000000000A5
:10EB70000000000000000000000000000000000095
:10EB80000000000000000000000000000000000085
:10EB90000000000000000000000000000000000075
:10EBA0000000000000000000000000000000000065
:10EBB0000000000000000000000000000000000055
:10EBC0000000000000000000000000000000000045
:10EBD0000000000000000000000000000000000035
:10EBE0000000000000000000000000000000000025
:10EBF0000000000000000000000000000000000015
:10EC00000000000000000000000000000000000004
:10EC100000000000000000000000000000000000F4
:10EC200000000000000000000000000000000000E4
:10EC300000000000000000000000000000000000D4
:10EC400000000000000000000000000000000000C4
:10EC500000000000000000000000000000000000B4
:10EC600000000000000000000000000000000000A4
:10EC70000000000000000000000000000000000094
:10EC80000000000000000000000000000000000084
:10EC90000000000000000000000000000000000074
:10ECA0000000000000000000000000000000000064
:10ECB0000000000000000000000000000000000054
:10ECC0000000000000000000000000000000000044
:10ECD0000000000000000000000000000000000034
:10ECE0000000000000000000000000000000000024
:10ECF0000000000000000000000000000000000014
:10ED00000000000000000000000000000000000003
:10ED100000000000000000000000000000000000F3
:10ED200000000000000000000000000000000000E3
:10ED300000000000000000000000000000000000D3
:10ED400000000000000000000000000000000000C3
:10ED500000000000000000000000000000000000B3
:10ED600000000000000000000000000000000000A3
:10ED70000000000000000000000000000000000093
:10ED80000000000000000000000000000000000083
:10ED90000000000000000000000000000000000073
:10EDA0000000000000000000000000000000000063
:10EDB0000000000000000000000000000000000053
:10EDC0000000000000000000000000000000000043
:10EDD0000000000000000000000000000000000033
:10EDE0000000000000000000000000000000000023
:10EDF0000000000000000000000000000000000013
:10EE00000000000000000000000000000000000002
:10EE100000000000000000000000000000000000F2
:10EE200000000000000000000000000000000000E2
:10EE300000000000000000000000000000000000D2
:10EE400000000000000000000000000000000000C2
:10EE500000000000000000000000000000000000B2
:10EE600000000000000000000000000000000000A2
:10EE70000000000000000000000000000000000092
:10EE80000000000000000000000000000000000082
:10EE90000000000000000000000000000000000072
:10EEA0000000000000000000000000000000000062
:10EEB0000000000000000000000000000000000052
:10EEC0000000000000000000000000000000000042
:10EED0000000000000000000000000000000000032
:10EEE0000000000000000000000000000000000022
:10EEF0000000000000000000000000000000000012
:10EF00000000000000000000000000000000000001
:10EF100000000000000000000000000000000000F1
:10EF200000000000000000000000000000000000E1
:10EF300000000000000000000000000000000000D1
:10EF400000000000000000000000000000000000C1
:10EF500000000000000000000000000000000000B1
:10EF600000000000000000000000000000000000A1
:10EF70000000000000000000000000000000000091
:10EF80000000000000000000000000000000000081
:10EF90000000000000000000000000000000000071
:10EFA0000000000000000000000000000000000061
:10EFB0000000000000000000000000000000000051
:10EFC0000000000000000000000000000000000041
:10EFD0000000000000000000000000000000000031
:10EFE0000000000000000000000000000000000021
:10EFF0000000000000000000000000000000000011
:10F000000000000000000000000000000000000000
:10F0100000000000000000000000000000000000F0
:10F0200000000000000000000000000000000000E0
:10F0300000000000000000000000000000000000D0
:10F0400000000000000000000000000000000000C0
:10F0500000000000000000000000000000000000B0
:10F0600000000000000000000000000000000000A0
:10F070000000000000000000000000000000000090
:10F080000000000000000000000000000000000080
:10F090000000000000000000000000000000000070
:10F0A0000000000000000000000000000000000060
:10F0B0000000000000000000000000000000000050
:10F0C0000000000000000000000000000000000040
:10F0D0000000000000000000000000000000000030
:10F0E0000000000000000000000000000000000020
:10F0F0000000000000000000000000000000000010
:10F1000000000000000000000000000000000000FF
:10F1100000000000000000000000000000000000EF
:10F1200000000000000000000000000000000000DF
:10F1300000000000000000000000000000000000CF
:10F1400000000000000000000000000000000000BF
:10F1500000000000000000000000000000000000AF
:10F16000000000000000000000000000000000009F
:10F17000000000000000000000000000000000008F
:10F18000000000000000000000000000000000007F
:10F19000000000000000000000000000000000006F
:10F1A000000000000000000000000000000000005F
:10F1B000000000000000000000000000000000004F
:10F1C000000000000000000000000000000000003F
:10F1D000000000000000000000000000000000002F
:10F1E000000000000000000000000000000000001F
:10F1F000000000000000000000000000000000000F
:10F2000000000000000000000000000000000000FE
:10F2100000000000000000000000000000000000EE
:10F2200000000000000000000000000000000000DE
:10F2300000000000000000000000000000000000CE
:10F2400000000000000000000000000000000000BE
:10F2500000000000000000000000000000000000AE
:10F26000000000000000000000000000000000009E
:10F27000000000000000000000000000000000008E
:10F28000000000000000000000000000000000007E
:10F29000000000000000000000000000000000006E
:10F2A000000000000000000000000000000000005E
:10F2B000000000000000000000000000000000004E
:10F2C000000000000000000000000000000000003E
:10F2D000000000000000000000000000000000002E
:10F2E000000000000000000000000000000000001E
:10F2F000000000000000000000000000000000000E
:10F3000000000000000000000000000000000000FD
:10F3100000000000000000000000000000000000ED
:10F3200000000000000000000000000000000000DD
:10F3300000000000000000000000000000000000CD
:10F3400000000000000000000000000000000000BD
:10F3500000000000000000000000000000000000AD
:10F36000000000000000000000000000000000009D
:10F37000000000000000000000000000000000008D
:10F38000000000000000000000000000000000007D
:10F39000000000000000000000000000000000006D
:10F3A000000000000000000000000000000000005D
:10F3B000000000000000000000000000000000004D
:10F3C000000000000000000000000000000000003D
:10F3D000000000000000000000000000000000002D
:10F3E000000000000000000000000000000000001D
:10F3F000000000000000000000000000000000000D
:10F4000000000000000000000000000000000000FC
:10F4100000000000000000000000000000000000EC
:10F4200000000000000000000000000000000000DC
:10F4300000000000000000000000000000000000CC
:10F4400000000000000000000000000000000000BC
:10F4500000000000000000000000000000000000AC
:10F46000000000000000000000000000000000009C
:10F47000000000000000000000000000000000008C
:10F48000000000000000000000000000000000007C
:10F49000000000000000000000000000000000006C
:10F4A000000000000000000000000000000000005C
:10F4B000000000000000000000000000000000004C
:10F4C000000000000000000000000000000000003C
:10F4D000000000000000000000000000000000002C
:10F4E000000000000000000000000000000000001C
:10F4F000000000000000000000000000000000000C
:10F5000000000000000000000000000000000000FB
:10F5100000000000000000000000000000000000EB
:10F5200000000000000000000000000000000000DB
:10F5300000000000000000000000000000000000CB
:10F5400000000000000000000000000000000000BB
:10F5500000000000000000000000000000000000AB
:10F56000000000000000000000000000000000009B
:10F57000000000000000000000000000000000008B
:10F58000000000000000000000000000000000007B
:10F59000000000000000000000000000000000006B
:10F5A000000000000000000000000000000000005B
:10F5B000000000000000000000000000000000004B
:10F5C000000000000000000000000000000000003B
:10F5D000000000000000000000000000000000002B
:10F5E000000000000000000000000000000000001B
:10F5F000000000000000000000000000000000000B
:10F6000000000000000000000000000000000000FA
:10F6100000000000000000000000000000000000EA
:10F6200000000000000000000000000000000000DA
:10F6300000000000000000000000000000000000CA
:10F6400000000000000000000000000000000000BA
:10F6500000000000000000000000000000000000AA
:10F66000000000000000000000000000000000009A
:10F67000000000000000000000000000000000008A
:10F68000000000000000000000000000000000007A
:10F69000000000000000000000000000000000006A
:10F6A000000000000000000000000000000000005A
:10F6B000000000000000000000000000000000004A
:10F6C000000000000000000000000000000000003A
:10F6D000000000000000000000000000000000002A
:10F6E000000000000000000000000000000000001A
:10F6F000000000000000000000000000000000000A
:10F7000000000000000000000000000000000000F9
:10F7100000000000000000000000000000000000E9
:10F7200000000000000000000000000000000000D9
:10F7300000000000000000000000000000000000C9
:10F7400000000000000000000000000000000000B9
:10F7500000000000000000000000000000000000A9
:10F760000000000000000000000000000000000099
:10F770000000000000000000000000000000000089
:10F780000000000000000000000000000000000079
:10F790000000000000000000000000000000000069
:10F7A0000000000000000000000000000000000059
:10F7B0000000000000000000000000000000000049
:10F7C0000000000000000000000000000000000039
:10F7D0000000000000000000000000000000000029
:10F7E0000000000000000000000000000000000019
:10F7F0000000000000000000000000000000000009
:10F8000000000000000000000000000000000000F8
:10F8100000000000000000000000000000000000E8
:10F8200000000000000000000000000000000000D8
:10F8300000000000000000000000000000000000C8
:10F8400000000000000000000000000000000000B8
:10F8500000000000000000000000000000000000A8
:10F860000000000000000000000000000000000098
:10F870000000000000000000000000000000000088
:10F880000000000000000000000000000000000078
:10F890000000000000000000000000000000000068
:10F8A0000000000000000000000000000000000058
:10F8B0000000000000000000000000000000000048
:10F8C0000000000000000000000000000000000038
:10F8D0000000000000000000000000000000000028
:10F8E0000000000000000000000000000000000018
:10F8F0000000000000000000000000000000000008
:10F9000000000000000000000000000000000000F7
:10F9100000000000000000000000000000000000E7
:10F9200000000000000000000000000000000000D7
:10F9300000000000000000000000000000000000C7
:10F9400000000000000000000000000000000000B7
:10F9500000000000000000000000000000000000A7
:10F960000000000000000000000000000000000097
:10F970000000000000000000000000000000000087
:10F980000000000000000000000000000000000077
:10F990000000000000000000000000000000000067
:10F9A0000000000000000000000000000000000057
:10F9B0000000000000000000000000000000000047
:10F9C0000000000000000000000000000000000037
:10F9D0000000000000000000000000000000000027
:10F9E0000000000000000000000000000000000017
:10F9F0000000000000000000000000000000000007
:10FA000000000000000000000000000000000000F6
:10FA100000000000000000000000000000000000E6
:10FA200000000000000000000000000000000000D6
:10FA300000000000000000000000000000000000C6
:10FA400000000000000000000000000000000000B6
:10FA500000000000000000000000000000000000A6
:10FA60000000000000000000000000000000000096
:10FA70000000000000000000000000000000000086
:10FA80000000000000000000000000000000000076
:10FA90000000000000000000000000000000000066
:10FAA0000000000000000000000000000000000056
:10FAB0000000000000000000000000000000000046
:10FAC0000000000000000000000000000000000036
:10FAD0000000000000000000000000000000000026
:10FAE0000000000000000000000000000000000016
:10FAF0000000000000000000000000000000000006
:10FB000000000000000000000000000000000000F5
:10FB100000000000000000000000000000000000E5
:10FB200000000000000000000000000000000000D5
:10FB300000000000000000000000000000000000C5
:10FB400000000000000000000000000000000000B5
:10FB500000000000000000000000000000000000A5
:10FB60000000000000000000000000000000000095
:10FB70000000000000000000000000000000000085
:10FB80000000000000000000000000000000000075
:10FB90000000000000000000000000000000000065
:10FBA0000000000000000000000000000000000055
:10FBB0000000000000000000000000000000000045
:10FBC0000000000000000000000000000000000035
:10FBD0000000000000000000000000000000000025
:10FBE0000000000000000000000000000000000015
:10FBF0000000000000000000000000000000000005
:10FC000000000000000000000000000000000000F4
:10FC100000000000000000000000000000000000E4
:10FC200000000000000000000000000000000000D4
:10FC300000000000000000000000000000000000C4
:10FC400000000000000000000000000000000000B4
:10FC500000000000000000000000000000000000A4
:10FC60000000000000000000000000000000000094
:10FC70000000000000000000000000000000000084
:10FC80000000000000000000000000000000000074
:10FC90000000000000000000000000000000000064
:10FCA0000000000000000000000000000000000054
:10FCB0000000000000000000000000000000000044
:10FCC0000000000000000000000000000000000034
:10FCD0000000000000000000000000000000000024
:10FCE0000000000000000000000000000000000014
:10FCF0000000000000000000000000000000000004
:10FD000000000000000000000000000000000000F3
:10FD100000000000000000000000000000000000E3
:10FD200000000000000000000000000000000000D3
:10FD300000000000000000000000000000000000C3
:10FD400000000000000000000000000000000000B3
:10FD500000000000000000000000000000000000A3
:10FD60000000000000000000000000000000000093
:10FD70000000000000000000000000000000000083
:10FD80000000000000000000000000000000000073
:10FD90000000000000000000000000000000000063
:10FDA0000000000000000000000000000000000053
:10FDB0000000000000000000000000000000000043
:10FDC0000000000000000000000000000000000033
:10FDD0000000000000000000000000000000000023
:10FDE0000000000000000000000000000000000013
:10FDF0000000000000000000000000000000000003
:10FE000000000000000000000000000000000000F2
:10FE100000000000000000000000000000000000E2
:10FE200000000000000000000000000000000000D2
:10FE300000000000000000000000000000000000C2
:10FE400000000000000000000000000000000000B2
:10FE500000000000000000000000000000000000A2
:10FE60000000000000000000000000000000000092
:10FE70000000000000000000000000000000000082
:10FE80000000000000000000000000000000000072
:10FE90000000000000000000000000000000000062
:10FEA0000000000000000000000000000000000052
:10FEB0000000000000000000000000000000000042
:10FEC0000000000000000000000000000000000032
:10FED0000000000000000000000000000000000022
:10FEE0000000000000000000000000000000000012
:10FEF0000000000000000000000000000000000002
:10FF000000000000000000000000000000000000F1
:10FF100000000000000000000000000000000000E1
:10FF200000000000000000000000000000000000D1
:10FF300000000000000000000000000000000000C1
:10FF400000000000000000000000000000000000B1
:10FF500000000000000000000000000000000000A1
:10FF60000000000000000000000000000000000091
:10FF70000000000000000000000000000000000081
:10FF80000000000000000000000000000000000071
:10FF90000000000000000000000000000000000061
:10FFA0000000000000000000000000000000000051
:10FFB0000000000000000000000000000000000041
:10FFC0000000000000000000000000000000000031
:10FFD0000000000000000000000000000000000021
:10FFE0000000000000000000000000000000000011
:10FFF0000000000000000000000000000000000001
:020000040C0CE2
:1000000000000000000000000000000000000000F0
:1000100000000000000000000000000000000000E0
:1000200000000000000000000000000000000000D0
:1000300000000000000000000000000000000000C0
:1000400000000000000000000000000000000000B0
:1000500000000000000000000000000000000000A0
:100060000000000000000000000000000000000090
:100070000000000000000000000000000000000080
:100080000000000000000000000000000000000070
:100090000000000000000000000000000000000060
:1000A0000000000000000000000000000000000050
:1000B0000000000000000000000000000000000040
:1000C0000000000000000000000000000000000030
:1000D0000000000000000000000000000000000020
:1000E0000000000000000000000000000000000010
:1000F0000000000000000000000000000000000000
:1001000000000000000000000000000000000000EF
:1001100000000000000000000000000000000000DF
:1001200000000000000000000000000000000000CF
:1001300000000000000000000000000000000000BF
:1001400000000000000000000000000000000000AF
:10015000000000000000000000000000000000009F
:10016000000000000000000000000000000000008F
:10017000000000000000000000000000000000007F
:10018000000000000000000000000000000000006F
:10019000000000000000000000000000000000005F
:1001A000000000000000000000000000000000004F
:1001B000000000000000000000000000000000003F
:1001C000000000000000000000000000000000002F
:1001D000000000000000000000000000000000001F
:1001E000000000000000000000000000000000000F
:1001F00000000000000000000000000000000000FF
:1002000000000000000000000000000000000000EE
:1002100000000000000000000000000000000000DE
:1002200000000000000000000000000000000000CE
:1002300000000000000000000000000000000000BE
:1002400000000000000000000000000000000000AE
:10025000000000000000000000000000000000009E
:10026000000000000000000000000000000000008E
:10027000000000000000000000000000000000007E
:10028000000000000000000000000000000000006E
:10029000000000000000000000000000000000005E
:1002A000000000000000000000000000000000004E
:1002B000000000000000000000000000000000003E
:1002C000000000000000000000000000000000002E
:1002D000000000000000000000000000000000001E
:1002E000000000000000000000000000000000000E
:1002F00000000000000000000000000000000000FE
:1003000000000000000000000000000000000000ED
:1003100000000000000000000000000000000000DD
:1003200000000000000000000000000000000000CD
:1003300000000000000000000000000000000000BD
:1003400000000000000000000000000000000000AD
:10035000000000000000000000000000000000009D
:10036000000000000000000000000000000000008D
:10037000000000000000000000000000000000007D
:10038000000000000000000000000000000000006D
:10039000000000000000000000000000000000005D
:1003A000000000000000000000000000000000004D
:1003B000000000000000000000000000000000003D
:1003C000000000000000000000000000000000002D
:1003D000000000000000000000000000000000001D
:1003E000000000000000000000000000000000000D
:1003F00000000000000000000000000000000000FD
:1004000000000000000000000000000000000000EC
:1004100000000000000000000000000000000000DC
:1004200000000000000000000000000000000000CC
:1004300000000000000000000000000000000000BC
:1004400000000000000000000000000000000000AC
:10045000000000000000000000000000000000009C
:10046000000000000000000000000000000000008C
:10047000000000000000000000000000000000007C
:10048000000000000000000000000000000000006C
:10049000000000000000000000000000000000005C
:1004A000000000000000000000000000000000004C
:1004B000000000000000000000000000000000003C
:1004C000000000000000000000000000000000002C
:1004D000000000000000000000000000000000001C
:1004E000000000000000000000000000000000000C
:1004F00000000000000000000000000000000000FC
:1005000000000000000000000000000000000000EB
:1005100000000000000000000000000000000000DB
:1005200000000000000000000000000000000000CB
:1005300000000000000000000000000000000000BB
:1005400000000000000000000000000000000000AB
:10055000000000000000000000000000000000009B
:10056000000000000000000000000000000000008B
:10057000000000000000000000000000000000007B
:10058000000000000000000000000000000000006B
:10059000000000000000000000000000000000005B
:1005A000000000000000000000000000000000004B
:1005B000000000000000000000000000000000003B
:1005C000000000000000000000000000000000002B
:1005D000000000000000000000000000000000001B
:1005E000000000000000000000000000000000000B
:1005F00000000000000000000000000000000000FB
:1006000000000000000000000000000000000000EA
:1006100000000000000000000000000000000000DA
:1006200000000000000000000000000000000000CA
:1006300000000000000000000000000000000000BA
:1006400000000000000000000000000000000000AA
:10065000000000000000000000000000000000009A
:10066000000000000000000000000000000000008A
:10067000000000000000000000000000000000007A
:10068000000000000000000000000000000000006A
:10069000000000000000000000000000000000005A
:1006A000000000000000000000000000000000004A
:1006B000000000000000000000000000000000003A
:1006C000000000000000000000000000000000002A
:1006D000000000000000000000000000000000001A
:1006E000000000000000000000000000000000000A
:1006F00000000000000000000000000000000000FA
:1007000000000000000000000000000000000000E9
:1007100000000000000000000000000000000000D9
:1007200000000000000000000000000000000000C9
:1007300000000000000000000000000000000000B9
:1007400000000000000000000000000000000000A9
:100750000000000000000000000000000000000099
:100760000000000000000000000000000000000089
:100770000000000000000000000000000000000079
:100780000000000000000000000000000000000069
:100790000000000000000000000000000000000059
:1007A0000000000000000000000000000000000049
:1007B0000000000000000000000000000000000039
:1007C0000000000000000000000000000000000029
:1007D0000000000000000000000000000000000019
:1007E0000000000000000000000000000000000009
:1007F00000000000000000000000000000000000F9
:1008000000000000000000000000000000000000E8
:1008100000000000000000000000000000000000D8
:1008200000000000000000000000000000000000C8
:1008300000000000000000000000000000000000B8
:1008400000000000000000000000000000000000A8
:100850000000000000000000000000000000000098
:100860000000000000000000000000000000000088
:100870000000000000000000000000000000000078
:100880000000000000000000000000000000000068
:100890000000000000000000000000000000000058
:1008A0000000000000000000000000000000000048
:1008B0000000000000000000000000000000000038
:1008C0000000000000000000000000000000000028
:1008D0000000000000000000000000000000000018
:1008E0000000000000000000000000000000000008
:1008F00000000000000000000000000000000000F8
:1009000000000000000000000000000000000000E7
:1009100000000000000000000000000000000000D7
:1009200000000000000000000000000000000000C7
:1009300000000000000000000000000000000000B7
:1009400000000000000000000000000000000000A7
:100950000000000000000000000000000000000097
:100960000000000000000000000000000000000087
:100970000000000000000000000000000000000077
:100980000000000000000000000000000000000067
:100990000000000000000000000000000000000057
:1009A0000000000000000000000000000000000047
:1009B0000000000000000000000000000000000037
:1009C0000000000000000000000000000000000027
:1009D0000000000000000000000000000000000017
:1009E0000000000000000000000000000000000007
:1009F00000000000000000000000000000000000F7
:100A000000000000000000000000000000000000E6
:100A100000000000000000000000000000000000D6
:100A200000000000000000000000000000000000C6
:100A300000000000000000000000000000000000B6
:100A400000000000000000000000000000000000A6
:100A50000000000000000000000000000000000096
:100A60000000000000000000000000000000000086
:100A70000000000000000000000000000000000076
:100A80000000000000000000000000000000000066
:100A90000000000000000000000000000000000056
:100AA0000000000000000000000000000000000046
:100AB0000000000000000000000000000000000036
:100AC0000000000000000000000000000000000026
:100AD0000000000000000000000000000000000016
:100AE0000000000000000000000000000000000006
:100AF00000000000000000000000000000000000F6
:100B000000000000000000000000000000000000E5
:100B100000000000000000000000000000000000D5
:100B200000000000000000000000000000000000C5
:100B300000000000000000000000000000000000B5
:100B400000000000000000000000000000000000A5
:100B50000000000000000000000000000000000095
:100B60000000000000000000000000000000000085
:100B70000000000000000000000000000000000075
:100B80000000000000000000000000000000000065
:100B90000000000000000000000000000000000055
:100BA0000000000000000000000000000000000045
:100BB0000000000000000000000000000000000035
:100BC0000000000000000000000000000000000025
:100BD0000000000000000000000000000000000015
:100BE0000000000000000000000000000000000005
:100BF00000000000000000000000000000000000F5
:100C000000000000000000000000000000000000E4
:100C100000000000000000000000000000000000D4
:100C200000000000000000000000000000000000C4
:100C300000000000000000000000000000000000B4
:100C400000000000000000000000000000000000A4
:100C50000000000000000000000000000000000094
:100C60000000000000000000000000000000000084
:100C70000000000000000000000000000000000074
:100C80000000000000000000000000000000000064
:100C90000000000000000000000000000000000054
:100CA0000000000000000000000000000000000044
:100CB0000000000000000000000000000000000034
:100CC0000000000000000000000000000000000024
:100CD0000000000000000000000000000000000014
:100CE0000000000000000000000000000000000004
:100CF00000000000000000000000000000000000F4
:100D000000000000000000000000000000000000E3
:100D100000000000000000000000000000000000D3
:100D200000000000000000000000000000000000C3
:100D300000000000000000000000000000000000B3
:100D400000000000000000000000000000000000A3
:100D50000000000000000000000000000000000093
:100D60000000000000000000000000000000000083
:100D70000000000000000000000000000000000073
:100D80000000000000000000000000000000000063
:100D90000000000000000000000000000000000053
:100DA0000000000000000000000000000000000043
:100DB0000000000000000000000000000000000033
:100DC0000000000000000000000000000000000023
:100DD0000000000000000000000000000000000013
:100DE0000000000000000000000000000000000003
:100DF00000000000000000000000000000000000F3
:100E000000000000000000000000000000000000E2
:100E100000000000000000000000000000000000D2
:100E200000000000000000000000000000000000C2
:100E300000000000000000000000000000000000B2
:100E400000000000000000000000000000000000A2
:100E50000000000000000000000000000000000092
:100E60000000000000000000000000000000000082
:100E70000000000000000000000000000000000072
:100E80000000000000000000000000000000000062
:100E90000000000000000000000000000000000052
:100EA0000000000000000000000000000000000042
:100EB0000000000000000000000000000000000032
:100EC0000000000000000000000000000000000022
:100ED0000000000000000000000000000000000012
:100EE0000000000000000000000000000000000002
:100EF00000000000000000000000000000000000F2
:100F000000000000000000000000000000000000E1
:100F100000000000000000000000000000000000D1
:100F200000000000000000000000000000000000C1
:100F300000000000000000000000000000000000B1
:100F400000000000000000000000000000000000A1
:100F50000000000000000000000000000000000091
:100F60000000000000000000000000000000000081
:100F70000000000000000000000000000000000071
:100F80000000000000000000000000000000000061
:100F90000000000000000000000000000000000051
:100FA0000000000000000000000000000000000041
:100FB0000000000000000000000000000000000031
:100FC0000000000000000000000000000000000021
:100FD0000000000000000000000000000000000011
:100FE0000000000000000000000000000000000001
:100FF00000000000000000000000000000000000F1
:1010000000000000000000000000000000000000E0
:1010100000000000000000000000000000000000D0
:1010200000000000000000000000000000000000C0
:1010300000000000000000000000000000000000B0
:1010400000000000000000000000000000000000A0
:101050000000000000000000000000000000000090
:101060000000000000000000000000000000000080
:101070000000000000000000000000000000000070
:101080000000000000000000000000000000000060
:101090000000000000000000000000000000000050
:1010A0000000000000000000000000000000000040
:1010B0000000000000000000000000000000000030
:1010C0000000000000000000000000000000000020
:1010D0000000000000000000000000000000000010
:1010E0000000000000000000000000000000000000
:1010F00000000000000000000000000000000000F0
:1011000000000000000000000000000000000000DF
:1011100000000000000000000000000000000000CF
:1011200000000000000000000000000000000000BF
:1011300000000000000000000000000000000000AF
:10114000000000000000000000000000000000009F
:10115000000000000000000000000000000000008F
:10116000000000000000000000000000000000007F
:10117000000000000000000000000000000000006F
:10118000000000000000000000000000000000005F
:10119000000000000000000000000000000000004F
:1011A000000000000000000000000000000000003F
:1011B000000000000000000000000000000000002F
:1011C000000000000000000000000000000000001F
:1011D000000000000000000000000000000000000F
:1011E00000000000000000000000000000000000FF
:1011F00000000000000000000000000000000000EF
:1012000000000000000000000000000000000000DE
:1012100000000000000000000000000000000000CE
:1012200000000000000000000000000000000000BE
:1012300000000000000000000000000000000000AE
:10124000000000000000000000000000000000009E
:10125000000000000000000000000000000000008E
:10126000000000000000000000000000000000007E
:10127000000000000000000000000000000000006E
:10128000000000000000000000000000000000005E
:10129000000000000000000000000000000000004E
:1012A000000000000000000000000000000000003E
:1012B000000000000000000000000000000000002E
:1012C000000000000000000000000000000000001E
:1012D000000000000000000000000000000000000E
:1012E00000000000000000000000000000000000FE
:1012F00000000000000000000000000000000000EE
:1013000000000000000000000000000000000000DD
:1013100000000000000000000000000000000000CD
:1013200000000000000000000000000000000000BD
:1013300000000000000000000000000000000000AD
:10134000000000000000000000000000000000009D
:10135000000000000000000000000000000000008D
:10136000000000000000000000000000000000007D
:10137000000000000000000000000000000000006D
:10138000000000000000000000000000000000005D
:10139000000000000000000000000000000000004D
:1013A000000000000000000000000000000000003D
:1013B000000000000000000000000000000000002D
:1013C000000000000000000000000000000000001D
:1013D000000000000000000000000000000000000D
:1013E00000000000000000000000000000000000FD
:1013F00000000000000000000000000000000000ED
:1014000000000000000000000000000000000000DC
:1014100000000000000000000000000000000000CC
:1014200000000000000000000000000000000000BC
:1014300000000000000000000000000000000000AC
:10144000000000000000000000000000000000009C
:10145000000000000000000000000000000000008C
:10146000000000000000000000000000000000007C
:10147000000000000000000000000000000000006C
:10148000000000000000000000000000000000005C
:10149000000000000000000000000000000000004C
:1014A000000000000000000000000000000000003C
:1014B000000000000000000000000000000000002C
:1014C000000000000000000000000000000000001C
:1014D000000000000000000000000000000000000C
:1014E00000000000000000000000000000000000FC
:1014F00000000000000000000000000000000000EC
:1015000000000000000000000000000000000000DB
:1015100000000000000000000000000000000000CB
:1015200000000000000000000000000000000000BB
:1015300000000000000000000000000000000000AB
:10154000000000000000000000000000000000009B
:10155000000000000000000000000000000000008B
:10156000000000000000000000000000000000007B
:10157000000000000000000000000000000000006B
:10158000000000000000000000000000000000005B
:10159000000000000000000000000000000000004B
:1015A000000000000000000000000000000000003B
:1015B000000000000000000000000000000000002B
:1015C000000000000000000000000000000000001B
:1015D000000000000000000000000000000000000B
:1015E00000000000000000000000000000000000FB
:1015F00000000000000000000000000000000000EB
:1016000000000000000000000000000000000000DA
:1016100000000000000000000000000000000000CA
:1016200000000000000000000000000000000000BA
:1016300000000000000000000000000000000000AA
:10164000000000000000000000000000000000009A
:10165000000000000000000000000000000000008A
:10166000000000000000000000000000000000007A
:10167000000000000000000000000000000000006A
:10168000000000000000000000000000000000005A
:10169000000000000000000000000000000000004A
:1016A000000000000000000000000000000000003A
:1016B000000000000000000000000000000000002A
:1016C000000000000000000000000000000000001A
:1016D000000000000000000000000000000000000A
:1016E00000000000000000000000000000000000FA
:1016F00000000000000000000000000000000000EA
:1017000000000000000000000000000000000000D9
:1017100000000000000000000000000000000000C9
:1017200000000000000000000000000000000000B9
:1017300000000000000000000000000000000000A9
:101740000000000000000000000000000000000099
:101750000000000000000000000000000000000089
:101760000000000000000000000000000000000079
:101770000000000000000000000000000000000069
:101780000000000000000000000000000000000059
:101790000000000000000000000000000000000049
:1017A0000000000000000000000000000000000039
:1017B0000000000000000000000000000000000029
:1017C0000000000000000000000000000000000019
:1017D0000000000000000000000000000000000009
:1017E00000000000000000000000000000000000F9
:1017F00000000000000000000000000000000000E9
:1018000000000000000000000000000000000000D8
:1018100000000000000000000000000000000000C8
:1018200000000000000000000000000000000000B8
:1018300000000000000000000000000000000000A8
:101840000000000000000000000000000000000098
:101850000000000000000000000000000000000088
:101860000000000000000000000000000000000078
:101870000000000000000000000000000000000068
:101880000000000000000000000000000000000058
:101890000000000000000000000000000000000048
:1018A0000000000000000000000000000000000038
:1018B0000000000000000000000000000000000028
:1018C0000000000000000000000000000000000018
:1018D0000000000000000000000000000000000008
:1018E00000000000000000000000000000000000F8
:1018F00000000000000000000000000000000000E8
:1019000000000000000000000000000000000000D7
:1019100000000000000000000000000000000000C7
:1019200000000000000000000000000000000000B7
:1019300000000000000000000000000000000000A7
:101940000000000000000000000000000000000097
:101950000000000000000000000000000000000087
:101960000000000000000000000000000000000077
:101970000000000000000000000000000000000067
:101980000000000000000000000000000000000057
:101990000000000000000000000000000000000047
:1019A0000000000000000000000000000000000037
:1019B0000000000000000000000000000000000027
:1019C0000000000000000000000000000000000017
:1019D0000000000000000000000000000000000007
:1019E00000000000000000000000000000000000F7
:1019F00000000000000000000000000000000000E7
:101A000000000000000000000000000000000000D6
:101A100000000000000000000000000000000000C6
:101A200000000000000000000000000000000000B6
:101A300000000000000000000000000000000000A6
:101A40000000000000000000000000000000000096
:101A50000000000000000000000000000000000086
:101A60000000000000000000000000000000000076
:101A70000000000000000000000000000000000066
:101A80000000000000000000000000000000000056
:101A90000000000000000000000000000000000046
:101AA0000000000000000000000000000000000036
:101AB0000000000000000000000000000000000026
:101AC0000000000000000000000000000000000016
:101AD0000000000000000000000000000000000006
:101AE00000000000000000000000000000000000F6
:101AF00000000000000000000000000000000000E6
:101B000000000000000000000000000000000000D5
:101B100000000000000000000000000000000000C5
:101B200000000000000000000000000000000000B5
:101B300000000000000000000000000000000000A5
:101B40000000000000000000000000000000000095
:101B50000000000000000000000000000000000085
:101B60000000000000000000000000000000000075
:101B70000000000000000000000000000000000065
:101B80000000000000000000000000000000000055
:101B90000000000000000000000000000000000045
:101BA0000000000000000000000000000000000035
:101BB0000000000000000000000000000000000025
:101BC0000000000000000000000000000000000015
:101BD0000000000000000000000000000000000005
:101BE00000000000000000000000000000000000F5
:101BF00000000000000000000000000000000000E5
:101C000000000000000000000000000000000000D4
:101C100000000000000000000000000000000000C4
:101C200000000000000000000000000000000000B4
:101C300000000000000000000000000000000000A4
:101C40000000000000000000000000000000000094
:101C50000000000000000000000000000000000084
:101C60000000000000000000000000000000000074
:101C70000000000000000000000000000000000064
:101C80000000000000000000000000000000000054
:101C90000000000000000000000000000000000044
:101CA0000000000000000000000000000000000034
:101CB0000000000000000000000000000000000024
:101CC0000000000000000000000000000000000014
:101CD0000000000000000000000000000000000004
:101CE00000000000000000000000000000000000F4
:101CF00000000000000000000000000000000000E4
:101D000000000000000000000000000000000000D3
:101D100000000000000000000000000000000000C3
:101D200000000000000000000000000000000000B3
:101D300000000000000000000000000000000000A3
:101D40000000000000000000000000000000000093
:101D50000000000000000000000000000000000083
:101D60000000000000000000000000000000000073
:101D70000000000000000000000000000000000063
:101D80000000000000000000000000000000000053
:101D90000000000000000000000000000000000043
:101DA0000000000000000000000000000000000033
:101DB0000000000000000000000000000000000023
:101DC0000000000000000000000000000000000013
:101DD0000000000000000000000000000000000003
:101DE00000000000000000000000000000000000F3
:101DF00000000000000000000000000000000000E3
:101E000000000000000000000000000000000000D2
:101E100000000000000000000000000000000000C2
:101E200000000000000000000000000000000000B2
:101E300000000000000000000000000000000000A2
:101E40000000000000000000000000000000000092
:101E50000000000000000000000000000000000082
:101E60000000000000000000000000000000000072
:101E70000000000000000000000000000000000062
:101E80000000000000000000000000000000000052
:101E90000000000000000000000000000000000042
:101EA0000000000000000000000000000000000032
:101EB0000000000000000000000000000000000022
:101EC0000000000000000000000000000000000012
:101ED0000000000000000000000000000000000002
:101EE00000000000000000000000000000000000F2
:101EF00000000000000000000000000000000000E2
:101F000000000000000000000000000000000000D1
:101F100000000000000000000000000000000000C1
:101F200000000000000000000000000000000000B1
:101F300000000000000000000000000000000000A1
:101F40000000000000000000000000000000000091
:101F50000000000000000000000000000000000081
:101F60000000000000000000000000000000000071
:101F70000000000000000000000000000000000061
:101F80000000000000000000000000000000000051
:101F90000000000000000000000000000000000041
:101FA0000000000000000000000000000000000031
:101FB0000000000000000000000000000000000021
:101FC0000000000000000000000000000000000011
:101FD0000000000000000000000000000000000001
:101FE00000000000000000000000000000000000F1
:101FF00000000000000000000000000000000000E1
:1020000000000000000000000000000000000000D0
:1020100000000000000000000000000000000000C0
:1020200000000000000000000000000000000000B0
:1020300000000000000000000000000000000000A0
:102040000000000000000000000000000000000090
:102050000000000000000000000000000000000080
:102060000000000000000000000000000000000070
:102070000000000000000000000000000000000060
:102080000000000000000000000000000000000050
:102090000000000000000000000000000000000040
:1020A0000000000000000000000000000000000030
:1020B0000000000000000000000000000000000020
:1020C0000000000000000000000000000000000010
:1020D0000000000000000000000000000000000000
:1020E00000000000000000000000000000000000F0
:1020F00000000000000000000000000000000000E0
:1021000000000000000000000000000000000000CF
:1021100000000000000000000000000000000000BF
:1021200000000000000000000000000000000000AF
:10213000000000000000000000000000000000009F
:10214000000000000000000000000000000000008F
:10215000000000000000000000000000000000007F
:10216000000000000000000000000000000000006F
:10217000000000000000000000000000000000005F
:10218000000000000000000000000000000000004F
:10219000000000000000000000000000000000003F
:1021A000000000000000000000000000000000002F
:1021B000000000000000000000000000000000001F
:1021C000000000000000000000000000000000000F
:1021D00000000000000000000000000000000000FF
:1021E00000000000000000000000000000000000EF
:1021F00000000000000000000000000000000000DF
:1022000000000000000000000000000000000000CE
:1022100000000000000000000000000000000000BE
:1022200000000000000000000000000000000000AE
:10223000000000000000000000000000000000009E
:10224000000000000000000000000000000000008E
:10225000000000000000000000000000000000007E
:10226000000000000000000000000000000000006E
:10227000000000000000000000000000000000005E
:10228000000000000000000000000000000000004E
:10229000000000000000000000000000000000003E
:1022A000000000000000000000000000000000002E
:1022B000000000000000000000000000000000001E
:1022C000000000000000000000000000000000000E
:1022D00000000000000000000000000000000000FE
:1022E00000000000000000000000000000000000EE
:1022F00000000000000000000000000000000000DE
:1023000000000000000000000000000000000000CD
:1023100000000000000000000000000000000000BD
:1023200000000000000000000000000000000000AD
:10233000000000000000000000000000000000009D
:10234000000000000000000000000000000000008D
:10235000000000000000000000000000000000007D
:10236000000000000000000000000000000000006D
:10237000000000000000000000000000000000005D
:10238000000000000000000000000000000000004D
:10239000000000000000000000000000000000003D
:1023A000000000000000000000000000000000002D
:1023B000000000000000000000000000000000001D
:1023C000000000000000000000000000000000000D
:1023D00000000000000000000000000000000000FD
:1023E00000000000000000000000000000000000ED
:1023F00000000000000000000000000000000000DD
:1024000000000000000000000000000000000000CC
:1024100000000000000000000000000000000000BC
:1024200000000000000000000000000000000000AC
:10243000000000000000000000000000000000009C
:10244000000000000000000000000000000000008C
:10245000000000000000000000000000000000007C
:10246000000000000000000000000000000000006C
:10247000000000000000000000000000000000005C
:10248000000000000000000000000000000000004C
:10249000000000000000000000000000000000003C
:1024A000000000000000000000000000000000002C
:1024B000000000000000000000000000000000001C
:1024C000000000000000000000000000000000000C
:1024D00000000000000000000000000000000000FC
:1024E00000000000000000000000000000000000EC
:1024F00000000000000000000000000000000000DC
:1025000000000000000000000000000000000000CB
:1025100000000000000000000000000000000000BB
:1025200000000000000000000000000000000000AB
:10253000000000000000000000000000000000009B
:10254000000000000000000000000000000000008B
:10255000000000000000000000000000000000007B
:10256000000000000000000000000000000000006B
:10257000000000000000000000000000000000005B
:10258000000000000000000000000000000000004B
:10259000000000000000000000000000000000003B
:1025A000000000000000000000000000000000002B
:1025B000000000000000000000000000000000001B
:1025C000000000000000000000000000000000000B
:1025D00000000000000000000000000000000000FB
:1025E00000000000000000000000000000000000EB
:1025F00000000000000000000000000000000000DB
:1026000000000000000000000000000000000000CA
:1026100000000000000000000000000000000000BA
:1026200000000000000000000000000000000000AA
:10263000000000000000000000000000000000009A
:10264000000000000000000000000000000000008A
:10265000000000000000000000000000000000007A
:10266000000000000000000000000000000000006A
:10267000000000000000000000000000000000005A
:10268000000000000000000000000000000000004A
:10269000000000000000000000000000000000003A
:1026A000000000000000000000000000000000002A
:1026B000000000000000000000000000000000001A
:1026C000000000000000000000000000000000000A
:1026D00000000000000000000000000000000000FA
:1026E00000000000000000000000000000000000EA
:1026F00000000000000000000000000000000000DA
:1027000000000000000000000000000000000000C9
:1027100000000000000000000000000000000000B9
:1027200000000000000000000000000000000000A9
:102730000000000000000000000000000000000099
:102740000000000000000000000000000000000089
:102750000000000000000000000000000000000079
:102760000000000000000000000000000000000069
:102770000000000000000000000000000000000059
:102780000000000000000000000000000000000049
:102790000000000000000000000000000000000039
:1027A0000000000000000000000000000000000029
:1027B0000000000000000000000000000000000019
:1027C0000000000000000000000000000000000009
:1027D00000000000000000000000000000000000F9
:1027E00000000000000000000000000000000000E9
:1027F00000000000000000000000000000000000D9
:1028000000000000000000000000000000000000C8
:1028100000000000000000000000000000000000B8
:1028200000000000000000000000000000000000A8
:102830000000000000000000000000000000000098
:102840000000000000000000000000000000000088
:102850000000000000000000000000000000000078
:102860000000000000000000000000000000000068
:102870000000000000000000000000000000000058
:102880000000000000000000000000000000000048
:102890000000000000000000000000000000000038
:1028A0000000000000000000000000000000000028
:1028B0000000000000000000000000000000000018
:1028C0000000000000000000000000000000000008
:1028D00000000000000000000000000000000000F8
:1028E00000000000000000000000000000000000E8
:1028F00000000000000000000000000000000000D8
:1029000000000000000000000000000000000000C7
:1029100000000000000000000000000000000000B7
:1029200000000000000000000000000000000000A7
:102930000000000000000000000000000000000097
:102940000000000000000000000000000000000087
:102950000000000000000000000000000000000077
:102960000000000000000000000000000000000067
:102970000000000000000000000000000000000057
:102980000000000000000000000000000000000047
:102990000000000000000000000000000000000037
:1029A0000000000000000000000000000000000027
:1029B0000000000000000000000000000000000017
:1029C0000000000000000000000000000000000007
:1029D00000000000000000000000000000000000F7
:1029E00000000000000000000000000000000000E7
:1029F00000000000000000000000000000000000D7
:102A000000000000000000000000000000000000C6
:102A100000000000000000000000000000000000B6
:102A200000000000000000000000000000000000A6
:102A30000000000000000000000000000000000096
:102A40000000000000000000000000000000000086
:102A50000000000000000000000000000000000076
:102A60000000000000000000000000000000000066
:102A70000000000000000000000000000000000056
:102A80000000000000000000000000000000000046
:102A90000000000000000000000000000000000036
:102AA0000000000000000000000000000000000026
:102AB0000000000000000000000000000000000016
:102AC0000000000000000000000000000000000006
:102AD00000000000000000000000000000000000F6
:102AE00000000000000000000000000000000000E6
:102AF00000000000000000000000000000000000D6
:102B000000000000000000000000000000000000C5
:102B100000000000000000000000000000000000B5
:102B200000000000000000000000000000000000A5
:102B30000000000000000000000000000000000095
:102B40000000000000000000000000000000000085
:102B50000000000000000000000000000000000075
:102B60000000000000000000000000000000000065
:102B70000000000000000000000000000000000055
:102B80000000000000000000000000000000000045
:102B90000000000000000000000000000000000035
:102BA0000000000000000000000000000000000025
:102BB0000000000000000000000000000000000015
:102BC0000000000000000000000000000000000005
:102BD00000000000000000000000000000000000F5
:102BE00000000000000000000000000000000000E5
:102BF00000000000000000000000000000000000D5
:102C000000000000000000000000000000000000C4
:102C100000000000000000000000000000000000B4
:102C200000000000000000000000000000000000A4
:102C30000000000000000000000000000000000094
:102C40000000000000000000000000000000000084
:102C50000000000000000000000000000000000074
:102C60000000000000000000000000000000000064
:102C70000000000000000000000000000000000054
:102C80000000000000000000000000000000000044
:102C90000000000000000000000000000000000034
:102CA0000000000000000000000000000000000024
:102CB0000000000000000000000000000000000014
:102CC0000000000000000000000000000000000004
:102CD00000000000000000000000000000000000F4
:102CE00000000000000000000000000000000000E4
:102CF00000000000000000000000000000000000D4
:102D000000000000000000000000000000000000C3
:102D100000000000000000000000000000000000B3
:102D200000000000000000000000000000000000A3
:102D30000000000000000000000000000000000093
:102D40000000000000000000000000000000000083
:102D50000000000000000000000000000000000073
:102D60000000000000000000000000000000000063
:102D70000000000000000000000000000000000053
:102D80000000000000000000000000000000000043
:102D90000000000000000000000000000000000033
:102DA0000000000000000000000000000000000023
:102DB0000000000000000000000000000000000013
:102DC0000000000000000000000000000000000003
:102DD00000000000000000000000000000000000F3
:102DE00000000000000000000000000000000000E3
:102DF00000000000000000000000000000000000D3
:102E000000000000000000000000000000000000C2
:102E100000000000000000000000000000000000B2
:102E200000000000000000000000000000000000A2
:102E30000000000000000000000000000000000092
:102E40000000000000000000000000000000000082
:102E50000000000000000000000000000000000072
:102E60000000000000000000000000000000000062
:102E70000000000000000000000000000000000052
:102E80000000000000000000000000000000000042
:102E90000000000000000000000000000000000032
:102EA0000000000000000000000000000000000022
:102EB0000000000000000000000000000000000012
:102EC0000000000000000000000000000000000002
:102ED00000000000000000000000000000000000F2
:102EE00000000000000000000000000000000000E2
:102EF00000000000000000000000000000000000D2
:102F000000000000000000000000000000000000C1
:102F100000000000000000000000000000000000B1
:102F200000000000000000000000000000000000A1
:102F30000000000000000000000000000000000091
:102F40000000000000000000000000000000000081
:102F50000000000000000000000000000000000071
:102F60000000000000000000000000000000000061
:102F70000000000000000000000000000000000051
:102F80000000000000000000000000000000000041
:102F90000000000000000000000000000000000031
:102FA0000000000000000000000000000000000021
:102FB0000000000000000000000000000000000011
:102FC0000000000000000000000000000000000001
:102FD00000000000000000000000000000000000F1
:102FE00000000000000000000000000000000000E1
:102FF00000000000000000000000000000000000D1
:1030000000000000000000000000000000000000C0
:1030100000000000000000000000000000000000B0
:1030200000000000000000000000000000000000A0
:103030000000000000000000000000000000000090
:103040000000000000000000000000000000000080
:103050000000000000000000000000000000000070
:103060000000000000000000000000000000000060
:103070000000000000000000000000000000000050
:103080000000000000000000000000000000000040
:103090000000000000000000000000000000000030
:1030A0000000000000000000000000000000000020
:1030B0000000000000000000000000000000000010
:1030C0000000000000000000000000000000000000
:1030D00000000000000000000000000000000000F0
:1030E00000000000000000000000000000000000E0
:1030F00000000000000000000000000000000000D0
:1031000000000000000000000000000000000000BF
:1031100000000000000000000000000000000000AF
:10312000000000000000000000000000000000009F
:10313000000000000000000000000000000000008F
:10314000000000000000000000000000000000007F
:10315000000000000000000000000000000000006F
:10316000000000000000000000000000000000005F
:10317000000000000000000000000000000000004F
:10318000000000000000000000000000000000003F
:10319000000000000000000000000000000000002F
:1031A000000000000000000000000000000000001F
:1031B000000000000000000000000000000000000F
:1031C00000000000000000000000000000000000FF
:1031D00000000000000000000000000000000000EF
:1031E00000000000000000000000000000000000DF
:1031F00000000000000000000000000000000000CF
:1032000000000000000000000000000000000000BE
:1032100000000000000000000000000000000000AE
:10322000000000000000000000000000000000009E
:10323000000000000000000000000000000000008E
:10324000000000000000000000000000000000007E
:10325000000000000000000000000000000000006E
:10326000000000000000000000000000000000005E
:10327000000000000000000000000000000000004E
:10328000000000000000000000000000000000003E
:10329000000000000000000000000000000000002E
:1032A000000000000000000000000000000000001E
:1032B000000000000000000000000000000000000E
:1032C00000000000000000000000000000000000FE
:1032D00000000000000000000000000000000000EE
:1032E00000000000000000000000000000000000DE
:1032F00000000000000000000000000000000000CE
:1033000000000000000000000000000000000000BD
:1033100000000000000000000000000000000000AD
:10332000000000000000000000000000000000009D
:10333000000000000000000000000000000000008D
:10334000000000000000000000000000000000007D
:10335000000000000000000000000000000000006D
:10336000000000000000000000000000000000005D
:10337000000000000000000000000000000000004D
:10338000000000000000000000000000000000003D
:10339000000000000000000000000000000000002D
:1033A000000000000000000000000000000000001D
:1033B000000000000000000000000000000000000D
:1033C00000000000000000000000000000000000FD
:1033D00000000000000000000000000000000000ED
:1033E00000000000000000000000000000000000DD
:1033F00000000000000000000000000000000000CD
:1034000000000000000000000000000000000000BC
:1034100000000000000000000000000000000000AC
:10342000000000000000000000000000000000009C
:10343000000000000000000000000000000000008C
:10344000000000000000000000000000000000007C
:10345000000000000000000000000000000000006C
:10346000000000000000000000000000000000005C
:10347000000000000000000000000000000000004C
:10348000000000000000000000000000000000003C
:10349000000000000000000000000000000000002C
:1034A000000000000000000000000000000000001C
:1034B000000000000000000000000000000000000C
:1034C00000000000000000000000000000000000FC
:1034D00000000000000000000000000000000000EC
:1034E00000000000000000000000000000000000DC
:1034F00000000000000000000000000000000000CC
:1035000000000000000000000000000000000000BB
:1035100000000000000000000000000000000000AB
:10352000000000000000000000000000000000009B
:10353000000000000000000000000000000000008B
:10354000000000000000000000000000000000007B
:10355000000000000000000000000000000000006B
:10356000000000000000000000000000000000005B
:10357000000000000000000000000000000000004B
:10358000000000000000000000000000000000003B
:10359000000000000000000000000000000000002B
:1035A000000000000000000000000000000000001B
:1035B000000000000000000000000000000000000B
:1035C00000000000000000000000000000000000FB
:1035D00000000000000000000000000000000000EB
:1035E00000000000000000000000000000000000DB
:1035F00000000000000000000000000000000000CB
:1036000000000000000000000000000000000000BA
:1036100000000000000000000000000000000000AA
:10362000000000000000000000000000000000009A
:10363000000000000000000000000000000000008A
:10364000000000000000000000000000000000007A
:10365000000000000000000000000000000000006A
:10366000000000000000000000000000000000005A
:10367000000000000000000000000000000000004A
:10368000000000000000000000000000000000003A
:10369000000000000000000000000000000000002A
:1036A000000000000000000000000000000000001A
:1036B000000000000000000000000000000000000A
:1036C00000000000000000000000000000000000FA
:1036D00000000000000000000000000000000000EA
:1036E00000000000000000000000000000000000DA
:1036F00000000000000000000000000000000000CA
:1037000000000000000000000000000000000000B9
:1037100000000000000000000000000000000000A9
:103720000000000000000000000000000000000099
:103730000000000000000000000000000000000089
:103740000000000000000000000000000000000079
:103750000000000000000000000000000000000069
:103760000000000000000000000000000000000059
:103770000000000000000000000000000000000049
:103780000000000000000000000000000000000039
:103790000000000000000000000000000000000029
:1037A0000000000000000000000000000000000019
:1037B0000000000000000000000000000000000009
:1037C00000000000000000000000000000000000F9
:1037D00000000000000000000000000000000000E9
:1037E00000000000000000000000000000000000D9
:1037F00000000000000000000000000000000000C9
:1038000000000000000000000000000000000000B8
:1038100000000000000000000000000000000000A8
:103820000000000000000000000000000000000098
:103830000000000000000000000000000000000088
:103840000000000000000000000000000000000078
:103850000000000000000000000000000000000068
:103860000000000000000000000000000000000058
:103870000000000000000000000000000000000048
:103880000000000000000000000000000000000038
:103890000000000000000000000000000000000028
:1038A0000000000000000000000000000000000018
:1038B0000000000000000000000000000000000008
:1038C00000000000000000000000000000000000F8
:1038D00000000000000000000000000000000000E8
:1038E00000000000000000000000000000000000D8
:1038F00000000000000000000000000000000000C8
:1039000000000000000000000000000000000000B7
:1039100000000000000000000000000000000000A7
:103920000000000000000000000000000000000097
:103930000000000000000000000000000000000087
:103940000000000000000000000000000000000077
:103950000000000000000000000000000000000067
:103960000000000000000000000000000000000057
:103970000000000000000000000000000000000047
:103980000000000000000000000000000000000037
:103990000000000000000000000000000000000027
:1039A0000000000000000000000000000000000017
:1039B0000000000000000000000000000000000007
:1039C00000000000000000000000000000000000F7
:1039D00000000000000000000000000000000000E7
:1039E00000000000000000000000000000000000D7
:1039F00000000000000000000000000000000000C7
:103A000000000000000000000000000000000000B6
:103A100000000000000000000000000000000000A6
:103A20000000000000000000000000000000000096
:103A30000000000000000000000000000000000086
:103A40000000000000000000000000000000000076
:103A50000000000000000000000000000000000066
:103A60000000000000000000000000000000000056
:103A70000000000000000000000000000000000046
:103A80000000000000000000000000000000000036
:103A90000000000000000000000000000000000026
:103AA0000000000000000000000000000000000016
:103AB0000000000000000000000000000000000006
:103AC00000000000000000000000000000000000F6
:103AD00000000000000000000000000000000000E6
:103AE00000000000000000000000000000000000D6
:103AF00000000000000000000000000000000000C6
:103B000000000000000000000000000000000000B5
:103B100000000000000000000000000000000000A5
:103B20000000000000000000000000000000000095
:103B30000000000000000000000000000000000085
:103B40000000000000000000000000000000000075
:103B50000000000000000000000000000000000065
:103B60000000000000000000000000000000000055
:103B70000000000000000000000000000000000045
:103B80000000000000000000000000000000000035
:103B90000000000000000000000000000000000025
:103BA0000000000000000000000000000000000015
:103BB0000000000000000000000000000000000005
:103BC00000000000000000000000000000000000F5
:103BD00000000000000000000000000000000000E5
:103BE00000000000000000000000000000000000D5
:103BF00000000000000000000000000000000000C5
:103C000000000000000000000000000000000000B4
:103C100000000000000000000000000000000000A4
:103C20000000000000000000000000000000000094
:103C30000000000000000000000000000000000084
:103C40000000000000000000000000000000000074
:103C50000000000000000000000000000000000064
:103C60000000000000000000000000000000000054
:103C70000000000000000000000000000000000044
:103C80000000000000000000000000000000000034
:103C90000000000000000000000000000000000024
:103CA0000000000000000000000000000000000014
:103CB0000000000000000000000000000000000004
:103CC00000000000000000000000000000000000F4
:103CD00000000000000000000000000000000000E4
:103CE00000000000000000000000000000000000D4
:103CF00000000000000000000000000000000000C4
:103D000000000000000000000000000000000000B3
:103D100000000000000000000000000000000000A3
:103D20000000000000000000000000000000000093
:103D30000000000000000000000000000000000083
:103D40000000000000000000000000000000000073
:103D50000000000000000000000000000000000063
:103D60000000000000000000000000000000000053
:103D70000000000000000000000000000000000043
:103D80000000000000000000000000000000000033
:103D90000000000000000000000000000000000023
:103DA0000000000000000000000000000000000013
:103DB0000000000000000000000000000000000003
:103DC00000000000000000000000000000000000F3
:103DD00000000000000000000000000000000000E3
:103DE00000000000000000000000000000000000D3
:103DF00000000000000000000000000000000000C3
:103E000000000000000000000000000000000000B2
:103E100000000000000000000000000000000000A2
:103E20000000000000000000000000000000000092
:103E30000000000000000000000000000000000082
:103E40000000000000000000000000000000000072
:103E50000000000000000000000000000000000062
:103E60000000000000000000000000000000000052
:103E70000000000000000000000000000000000042
:103E80000000000000000000000000000000000032
:103E90000000000000000000000000000000000022
:103EA0000000000000000000000000000000000012
:103EB0000000000000000000000000000000000002
:103EC00000000000000000000000000000000000F2
:103ED00000000000000000000000000000000000E2
:103EE00000000000000000000000000000000000D2
:103EF00000000000000000000000000000000000C2
:103F000000000000000000000000000000000000B1
:103F100000000000000000000000000000000000A1
:103F20000000000000000000000000000000000091
:103F30000000000000000000000000000000000081
:103F40000000000000000000000000000000000071
:103F50000000000000000000000000000000000061
:103F60000000000000000000000000000000000051
:103F70000000000000000000000000000000000041
:103F80000000000000000000000000000000000031
:103F90000000000000000000000000000000000021
:103FA0000000000000000000000000000000000011
:103FB0000000000000000000000000000000000001
:103FC00000000000000000000000000000000000F1
:103FD00000000000000000000000000000000000E1
:103FE00000000000000000000000000000000000D1
:103FF00000000000000000000000000000000000C1
:1040000000000000000000000000000000000000B0
:1040100000000000000000000000000000000000A0
:104020000000000000000000000000000000000090
:104030000000000000000000000000000000000080
:104040000000000000000000000000000000000070
:104050000000000000000000000000000000000060
:104060000000000000000000000000000000000050
:104070000000000000000000000000000000000040
:104080000000000000000000000000000000000030
:104090000000000000000000000000000000000020
:1040A0000000000000000000000000000000000010
:1040B0000000000000000000000000000000000000
:1040C00000000000000000000000000000000000F0
:1040D00000000000000000000000000000000000E0
:1040E00000000000000000000000000000000000D0
:1040F00000000000000000000000000000000000C0
:1041000000000000000000000000000000000000AF
:10411000000000000000000000000000000000009F
:10412000000000000000000000000000000000008F
:10413000000000000000000000000000000000007F
:10414000000000000000000000000000000000006F
:10415000000000000000000000000000000000005F
:10416000000000000000000000000000000000004F
:10417000000000000000000000000000000000003F
:10418000000000000000000000000000000000002F
:10419000000000000000000000000000000000001F
:1041A000000000000000000000000000000000000F
:1041B00000000000000000000000000000000000FF
:1041C00000000000000000000000000000000000EF
:1041D00000000000000000000000000000000000DF
:1041E00000000000000000000000000000000000CF
:1041F00000000000000000000000000000000000BF
:1042000000000000000000000000000000000000AE
:10421000000000000000000000000000000000009E
:10422000000000000000000000000000000000008E
:10423000000000000000000000000000000000007E
:10424000000000000000000000000000000000006E
:10425000000000000000000000000000000000005E
:10426000000000000000000000000000000000004E
:10427000000000000000000000000000000000003E
:10428000000000000000000000000000000000002E
:10429000000000000000000000000000000000001E
:1042A000000000000000000000000000000000000E
:1042B00000000000000000000000000000000000FE
:1042C00000000000000000000000000000000000EE
:1042D00000000000000000000000000000000000DE
:1042E00000000000000000000000000000000000CE
:1042F00000000000000000000000000000000000BE
:1043000000000000000000000000000000000000AD
:10431000000000000000000000000000000000009D
:10432000000000000000000000000000000000008D
:10433000000000000000000000000000000000007D
:10434000000000000000000000000000000000006D
:10435000000000000000000000000000000000005D
:10436000000000000000000000000000000000004D
:10437000000000000000000000000000000000003D
:10438000000000000000000000000000000000002D
:10439000000000000000000000000000000000001D
:1043A000000000000000000000000000000000000D
:1043B00000000000000000000000000000000000FD
:1043C00000000000000000000000000000000000ED
:1043D00000000000000000000000000000000000DD
:1043E00000000000000000000000000000000000CD
:1043F00000000000000000000000000000000000BD
:1044000000000000000000000000000000000000AC
:10441000000000000000000000000000000000009C
:10442000000000000000000000000000000000008C
:10443000000000000000000000000000000000007C
:10444000000000000000000000000000000000006C
:10445000000000000000000000000000000000005C
:10446000000000000000000000000000000000004C
:10447000000000000000000000000000000000003C
:10448000000000000000000000000000000000002C
:10449000000000000000000000000000000000001C
:1044A000000000000000000000000000000000000C
:1044B00000000000000000000000000000000000FC
:1044C00000000000000000000000000000000000EC
:1044D00000000000000000000000000000000000DC
:1044E00000000000000000000000000000000000CC
:1044F00000000000000000000000000000000000BC
:1045000000000000000000000000000000000000AB
:10451000000000000000000000000000000000009B
:10452000000000000000000000000000000000008B
:10453000000000000000000000000000000000007B
:10454000000000000000000000000000000000006B
:10455000000000000000000000000000000000005B
:10456000000000000000000000000000000000004B
:10457000000000000000000000000000000000003B
:10458000000000000000000000000000000000002B
:10459000000000000000000000000000000000001B
:1045A000000000000000000000000000000000000B
:1045B00000000000000000000000000000000000FB
:1045C00000000000000000000000000000000000EB
:1045D00000000000000000000000000000000000DB
:1045E00000000000000000000000000000000000CB
:1045F00000000000000000000000000000000000BB
:1046000000000000000000000000000000000000AA
:10461000000000000000000000000000000000009A
:10462000000000000000000000000000000000008A
:10463000000000000000000000000000000000007A
:10464000000000000000000000000000000000006A
:10465000000000000000000000000000000000005A
:10466000000000000000000000000000000000004A
:10467000000000000000000000000000000000003A
:10468000000000000000000000000000000000002A
:10469000000000000000000000000000000000001A
:1046A000000000000000000000000000000000000A
:1046B00000000000000000000000000000000000FA
:1046C00000000000000000000000000000000000EA
:1046D00000000000000000000000000000000000DA
:1046E00000000000000000000000000000000000CA
:1046F00000000000000000000000000000000000BA
:1047000000000000000000000000000000000000A9
:104710000000000000000000000000000000000099
:104720000000000000000000000000000000000089
:104730000000000000000000000000000000000079
:104740000000000000000000000000000000000069
:104750000000000000000000000000000000000059
:104760000000000000000000000000000000000049
:104770000000000000000000000000000000000039
:104780000000000000000000000000000000000029
:104790000000000000000000000000000000000019
:1047A0000000000000000000000000000000000009
:1047B00000000000000000000000000000000000F9
:1047C00000000000000000000000000000000000E9
:1047D00000000000000000000000000000000000D9
:1047E00000000000000000000000000000000000C9
:1047F00000000000000000000000000000000000B9
:1048000000000000000000000000000000000000A8
:104810000000000000000000000000000000000098
:104820000000000000000000000000000000000088
:104830000000000000000000000000000000000078
:104840000000000000000000000000000000000068
:104850000000000000000000000000000000000058
:104860000000000000000000000000000000000048
:104870000000000000000000000000000000000038
:104880000000000000000000000000000000000028
:104890000000000000000000000000000000000018
:1048A0000000000000000000000000000000000008
:1048B00000000000000000000000000000000000F8
:1048C00000000000000000000000000000000000E8
:1048D00000000000000000000000000000000000D8
:1048E00000000000000000000000000000000000C8
:1048F00000000000000000000000000000000000B8
:1049000000000000000000000000000000000000A7
:104910000000000000000000000000000000000097
:104920000000000000000000000000000000000087
:104930000000000000000000000000000000000077
:104940000000000000000000000000000000000067
:104950000000000000000000000000000000000057
:104960000000000000000000000000000000000047
:104970000000000000000000000000000000000037
:104980000000000000000000000000000000000027
:104990000000000000000000000000000000000017
:1049A0000000000000000000000000000000000007
:1049B00000000000000000000000000000000000F7
:1049C00000000000000000000000000000000000E7
:1049D00000000000000000000000000000000000D7
:1049E00000000000000000000000000000000000C7
:1049F00000000000000000000000000000000000B7
:104A000000000000000000000000000000000000A6
:104A10000000000000000000000000000000000096
:104A20000000000000000000000000000000000086
:104A30000000000000000000000000000000000076
:104A40000000000000000000000000000000000066
:104A50000000000000000000000000000000000056
:104A60000000000000000000000000000000000046
:104A70000000000000000000000000000000000036
:104A80000000000000000000000000000000000026
:104A90000000000000000000000000000000000016
:104AA0000000000000000000000000000000000006
:104AB00000000000000000000000000000000000F6
:104AC00000000000000000000000000000000000E6
:104AD00000000000000000000000000000000000D6
:104AE00000000000000000000000000000000000C6
:104AF00000000000000000000000000000000000B6
:104B000000000000000000000000000000000000A5
:104B10000000000000000000000000000000000095
:104B20000000000000000000000000000000000085
:104B30000000000000000000000000000000000075
:104B40000000000000000000000000000000000065
:104B50000000000000000000000000000000000055
:104B60000000000000000000000000000000000045
:104B70000000000000000000000000000000000035
:104B80000000000000000000000000000000000025
:104B90000000000000000000000000000000000015
:104BA0000000000000000000000000000000000005
:104BB00000000000000000000000000000000000F5
:104BC00000000000000000000000000000000000E5
:104BD00000000000000000000000000000000000D5
:104BE00000000000000000000000000000000000C5
:104BF00000000000000000000000000000000000B5
:104C000000000000000000000000000000000000A4
:104C10000000000000000000000000000000000094
:104C20000000000000000000000000000000000084
:104C30000000000000000000000000000000000074
:104C40000000000000000000000000000000000064
:104C50000000000000000000000000000000000054
:104C60000000000000000000000000000000000044
:104C70000000000000000000000000000000000034
:104C80000000000000000000000000000000000024
:104C90000000000000000000000000000000000014
:104CA0000000000000000000000000000000000004
:104CB00000000000000000000000000000000000F4
:104CC00000000000000000000000000000000000E4
:104CD00000000000000000000000000000000000D4
:104CE00000000000000000000000000000000000C4
:104CF00000000000000000000000000000000000B4
:104D000000000000000000000000000000000000A3
:104D10000000000000000000000000000000000093
:104D20000000000000000000000000000000000083
:104D30000000000000000000000000000000000073
:104D40000000000000000000000000000000000063
:104D50000000000000000000000000000000000053
:104D60000000000000000000000000000000000043
:104D70000000000000000000000000000000000033
:104D80000000000000000000000000000000000023
:104D90000000000000000000000000000000000013
:104DA0000000000000000000000000000000000003
:104DB00000000000000000000000000000000000F3
:104DC00000000000000000000000000000000000E3
:104DD00000000000000000000000000000000000D3
:104DE00000000000000000000000000000000000C3
:104DF00000000000000000000000000000000000B3
:104E000000000000000000000000000000000000A2
:104E10000000000000000000000000000000000092
:104E20000000000000000000000000000000000082
:104E30000000000000000000000000000000000072
:104E40000000000000000000000000000000000062
:104E50000000000000000000000000000000000052
:104E60000000000000000000000000000000000042
:104E70000000000000000000000000000000000032
:104E80000000000000000000000000000000000022
:104E90000000000000000000000000000000000012
:104EA0000000000000000000000000000000000002
:104EB00000000000000000000000000000000000F2
:104EC00000000000000000000000000000000000E2
:104ED00000000000000000000000000000000000D2
:104EE00000000000000000000000000000000000C2
:104EF00000000000000000000000000000000000B2
:104F000000000000000000000000000000000000A1
:104F10000000000000000000000000000000000091
:104F20000000000000000000000000000000000081
:104F30000000000000000000000000000000000071
:104F40000000000000000000000000000000000061
:104F50000000000000000000000000000000000051
:104F60000000000000000000000000000000000041
:104F70000000000000000000000000000000000031
:104F80000000000000000000000000000000000021
:104F90000000000000000000000000000000000011
:104FA0000000000000000000000000000000000001
:104FB00000000000000000000000000000000000F1
:104FC00000000000000000000000000000000000E1
:104FD00000000000000000000000000000000000D1
:104FE00000000000000000000000000000000000C1
:104FF00000000000000000000000000000000000B1
:1050000000000000000000000000000000000000A0
:105010000000000000000000000000000000000090
:105020000000000000000000000000000000000080
:105030000000000000000000000000000000000070
:105040000000000000000000000000000000000060
:105050000000000000000000000000000000000050
:105060000000000000000000000000000000000040
:105070000000000000000000000000000000000030
:105080000000000000000000000000000000000020
:105090000000000000000000000000000000000010
:1050A0000000000000000000000000000000000000
:1050B00000000000000000000000000000000000F0
:1050C00000000000000000000000000000000000E0
:1050D00000000000000000000000000000000000D0
:1050E00000000000000000000000000000000000C0
:1050F00000000000000000000000000000000000B0
:10510000000000000000000000000000000000009F
:10511000000000000000000000000000000000008F
:10512000000000000000000000000000000000007F
:10513000000000000000000000000000000000006F
:10514000000000000000000000000000000000005F
:10515000000000000000000000000000000000004F
:10516000000000000000000000000000000000003F
:10517000000000000000000000000000000000002F
:10518000000000000000000000000000000000001F
:10519000000000000000000000000000000000000F
:1051A00000000000000000000000000000000000FF
:1051B00000000000000000000000000000000000EF
:1051C00000000000000000000000000000000000DF
:1051D00000000000000000000000000000000000CF
:1051E00000000000000000000000000000000000BF
:1051F00000000000000000000000000000000000AF
:10520000000000000000000000000000000000009E
:10521000000000000000000000000000000000008E
:10522000000000000000000000000000000000007E
:10523000000000000000000000000000000000006E
:10524000000000000000000000000000000000005E
:10525000000000000000000000000000000000004E
:10526000000000000000000000000000000000003E
:10527000000000000000000000000000000000002E
:10528000000000000000000000000000000000001E
:10529000000000000000000000000000000000000E
:1052A00000000000000000000000000000000000FE
:1052B00000000000000000000000000000000000EE
:1052C00000000000000000000000000000000000DE
:1052D00000000000000000000000000000000000CE
:1052E00000000000000000000000000000000000BE
:1052F00000000000000000000000000000000000AE
:10530000000000000000000000000000000000009D
:10531000000000000000000000000000000000008D
:10532000000000000000000000000000000000007D
:10533000000000000000000000000000000000006D
:10534000000000000000000000000000000000005D
:10535000000000000000000000000000000000004D
:10536000000000000000000000000000000000003D
:10537000000000000000000000000000000000002D
:10538000000000000000000000000000000000001D
:10539000000000000000000000000000000000000D
:1053A00000000000000000000000000000000000FD
:1053B00000000000000000000000000000000000ED
:1053C00000000000000000000000000000000000DD
:1053D00000000000000000000000000000000000CD
:1053E00000000000000000000000000000000000BD
:1053F00000000000000000000000000000000000AD
:10540000000000000000000000000000000000009C
:10541000000000000000000000000000000000008C
:10542000000000000000000000000000000000007C
:10543000000000000000000000000000000000006C
:10544000000000000000000000000000000000005C
:10545000000000000000000000000000000000004C
:10546000000000000000000000000000000000003C
:10547000000000000000000000000000000000002C
:10548000000000000000000000000000000000001C
:10549000000000000000000000000000000000000C
:1054A00000000000000000000000000000000000FC
:1054B00000000000000000000000000000000000EC
:1054C00000000000000000000000000000000000DC
:1054D00000000000000000000000000000000000CC
:1054E00000000000000000000000000000000000BC
:1054F00000000000000000000000000000000000AC
:10550000000000000000000000000000000000009B
:10551000000000000000000000000000000000008B
:10552000000000000000000000000000000000007B
:10553000000000000000000000000000000000006B
:10554000000000000000000000000000000000005B
:10555000000000000000000000000000000000004B
:10556000000000000000000000000000000000003B
:10557000000000000000000000000000000000002B
:10558000000000000000000000000000000000001B
:10559000000000000000000000000000000000000B
:1055A00000000000000000000000000000000000FB
:1055B00000000000000000000000000000000000EB
:1055C00000000000000000000000000000000000DB
:1055D00000000000000000000000000000000000CB
:1055E00000000000000000000000000000000000BB
:1055F00000000000000000000000000000000000AB
:10560000000000000000000000000000000000009A
:10561000000000000000000000000000000000008A
:10562000000000000000000000000000000000007A
:10563000000000000000000000000000000000006A
:10564000000000000000000000000000000000005A
:10565000000000000000000000000000000000004A
:10566000000000000000000000000000000000003A
:10567000000000000000000000000000000000002A
:10568000000000000000000000000000000000001A
:10569000000000000000000000000000000000000A
:1056A00000000000000000000000000000000000FA
:1056B00000000000000000000000000000000000EA
:1056C00000000000000000000000000000000000DA
:1056D00000000000000000000000000000000000CA
:1056E00000000000000000000000000000000000BA
:1056F00000000000000000000000000000000000AA
:105700000000000000000000000000000000000099
:105710000000000000000000000000000000000089
:105720000000000000000000000000000000000079
:105730000000000000000000000000000000000069
:105740000000000000000000000000000000000059
:105750000000000000000000000000000000000049
:105760000000000000000000000000000000000039
:105770000000000000000000000000000000000029
:105780000000000000000000000000000000000019
:105790000000000000000000000000000000000009
:1057A00000000000000000000000000000000000F9
:1057B00000000000000000000000000000000000E9
:1057C00000000000000000000000000000000000D9
:1057D00000000000000000000000000000000000C9
:1057E00000000000000000000000000000000000B9
:1057F00000000000000000000000000000000000A9
:105800000000000000000000000000000000000098
:105810000000000000000000000000000000000088
:105820000000000000000000000000000000000078
:105830000000000000000000000000000000000068
:105840000000000000000000000000000000000058
:105850000000000000000000000000000000000048
:105860000000000000000000000000000000000038
:105870000000000000000000000000000000000028
:105880000000000000000000000000000000000018
:105890000000000000000000000000000000000008
:1058A00000000000000000000000000000000000F8
:1058B00000000000000000000000000000000000E8
:1058C00000000000000000000000000000000000D8
:1058D00000000000000000000000000000000000C8
:1058E00000000000000000000000000000000000B8
:1058F00000000000000000000000000000000000A8
:105900000000000000000000000000000000000097
:105910000000000000000000000000000000000087
:105920000000000000000000000000000000000077
:105930000000000000000000000000000000000067
:105940000000000000000000000000000000000057
:105950000000000000000000000000000000000047
:105960000000000000000000000000000000000037
:105970000000000000000000000000000000000027
:105980000000000000000000000000000000000017
:105990000000000000000000000000000000000007
:1059A00000000000000000000000000000000000F7
:1059B00000000000000000000000000000000000E7
:1059C00000000000000000000000000000000000D7
:1059D00000000000000000000000000000000000C7
:1059E00000000000000000000000000000000000B7
:1059F00000000000000000000000000000000000A7
:105A00000000000000000000000000000000000096
:105A10000000000000000000000000000000000086
:105A20000000000000000000000000000000000076
:105A30000000000000000000000000000000000066
:105A40000000000000000000000000000000000056
:105A50000000000000000000000000000000000046
:105A60000000000000000000000000000000000036
:105A70000000000000000000000000000000000026
:105A80000000000000000000000000000000000016
:105A90000000000000000000000000000000000006
:105AA00000000000000000000000000000000000F6
:105AB00000000000000000000000000000000000E6
:105AC00000000000000000000000000000000000D6
:105AD00000000000000000000000000000000000C6
:105AE00000000000000000000000000000000000B6
:105AF00000000000000000000000000000000000A6
:105B00000000000000000000000000000000000095
:105B10000000000000000000000000000000000085
:105B20000000000000000000000000000000000075
:105B30000000000000000000000000000000000065
:105B40000000000000000000000000000000000055
:105B50000000000000000000000000000000000045
:105B60000000000000000000000000000000000035
:105B70000000000000000000000000000000000025
:105B80000000000000000000000000000000000015
:105B90000000000000000000000000000000000005
:105BA00000000000000000000000000000000000F5
:105BB00000000000000000000000000000000000E5
:105BC00000000000000000000000000000000000D5
:105BD00000000000000000000000000000000000C5
:105BE00000000000000000000000000000000000B5
:105BF00000000000000000000000000000000000A5
:105C00000000000000000000000000000000000094
:105C10000000000000000000000000000000000084
:105C20000000000000000000000000000000000074
:105C30000000000000000000000000000000000064
:105C40000000000000000000000000000000000054
:105C50000000000000000000000000000000000044
:105C60000000000000000000000000000000000034
:105C70000000000000000000000000000000000024
:105C80000000000000000000000000000000000014
:105C90000000000000000000000000000000000004
:105CA00000000000000000000000000000000000F4
:105CB00000000000000000000000000000000000E4
:105CC00000000000000000000000000000000000D4
:105CD00000000000000000000000000000000000C4
:105CE00000000000000000000000000000000000B4
:105CF00000000000000000000000000000000000A4
:105D00000000000000000000000000000000000093
:105D10000000000000000000000000000000000083
:105D20000000000000000000000000000000000073
:105D30000000000000000000000000000000000063
:105D40000000000000000000000000000000000053
:105D50000000000000000000000000000000000043
:105D60000000000000000000000000000000000033
:105D70000000000000000000000000000000000023
:105D80000000000000000000000000000000000013
:105D90000000000000000000000000000000000003
:105DA00000000000000000000000000000000000F3
:105DB00000000000000000000000000000000000E3
:105DC00000000000000000000000000000000000D3
:105DD00000000000000000000000000000000000C3
:105DE00000000000000000000000000000000000B3
:105DF00000000000000000000000000000000000A3
:105E00000000000000000000000000000000000092
:105E10000000000000000000000000000000000082
:105E20000000000000000000000000000000000072
:105E30000000000000000000000000000000000062
:105E40000000000000000000000000000000000052
:105E50000000000000000000000000000000000042
:105E60000000000000000000000000000000000032
:105E70000000000000000000000000000000000022
:105E80000000000000000000000000000000000012
:105E90000000000000000000000000000000000002
:105EA00000000000000000000000000000000000F2
:105EB00000000000000000000000000000000000E2
:105EC00000000000000000000000000000000000D2
:105ED00000000000000000000000000000000000C2
:105EE00000000000000000000000000000000000B2
:105EF00000000000000000000000000000000000A2
:105F00000000000000000000000000000000000091
:105F10000000000000000000000000000000000081
:105F20000000000000000000000000000000000071
:105F30000000000000000000000000000000000061
:105F40000000000000000000000000000000000051
:105F50000000000000000000000000000000000041
:105F60000000000000000000000000000000000031
:105F70000000000000000000000000000000000021
:105F80000000000000000000000000000000000011
:105F90000000000000000000000000000000000001
:105FA00000000000000000000000000000000000F1
:105FB00000000000000000000000000000000000E1
:105FC00000000000000000000000000000000000D1
:105FD00000000000000000000000000000000000C1
:105FE00000000000000000000000000000000000B1
:105FF00000000000000000000000000000000000A1
:106000000000000000000000000000000000000090
:106010000000000000000000000000000000000080
:106020000000000000000000000000000000000070
:106030000000000000000000000000000000000060
:106040000000000000000000000000000000000050
:106050000000000000000000000000000000000040
:106060000000000000000000000000000000000030
:106070000000000000000000000000000000000020
:106080000000000000000000000000000000000010
:106090000000000000000000000000000000000000
:1060A00000000000000000000000000000000000F0
:1060B00000000000000000000000000000000000E0
:1060C00000000000000000000000000000000000D0
:1060D00000000000000000000000000000000000C0
:1060E00000000000000000000000000000000000B0
:1060F00000000000000000000000000000000000A0
:10610000000000000000000000000000000000008F
:10611000000000000000000000000000000000007F
:10612000000000000000000000000000000000006F
:10613000000000000000000000000000000000005F
:10614000000000000000000000000000000000004F
:10615000000000000000000000000000000000003F
:10616000000000000000000000000000000000002F
:10617000000000000000000000000000000000001F
:10618000000000000000000000000000000000000F
:1061900000000000000000000000000000000000FF
:1061A00000000000000000000000000000000000EF
:1061B00000000000000000000000000000000000DF
:1061C00000000000000000000000000000000000CF
:1061D00000000000000000000000000000000000BF
:1061E00000000000000000000000000000000000AF
:1061F000000000000000000000000000000000009F
:10620000000000000000000000000000000000008E
:10621000000000000000000000000000000000007E
:10622000000000000000000000000000000000006E
:10623000000000000000000000000000000000005E
:10624000000000000000000000000000000000004E
:10625000000000000000000000000000000000003E
:10626000000000000000000000000000000000002E
:10627000000000000000000000000000000000001E
:10628000000000000000000000000000000000000E
:1062900000000000000000000000000000000000FE
:1062A00000000000000000000000000000000000EE
:1062B00000000000000000000000000000000000DE
:1062C00000000000000000000000000000000000CE
:1062D00000000000000000000000000000000000BE
:1062E00000000000000000000000000000000000AE
:1062F000000000000000000000000000000000009E
:10630000000000000000000000000000000000008D
:10631000000000000000000000000000000000007D
:10632000000000000000000000000000000000006D
:10633000000000000000000000000000000000005D
:10634000000000000000000000000000000000004D
:10635000000000000000000000000000000000003D
:10636000000000000000000000000000000000002D
:10637000000000000000000000000000000000001D
:10638000000000000000000000000000000000000D
:1063900000000000000000000000000000000000FD
:1063A00000000000000000000000000000000000ED
:1063B00000000000000000000000000000000000DD
:1063C00000000000000000000000000000000000CD
:1063D00000000000000000000000000000000000BD
:1063E00000000000000000000000000000000000AD
:1063F000000000000000000000000000000000009D
:10640000000000000000000000000000000000008C
:10641000000000000000000000000000000000007C
:10642000000000000000000000000000000000006C
:10643000000000000000000000000000000000005C
:10644000000000000000000000000000000000004C
:10645000000000000000000000000000000000003C
:10646000000000000000000000000000000000002C
:10647000000000000000000000000000000000001C
:10648000000000000000000000000000000000000C
:1064900000000000000000000000000000000000FC
:1064A00000000000000000000000000000000000EC
:1064B00000000000000000000000000000000000DC
:1064C00000000000000000000000000000000000CC
:1064D00000000000000000000000000000000000BC
:1064E00000000000000000000000000000000000AC
:1064F000000000000000000000000000000000009C
:10650000000000000000000000000000000000008B
:10651000000000000000000000000000000000007B
:10652000000000000000000000000000000000006B
:10653000000000000000000000000000000000005B
:10654000000000000000000000000000000000004B
:10655000000000000000000000000000000000003B
:10656000000000000000000000000000000000002B
:10657000000000000000000000000000000000001B
:10658000000000000000000000000000000000000B
:1065900000000000000000000000000000000000FB
:1065A00000000000000000000000000000000000EB
:1065B00000000000000000000000000000000000DB
:1065C00000000000000000000000000000000000CB
:1065D00000000000000000000000000000000000BB
:1065E00000000000000000000000000000000000AB
:1065F000000000000000000000000000000000009B
:10660000000000000000000000000000000000008A
:10661000000000000000000000000000000000007A
:10662000000000000000000000000000000000006A
:10663000000000000000000000000000000000005A
:10664000000000000000000000000000000000004A
:10665000000000000000000000000000000000003A
:10666000000000000000000000000000000000002A
:10667000000000000000000000000000000000001A
:10668000000000000000000000000000000000000A
:1066900000000000000000000000000000000000FA
:1066A00000000000000000000000000000000000EA
:1066B00000000000000000000000000000000000DA
:1066C00000000000000000000000000000000000CA
:1066D00000000000000000000000000000000000BA
:1066E00000000000000000000000000000000000AA
:1066F000000000000000000000000000000000009A
:106700000000000000000000000000000000000089
:106710000000000000000000000000000000000079
:106720000000000000000000000000000000000069
:106730000000000000000000000000000000000059
:106740000000000000000000000000000000000049
:106750000000000000000000000000000000000039
:106760000000000000000000000000000000000029
:106770000000000000000000000000000000000019
:106780000000000000000000000000000000000009
:1067900000000000000000000000000000000000F9
:1067A00000000000000000000000000000000000E9
:1067B00000000000000000000000000000000000D9
:1067C00000000000000000000000000000000000C9
:1067D00000000000000000000000000000000000B9
:1067E00000000000000000000000000000000000A9
:1067F0000000000000000000000000000000000099
:106800000000000000000000000000000000000088
:106810000000000000000000000000000000000078
:106820000000000000000000000000000000000068
:106830000000000000000000000000000000000058
:106840000000000000000000000000000000000048
:106850000000000000000000000000000000000038
:106860000000000000000000000000000000000028
:106870000000000000000000000000000000000018
:106880000000000000000000000000000000000008
:1068900000000000000000000000000000000000F8
:1068A00000000000000000000000000000000000E8
:1068B00000000000000000000000000000000000D8
:1068C00000000000000000000000000000000000C8
:1068D00000000000000000000000000000000000B8
:1068E00000000000000000000000000000000000A8
:1068F0000000000000000000000000000000000098
:106900000000000000000000000000000000000087
:106910000000000000000000000000000000000077
:106920000000000000000000000000000000000067
:106930000000000000000000000000000000000057
:106940000000000000000000000000000000000047
:106950000000000000000000000000000000000037
:106960000000000000000000000000000000000027
:106970000000000000000000000000000000000017
:106980000000000000000000000000000000000007
:1069900000000000000000000000000000000000F7
:1069A00000000000000000000000000000000000E7
:1069B00000000000000000000000000000000000D7
:1069C00000000000000000000000000000000000C7
:1069D00000000000000000000000000000000000B7
:1069E00000000000000000000000000000000000A7
:1069F0000000000000000000000000000000000097
:106A00000000000000000000000000000000000086
:106A10000000000000000000000000000000000076
:106A20000000000000000000000000000000000066
:106A30000000000000000000000000000000000056
:106A40000000000000000000000000000000000046
:106A50000000000000000000000000000000000036
:106A60000000000000000000000000000000000026
:106A70000000000000000000000000000000000016
:106A80000000000000000000000000000000000006
:106A900000000000000000000000000000000000F6
:106AA00000000000000000000000000000000000E6
:106AB00000000000000000000000000000000000D6
:106AC00000000000000000000000000000000000C6
:106AD00000000000000000000000000000000000B6
:106AE00000000000000000000000000000000000A6
:106AF0000000000000000000000000000000000096
:106B00000000000000000000000000000000000085
:106B10000000000000000000000000000000000075
:106B20000000000000000000000000000000000065
:106B30000000000000000000000000000000000055
:106B40000000000000000000000000000000000045
:106B50000000000000000000000000000000000035
:106B60000000000000000000000000000000000025
:106B70000000000000000000000000000000000015
:106B80000000000000000000000000000000000005
:106B900000000000000000000000000000000000F5
:106BA00000000000000000000000000000000000E5
:106BB00000000000000000000000000000000000D5
:106BC00000000000000000000000000000000000C5
:106BD00000000000000000000000000000000000B5
:106BE00000000000000000000000000000000000A5
:106BF0000000000000000000000000000000000095
:106C00000000000000000000000000000000000084
:106C10000000000000000000000000000000000074
:106C20000000000000000000000000000000000064
:106C30000000000000000000000000000000000054
:106C40000000000000000000000000000000000044
:106C50000000000000000000000000000000000034
:106C60000000000000000000000000000000000024
:106C70000000000000000000000000000000000014
:106C80000000000000000000000000000000000004
:106C900000000000000000000000000000000000F4
:106CA00000000000000000000000000000000000E4
:106CB00000000000000000000000000000000000D4
:106CC00000000000000000000000000000000000C4
:106CD00000000000000000000000000000000000B4
:106CE00000000000000000000000000000000000A4
:106CF0000000000000000000000000000000000094
:106D00000000000000000000000000000000000083
:106D10000000000000000000000000000000000073
:106D20000000000000000000000000000000000063
:106D30000000000000000000000000000000000053
:106D40000000000000000000000000000000000043
:106D50000000000000000000000000000000000033
:106D60000000000000000000000000000000000023
:106D70000000000000000000000000000000000013
:106D80000000000000000000000000000000000003
:106D900000000000000000000000000000000000F3
:106DA00000000000000000000000000000000000E3
:106DB00000000000000000000000000000000000D3
:106DC00000000000000000000000000000000000C3
:106DD00000000000000000000000000000000000B3
:106DE00000000000000000000000000000000000A3
:106DF0000000000000000000000000000000000093
:106E00000000000000000000000000000000000082
:106E10000000000000000000000000000000000072
:106E20000000000000000000000000000000000062
:106E30000000000000000000000000000000000052
:106E40000000000000000000000000000000000042
:106E50000000000000000000000000000000000032
:106E60000000000000000000000000000000000022
:106E70000000000000000000000000000000000012
:106E80000000000000000000000000000000000002
:106E900000000000000000000000000000000000F2
:106EA00000000000000000000000000000000000E2
:106EB00000000000000000000000000000000000D2
:106EC00000000000000000000000000000000000C2
:106ED00000000000000000000000000000000000B2
:106EE00000000000000000000000000000000000A2
:106EF0000000000000000000000000000000000092
:106F00000000000000000000000000000000000081
:106F10000000000000000000000000000000000071
:106F20000000000000000000000000000000000061
:106F30000000000000000000000000000000000051
:106F40000000000000000000000000000000000041
:106F50000000000000000000000000000000000031
:106F60000000000000000000000000000000000021
:106F70000000000000000000000000000000000011
:106F80000000000000000000000000000000000001
:106F900000000000000000000000000000000000F1
:106FA00000000000000000000000000000000000E1
:106FB00000000000000000000000000000000000D1
:106FC00000000000000000000000000000000000C1
:106FD00000000000000000000000000000000000B1
:106FE00000000000000000000000000000000000A1
:106FF0000000000000000000000000000000000091
:107000000000000000000000000000000000000080
:107010000000000000000000000000000000000070
:107020000000000000000000000000000000000060
:107030000000000000000000000000000000000050
:107040000000000000000000000000000000000040
:107050000000000000000000000000000000000030
:107060000000000000000000000000000000000020
:107070000000000000000000000000000000000010
:107080000000000000000000000000000000000000
:1070900000000000000000000000000000000000F0
:1070A00000000000000000000000000000000000E0
:1070B00000000000000000000000000000000000D0
:1070C00000000000000000000000000000000000C0
:1070D00000000000000000000000000000000000B0
:1070E00000000000000000000000000000000000A0
:1070F0000000000000000000000000000000000090
:10710000000000000000000000000000000000007F
:10711000000000000000000000000000000000006F
:10712000000000000000000000000000000000005F
:10713000000000000000000000000000000000004F
:10714000000000000000000000000000000000003F
:10715000000000000000000000000000000000002F
:10716000000000000000000000000000000000001F
:10717000000000000000000000000000000000000F
:1071800000000000000000000000000000000000FF
:1071900000000000000000000000000000000000EF
:1071A00000000000000000000000000000000000DF
:1071B00000000000000000000000000000000000CF
:1071C00000000000000000000000000000000000BF
:1071D00000000000000000000000000000000000AF
:1071E000000000000000000000000000000000009F
:1071F000000000000000000000000000000000008F
:10720000000000000000000000000000000000007E
:10721000000000000000000000000000000000006E
:10722000000000000000000000000000000000005E
:10723000000000000000000000000000000000004E
:10724000000000000000000000000000000000003E
:10725000000000000000000000000000000000002E
:10726000000000000000000000000000000000001E
:10727000000000000000000000000000000000000E
:1072800000000000000000000000000000000000FE
:1072900000000000000000000000000000000000EE
:1072A00000000000000000000000000000000000DE
:1072B00000000000000000000000000000000000CE
:1072C00000000000000000000000000000000000BE
:1072D00000000000000000000000000000000000AE
:1072E000000000000000000000000000000000009E
:1072F000000000000000000000000000000000008E
:10730000000000000000000000000000000000007D
:10731000000000000000000000000000000000006D
:10732000000000000000000000000000000000005D
:10733000000000000000000000000000000000004D
:10734000000000000000000000000000000000003D
:10735000000000000000000000000000000000002D
:10736000000000000000000000000000000000001D
:10737000000000000000000000000000000000000D
:1073800000000000000000000000000000000000FD
:1073900000000000000000000000000000000000ED
:1073A00000000000000000000000000000000000DD
:1073B00000000000000000000000000000000000CD
:1073C00000000000000000000000000000000000BD
:1073D00000000000000000000000000000000000AD
:1073E000000000000000000000000000000000009D
:1073F000000000000000000000000000000000008D
:10740000000000000000000000000000000000007C
:10741000000000000000000000000000000000006C
:10742000000000000000000000000000000000005C
:10743000000000000000000000000000000000004C
:10744000000000000000000000000000000000003C
:10745000000000000000000000000000000000002C
:10746000000000000000000000000000000000001C
:10747000000000000000000000000000000000000C
:1074800000000000000000000000000000000000FC
:1074900000000000000000000000000000000000EC
:1074A00000000000000000000000000000000000DC
:1074B00000000000000000000000000000000000CC
:1074C00000000000000000000000000000000000BC
:1074D00000000000000000000000000000000000AC
:1074E000000000000000000000000000000000009C
:1074F000000000000000000000000000000000008C
:10750000000000000000000000000000000000007B
:10751000000000000000000000000000000000006B
:10752000000000000000000000000000000000005B
:10753000000000000000000000000000000000004B
:10754000000000000000000000000000000000003B
:10755000000000000000000000000000000000002B
:10756000000000000000000000000000000000001B
:10757000000000000000000000000000000000000B
:1075800000000000000000000000000000000000FB
:1075900000000000000000000000000000000000EB
:1075A00000000000000000000000000000000000DB
:1075B00000000000000000000000000000000000CB
:1075C00000000000000000000000000000000000BB
:1075D00000000000000000000000000000000000AB
:1075E000000000000000000000000000000000009B
:1075F000000000000000000000000000000000008B
:10760000000000000000000000000000000000007A
:10761000000000000000000000000000000000006A
:10762000000000000000000000000000000000005A
:10763000000000000000000000000000000000004A
:10764000000000000000000000000000000000003A
:10765000000000000000000000000000000000002A
:10766000000000000000000000000000000000001A
:10767000000000000000000000000000000000000A
:1076800000000000000000000000000000000000FA
:1076900000000000000000000000000000000000EA
:1076A00000000000000000000000000000000000DA
:1076B00000000000000000000000000000000000CA
:1076C00000000000000000000000000000000000BA
:1076D00000000000000000000000000000000000AA
:1076E000000000000000000000000000000000009A
:1076F000000000000000000000000000000000008A
:107700000000000000000000000000000000000079
:107710000000000000000000000000000000000069
:107720000000000000000000000000000000000059
:107730000000000000000000000000000000000049
:107740000000000000000000000000000000000039
:107750000000000000000000000000000000000029
:107760000000000000000000000000000000000019
:107770000000000000000000000000000000000009
:1077800000000000000000000000000000000000F9
:1077900000000000000000000000000000000000E9
:1077A00000000000000000000000000000000000D9
:1077B00000000000000000000000000000000000C9
:1077C00000000000000000000000000000000000B9
:1077D00000000000000000000000000000000000A9
:1077E0000000000000000000000000000000000099
:1077F0000000000000000000000000000000000089
:107800000000000000000000000000000000000078
:107810000000000000000000000000000000000068
:107820000000000000000000000000000000000058
:107830000000000000000000000000000000000048
:107840000000000000000000000000000000000038
:107850000000000000000000000000000000000028
:107860000000000000000000000000000000000018
:107870000000000000000000000000000000000008
:1078800000000000000000000000000000000000F8
:1078900000000000000000000000000000000000E8
:1078A00000000000000000000000000000000000D8
:1078B00000000000000000000000000000000000C8
:1078C00000000000000000000000000000000000B8
:1078D00000000000000000000000000000000000A8
:1078E0000000000000000000000000000000000098
:1078F0000000000000000000000000000000000088
:107900000000000000000000000000000000000077
:107910000000000000000000000000000000000067
:107920000000000000000000000000000000000057
:107930000000000000000000000000000000000047
:107940000000000000000000000000000000000037
:107950000000000000000000000000000000000027
:107960000000000000000000000000000000000017
:107970000000000000000000000000000000000007
:1079800000000000000000000000000000000000F7
:1079900000000000000000000000000000000000E7
:1079A00000000000000000000000000000000000D7
:1079B00000000000000000000000000000000000C7
:1079C00000000000000000000000000000000000B7
:1079D00000000000000000000000000000000000A7
:1079E0000000000000000000000000000000000097
:1079F0000000000000000000000000000000000087
:107A00000000000000000000000000000000000076
:107A10000000000000000000000000000000000066
:107A20000000000000000000000000000000000056
:107A30000000000000000000000000000000000046
:107A40000000000000000000000000000000000036
:107A50000000000000000000000000000000000026
:107A60000000000000000000000000000000000016
:107A70000000000000000000000000000000000006
:107A800000000000000000000000000000000000F6
:107A900000000000000000000000000000000000E6
:107AA00000000000000000000000000000000000D6
:107AB00000000000000000000000000000000000C6
:107AC00000000000000000000000000000000000B6
:107AD00000000000000000000000000000000000A6
:107AE0000000000000000000000000000000000096
:107AF0000000000000000000000000000000000086
:107B00000000000000000000000000000000000075
:107B10000000000000000000000000000000000065
:107B20000000000000000000000000000000000055
:107B30000000000000000000000000000000000045
:107B40000000000000000000000000000000000035
:107B50000000000000000000000000000000000025
:107B60000000000000000000000000000000000015
:107B70000000000000000000000000000000000005
:107B800000000000000000000000000000000000F5
:107B900000000000000000000000000000000000E5
:107BA00000000000000000000000000000000000D5
:107BB00000000000000000000000000000000000C5
:107BC00000000000000000000000000000000000B5
:107BD00000000000000000000000000000000000A5
:107BE0000000000000000000000000000000000095
:107BF0000000000000000000000000000000000085
:107C00000000000000000000000000000000000074
:107C10000000000000000000000000000000000064
:107C20000000000000000000000000000000000054
:107C30000000000000000000000000000000000044
:107C40000000000000000000000000000000000034
:107C50000000000000000000000000000000000024
:107C60000000000000000000000000000000000014
:107C70000000000000000000000000000000000004
:107C800000000000000000000000000000000000F4
:107C900000000000000000000000000000000000E4
:107CA00000000000000000000000000000000000D4
:107CB00000000000000000000000000000000000C4
:107CC00000000000000000000000000000000000B4
:107CD00000000000000000000000000000000000A4
:107CE0000000000000000000000000000000000094
:107CF0000000000000000000000000000000000084
:107D00000000000000000000000000000000000073
:107D10000000000000000000000000000000000063
:107D20000000000000000000000000000000000053
:107D30000000000000000000000000000000000043
:107D40000000000000000000000000000000000033
:107D50000000000000000000000000000000000023
:107D60000000000000000000000000000000000013
:107D70000000000000000000000000000000000003
:107D800000000000000000000000000000000000F3
:107D900000000000000000000000000000000000E3
:107DA00000000000000000000000000000000000D3
:107DB00000000000000000000000000000000000C3
:107DC00000000000000000000000000000000000B3
:107DD00000000000000000000000000000000000A3
:107DE0000000000000000000000000000000000093
:107DF0000000000000000000000000000000000083
:107E00000000000000000000000000000000000072
:107E10000000000000000000000000000000000062
:107E20000000000000000000000000000000000052
:107E30000000000000000000000000000000000042
:107E40000000000000000000000000000000000032
:107E50000000000000000000000000000000000022
:107E60000000000000000000000000000000000012
:107E70000000000000000000000000000000000002
:107E800000000000000000000000000000000000F2
:107E900000000000000000000000000000000000E2
:107EA00000000000000000000000000000000000D2
:107EB00000000000000000000000000000000000C2
:107EC00000000000000000000000000000000000B2
:107ED00000000000000000000000000000000000A2
:107EE0000000000000000000000000000000000092
:107EF0000000000000000000000000000000000082
:107F00000000000000000000000000000000000071
:107F10000000000000000000000000000000000061
:107F20000000000000000000000000000000000051
:107F30000000000000000000000000000000000041
:107F40000000000000000000000000000000000031
:107F50000000000000000000000000000000000021
:107F60000000000000000000000000000000000011
:107F70000000000000000000000000000000000001
:107F800000000000000000000000000000000000F1
:107F900000000000000000000000000000000000E1
:107FA00000000000000000000000000000000000D1
:107FB00000000000000000000000000000000000C1
:107FC00000000000000000000000000000000000B1
:107FD00000000000000000000000000000000000A1
:107FE0000000000000000000000000000000000091
:107FF0000000000000000000000000000000000081
:108000000000000000000000000000000000000070
:108010000000000000000000000000000000000060
:108020000000000000000000000000000000000050
:108030000000000000000000000000000000000040
:108040000000000000000000000000000000000030
:108050000000000000000000000000000000000020
:108060000000000000000000000000000000000010
:108070000000000000000000000000000000000000
:1080800000000000000000000000000000000000F0
:1080900000000000000000000000000000000000E0
:1080A00000000000000000000000000000000000D0
:1080B00000000000000000000000000000000000C0
:1080C00000000000000000000000000000000000B0
:1080D00000000000000000000000000000000000A0
:1080E0000000000000000000000000000000000090
:1080F0000000000000000000000000000000000080
:10810000000000000000000000000000000000006F
:10811000000000000000000000000000000000005F
:10812000000000000000000000000000000000004F
:10813000000000000000000000000000000000003F
:10814000000000000000000000000000000000002F
:10815000000000000000000000000000000000001F
:10816000000000000000000000000000000000000F
:1081700000000000000000000000000000000000FF
:1081800000000000000000000000000000000000EF
:1081900000000000000000000000000000000000DF
:1081A00000000000000000000000000000000000CF
:1081B00000000000000000000000000000000000BF
:1081C00000000000000000000000000000000000AF
:1081D000000000000000000000000000000000009F
:1081E000000000000000000000000000000000008F
:1081F000000000000000000000000000000000007F
:10820000000000000000000000000000000000006E
:10821000000000000000000000000000000000005E
:10822000000000000000000000000000000000004E
:10823000000000000000000000000000000000003E
:10824000000000000000000000000000000000002E
:10825000000000000000000000000000000000001E
:10826000000000000000000000000000000000000E
:1082700000000000000000000000000000000000FE
:1082800000000000000000000000000000000000EE
:1082900000000000000000000000000000000000DE
:1082A00000000000000000000000000000000000CE
:1082B00000000000000000000000000000000000BE
:1082C00000000000000000000000000000000000AE
:1082D000000000000000000000000000000000009E
:1082E000000000000000000000000000000000008E
:1082F000000000000000000000000000000000007E
:10830000000000000000000000000000000000006D
:10831000000000000000000000000000000000005D
:10832000000000000000000000000000000000004D
:10833000000000000000000000000000000000003D
:10834000000000000000000000000000000000002D
:10835000000000000000000000000000000000001D
:10836000000000000000000000000000000000000D
:1083700000000000000000000000000000000000FD
:1083800000000000000000000000000000000000ED
:1083900000000000000000000000000000000000DD
:1083A00000000000000000000000000000000000CD
:1083B00000000000000000000000000000000000BD
:1083C00000000000000000000000000000000000AD
:1083D000000000000000000000000000000000009D
:1083E000000000000000000000000000000000008D
:1083F000000000000000000000000000000000007D
:10840000000000000000000000000000000000006C
:10841000000000000000000000000000000000005C
:10842000000000000000000000000000000000004C
:10843000000000000000000000000000000000003C
:10844000000000000000000000000000000000002C
:10845000000000000000000000000000000000001C
:10846000000000000000000000000000000000000C
:1084700000000000000000000000000000000000FC
:1084800000000000000000000000000000000000EC
:1084900000000000000000000000000000000000DC
:1084A00000000000000000000000000000000000CC
:1084B00000000000000000000000000000000000BC
:1084C00000000000000000000000000000000000AC
:1084D000000000000000000000000000000000009C
:1084E000000000000000000000000000000000008C
:1084F000000000000000000000000000000000007C
:10850000000000000000000000000000000000006B
:10851000000000000000000000000000000000005B
:10852000000000000000000000000000000000004B
:10853000000000000000000000000000000000003B
:10854000000000000000000000000000000000002B
:10855000000000000000000000000000000000001B
:10856000000000000000000000000000000000000B
:1085700000000000000000000000000000000000FB
:1085800000000000000000000000000000000000EB
:1085900000000000000000000000000000000000DB
:1085A00000000000000000000000000000000000CB
:1085B00000000000000000000000000000000000BB
:1085C00000000000000000000000000000000000AB
:1085D000000000000000000000000000000000009B
:1085E000000000000000000000000000000000008B
:1085F000000000000000000000000000000000007B
:10860000000000000000000000000000000000006A
:10861000000000000000000000000000000000005A
:10862000000000000000000000000000000000004A
:10863000000000000000000000000000000000003A
:10864000000000000000000000000000000000002A
:10865000000000000000000000000000000000001A
:10866000000000000000000000000000000000000A
:1086700000000000000000000000000000000000FA
:1086800000000000000000000000000000000000EA
:1086900000000000000000000000000000000000DA
:1086A00000000000000000000000000000000000CA
:1086B00000000000000000000000000000000000BA
:1086C00000000000000000000000000000000000AA
:1086D000000000000000000000000000000000009A
:1086E000000000000000000000000000000000008A
:1086F000000000000000000000000000000000007A
:108700000000000000000000000000000000000069
:108710000000000000000000000000000000000059
:108720000000000000000000000000000000000049
:108730000000000000000000000000000000000039
:108740000000000000000000000000000000000029
:108750000000000000000000000000000000000019
:108760000000000000000000000000000000000009
:1087700000000000000000000000000000000000F9
:1087800000000000000000000000000000000000E9
:1087900000000000000000000000000000000000D9
:1087A00000000000000000000000000000000000C9
:1087B00000000000000000000000000000000000B9
:1087C00000000000000000000000000000000000A9
:1087D0000000000000000000000000000000000099
:1087E0000000000000000000000000000000000089
:1087F0000000000000000000000000000000000079
:108800000000000000000000000000000000000068
:108810000000000000000000000000000000000058
:108820000000000000000000000000000000000048
:108830000000000000000000000000000000000038
:108840000000000000000000000000000000000028
:108850000000000000000000000000000000000018
:108860000000000000000000000000000000000008
:1088700000000000000000000000000000000000F8
:1088800000000000000000000000000000000000E8
:1088900000000000000000000000000000000000D8
:1088A00000000000000000000000000000000000C8
:1088B00000000000000000000000000000000000B8
:1088C00000000000000000000000000000000000A8
:1088D0000000000000000000000000000000000098
:1088E0000000000000000000000000000000000088
:1088F0000000000000000000000000000000000078
:108900000000000000000000000000000000000067
:108910000000000000000000000000000000000057
:108920000000000000000000000000000000000047
:108930000000000000000000000000000000000037
:108940000000000000000000000000000000000027
:108950000000000000000000000000000000000017
:108960000000000000000000000000000000000007
:1089700000000000000000000000000000000000F7
:1089800000000000000000000000000000000000E7
:1089900000000000000000000000000000000000D7
:1089A00000000000000000000000000000000000C7
:1089B00000000000000000000000000000000000B7
:1089C00000000000000000000000000000000000A7
:1089D0000000000000000000000000000000000097
:1089E0000000000000000000000000000000000087
:1089F0000000000000000000000000000000000077
:108A00000000000000000000000000000000000066
:108A10000000000000000000000000000000000056
:108A20000000000000000000000000000000000046
:108A30000000000000000000000000000000000036
:108A40000000000000000000000000000000000026
:108A50000000000000000000000000000000000016
:108A60000000000000000000000000000000000006
:108A700000000000000000000000000000000000F6
:108A800000000000000000000000000000000000E6
:108A900000000000000000000000000000000000D6
:108AA00000000000000000000000000000000000C6
:108AB00000000000000000000000000000000000B6
:108AC00000000000000000000000000000000000A6
:108AD0000000000000000000000000000000000096
:108AE0000000000000000000000000000000000086
:108AF0000000000000000000000000000000000076
:108B00000000000000000000000000000000000065
:108B10000000000000000000000000000000000055
:108B20000000000000000000000000000000000045
:108B30000000000000000000000000000000000035
:108B40000000000000000000000000000000000025
:108B50000000000000000000000000000000000015
:108B60000000000000000000000000000000000005
:108B700000000000000000000000000000000000F5
:108B800000000000000000000000000000000000E5
:108B900000000000000000000000000000000000D5
:108BA00000000000000000000000000000000000C5
:108BB00000000000000000000000000000000000B5
:108BC00000000000000000000000000000000000A5
:108BD0000000000000000000000000000000000095
:108BE0000000000000000000000000000000000085
:108BF0000000000000000000000000000000000075
:108C00000000000000000000000000000000000064
:108C10000000000000000000000000000000000054
:108C20000000000000000000000000000000000044
:108C30000000000000000000000000000000000034
:108C40000000000000000000000000000000000024
:108C50000000000000000000000000000000000014
:108C60000000000000000000000000000000000004
:108C700000000000000000000000000000000000F4
:108C800000000000000000000000000000000000E4
:108C900000000000000000000000000000000000D4
:108CA00000000000000000000000000000000000C4
:108CB00000000000000000000000000000000000B4
:108CC00000000000000000000000000000000000A4
:108CD0000000000000000000000000000000000094
:108CE0000000000000000000000000000000000084
:108CF0000000000000000000000000000000000074
:108D00000000000000000000000000000000000063
:108D10000000000000000000000000000000000053
:108D20000000000000000000000000000000000043
:108D30000000000000000000000000000000000033
:108D40000000000000000000000000000000000023
:108D50000000000000000000000000000000000013
:108D60000000000000000000000000000000000003
:108D700000000000000000000000000000000000F3
:108D800000000000000000000000000000000000E3
:108D900000000000000000000000000000000000D3
:108DA00000000000000000000000000000000000C3
:108DB00000000000000000000000000000000000B3
:108DC00000000000000000000000000000000000A3
:108DD0000000000000000000000000000000000093
:108DE0000000000000000000000000000000000083
:108DF0000000000000000000000000000000000073
:108E00000000000000000000000000000000000062
:108E10000000000000000000000000000000000052
:108E20000000000000000000000000000000000042
:108E30000000000000000000000000000000000032
:108E40000000000000000000000000000000000022
:108E50000000000000000000000000000000000012
:108E60000000000000000000000000000000000002
:108E700000000000000000000000000000000000F2
:108E800000000000000000000000000000000000E2
:108E900000000000000000000000000000000000D2
:108EA00000000000000000000000000000000000C2
:108EB00000000000000000000000000000000000B2
:108EC00000000000000000000000000000000000A2
:108ED0000000000000000000000000000000000092
:108EE0000000000000000000000000000000000082
:108EF0000000000000000000000000000000000072
:108F00000000000000000000000000000000000061
:108F10000000000000000000000000000000000051
:108F20000000000000000000000000000000000041
:108F30000000000000000000000000000000000031
:108F40000000000000000000000000000000000021
:108F50000000000000000000000000000000000011
:108F60000000000000000000000000000000000001
:108F700000000000000000000000000000000000F1
:108F800000000000000000000000000000000000E1
:108F900000000000000000000000000000000000D1
:108FA00000000000000000000000000000000000C1
:108FB00000000000000000000000000000000000B1
:108FC00000000000000000000000000000000000A1
:108FD0000000000000000000000000000000000091
:108FE0000000000000000000000000000000000081
:108FF0000000000000000000000000000000000071
:109000000000000000000000000000000000000060
:109010000000000000000000000000000000000050
:109020000000000000000000000000000000000040
:109030000000000000000000000000000000000030
:109040000000000000000000000000000000000020
:109050000000000000000000000000000000000010
:109060000000000000000000000000000000000000
:1090700000000000000000000000000000000000F0
:1090800000000000000000000000000000000000E0
:1090900000000000000000000000000000000000D0
:1090A00000000000000000000000000000000000C0
:1090B00000000000000000000000000000000000B0
:1090C00000000000000000000000000000000000A0
:1090D0000000000000000000000000000000000090
:1090E0000000000000000000000000000000000080
:1090F0000000000000000000000000000000000070
:10910000000000000000000000000000000000005F
:10911000000000000000000000000000000000004F
:10912000000000000000000000000000000000003F
:10913000000000000000000000000000000000002F
:10914000000000000000000000000000000000001F
:10915000000000000000000000000000000000000F
:1091600000000000000000000000000000000000FF
:1091700000000000000000000000000000000000EF
:1091800000000000000000000000000000000000DF
:1091900000000000000000000000000000000000CF
:1091A00000000000000000000000000000000000BF
:1091B00000000000000000000000000000000000AF
:1091C000000000000000000000000000000000009F
:1091D000000000000000000000000000000000008F
:1091E000000000000000000000000000000000007F
:1091F000000000000000000000000000000000006F
:10920000000000000000000000000000000000005E
:10921000000000000000000000000000000000004E
:10922000000000000000000000000000000000003E
:10923000000000000000000000000000000000002E
:10924000000000000000000000000000000000001E
:10925000000000000000000000000000000000000E
:1092600000000000000000000000000000000000FE
:1092700000000000000000000000000000000000EE
:1092800000000000000000000000000000000000DE
:1092900000000000000000000000000000000000CE
:1092A00000000000000000000000000000000000BE
:1092B00000000000000000000000000000000000AE
:1092C000000000000000000000000000000000009E
:1092D000000000000000000000000000000000008E
:1092E000000000000000000000000000000000007E
:1092F000000000000000000000000000000000006E
:10930000000000000000000000000000000000005D
:10931000000000000000000000000000000000004D
:10932000000000000000000000000000000000003D
:10933000000000000000000000000000000000002D
:10934000000000000000000000000000000000001D
:10935000000000000000000000000000000000000D
:1093600000000000000000000000000000000000FD
:1093700000000000000000000000000000000000ED
:1093800000000000000000000000000000000000DD
:1093900000000000000000000000000000000000CD
:1093A00000000000000000000000000000000000BD
:1093B00000000000000000000000000000000000AD
:1093C000000000000000000000000000000000009D
:1093D000000000000000000000000000000000008D
:1093E000000000000000000000000000000000007D
:1093F000000000000000000000000000000000006D
:10940000000000000000000000000000000000005C
:10941000000000000000000000000000000000004C
:10942000000000000000000000000000000000003C
:10943000000000000000000000000000000000002C
:10944000000000000000000000000000000000001C
:10945000000000000000000000000000000000000C
:1094600000000000000000000000000000000000FC
:1094700000000000000000000000000000000000EC
:1094800000000000000000000000000000000000DC
:1094900000000000000000000000000000000000CC
:1094A00000000000000000000000000000000000BC
:1094B00000000000000000000000000000000000AC
:1094C000000000000000000000000000000000009C
:1094D000000000000000000000000000000000008C
:1094E000000000000000000000000000000000007C
:1094F000000000000000000000000000000000006C
:10950000000000000000000000000000000000005B
:10951000000000000000000000000000000000004B
:10952000000000000000000000000000000000003B
:10953000000000000000000000000000000000002B
:10954000000000000000000000000000000000001B
:10955000000000000000000000000000000000000B
:1095600000000000000000000000000000000000FB
:1095700000000000000000000000000000000000EB
:1095800000000000000000000000000000000000DB
:1095900000000000000000000000000000000000CB
:1095A00000000000000000000000000000000000BB
:1095B00000000000000000000000000000000000AB
:1095C000000000000000000000000000000000009B
:1095D000000000000000000000000000000000008B
:1095E000000000000000000000000000000000007B
:1095F000000000000000000000000000000000006B
:10960000000000000000000000000000000000005A
:10961000000000000000000000000000000000004A
:10962000000000000000000000000000000000003A
:10963000000000000000000000000000000000002A
:10964000000000000000000000000000000000001A
:10965000000000000000000000000000000000000A
:1096600000000000000000000000000000000000FA
:1096700000000000000000000000000000000000EA
:1096800000000000000000000000000000000000DA
:1096900000000000000000000000000000000000CA
:1096A00000000000000000000000000000000000BA
:1096B00000000000000000000000000000000000AA
:1096C000000000000000000000000000000000009A
:1096D000000000000000000000000000000000008A
:1096E000000000000000000000000000000000007A
:1096F000000000000000000000000000000000006A
:109700000000000000000000000000000000000059
:109710000000000000000000000000000000000049
:109720000000000000000000000000000000000039
:109730000000000000000000000000000000000029
:109740000000000000000000000000000000000019
:109750000000000000000000000000000000000009
:1097600000000000000000000000000000000000F9
:1097700000000000000000000000000000000000E9
:1097800000000000000000000000000000000000D9
:1097900000000000000000000000000000000000C9
:1097A00000000000000000000000000000000000B9
:1097B00000000000000000000000000000000000A9
:1097C0000000000000000000000000000000000099
:1097D0000000000000000000000000000000000089
:1097E0000000000000000000000000000000000079
:1097F0000000000000000000000000000000000069
:109800000000000000000000000000000000000058
:109810000000000000000000000000000000000048
:109820000000000000000000000000000000000038
:109830000000000000000000000000000000000028
:109840000000000000000000000000000000000018
:109850000000000000000000000000000000000008
:1098600000000000000000000000000000000000F8
:1098700000000000000000000000000000000000E8
:1098800000000000000000000000000000000000D8
:1098900000000000000000000000000000000000C8
:1098A00000000000000000000000000000000000B8
:1098B00000000000000000000000000000000000A8
:1098C0000000000000000000000000000000000098
:1098D0000000000000000000000000000000000088
:1098E0000000000000000000000000000000000078
:1098F0000000000000000000000000000000000068
:109900000000000000000000000000000000000057
:109910000000000000000000000000000000000047
:109920000000000000000000000000000000000037
:109930000000000000000000000000000000000027
:109940000000000000000000000000000000000017
:109950000000000000000000000000000000000007
:1099600000000000000000000000000000000000F7
:1099700000000000000000000000000000000000E7
:1099800000000000000000000000000000000000D7
:1099900000000000000000000000000000000000C7
:1099A00000000000000000000000000000000000B7
:1099B00000000000000000000000000000000000A7
:1099C0000000000000000000000000000000000097
:1099D0000000000000000000000000000000000087
:1099E0000000000000000000000000000000000077
:1099F0000000000000000000000000000000000067
:109A00000000000000000000000000000000000056
:109A10000000000000000000000000000000000046
:109A20000000000000000000000000000000000036
:109A30000000000000000000000000000000000026
:109A40000000000000000000000000000000000016
:109A50000000000000000000000000000000000006
:109A600000000000000000000000000000000000F6
:109A700000000000000000000000000000000000E6
:109A800000000000000000000000000000000000D6
:109A900000000000000000000000000000000000C6
:109AA00000000000000000000000000000000000B6
:109AB00000000000000000000000000000000000A6
:109AC0000000000000000000000000000000000096
:109AD0000000000000000000000000000000000086
:109AE0000000000000000000000000000000000076
:109AF0000000000000000000000000000000000066
:109B00000000000000000000000000000000000055
:109B10000000000000000000000000000000000045
:109B20000000000000000000000000000000000035
:109B30000000000000000000000000000000000025
:109B40000000000000000000000000000000000015
:109B50000000000000000000000000000000000005
:109B600000000000000000000000000000000000F5
:109B700000000000000000000000000000000000E5
:109B800000000000000000000000000000000000D5
:109B900000000000000000000000000000000000C5
:109BA00000000000000000000000000000000000B5
:109BB00000000000000000000000000000000000A5
:109BC0000000000000000000000000000000000095
:109BD0000000000000000000000000000000000085
:109BE0000000000000000000000000000000000075
:109BF0000000000000000000000000000000000065
:109C00000000000000000000000000000000000054
:109C10000000000000000000000000000000000044
:109C20000000000000000000000000000000000034
:109C30000000000000000000000000000000000024
:109C40000000000000000000000000000000000014
:109C50000000000000000000000000000000000004
:109C600000000000000000000000000000000000F4
:109C700000000000000000000000000000000000E4
:109C800000000000000000000000000000000000D4
:109C900000000000000000000000000000000000C4
:109CA00000000000000000000000000000000000B4
:109CB00000000000000000000000000000000000A4
:109CC0000000000000000000000000000000000094
:109CD0000000000000000000000000000000000084
:109CE0000000000000000000000000000000000074
:109CF0000000000000000000000000000000000064
:109D00000000000000000000000000000000000053
:109D10000000000000000000000000000000000043
:109D20000000000000000000000000000000000033
:109D30000000000000000000000000000000000023
:109D40000000000000000000000000000000000013
:109D50000000000000000000000000000000000003
:109D600000000000000000000000000000000000F3
:109D700000000000000000000000000000000000E3
:109D800000000000000000000000000000000000D3
:109D900000000000000000000000000000000000C3
:109DA00000000000000000000000000000000000B3
:109DB00000000000000000000000000000000000A3
:109DC0000000000000000000000000000000000093
:109DD0000000000000000000000000000000000083
:109DE0000000000000000000000000000000000073
:109DF0000000000000000000000000000000000063
:109E00000000000000000000000000000000000052
:109E10000000000000000000000000000000000042
:109E20000000000000000000000000000000000032
:109E30000000000000000000000000000000000022
:109E40000000000000000000000000000000000012
:109E50000000000000000000000000000000000002
:109E600000000000000000000000000000000000F2
:109E700000000000000000000000000000000000E2
:109E800000000000000000000000000000000000D2
:109E900000000000000000000000000000000000C2
:109EA00000000000000000000000000000000000B2
:109EB00000000000000000000000000000000000A2
:109EC0000000000000000000000000000000000092
:109ED0000000000000000000000000000000000082
:109EE0000000000000000000000000000000000072
:109EF0000000000000000000000000000000000062
:109F00000000000000000000000000000000000051
:109F10000000000000000000000000000000000041
:109F20000000000000000000000000000000000031
:109F30000000000000000000000000000000000021
:109F40000000000000000000000000000000000011
:109F50000000000000000000000000000000000001
:109F600000000000000000000000000000000000F1
:109F700000000000000000000000000000000000E1
:109F800000000000000000000000000000000000D1
:109F900000000000000000000000000000000000C1
:109FA00000000000000000000000000000000000B1
:109FB00000000000000000000000000000000000A1
:109FC0000000000000000000000000000000000091
:109FD0000000000000000000000000000000000081
:109FE0000000000000000000000000000000000071
:109FF0000000000000000000000000000000000061
:10A000000000000000000000000000000000000050
:10A010000000000000000000000000000000000040
:10A020000000000000000000000000000000000030
:10A030000000000000000000000000000000000020
:10A040000000000000000000000000000000000010
:10A050000000000000000000000000000000000000
:10A0600000000000000000000000000000000000F0
:10A0700000000000000000000000000000000000E0
:10A0800000000000000000000000000000000000D0
:10A0900000000000000000000000000000000000C0
:10A0A00000000000000000000000000000000000B0
:10A0B00000000000000000000000000000000000A0
:10A0C0000000000000000000000000000000000090
:10A0D0000000000000000000000000000000000080
:10A0E0000000000000000000000000000000000070
:10A0F0000000000000000000000000000000000060
:10A10000000000000000000000000000000000004F
:10A11000000000000000000000000000000000003F
:10A12000000000000000000000000000000000002F
:10A13000000000000000000000000000000000001F
:10A14000000000000000000000000000000000000F
:10A1500000000000000000000000000000000000FF
:10A1600000000000000000000000000000000000EF
:10A1700000000000000000000000000000000000DF
:10A1800000000000000000000000000000000000CF
:10A1900000000000000000000000000000000000BF
:10A1A00000000000000000000000000000000000AF
:10A1B000000000000000000000000000000000009F
:10A1C000000000000000000000000000000000008F
:10A1D000000000000000000000000000000000007F
:10A1E000000000000000000000000000000000006F
:10A1F000000000000000000000000000000000005F
:10A20000000000000000000000000000000000004E
:10A21000000000000000000000000000000000003E
:10A22000000000000000000000000000000000002E
:10A23000000000000000000000000000000000001E
:10A24000000000000000000000000000000000000E
:10A2500000000000000000000000000000000000FE
:10A2600000000000000000000000000000000000EE
:10A2700000000000000000000000000000000000DE
:10A2800000000000000000000000000000000000CE
:10A2900000000000000000000000000000000000BE
:10A2A00000000000000000000000000000000000AE
:10A2B000000000000000000000000000000000009E
:10A2C000000000000000000000000000000000008E
:10A2D000000000000000000000000000000000007E
:10A2E000000000000000000000000000000000006E
:10A2F000000000000000000000000000000000005E
:10A30000000000000000000000000000000000004D
:10A31000000000000000000000000000000000003D
:10A32000000000000000000000000000000000002D
:10A33000000000000000000000000000000000001D
:10A34000000000000000000000000000000000000D
:10A3500000000000000000000000000000000000FD
:10A3600000000000000000000000000000000000ED
:10A3700000000000000000000000000000000000DD
:10A3800000000000000000000000000000000000CD
:10A3900000000000000000000000000000000000BD
:10A3A00000000000000000000000000000000000AD
:10A3B000000000000000000000000000000000009D
:10A3C000000000000000000000000000000000008D
:10A3D000000000000000000000000000000000007D
:10A3E000000000000000000000000000000000006D
:10A3F000000000000000000000000000000000005D
:10A40000000000000000000000000000000000004C
:10A41000000000000000000000000000000000003C
:10A42000000000000000000000000000000000002C
:10A43000000000000000000000000000000000001C
:10A44000000000000000000000000000000000000C
:10A4500000000000000000000000000000000000FC
:10A4600000000000000000000000000000000000EC
:10A4700000000000000000000000000000000000DC
:10A4800000000000000000000000000000000000CC
:10A4900000000000000000000000000000000000BC
:10A4A00000000000000000000000000000000000AC
:10A4B000000000000000000000000000000000009C
:10A4C000000000000000000000000000000000008C
:10A4D000000000000000000000000000000000007C
:10A4E000000000000000000000000000000000006C
:10A4F000000000000000000000000000000000005C
:10A50000000000000000000000000000000000004B
:10A51000000000000000000000000000000000003B
:10A52000000000000000000000000000000000002B
:10A53000000000000000000000000000000000001B
:10A54000000000000000000000000000000000000B
:10A5500000000000000000000000000000000000FB
:10A5600000000000000000000000000000000000EB
:10A5700000000000000000000000000000000000DB
:10A5800000000000000000000000000000000000CB
:10A5900000000000000000000000000000000000BB
:10A5A00000000000000000000000000000000000AB
:10A5B000000000000000000000000000000000009B
:10A5C000000000000000000000000000000000008B
:10A5D000000000000000000000000000000000007B
:10A5E000000000000000000000000000000000006B
:10A5F000000000000000000000000000000000005B
:10A60000000000000000000000000000000000004A
:10A61000000000000000000000000000000000003A
:10A62000000000000000000000000000000000002A
:10A63000000000000000000000000000000000001A
:10A64000000000000000000000000000000000000A
:10A6500000000000000000000000000000000000FA
:10A6600000000000000000000000000000000000EA
:10A6700000000000000000000000000000000000DA
:10A6800000000000000000000000000000000000CA
:10A6900000000000000000000000000000000000BA
:10A6A00000000000000000000000000000000000AA
:10A6B000000000000000000000000000000000009A
:10A6C000000000000000000000000000000000008A
:10A6D000000000000000000000000000000000007A
:10A6E000000000000000000000000000000000006A
:10A6F000000000000000000000000000000000005A
:10A700000000000000000000000000000000000049
:10A710000000000000000000000000000000000039
:10A720000000000000000000000000000000000029
:10A730000000000000000000000000000000000019
:10A740000000000000000000000000000000000009
:10A7500000000000000000000000000000000000F9
:10A7600000000000000000000000000000000000E9
:10A7700000000000000000000000000000000000D9
:10A7800000000000000000000000000000000000C9
:10A7900000000000000000000000000000000000B9
:10A7A00000000000000000000000000000000000A9
:10A7B0000000000000000000000000000000000099
:10A7C0000000000000000000000000000000000089
:10A7D0000000000000000000000000000000000079
:10A7E0000000000000000000000000000000000069
:10A7F0000000000000000000000000000000000059
:10A800000000000000000000000000000000000048
:10A810000000000000000000000000000000000038
:10A820000000000000000000000000000000000028
:10A830000000000000000000000000000000000018
:10A840000000000000000000000000000000000008
:10A8500000000000000000000000000000000000F8
:10A8600000000000000000000000000000000000E8
:10A8700000000000000000000000000000000000D8
:10A8800000000000000000000000000000000000C8
:10A8900000000000000000000000000000000000B8
:10A8A00000000000000000000000000000000000A8
:10A8B0000000000000000000000000000000000098
:10A8C0000000000000000000000000000000000088
:10A8D0000000000000000000000000000000000078
:10A8E0000000000000000000000000000000000068
:10A8F0000000000000000000000000000000000058
:10A900000000000000000000000000000000000047
:10A910000000000000000000000000000000000037
:10A920000000000000000000000000000000000027
:10A930000000000000000000000000000000000017
:10A940000000000000000000000000000000000007
:10A9500000000000000000000000000000000000F7
:10A9600000000000000000000000000000000000E7
:10A9700000000000000000000000000000000000D7
:10A9800000000000000000000000000000000000C7
:10A9900000000000000000000000000000000000B7
:10A9A00000000000000000000000000000000000A7
:10A9B0000000000000000000000000000000000097
:10A9C0000000000000000000000000000000000087
:10A9D0000000000000000000000000000000000077
:10A9E0000000000000000000000000000000000067
:10A9F0000000000000000000000000000000000057
:10AA00000000000000000000000000000000000046
:10AA10000000000000000000000000000000000036
:10AA20000000000000000000000000000000000026
:10AA30000000000000000000000000000000000016
:10AA40000000000000000000000000000000000006
:10AA500000000000000000000000000000000000F6
:10AA600000000000000000000000000000000000E6
:10AA700000000000000000000000000000000000D6
:10AA800000000000000000000000000000000000C6
:10AA900000000000000000000000000000000000B6
:10AAA00000000000000000000000000000000000A6
:10AAB0000000000000000000000000000000000096
:10AAC0000000000000000000000000000000000086
:10AAD0000000000000000000000000000000000076
:10AAE0000000000000000000000000000000000066
:10AAF0000000000000000000000000000000000056
:10AB00000000000000000000000000000000000045
:10AB10000000000000000000000000000000000035
:10AB20000000000000000000000000000000000025
:10AB30000000000000000000000000000000000015
:10AB40000000000000000000000000000000000005
:10AB500000000000000000000000000000000000F5
:10AB600000000000000000000000000000000000E5
:10AB700000000000000000000000000000000000D5
:10AB800000000000000000000000000000000000C5
:10AB900000000000000000000000000000000000B5
:10ABA00000000000000000000000000000000000A5
:10ABB0000000000000000000000000000000000095
:10ABC0000000000000000000000000000000000085
:10ABD0000000000000000000000000000000000075
:10ABE0000000000000000000000000000000000065
:10ABF0000000000000000000000000000000000055
:10AC00000000000000000000000000000000000044
:10AC10000000000000000000000000000000000034
:10AC20000000000000000000000000000000000024
:10AC30000000000000000000000000000000000014
:10AC40000000000000000000000000000000000004
:10AC500000000000000000000000000000000000F4
:10AC600000000000000000000000000000000000E4
:10AC700000000000000000000000000000000000D4
:10AC800000000000000000000000000000000000C4
:10AC900000000000000000000000000000000000B4
:10ACA00000000000000000000000000000000000A4
:10ACB0000000000000000000000000000000000094
:10ACC0000000000000000000000000000000000084
:10ACD0000000000000000000000000000000000074
:10ACE0000000000000000000000000000000000064
:10ACF0000000000000000000000000000000000054
:10AD00000000000000000000000000000000000043
:10AD10000000000000000000000000000000000033
:10AD20000000000000000000000000000000000023
:10AD30000000000000000000000000000000000013
:10AD40000000000000000000000000000000000003
:10AD500000000000000000000000000000000000F3
:10AD600000000000000000000000000000000000E3
:10AD700000000000000000000000000000000000D3
:10AD800000000000000000000000000000000000C3
:10AD900000000000000000000000000000000000B3
:10ADA00000000000000000000000000000000000A3
:10ADB0000000000000000000000000000000000093
:10ADC0000000000000000000000000000000000083
:10ADD0000000000000000000000000000000000073
:10ADE0000000000000000000000000000000000063
:10ADF0000000000000000000000000000000000053
:10AE00000000000000000000000000000000000042
:10AE10000000000000000000000000000000000032
:10AE20000000000000000000000000000000000022
:10AE30000000000000000000000000000000000012
:10AE40000000000000000000000000000000000002
:10AE500000000000000000000000000000000000F2
:10AE600000000000000000000000000000000000E2
:10AE700000000000000000000000000000000000D2
:10AE800000000000000000000000000000000000C2
:10AE900000000000000000000000000000000000B2
:10AEA00000000000000000000000000000000000A2
:10AEB0000000000000000000000000000000000092
:10AEC0000000000000000000000000000000000082
:10AED0000000000000000000000000000000000072
:10AEE0000000000000000000000000000000000062
:10AEF0000000000000000000000000000000000052
:10AF00000000000000000000000000000000000041
:10AF10000000000000000000000000000000000031
:10AF20000000000000000000000000000000000021
:10AF30000000000000000000000000000000000011
:10AF40000000000000000000000000000000000001
:10AF500000000000000000000000000000000000F1
:10AF600000000000000000000000000000000000E1
:10AF700000000000000000000000000000000000D1
:10AF800000000000000000000000000000000000C1
:10AF900000000000000000000000000000000000B1
:10AFA00000000000000000000000000000000000A1
:10AFB0000000000000000000000000000000000091
:10AFC0000000000000000000000000000000000081
:10AFD0000000000000000000000000000000000071
:10AFE0000000000000000000000000000000000061
:10AFF0000000000000000000000000000000000051
:10B000000000000000000000000000000000000040
:10B010000000000000000000000000000000000030
:10B020000000000000000000000000000000000020
:10B030000000000000000000000000000000000010
:10B040000000000000000000000000000000000000
:10B0500000000000000000000000000000000000F0
:10B0600000000000000000000000000000000000E0
:10B0700000000000000000000000000000000000D0
:10B0800000000000000000000000000000000000C0
:10B0900000000000000000000000000000000000B0
:10B0A00000000000000000000000000000000000A0
:10B0B0000000000000000000000000000000000090
:10B0C0000000000000000000000000000000000080
:10B0D0000000000000000000000000000000000070
:10B0E0000000000000000000000000000000000060
:10B0F0000000000000000000000000000000000050
:10B10000000000000000000000000000000000003F
:10B11000000000000000000000000000000000002F
:10B12000000000000000000000000000000000001F
:10B13000000000000000000000000000000000000F
:10B1400000000000000000000000000000000000FF
:10B1500000000000000000000000000000000000EF
:10B1600000000000000000000000000000000000DF
:10B1700000000000000000000000000000000000CF
:10B1800000000000000000000000000000000000BF
:10B1900000000000000000000000000000000000AF
:10B1A000000000000000000000000000000000009F
:10B1B000000000000000000000000000000000008F
:10B1C000000000000000000000000000000000007F
:10B1D000000000000000000000000000000000006F
:10B1E000000000000000000000000000000000005F
:10B1F000000000000000000000000000000000004F
:10B20000000000000000000000000000000000003E
:10B21000000000000000000000000000000000002E
:10B22000000000000000000000000000000000001E
:10B23000000000000000000000000000000000000E
:10B2400000000000000000000000000000000000FE
:10B2500000000000000000000000000000000000EE
:10B2600000000000000000000000000000000000DE
:10B2700000000000000000000000000000000000CE
:10B2800000000000000000000000000000000000BE
:10B2900000000000000000000000000000000000AE
:10B2A000000000000000000000000000000000009E
:10B2B000000000000000000000000000000000008E
:10B2C000000000000000000000000000000000007E
:10B2D000000000000000000000000000000000006E
:10B2E000000000000000000000000000000000005E
:10B2F000000000000000000000000000000000004E
:10B30000000000000000000000000000000000003D
:10B31000000000000000000000000000000000002D
:10B32000000000000000000000000000000000001D
:10B33000000000000000000000000000000000000D
:10B3400000000000000000000000000000000000FD
:10B3500000000000000000000000000000000000ED
:10B3600000000000000000000000000000000000DD
:10B3700000000000000000000000000000000000CD
:10B3800000000000000000000000000000000000BD
:10B3900000000000000000000000000000000000AD
:10B3A000000000000000000000000000000000009D
:10B3B000000000000000000000000000000000008D
:10B3C000000000000000000000000000000000007D
:10B3D000000000000000000000000000000000006D
:10B3E000000000000000000000000000000000005D
:10B3F000000000000000000000000000000000004D
:10B40000000000000000000000000000000000003C
:10B41000000000000000000000000000000000002C
:10B42000000000000000000000000000000000001C
:10B43000000000000000000000000000000000000C
:10B4400000000000000000000000000000000000FC
:10B4500000000000000000000000000000000000EC
:10B4600000000000000000000000000000000000DC
:10B4700000000000000000000000000000000000CC
:10B4800000000000000000000000000000000000BC
:10B4900000000000000000000000000000000000AC
:10B4A000000000000000000000000000000000009C
:10B4B000000000000000000000000000000000008C
:10B4C000000000000000000000000000000000007C
:10B4D000000000000000000000000000000000006C
:10B4E000000000000000000000000000000000005C
:10B4F000000000000000000000000000000000004C
:10B50000000000000000000000000000000000003B
:10B51000000000000000000000000000000000002B
:10B52000000000000000000000000000000000001B
:10B53000000000000000000000000000000000000B
:10B5400000000000000000000000000000000000FB
:10B5500000000000000000000000000000000000EB
:10B5600000000000000000000000000000000000DB
:10B5700000000000000000000000000000000000CB
:10B5800000000000000000000000000000000000BB
:10B5900000000000000000000000000000000000AB
:10B5A000000000000000000000000000000000009B
:10B5B000000000000000000000000000000000008B
:10B5C000000000000000000000000000000000007B
:10B5D000000000000000000000000000000000006B
:10B5E000000000000000000000000000000000005B
:10B5F000000000000000000000000000000000004B
:10B60000000000000000000000000000000000003A
:10B61000000000000000000000000000000000002A
:10B62000000000000000000000000000000000001A
:10B63000000000000000000000000000000000000A
:10B6400000000000000000000000000000000000FA
:10B6500000000000000000000000000000000000EA
:10B6600000000000000000000000000000000000DA
:10B6700000000000000000000000000000000000CA
:10B6800000000000000000000000000000000000BA
:10B6900000000000000000000000000000000000AA
:10B6A000000000000000000000000000000000009A
:10B6B000000000000000000000000000000000008A
:10B6C000000000000000000000000000000000007A
:10B6D000000000000000000000000000000000006A
:10B6E000000000000000000000000000000000005A
:10B6F000000000000000000000000000000000004A
:10B700000000000000000000000000000000000039
:10B710000000000000000000000000000000000029
:10B720000000000000000000000000000000000019
:10B730000000000000000000000000000000000009
:10B7400000000000000000000000000000000000F9
:10B7500000000000000000000000000000000000E9
:10B7600000000000000000000000000000000000D9
:10B7700000000000000000000000000000000000C9
:10B7800000000000000000000000000000000000B9
:10B7900000000000000000000000000000000000A9
:10B7A0000000000000000000000000000000000099
:10B7B0000000000000000000000000000000000089
:10B7C0000000000000000000000000000000000079
:10B7D0000000000000000000000000000000000069
:10B7E0000000000000000000000000000000000059
:10B7F0000000000000000000000000000000000049
:10B800000000000000000000000000000000000038
:10B810000000000000000000000000000000000028
:10B820000000000000000000000000000000000018
:10B830000000000000000000000000000000000008
:10B8400000000000000000000000000000000000F8
:10B8500000000000000000000000000000000000E8
:10B8600000000000000000000000000000000000D8
:10B8700000000000000000000000000000000000C8
:10B8800000000000000000000000000000000000B8
:10B8900000000000000000000000000000000000A8
:10B8A0000000000000000000000000000000000098
:10B8B0000000000000000000000000000000000088
:10B8C0000000000000000000000000000000000078
:10B8D0000000000000000000000000000000000068
:10B8E0000000000000000000000000000000000058
:10B8F0000000000000000000000000000000000048
:10B900000000000000000000000000000000000037
:10B910000000000000000000000000000000000027
:10B920000000000000000000000000000000000017
:10B930000000000000000000000000000000000007
:10B9400000000000000000000000000000000000F7
:10B9500000000000000000000000000000000000E7
:10B9600000000000000000000000000000000000D7
:10B9700000000000000000000000000000000000C7
:10B9800000000000000000000000000000000000B7
:10B9900000000000000000000000000000000000A7
:10B9A0000000000000000000000000000000000097
:10B9B0000000000000000000000000000000000087
:10B9C0000000000000000000000000000000000077
:10B9D0000000000000000000000000000000000067
:10B9E0000000000000000000000000000000000057
:10B9F0000000000000000000000000000000000047
:10BA00000000000000000000000000000000000036
:10BA10000000000000000000000000000000000026
:10BA20000000000000000000000000000000000016
:10BA30000000000000000000000000000000000006
:10BA400000000000000000000000000000000000F6
:10BA500000000000000000000000000000000000E6
:10BA600000000000000000000000000000000000D6
:10BA700000000000000000000000000000000000C6
:10BA800000000000000000000000000000000000B6
:10BA900000000000000000000000000000000000A6
:10BAA0000000000000000000000000000000000096
:10BAB0000000000000000000000000000000000086
:10BAC0000000000000000000000000000000000076
:10BAD0000000000000000000000000000000000066
:10BAE0000000000000000000000000000000000056
:10BAF0000000000000000000000000000000000046
:10BB00000000000000000000000000000000000035
:10BB10000000000000000000000000000000000025
:10BB20000000000000000000000000000000000015
:10BB30000000000000000000000000000000000005
:10BB400000000000000000000000000000000000F5
:10BB500000000000000000000000000000000000E5
:10BB600000000000000000000000000000000000D5
:10BB700000000000000000000000000000000000C5
:10BB800000000000000000000000000000000000B5
:10BB900000000000000000000000000000000000A5
:10BBA0000000000000000000000000000000000095
:10BBB0000000000000000000000000000000000085
:10BBC0000000000000000000000000000000000075
:10BBD0000000000000000000000000000000000065
:10BBE0000000000000000000000000000000000055
:10BBF0000000000000000000000000000000000045
:10BC00000000000000000000000000000000000034
:10BC10000000000000000000000000000000000024
:10BC20000000000000000000000000000000000014
:10BC30000000000000000000000000000000000004
:10BC400000000000000000000000000000000000F4
:10BC500000000000000000000000000000000000E4
:10BC600000000000000000000000000000000000D4
:10BC700000000000000000000000000000000000C4
:10BC800000000000000000000000000000000000B4
:10BC900000000000000000000000000000000000A4
:10BCA0000000000000000000000000000000000094
:10BCB0000000000000000000000000000000000084
:10BCC0000000000000000000000000000000000074
:10BCD0000000000000000000000000000000000064
:10BCE0000000000000000000000000000000000054
:10BCF0000000000000000000000000000000000044
:10BD00000000000000000000000000000000000033
:10BD10000000000000000000000000000000000023
:10BD20000000000000000000000000000000000013
:10BD30000000000000000000000000000000000003
:10BD400000000000000000000000000000000000F3
:10BD500000000000000000000000000000000000E3
:10BD600000000000000000000000000000000000D3
:10BD700000000000000000000000000000000000C3
:10BD800000000000000000000000000000000000B3
:10BD900000000000000000000000000000000000A3
:10BDA0000000000000000000000000000000000093
:10BDB0000000000000000000000000000000000083
:10BDC0000000000000000000000000000000000073
:10BDD0000000000000000000000000000000000063
:10BDE0000000000000000000000000000000000053
:10BDF0000000000000000000000000000000000043
:10BE00000000000000000000000000000000000032
:10BE10000000000000000000000000000000000022
:10BE20000000000000000000000000000000000012
:10BE30000000000000000000000000000000000002
:10BE400000000000000000000000000000000000F2
:10BE500000000000000000000000000000000000E2
:10BE600000000000000000000000000000000000D2
:10BE700000000000000000000000000000000000C2
:10BE800000000000000000000000000000000000B2
:10BE900000000000000000000000000000000000A2
:10BEA0000000000000000000000000000000000092
:10BEB0000000000000000000000000000000000082
:10BEC0000000000000000000000000000000000072
:10BED0000000000000000000000000000000000062
:10BEE0000000000000000000000000000000000052
:10BEF0000000000000000000000000000000000042
:10BF00000000000000000000000000000000000031
:10BF10000000000000000000000000000000000021
:10BF20000000000000000000000000000000000011
:10BF30000000000000000000000000000000000001
:10BF400000000000000000000000000000000000F1
:10BF500000000000000000000000000000000000E1
:10BF600000000000000000000000000000000000D1
:10BF700000000000000000000000000000000000C1
:10BF800000000000000000000000000000000000B1
:10BF900000000000000000000000000000000000A1
:10BFA0000000000000000000000000000000000091
:10BFB0000000000000000000000000000000000081
:10BFC0000000000000000000000000000000000071
:10BFD0000000000000000000000000000000000061
:10BFE0000000000000000000000000000000000051
:10BFF0000000000000000000000000000000000041
:10C000000000000000000000000000000000000030
:10C010000000000000000000000000000000000020
:10C020000000000000000000000000000000000010
:10C030000000000000000000000000000000000000
:10C0400000000000000000000000000000000000F0
:10C0500000000000000000000000000000000000E0
:10C0600000000000000000000000000000000000D0
:10C0700000000000000000000000000000000000C0
:10C0800000000000000000000000000000000000B0
:10C0900000000000000000000000000000000000A0
:10C0A0000000000000000000000000000000000090
:10C0B0000000000000000000000000000000000080
:10C0C0000000000000000000000000000000000070
:10C0D0000000000000000000000000000000000060
:10C0E0000000000000000000000000000000000050
:10C0F0000000000000000000000000000000000040
:10C10000000000000000000000000000000000002F
:10C11000000000000000000000000000000000001F
:10C12000000000000000000000000000000000000F
:10C1300000000000000000000000000000000000FF
:10C1400000000000000000000000000000000000EF
:10C1500000000000000000000000000000000000DF
:10C1600000000000000000000000000000000000CF
:10C1700000000000000000000000000000000000BF
:10C1800000000000000000000000000000000000AF
:10C19000000000000000000000000000000000009F
:10C1A000000000000000000000000000000000008F
:10C1B000000000000000000000000000000000007F
:10C1C000000000000000000000000000000000006F
:10C1D000000000000000000000000000000000005F
:10C1E000000000000000000000000000000000004F
:10C1F000000000000000000000000000000000003F
:10C20000000000000000000000000000000000002E
:10C21000000000000000000000000000000000001E
:10C22000000000000000000000000000000000000E
:10C2300000000000000000000000000000000000FE
:10C2400000000000000000000000000000000000EE
:10C2500000000000000000000000000000000000DE
:10C2600000000000000000000000000000000000CE
:10C2700000000000000000000000000000000000BE
:10C2800000000000000000000000000000000000AE
:10C29000000000000000000000000000000000009E
:10C2A000000000000000000000000000000000008E
:10C2B000000000000000000000000000000000007E
:10C2C000000000000000000000000000000000006E
:10C2D000000000000000000000000000000000005E
:10C2E000000000000000000000000000000000004E
:10C2F000000000000000000000000000000000003E
:10C30000000000000000000000000000000000002D
:10C31000000000000000000000000000000000001D
:10C32000000000000000000000000000000000000D
:10C3300000000000000000000000000000000000FD
:10C3400000000000000000000000000000000000ED
:10C3500000000000000000000000000000000000DD
:10C3600000000000000000000000000000000000CD
:10C3700000000000000000000000000000000000BD
:10C3800000000000000000000000000000000000AD
:10C39000000000000000000000000000000000009D
:10C3A000000000000000000000000000000000008D
:10C3B000000000000000000000000000000000007D
:10C3C000000000000000000000000000000000006D
:10C3D000000000000000000000000000000000005D
:10C3E000000000000000000000000000000000004D
:10C3F000000000000000000000000000000000003D
:10C40000000000000000000000000000000000002C
:10C41000000000000000000000000000000000001C
:10C42000000000000000000000000000000000000C
:10C4300000000000000000000000000000000000FC
:10C4400000000000000000000000000000000000EC
:10C4500000000000000000000000000000000000DC
:10C4600000000000000000000000000000000000CC
:10C4700000000000000000000000000000000000BC
:10C4800000000000000000000000000000000000AC
:10C49000000000000000000000000000000000009C
:10C4A000000000000000000000000000000000008C
:10C4B000000000000000000000000000000000007C
:10C4C000000000000000000000000000000000006C
:10C4D000000000000000000000000000000000005C
:10C4E000000000000000000000000000000000004C
:10C4F000000000000000000000000000000000003C
:10C50000000000000000000000000000000000002B
:10C51000000000000000000000000000000000001B
:10C52000000000000000000000000000000000000B
:10C5300000000000000000000000000000000000FB
:10C5400000000000000000000000000000000000EB
:10C5500000000000000000000000000000000000DB
:10C5600000000000000000000000000000000000CB
:10C5700000000000000000000000000000000000BB
:10C5800000000000000000000000000000000000AB
:10C59000000000000000000000000000000000009B
:10C5A000000000000000000000000000000000008B
:10C5B000000000000000000000000000000000007B
:10C5C000000000000000000000000000000000006B
:10C5D000000000000000000000000000000000005B
:10C5E000000000000000000000000000000000004B
:10C5F000000000000000000000000000000000003B
:10C60000000000000000000000000000000000002A
:10C61000000000000000000000000000000000001A
:10C62000000000000000000000000000000000000A
:10C6300000000000000000000000000000000000FA
:10C6400000000000000000000000000000000000EA
:10C6500000000000000000000000000000000000DA
:10C6600000000000000000000000000000000000CA
:10C6700000000000000000000000000000000000BA
:10C6800000000000000000000000000000000000AA
:10C69000000000000000000000000000000000009A
:10C6A000000000000000000000000000000000008A
:10C6B000000000000000000000000000000000007A
:10C6C000000000000000000000000000000000006A
:10C6D000000000000000000000000000000000005A
:10C6E000000000000000000000000000000000004A
:10C6F000000000000000000000000000000000003A
:10C700000000000000000000000000000000000029
:10C710000000000000000000000000000000000019
:10C720000000000000000000000000000000000009
:10C7300000000000000000000000000000000000F9
:10C7400000000000000000000000000000000000E9
:10C7500000000000000000000000000000000000D9
:10C7600000000000000000000000000000000000C9
:10C7700000000000000000000000000000000000B9
:10C7800000000000000000000000000000000000A9
:10C790000000000000000000000000000000000099
:10C7A0000000000000000000000000000000000089
:10C7B0000000000000000000000000000000000079
:10C7C0000000000000000000000000000000000069
:10C7D0000000000000000000000000000000000059
:10C7E0000000000000000000000000000000000049
:10C7F0000000000000000000000000000000000039
:10C800000000000000000000000000000000000028
:10C810000000000000000000000000000000000018
:10C820000000000000000000000000000000000008
:10C8300000000000000000000000000000000000F8
:10C8400000000000000000000000000000000000E8
:10C8500000000000000000000000000000000000D8
:10C8600000000000000000000000000000000000C8
:10C8700000000000000000000000000000000000B8
:10C8800000000000000000000000000000000000A8
:10C890000000000000000000000000000000000098
:10C8A0000000000000000000000000000000000088
:10C8B0000000000000000000000000000000000078
:10C8C0000000000000000000000000000000000068
:10C8D0000000000000000000000000000000000058
:10C8E0000000000000000000000000000000000048
:10C8F0000000000000000000000000000000000038
:10C900000000000000000000000000000000000027
:10C910000000000000000000000000000000000017
:10C920000000000000000000000000000000000007
:10C9300000000000000000000000000000000000F7
:10C9400000000000000000000000000000000000E7
:10C9500000000000000000000000000000000000D7
:10C9600000000000000000000000000000000000C7
:10C9700000000000000000000000000000000000B7
:10C9800000000000000000000000000000000000A7
:10C990000000000000000000000000000000000097
:10C9A0000000000000000000000000000000000087
:10C9B0000000000000000000000000000000000077
:10C9C0000000000000000000000000000000000067
:10C9D0000000000000000000000000000000000057
:10C9E0000000000000000000000000000000000047
:10C9F0000000000000000000000000000000000037
:10CA00000000000000000000000000000000000026
:10CA10000000000000000000000000000000000016
:10CA20000000000000000000000000000000000006
:10CA300000000000000000000000000000000000F6
:10CA400000000000000000000000000000000000E6
:10CA500000000000000000000000000000000000D6
:10CA600000000000000000000000000000000000C6
:10CA700000000000000000000000000000000000B6
:10CA800000000000000000000000000000000000A6
:10CA90000000000000000000000000000000000096
:10CAA0000000000000000000000000000000000086
:10CAB0000000000000000000000000000000000076
:10CAC0000000000000000000000000000000000066
:10CAD0000000000000000000000000000000000056
:10CAE0000000000000000000000000000000000046
:10CAF0000000000000000000000000000000000036
:10CB00000000000000000000000000000000000025
:10CB10000000000000000000000000000000000015
:10CB20000000000000000000000000000000000005
:10CB300000000000000000000000000000000000F5
:10CB400000000000000000000000000000000000E5
:10CB500000000000000000000000000000000000D5
:10CB600000000000000000000000000000000000C5
:10CB700000000000000000000000000000000000B5
:10CB800000000000000000000000000000000000A5
:10CB90000000000000000000000000000000000095
:10CBA0000000000000000000000000000000000085
:10CBB0000000000000000000000000000000000075
:10CBC0000000000000000000000000000000000065
:10CBD0000000000000000000000000000000000055
:10CBE0000000000000000000000000000000000045
:10CBF0000000000000000000000000000000000035
:10CC00000000000000000000000000000000000024
:10CC10000000000000000000000000000000000014
:10CC20000000000000000000000000000000000004
:10CC300000000000000000000000000000000000F4
:10CC400000000000000000000000000000000000E4
:10CC500000000000000000000000000000000000D4
:10CC600000000000000000000000000000000000C4
:10CC700000000000000000000000000000000000B4
:10CC800000000000000000000000000000000000A4
:10CC90000000000000000000000000000000000094
:10CCA0000000000000000000000000000000000084
:10CCB0000000000000000000000000000000000074
:10CCC0000000000000000000000000000000000064
:10CCD0000000000000000000000000000000000054
:10CCE0000000000000000000000000000000000044
:10CCF0000000000000000000000000000000000034
:10CD00000000000000000000000000000000000023
:10CD10000000000000000000000000000000000013
:10CD20000000000000000000000000000000000003
:10CD300000000000000000000000000000000000F3
:10CD400000000000000000000000000000000000E3
:10CD500000000000000000000000000000000000D3
:10CD600000000000000000000000000000000000C3
:10CD700000000000000000000000000000000000B3
:10CD800000000000000000000000000000000000A3
:10CD90000000000000000000000000000000000093
:10CDA0000000000000000000000000000000000083
:10CDB0000000000000000000000000000000000073
:10CDC0000000000000000000000000000000000063
:10CDD0000000000000000000000000000000000053
:10CDE0000000000000000000000000000000000043
:10CDF0000000000000000000000000000000000033
:10CE00000000000000000000000000000000000022
:10CE10000000000000000000000000000000000012
:10CE20000000000000000000000000000000000002
:10CE300000000000000000000000000000000000F2
:10CE400000000000000000000000000000000000E2
:10CE500000000000000000000000000000000000D2
:10CE600000000000000000000000000000000000C2
:10CE700000000000000000000000000000000000B2
:10CE800000000000000000000000000000000000A2
:10CE90000000000000000000000000000000000092
:10CEA0000000000000000000000000000000000082
:10CEB0000000000000000000000000000000000072
:10CEC0000000000000000000000000000000000062
:10CED0000000000000000000000000000000000052
:10CEE0000000000000000000000000000000000042
:10CEF0000000000000000000000000000000000032
:10CF00000000000000000000000000000000000021
:10CF10000000000000000000000000000000000011
:10CF20000000000000000000000000000000000001
:10CF300000000000000000000000000000000000F1
:10CF400000000000000000000000000000000000E1
:10CF500000000000000000000000000000000000D1
:10CF600000000000000000000000000000000000C1
:10CF700000000000000000000000000000000000B1
:10CF800000000000000000000000000000000000A1
:10CF90000000000000000000000000000000000091
:10CFA0000000000000000000000000000000000081
:10CFB0000000000000000000000000000000000071
:10CFC0007FE97FE9B7F74CB87FE97FE9B7F75AB84F
:10CFD0007FE97FE9B7F790B87FE97FE9B7F77AB8DB
:10CFE0007FE97FE9B7F760B80000000000000000AB
:10CFF0000000000000000000000000000000000031
:10D0000008697B00500004000100000060005B0024
:10D01000A501635350450465322E332E3005582048
:10D02000B5D8B37F006EFDE3D6DA35D7EFDF7E608B
:10D03000BDFD0CB967B6358F25FDBC1025F5B66D65
:10D040000666534841323536025820000000000081
:10D0500000000000000000000000000000000000D0
:10D06000000000000000000000000040000C000173
:10D0700000000000000000000000000769D300105D
:10D08000002000565AF4A4485DB6C04CA74E787CE8
:10D0900091BCB0E5E57B1DCA535B6C01B67846B721
:10D0A000F8127602005B003059301306072A8648D2
:10D0B000CE3D020106082A8648CE3D030107034201
:10D0C0000004CB7B7BAB0B47F5C8B43FA6DF3B85A9
:10D0D0005CFD20A461172A8AF61F2A556117E1D347
:10D0E00079EFB433193ADB51E964D1B9E67242C839
:10D0F00082A5E293EF7D58B6EE35834171A0979AF1
:10D10000954B2200480030460221008A65ED7E17CB
:10D110008C2009140C885156436F15F8E6C08DF128
:10D12000A9FAFE425A3E763777B026022100C2A203
:10D130009A289C463D6557BC039FE213C7091E8C85
:10D14000C83625EC083EF4A284608F99986AFFFFE8
:10D15000FFFFFFFFFFFFFFFFFFFFFFFFFFFFFFFFDF
:10D16000FFFFFFFFFFFFFFFFFFFFFFFFFFFFFFFFCF
:10D17000FFFFFFFFFFFFFFFFFFFFFFFFFFFFFFFFBF
:10D18000FFFFFFFFFFFFFFFFFFFFFFFFFFFFFFFFAF
:10D19000FFFFFFFFFFFFFFFFFFFFFFFFFFFFFFFF9F
:10D1A000FFFFFFFFFFFFFFFFFFFFFFFFFFFFFFFF8F
:10D1B000FFFFFFFFFFFFFFFFFFFFFFFFFFFFFFFF7F
:10D1C000FFFFFFFFFFFFFFFFFFFFFFFFFFFFFFFF6F
:10D1D000FFFFFFFFFFFFFFFFFFFFFFFFFFFFFFFF5F
:10D1E000FFFFFFFFFFFFFFFFFFFFFFFFFFFFFFFF4F
:10D1F000FFFFFFFFFFFFFFFFFFFFFFFFFFFFFFFF3F
:10D20000FFFFFFFFFFFFFFFFFFFFFFFFFFFFFFFF2E
:10D21000FFFFFFFFFFFFFFFFFFFFFFFFFFFFFFFF1E
:10D22000FFFFFFFFFFFFFFFFFFFFFFFFFFFFFFFF0E
:10D23000FFFFFFFFFFFFFFFFFFFFFFFFFFFFFFFFFE
:10D24000FFFFFFFFFFFFFFFFFFFFFFFFFFFFFFFFEE
:10D25000FFFFFFFFFFFFFFFFFFFFFFFFFFFFFFFFDE
:10D26000FFFFFFFFFFFFFFFFFFFFFFFFFFFFFFFFCE
:10D27000FFFFFFFFFFFFFFFFFFFFFFFFFFFFFFFFBE
:10D28000FFFFFFFFFFFFFFFFFFFFFFFFFFFFFFFFAE
:10D29000FFFFFFFFFFFFFFFFFFFFFFFFFFFFFFFF9E
:10D2A000FFFFFFFFFFFFFFFFFFFFFFFFFFFFFFFF8E
:10D2B000FFFFFFFFFFFFFFFFFFFFFFFFFFFFFFFF7E
:10D2C000FFFFFFFFFFFFFFFFFFFFFFFFFFFFFFFF6E
:10D2D000FFFFFFFFFFFFFFFFFFFFFFFFFFFFFFFF5E
:10D2E000FFFFFFFFFFFFFFFFFFFFFFFFFFFFFFFF4E
:10D2F000FFFFFFFFFFFFFFFFFFFFFFFFFFFFFFFF3E
:10D30000FFFFFFFFFFFFFFFFFFFFFFFFFFFFFFFF2D
:10D31000FFFFFFFFFFFFFFFFFFFFFFFFFFFFFFFF1D
:10D32000FFFFFFFFFFFFFFFFFFFFFFFFFFFFFFFF0D
:10D33000FFFFFFFFFFFFFFFFFFFFFFFFFFFFFFFFFD
:10D34000FFFFFFFFFFFFFFFFFFFFFFFFFFFFFFFFED
:10D35000FFFFFFFFFFFFFFFFFFFFFFFFFFFFFFFFDD
:10D36000FFFFFFFFFFFFFFFFFFFFFFFFFFFFFFFFCD
:10D37000FFFFFFFFFFFFFFFFFFFFFFFFFFFFFFFFBD
:10D38000FFFFFFFFFFFFFFFFFFFFFFFFFFFFFFFFAD
:10D39000FFFFFFFFFFFFFFFFFFFFFFFFFFFFFFFF9D
:10D3A000FFFFFFFFFFFFFFFFFFFFFFFFFFFFFFFF8D
:10D3B000FFFFFFFFFFFFFFFFFFFFFFFFFFFFFFFF7D
:10D3C000FFFFFFFFFFFFFFFFFFFFFFFFFFFFFFFF6D
:10D3D000FFFFFFFFFFFFFFFFFFFFFFFFFFFFFFFF5D
:10D3E000FFFFFFFFFFFFFFFFFFFFFFFFFFFFFFFF4D
:10D3F000FFFFFFFFFFFFFFFFFFFFFFFFFFFFFFFF3D
:10D40000FFFFFFFFFFFFFFFFFFFFFFFFFFFFFFFF2C
:10D41000FFFFFFFFFFFFFFFFFFFFFFFFFFFFFFFF1C
:10D42000FFFFFFFFFFFFFFFFFFFFFFFFFFFFFFFF0C
:10D43000FFFFFFFFFFFFFFFFFFFFFFFFFFFFFFFFFC
:10D44000FFFFFFFFFFFFFFFFFFFFFFFFFFFFFFFFEC
:10D45000FFFFFFFFFFFFFFFFFFFFFFFFFFFFFFFFDC
:10D46000FFFFFFFFFFFFFFFFFFFFFFFFFFFFFFFFCC
:10D47000FFFFFFFFFFFFFFFFFFFFFFFFFFFFFFFFBC
:10D48000FFFFFFFFFFFFFFFFFFFFFFFFFFFFFFFFAC
:10D49000FFFFFFFFFFFFFFFFFFFFFFFFFFFFFFFF9C
:10D4A000FFFFFFFFFFFFFFFFFFFFFFFFFFFFFFFF8C
:10D4B000FFFFFFFFFFFFFFFFFFFFFFFFFFFFFFFF7C
:10D4C000FFFFFFFFFFFFFFFFFFFFFFFFFFFFFFFF6C
:10D4D000FFFFFFFFFFFFFFFFFFFFFFFFFFFFFFFF5C
:10D4E000FFFFFFFFFFFFFFFFFFFFFFFFFFFFFFFF4C
:10D4F000FFFFFFFFFFFFFFFFFFFFFFFFFFFFFFFF3C
:10D50000FFFFFFFFFFFFFFFFFFFFFFFFFFFFFFFF2B
:10D51000FFFFFFFFFFFFFFFFFFFFFFFFFFFFFFFF1B
:10D52000FFFFFFFFFFFFFFFFFFFFFFFFFFFFFFFF0B
:10D53000FFFFFFFFFFFFFFFFFFFFFFFFFFFFFFFFFB
:10D54000FFFFFFFFFFFFFFFFFFFFFFFFFFFFFFFFEB
:10D55000FFFFFFFFFFFFFFFFFFFFFFFFFFFFFFFFDB
:10D56000FFFFFFFFFFFFFFFFFFFFFFFFFFFFFFFFCB
:10D57000FFFFFFFFFFFFFFFFFFFFFFFFFFFFFFFFBB
:10D58000FFFFFFFFFFFFFFFFFFFFFFFFFFFFFFFFAB
:10D59000FFFFFFFFFFFFFFFFFFFFFFFFFFFFFFFF9B
:10D5A000FFFFFFFFFFFFFFFFFFFFFFFFFFFFFFFF8B
:10D5B000FFFFFFFFFFFFFFFFFFFFFFFFFFFFFFFF7B
:10D5C000FFFFFFFFFFFFFFFFFFFFFFFFFFFFFFFF6B
:10D5D000FFFFFFFFFFFFFFFFFFFFFFFFFFFFFFFF5B
:10D5E000FFFFFFFFFFFFFFFFFFFFFFFFFFFFFFFF4B
:10D5F000FFFFFFFFFFFFFFFFFFFFFFFFFFFFFFFF3B
:10D60000FFFFFFFFFFFFFFFFFFFFFFFFFFFFFFFF2A
:10D61000FFFFFFFFFFFFFFFFFFFFFFFFFFFFFFFF1A
:10D62000FFFFFFFFFFFFFFFFFFFFFFFFFFFFFFFF0A
:10D63000FFFFFFFFFFFFFFFFFFFFFFFFFFFFFFFFFA
:10D64000FFFFFFFFFFFFFFFFFFFFFFFFFFFFFFFFEA
:10D65000FFFFFFFFFFFFFFFFFFFFFFFFFFFFFFFFDA
:10D66000FFFFFFFFFFFFFFFFFFFFFFFFFFFFFFFFCA
:10D67000FFFFFFFFFFFFFFFFFFFFFFFFFFFFFFFFBA
:10D68000FFFFFFFFFFFFFFFFFFFFFFFFFFFFFFFFAA
:10D69000FFFFFFFFFFFFFFFFFFFFFFFFFFFFFFFF9A
:10D6A000FFFFFFFFFFFFFFFFFFFFFFFFFFFFFFFF8A
:10D6B000FFFFFFFFFFFFFFFFFFFFFFFFFFFFFFFF7A
:10D6C000FFFFFFFFFFFFFFFFFFFFFFFFFFFFFFFF6A
:10D6D000FFFFFFFFFFFFFFFFFFFFFFFFFFFFFFFF5A
:10D6E000FFFFFFFFFFFFFFFFFFFFFFFFFFFFFFFF4A
:10D6F000FFFFFFFFFFFFFFFFFFFFFFFFFFFFFFFF3A
:10D70000FFFFFFFFFFFFFFFFFFFFFFFFFFFFFFFF29
:10D71000FFFFFFFFFFFFFFFFFFFFFFFFFFFFFFFF19
:10D72000FFFFFFFFFFFFFFFFFFFFFFFFFFFFFFFF09
:10D73000FFFFFFFFFFFFFFFFFFFFFFFFFFFFFFFFF9
:10D74000FFFFFFFFFFFFFFFFFFFFFFFFFFFFFFFFE9
:10D75000FFFFFFFFFFFFFFFFFFFFFFFFFFFFFFFFD9
:10D76000FFFFFFFFFFFFFFFFFFFFFFFFFFFFFFFFC9
:10D77000FFFFFFFFFFFFFFFFFFFFFFFFFFFFFFFFB9
:10D78000FFFFFFFFFFFFFFFFFFFFFFFFFFFFFFFFA9
:10D79000FFFFFFFFFFFFFFFFFFFFFFFFFFFFFFFF99
:10D7A000FFFFFFFFFFFFFFFFFFFFFFFFFFFFFFFF89
:10D7B000FFFFFFFFFFFFFFFFFFFFFFFFFFFFFFFF79
:10D7C000FFFFFFFFFFFFFFFFFFFFFFFFFFFFFFFF69
:10D7D000FFFFFFFFFFFFFFFFFFFFFFFFFFFFFFFF59
:10D7E000FFFFFFFFFFFFFFFFFFFFFFFFFFFFFFFF49
:10D7F000FFFFFFFFFFFFFFFFFFFFFFFFFFFFFFFF39
:10D80000FFFFFFFFFFFFFFFFFFFFFFFFFFFFFFFF28
:10D81000FFFFFFFFFFFFFFFFFFFFFFFFFFFFFFFF18
:10D82000FFFFFFFFFFFFFFFFFFFFFFFFFFFFFFFF08
:10D83000FFFFFFFFFFFFFFFFFFFFFFFFFFFFFFFFF8
:10D84000FFFFFFFFFFFFFFFFFFFFFFFFFFFFFFFFE8
:10D85000FFFFFFFFFFFFFFFFFFFFFFFFFFFFFFFFD8
:10D86000FFFFFFFFFFFFFFFFFFFFFFFFFFFFFFFFC8
:10D87000FFFFFFFFFFFFFFFFFFFFFFFFFFFFFFFFB8
:10D88000FFFFFFFFFFFFFFFFFFFFFFFFFFFFFFFFA8
:10D89000FFFFFFFFFFFFFFFFFFFFFFFFFFFFFFFF98
:10D8A000FFFFFFFFFFFFFFFFFFFFFFFFFFFFFFFF88
:10D8B000FFFFFFFFFFFFFFFFFFFFFFFFFFFFFFFF78
:10D8C000FFFFFFFFFFFFFFFFFFFFFFFFFFFFFFFF68
:10D8D000FFFFFFFFFFFFFFFFFFFFFFFFFFFFFFFF58
:10D8E000FFFFFFFFFFFFFFFFFFFFFFFFFFFFFFFF48
:10D8F000FFFFFFFFFFFFFFFFFFFFFFFFFFFFFFFF38
:10D90000FFFFFFFFFFFFFFFFFFFFFFFFFFFFFFFF27
:10D91000FFFFFFFFFFFFFFFFFFFFFFFFFFFFFFFF17
:10D92000FFFFFFFFFFFFFFFFFFFFFFFFFFFFFFFF07
:10D93000FFFFFFFFFFFFFFFFFFFFFFFFFFFFFFFFF7
:10D94000FFFFFFFFFFFFFFFFFFFFFFFFFFFFFFFFE7
:10D95000FFFFFFFFFFFFFFFFFFFFFFFFFFFFFFFFD7
:10D96000FFFFFFFFFFFFFFFFFFFFFFFFFFFFFFFFC7
:10D97000FFFFFFFFFFFFFFFFFFFFFFFFFFFFFFFFB7
:10D98000FFFFFFFFFFFFFFFFFFFFFFFFFFFFFFFFA7
:10D99000FFFFFFFFFFFFFFFFFFFFFFFFFFFFFFFF97
:10D9A000FFFFFFFFFFFFFFFFFFFFFFFFFFFFFFFF87
:10D9B000FFFFFFFFFFFFFFFFFFFFFFFFFFFFFFFF77
:10D9C000FFFFFFFFFFFFFFFFFFFFFFFFFFFFFFFF67
:10D9D000FFFFFFFFFFFFFFFFFFFFFFFFFFFFFFFF57
:10D9E000FFFFFFFFFFFFFFFFFFFFFFFFFFFFFFFF47
:10D9F000FFFFFFFFFFFFFFFFFFFFFFFFFFFFFFFF37
:10DA0000FFFFFFFFFFFFFFFFFFFFFFFFFFFFFFFF26
:10DA1000FFFFFFFFFFFFFFFFFFFFFFFFFFFFFFFF16
:10DA2000FFFFFFFFFFFFFFFFFFFFFFFFFFFFFFFF06
:10DA3000FFFFFFFFFFFFFFFFFFFFFFFFFFFFFFFFF6
:10DA4000FFFFFFFFFFFFFFFFFFFFFFFFFFFFFFFFE6
:10DA5000FFFFFFFFFFFFFFFFFFFFFFFFFFFFFFFFD6
:10DA6000FFFFFFFFFFFFFFFFFFFFFFFFFFFFFFFFC6
:10DA7000FFFFFFFFFFFFFFFFFFFFFFFFFFFFFFFFB6
:10DA8000FFFFFFFFFFFFFFFFFFFFFFFFFFFFFFFFA6
:10DA9000FFFFFFFFFFFFFFFFFFFFFFFFFFFFFFFF96
:10DAA000FFFFFFFFFFFFFFFFFFFFFFFFFFFFFFFF86
:10DAB000FFFFFFFFFFFFFFFFFFFFFFFFFFFFFFFF76
:10DAC000FFFFFFFFFFFFFFFFFFFFFFFFFFFFFFFF66
:10DAD000FFFFFFFFFFFFFFFFFFFFFFFFFFFFFFFF56
:10DAE000FFFFFFFFFFFFFFFFFFFFFFFFFFFFFFFF46
:10DAF000FFFFFFFFFFFFFFFFFFFFFFFFFFFFFFFF36
:10DB0000FFFFFFFFFFFFFFFFFFFFFFFFFFFFFFFF25
:10DB1000FFFFFFFFFFFFFFFFFFFFFFFFFFFFFFFF15
:10DB2000FFFFFFFFFFFFFFFFFFFFFFFFFFFFFFFF05
:10DB3000FFFFFFFFFFFFFFFFFFFFFFFFFFFFFFFFF5
:10DB4000FFFFFFFFFFFFFFFFFFFFFFFFFFFFFFFFE5
:10DB5000FFFFFFFFFFFFFFFFFFFFFFFFFFFFFFFFD5
:10DB6000FFFFFFFFFFFFFFFFFFFFFFFFFFFFFFFFC5
:10DB7000FFFFFFFFFFFFFFFFFFFFFFFFFFFFFFFFB5
:10DB8000FFFFFFFFFFFFFFFFFFFFFFFFFFFFFFFFA5
:10DB9000FFFFFFFFFFFFFFFFFFFFFFFFFFFFFFFF95
:10DBA000FFFFFFFFFFFFFFFFFFFFFFFFFFFFFFFF85
:10DBB000FFFFFFFFFFFFFFFFFFFFFFFFFFFFFFFF75
:10DBC000FFFFFFFFFFFFFFFFFFFFFFFFFFFFFFFF65
:10DBD000FFFFFFFFFFFFFFFFFFFFFFFFFFFFFFFF55
:10DBE000FFFFFFFFFFFFFFFFFFFFFFFFFFFFFFFF45
:10DBF000FFFFFFFFFFFFFFFFFFFFFFFFFFFFFFFF35
:10DC0000FFFFFFFFFFFFFFFFFFFFFFFFFFFFFFFF24
:10DC1000FFFFFFFFFFFFFFFFFFFFFFFFFFFFFFFF14
:10DC2000FFFFFFFFFFFFFFFFFFFFFFFFFFFFFFFF04
:10DC3000FFFFFFFFFFFFFFFFFFFFFFFFFFFFFFFFF4
:10DC4000FFFFFFFFFFFFFFFFFFFFFFFFFFFFFFFFE4
:10DC5000FFFFFFFFFFFFFFFFFFFFFFFFFFFFFFFFD4
:10DC6000FFFFFFFFFFFFFFFFFFFFFFFFFFFFFFFFC4
:10DC7000FFFFFFFFFFFFFFFFFFFFFFFFFFFFFFFFB4
:10DC8000FFFFFFFFFFFFFFFFFFFFFFFFFFFFFFFFA4
:10DC9000FFFFFFFFFFFFFFFFFFFFFFFFFFFFFFFF94
:10DCA000FFFFFFFFFFFFFFFFFFFFFFFFFFFFFFFF84
:10DCB000FFFFFFFFFFFFFFFFFFFFFFFFFFFFFFFF74
:10DCC000FFFFFFFFFFFFFFFFFFFFFFFFFFFFFFFF64
:10DCD000FFFFFFFFFFFFFFFFFFFFFFFFFFFFFFFF54
:10DCE000FFFFFFFFFFFFFFFFFFFFFFFFFFFFFFFF44
:10DCF000FFFFFFFFFFFFFFFFFFFFFFFFFFFFFFFF34
:10DD0000FFFFFFFFFFFFFFFFFFFFFFFFFFFFFFFF23
:10DD1000FFFFFFFFFFFFFFFFFFFFFFFFFFFFFFFF13
:10DD2000FFFFFFFFFFFFFFFFFFFFFFFFFFFFFFFF03
:10DD3000FFFFFFFFFFFFFFFFFFFFFFFFFFFFFFFFF3
:10DD4000FFFFFFFFFFFFFFFFFFFFFFFFFFFFFFFFE3
:10DD5000FFFFFFFFFFFFFFFFFFFFFFFFFFFFFFFFD3
:10DD6000FFFFFFFFFFFFFFFFFFFFFFFFFFFFFFFFC3
:10DD7000FFFFFFFFFFFFFFFFFFFFFFFFFFFFFFFFB3
:10DD8000FFFFFFFFFFFFFFFFFFFFFFFFFFFFFFFFA3
:10DD9000FFFFFFFFFFFFFFFFFFFFFFFFFFFFFFFF93
:10DDA000FFFFFFFFFFFFFFFFFFFFFFFFFFFFFFFF83
:10DDB000FFFFFFFFFFFFFFFFFFFFFFFFFFFFFFFF73
:10DDC000FFFFFFFFFFFFFFFFFFFFFFFFFFFFFFFF63
:10DDD000FFFFFFFFFFFFFFFFFFFFFFFFFFFFFFFF53
:10DDE000FFFFFFFFFFFFFFFFFFFFFFFFFFFFFFFF43
:10DDF000FFFFFFFFFFFFFFFFFFFFFFFFFFFFFFFF33
:10DE0000FFFFFFFFFFFFFFFFFFFFFFFFFFFFFFFF22
:10DE1000FFFFFFFFFFFFFFFFFFFFFFFFFFFFFFFF12
:10DE2000FFFFFFFFFFFFFFFFFFFFFFFFFFFFFFFF02
:10DE3000FFFFFFFFFFFFFFFFFFFFFFFFFFFFFFFFF2
:10DE4000FFFFFFFFFFFFFFFFFFFFFFFFFFFFFFFFE2
:10DE5000FFFFFFFFFFFFFFFFFFFFFFFFFFFFFFFFD2
:10DE6000FFFFFFFFFFFFFFFFFFFFFFFFFFFFFFFFC2
:10DE7000FFFFFFFFFFFFFFFFFFFFFFFFFFFFFFFFB2
:10DE8000FFFFFFFFFFFFFFFFFFFFFFFFFFFFFFFFA2
:10DE9000FFFFFFFFFFFFFFFFFFFFFFFFFFFFFFFF92
:10DEA000FFFFFFFFFFFFFFFFFFFFFFFFFFFFFFFF82
:10DEB000FFFFFFFFFFFFFFFFFFFFFFFFFFFFFFFF72
:10DEC000FFFFFFFFFFFFFFFFFFFFFFFFFFFFFFFF62
:10DED000FFFFFFFFFFFFFFFFFFFFFFFFFFFFFFFF52
:10DEE000FFFFFFFFFFFFFFFFFFFFFFFFFFFFFFFF42
:10DEF000FFFFFFFFFFFFFFFFFFFFFFFFFFFFFFFF32
:10DF0000FFFFFFFFFFFFFFFFFFFFFFFFFFFFFFFF21
:10DF1000FFFFFFFFFFFFFFFFFFFFFFFFFFFFFFFF11
:10DF2000FFFFFFFFFFFFFFFFFFFFFFFFFFFFFFFF01
:10DF3000FFFFFFFFFFFFFFFFFFFFFFFFFFFFFFFFF1
:10DF4000FFFFFFFFFFFFFFFFFFFFFFFFFFFFFFFFE1
:10DF5000FFFFFFFFFFFFFFFFFFFFFFFFFFFFFFFFD1
:10DF6000FFFFFFFFFFFFFFFFFFFFFFFFFFFFFFFFC1
:10DF7000FFFFFFFFFFFFFFFFFFFFFFFFFFFFFFFFB1
:10DF8000FFFFFFFFFFFFFFFFFFFFFFFFFFFFFFFFA1
:10DF9000FFFFFFFFFFFFFFFFFFFFFFFFFFFFFFFF91
:10DFA000FFFFFFFFFFFFFFFFFFFFFFFFFFFFFFFF81
:10DFB000FFFFFFFFFFFFFFFFFFFFFFFFFFFFFFFF71
:10DFC000FFFFFFFFFFFFFFFFFFFFFFFFFFFFFFFF61
:10DFD000FFFFFFFFFFFFFFFFFFFFFFFFFFFFFFFF51
:10DFE000FFFFFFFFFFFFFFFFFFFFFFFFFFFFFFFF41
:10DFF000FFFFFFFFFFFFFFFFFFFFFFFFFFFFFFFF31
:10E00000FFFFFFFFFFFFFFFFFFFFFFFFFFFFFFFF20
:10E01000FFFFFFFFFFFFFFFFFFFFFFFFFFFFFFFF10
:10E02000FFFFFFFFFFFFFFFFFFFFFFFFFFFFFFFF00
:10E03000FFFFFFFFFFFFFFFFFFFFFFFFFFFFFFFFF0
:10E04000FFFFFFFFFFFFFFFFFFFFFFFFFFFFFFFFE0
:10E05000FFFFFFFFFFFFFFFFFFFFFFFFFFFFFFFFD0
:10E06000FFFFFFFFFFFFFFFFFFFFFFFFFFFFFFFFC0
:10E07000FFFFFFFFFFFFFFFFFFFFFFFFFFFFFFFFB0
:10E08000FFFFFFFFFFFFFFFFFFFFFFFFFFFFFFFFA0
:10E09000FFFFFFFFFFFFFFFFFFFFFFFFFFFFFFFF90
:10E0A000FFFFFFFFFFFFFFFFFFFFFFFFFFFFFFFF80
:10E0B000FFFFFFFFFFFFFFFFFFFFFFFFFFFFFFFF70
:10E0C000FFFFFFFFFFFFFFFFFFFFFFFFFFFFFFFF60
:10E0D000FFFFFFFFFFFFFFFFFFFFFFFFFFFFFFFF50
:10E0E000FFFFFFFFFFFFFFFFFFFFFFFFFFFFFFFF40
:10E0F000FFFFFFFFFFFFFFFFFFFFFFFFFFFFFFFF30
:10E10000FFFFFFFFFFFFFFFFFFFFFFFFFFFFFFFF1F
:10E11000FFFFFFFFFFFFFFFFFFFFFFFFFFFFFFFF0F
:10E12000FFFFFFFFFFFFFFFFFFFFFFFFFFFFFFFFFF
:10E13000FFFFFFFFFFFFFFFFFFFFFFFFFFFFFFFFEF
:10E14000FFFFFFFFFFFFFFFFFFFFFFFFFFFFFFFFDF
:10E15000FFFFFFFFFFFFFFFFFFFFFFFFFFFFFFFFCF
:10E16000FFFFFFFFFFFFFFFFFFFFFFFFFFFFFFFFBF
:10E17000FFFFFFFFFFFFFFFFFFFFFFFFFFFFFFFFAF
:10E18000FFFFFFFFFFFFFFFFFFFFFFFFFFFFFFFF9F
:10E19000FFFFFFFFFFFFFFFFFFFFFFFFFFFFFFFF8F
:10E1A000FFFFFFFFFFFFFFFFFFFFFFFFFFFFFFFF7F
:10E1B000FFFFFFFFFFFFFFFFFFFFFFFFFFFFFFFF6F
:10E1C000FFFFFFFFFFFFFFFFFFFFFFFFFFFFFFFF5F
:10E1D000FFFFFFFFFFFFFFFFFFFFFFFFFFFFFFFF4F
:10E1E000FFFFFFFFFFFFFFFFFFFFFFFFFFFFFFFF3F
:10E1F000FFFFFFFFFFFFFFFFFFFFFFFFFFFFFFFF2F
:10E20000FFFFFFFFFFFFFFFFFFFFFFFFFFFFFFFF1E
:10E21000FFFFFFFFFFFFFFFFFFFFFFFFFFFFFFFF0E
:10E22000FFFFFFFFFFFFFFFFFFFFFFFFFFFFFFFFFE
:10E23000FFFFFFFFFFFFFFFFFFFFFFFFFFFFFFFFEE
:10E24000FFFFFFFFFFFFFFFFFFFFFFFFFFFFFFFFDE
:10E25000FFFFFFFFFFFFFFFFFFFFFFFFFFFFFFFFCE
:10E26000FFFFFFFFFFFFFFFFFFFFFFFFFFFFFFFFBE
:10E27000FFFFFFFFFFFFFFFFFFFFFFFFFFFFFFFFAE
:10E28000FFFFFFFFFFFFFFFFFFFFFFFFFFFFFFFF9E
:10E29000FFFFFFFFFFFFFFFFFFFFFFFFFFFFFFFF8E
:10E2A000FFFFFFFFFFFFFFFFFFFFFFFFFFFFFFFF7E
:10E2B000FFFFFFFFFFFFFFFFFFFFFFFFFFFFFFFF6E
:10E2C000FFFFFFFFFFFFFFFFFFFFFFFFFFFFFFFF5E
:10E2D000FFFFFFFFFFFFFFFFFFFFFFFFFFFFFFFF4E
:10E2E000FFFFFFFFFFFFFFFFFFFFFFFFFFFFFFFF3E
:10E2F000FFFFFFFFFFFFFFFFFFFFFFFFFFFFFFFF2E
:10E30000FFFFFFFFFFFFFFFFFFFFFFFFFFFFFFFF1D
:10E31000FFFFFFFFFFFFFFFFFFFFFFFFFFFFFFFF0D
:10E32000FFFFFFFFFFFFFFFFFFFFFFFFFFFFFFFFFD
:10E33000FFFFFFFFFFFFFFFFFFFFFFFFFFFFFFFFED
:10E34000FFFFFFFFFFFFFFFFFFFFFFFFFFFFFFFFDD
:10E35000FFFFFFFFFFFFFFFFFFFFFFFFFFFFFFFFCD
:10E36000FFFFFFFFFFFFFFFFFFFFFFFFFFFFFFFFBD
:10E37000FFFFFFFFFFFFFFFFFFFFFFFFFFFFFFFFAD
:10E38000FFFFFFFFFFFFFFFFFFFFFFFFFFFFFFFF9D
:10E39000FFFFFFFFFFFFFFFFFFFFFFFFFFFFFFFF8D
:10E3A000FFFFFFFFFFFFFFFFFFFFFFFFFFFFFFFF7D
:10E3B000FFFFFFFFFFFFFFFFFFFFFFFFFFFFFFFF6D
:10E3C000FFFFFFFFFFFFFFFFFFFFFFFFFFFFFFFF5D
:10E3D000FFFFFFFFFFFFFFFFFFFFFFFFFFFFFFFF4D
:10E3E000FFFFFFFFFFFFFFFFFFFFFFFFFFFFFFFF3D
:10E3F000FFFFFFFFFFFFFFFFFFFFFFFFFFFFFFFF2D
:10E40000FFFFFFFFFFFFFFFFFFFFFFFFFFFFFFFF1C
:10E41000FFFFFFFFFFFFFFFFFFFFFFFFFFFFFFFF0C
:10E42000FFFFFFFFFFFFFFFFFFFFFFFFFFFFFFFFFC
:10E43000FFFFFFFFFFFFFFFFFFFFFFFFFFFFFFFFEC
:10E44000FFFFFFFFFFFFFFFFFFFFFFFFFFFFFFFFDC
:10E45000FFFFFFFFFFFFFFFFFFFFFFFFFFFFFFFFCC
:10E46000FFFFFFFFFFFFFFFFFFFFFFFFFFFFFFFFBC
:10E47000FFFFFFFFFFFFFFFFFFFFFFFFFFFFFFFFAC
:10E48000FFFFFFFFFFFFFFFFFFFFFFFFFFFFFFFF9C
:10E49000FFFFFFFFFFFFFFFFFFFFFFFFFFFFFFFF8C
:10E4A000FFFFFFFFFFFFFFFFFFFFFFFFFFFFFFFF7C
:10E4B000FFFFFFFFFFFFFFFFFFFFFFFFFFFFFFFF6C
:10E4C000FFFFFFFFFFFFFFFFFFFFFFFFFFFFFFFF5C
:10E4D000FFFFFFFFFFFFFFFFFFFFFFFFFFFFFFFF4C
:10E4E000FFFFFFFFFFFFFFFFFFFFFFFFFFFFFFFF3C
:10E4F000FFFFFFFFFFFFFFFFFFFFFFFFFFFFFFFF2C
:10E50000FFFFFFFFFFFFFFFFFFFFFFFFFFFFFFFF1B
:10E51000FFFFFFFFFFFFFFFFFFFFFFFFFFFFFFFF0B
:10E52000FFFFFFFFFFFFFFFFFFFFFFFFFFFFFFFFFB
:10E53000FFFFFFFFFFFFFFFFFFFFFFFFFFFFFFFFEB
:10E54000FFFFFFFFFFFFFFFFFFFFFFFFFFFFFFFFDB
:10E55000FFFFFFFFFFFFFFFFFFFFFFFFFFFFFFFFCB
:10E56000FFFFFFFFFFFFFFFFFFFFFFFFFFFFFFFFBB
:10E57000FFFFFFFFFFFFFFFFFFFFFFFFFFFFFFFFAB
:10E58000FFFFFFFFFFFFFFFFFFFFFFFFFFFFFFFF9B
:10E59000FFFFFFFFFFFFFFFFFFFFFFFFFFFFFFFF8B
:10E5A000FFFFFFFFFFFFFFFFFFFFFFFFFFFFFFFF7B
:10E5B000FFFFFFFFFFFFFFFFFFFFFFFFFFFFFFFF6B
:10E5C000FFFFFFFFFFFFFFFFFFFFFFFFFFFFFFFF5B
:10E5D000FFFFFFFFFFFFFFFFFFFFFFFFFFFFFFFF4B
:10E5E000FFFFFFFFFFFFFFFFFFFFFFFFFFFFFFFF3B
:10E5F000FFFFFFFFFFFFFFFFFFFFFFFFFFFFFFFF2B
:10E60000FFFFFFFFFFFFFFFFFFFFFFFFFFFFFFFF1A
:10E61000FFFFFFFFFFFFFFFFFFFFFFFFFFFFFFFF0A
:10E62000FFFFFFFFFFFFFFFFFFFFFFFFFFFFFFFFFA
:10E63000FFFFFFFFFFFFFFFFFFFFFFFFFFFFFFFFEA
:10E64000FFFFFFFFFFFFFFFFFFFFFFFFFFFFFFFFDA
:10E65000FFFFFFFFFFFFFFFFFFFFFFFFFFFFFFFFCA
:10E66000FFFFFFFFFFFFFFFFFFFFFFFFFFFFFFFFBA
:10E67000FFFFFFFFFFFFFFFFFFFFFFFFFFFFFFFFAA
:10E68000FFFFFFFFFFFFFFFFFFFFFFFFFFFFFFFF9A
:10E69000FFFFFFFFFFFFFFFFFFFFFFFFFFFFFFFF8A
:10E6A000FFFFFFFFFFFFFFFFFFFFFFFFFFFFFFFF7A
:10E6B000FFFFFFFFFFFFFFFFFFFFFFFFFFFFFFFF6A
:10E6C000FFFFFFFFFFFFFFFFFFFFFFFFFFFFFFFF5A
:10E6D000FFFFFFFFFFFFFFFFFFFFFFFFFFFFFFFF4A
:10E6E000FFFFFFFFFFFFFFFFFFFFFFFFFFFFFFFF3A
:10E6F000FFFFFFFFFFFFFFFFFFFFFFFFFFFFFFFF2A
:10E70000FFFFFFFFFFFFFFFFFFFFFFFFFFFFFFFF19
:10E71000FFFFFFFFFFFFFFFFFFFFFFFFFFFFFFFF09
:10E72000FFFFFFFFFFFFFFFFFFFFFFFFFFFFFFFFF9
:10E73000FFFFFFFFFFFFFFFFFFFFFFFFFFFFFFFFE9
:10E74000FFFFFFFFFFFFFFFFFFFFFFFFFFFFFFFFD9
:10E75000FFFFFFFFFFFFFFFFFFFFFFFFFFFFFFFFC9
:10E76000FFFFFFFFFFFFFFFFFFFFFFFFFFFFFFFFB9
:10E77000FFFFFFFFFFFFFFFFFFFFFFFFFFFFFFFFA9
:10E78000FFFFFFFFFFFFFFFFFFFFFFFFFFFFFFFF99
:10E79000FFFFFFFFFFFFFFFFFFFFFFFFFFFFFFFF89
:10E7A000FFFFFFFFFFFFFFFFFFFFFFFFFFFFFFFF79
:10E7B000FFFFFFFFFFFFFFFFFFFFFFFFFFFFFFFF69
:10E7C000FFFFFFFFFFFFFFFFFFFFFFFFFFFFFFFF59
:10E7D000FFFFFFFFFFFFFFFFFFFFFFFFFFFFFFFF49
:10E7E000FFFFFFFFFFFFFFFFFFFFFFFFFFFFFFFF39
:10E7F000FFFFFFFFFFFFFFFFFFFFFFFFFFFFFFFF29
:10E80000FFFFFFFFFFFFFFFFFFFFFFFFFFFFFFFF18
:10E81000FFFFFFFFFFFFFFFFFFFFFFFFFFFFFFFF08
:10E82000FFFFFFFFFFFFFFFFFFFFFFFFFFFFFFFFF8
:10E83000FFFFFFFFFFFFFFFFFFFFFFFFFFFFFFFFE8
:10E84000FFFFFFFFFFFFFFFFFFFFFFFFFFFFFFFFD8
:10E85000FFFFFFFFFFFFFFFFFFFFFFFFFFFFFFFFC8
:10E86000FFFFFFFFFFFFFFFFFFFFFFFFFFFFFFFFB8
:10E87000FFFFFFFFFFFFFFFFFFFFFFFFFFFFFFFFA8
:10E88000FFFFFFFFFFFFFFFFFFFFFFFFFFFFFFFF98
:10E89000FFFFFFFFFFFFFFFFFFFFFFFFFFFFFFFF88
:10E8A000FFFFFFFFFFFFFFFFFFFFFFFFFFFFFFFF78
:10E8B000FFFFFFFFFFFFFFFFFFFFFFFFFFFFFFFF68
:10E8C000FFFFFFFFFFFFFFFFFFFFFFFFFFFFFFFF58
:10E8D000FFFFFFFFFFFFFFFFFFFFFFFFFFFFFFFF48
:10E8E000FFFFFFFFFFFFFFFFFFFFFFFFFFFFFFFF38
:10E8F000FFFFFFFFFFFFFFFFFFFFFFFFFFFFFFFF28
:10E90000FFFFFFFFFFFFFFFFFFFFFFFFFFFFFFFF17
:10E91000FFFFFFFFFFFFFFFFFFFFFFFFFFFFFFFF07
:10E92000FFFFFFFFFFFFFFFFFFFFFFFFFFFFFFFFF7
:10E93000FFFFFFFFFFFFFFFFFFFFFFFFFFFFFFFFE7
:10E94000FFFFFFFFFFFFFFFFFFFFFFFFFFFFFFFFD7
:10E95000FFFFFFFFFFFFFFFFFFFFFFFFFFFFFFFFC7
:10E96000FFFFFFFFFFFFFFFFFFFFFFFFFFFFFFFFB7
:10E97000FFFFFFFFFFFFFFFFFFFFFFFFFFFFFFFFA7
:10E98000FFFFFFFFFFFFFFFFFFFFFFFFFFFFFFFF97
:10E99000FFFFFFFFFFFFFFFFFFFFFFFFFFFFFFFF87
:10E9A000FFFFFFFFFFFFFFFFFFFFFFFFFFFFFFFF77
:10E9B000FFFFFFFFFFFFFFFFFFFFFFFFFFFFFFFF67
:10E9C000FFFFFFFFFFFFFFFFFFFFFFFFFFFFFFFF57
:10E9D000FFFFFFFFFFFFFFFFFFFFFFFFFFFFFFFF47
:10E9E000FFFFFFFFFFFFFFFFFFFFFFFFFFFFFFFF37
:10E9F000FFFFFFFFFFFFFFFFFFFFFFFFFFFFFFFF27
:10EA0000FFFFFFFFFFFFFFFFFFFFFFFFFFFFFFFF16
:10EA1000FFFFFFFFFFFFFFFFFFFFFFFFFFFFFFFF06
:10EA2000FFFFFFFFFFFFFFFFFFFFFFFFFFFFFFFFF6
:10EA3000FFFFFFFFFFFFFFFFFFFFFFFFFFFFFFFFE6
:10EA4000FFFFFFFFFFFFFFFFFFFFFFFFFFFFFFFFD6
:10EA5000FFFFFFFFFFFFFFFFFFFFFFFFFFFFFFFFC6
:10EA6000FFFFFFFFFFFFFFFFFFFFFFFFFFFFFFFFB6
:10EA7000FFFFFFFFFFFFFFFFFFFFFFFFFFFFFFFFA6
:10EA8000FFFFFFFFFFFFFFFFFFFFFFFFFFFFFFFF96
:10EA9000FFFFFFFFFFFFFFFFFFFFFFFFFFFFFFFF86
:10EAA000FFFFFFFFFFFFFFFFFFFFFFFFFFFFFFFF76
:10EAB000FFFFFFFFFFFFFFFFFFFFFFFFFFFFFFFF66
:10EAC000FFFFFFFFFFFFFFFFFFFFFFFFFFFFFFFF56
:10EAD000FFFFFFFFFFFFFFFFFFFFFFFFFFFFFFFF46
:10EAE000FFFFFFFFFFFFFFFFFFFFFFFFFFFFFFFF36
:10EAF000FFFFFFFFFFFFFFFFFFFFFFFFFFFFFFFF26
:10EB0000FFFFFFFFFFFFFFFFFFFFFFFFFFFFFFFF15
:10EB1000FFFFFFFFFFFFFFFFFFFFFFFFFFFFFFFF05
:10EB2000FFFFFFFFFFFFFFFFFFFFFFFFFFFFFFFFF5
:10EB3000FFFFFFFFFFFFFFFFFFFFFFFFFFFFFFFFE5
:10EB4000FFFFFFFFFFFFFFFFFFFFFFFFFFFFFFFFD5
:10EB5000FFFFFFFFFFFFFFFFFFFFFFFFFFFFFFFFC5
:10EB6000FFFFFFFFFFFFFFFFFFFFFFFFFFFFFFFFB5
:10EB7000FFFFFFFFFFFFFFFFFFFFFFFFFFFFFFFFA5
:10EB8000FFFFFFFFFFFFFFFFFFFFFFFFFFFFFFFF95
:10EB9000FFFFFFFFFFFFFFFFFFFFFFFFFFFFFFFF85
:10EBA000FFFFFFFFFFFFFFFFFFFFFFFFFFFFFFFF75
:10EBB000FFFFFFFFFFFFFFFFFFFFFFFFFFFFFFFF65
:10EBC000FFFFFFFFFFFFFFFFFFFFFFFFFFFFFFFF55
:10EBD000FFFFFFFFFFFFFFFFFFFFFFFFFFFFFFFF45
:10EBE000FFFFFFFFFFFFFFFFFFFFFFFFFFFFFFFF35
:10EBF000FFFFFFFFFFFFFFFFFFFFFFFFFFFFFFFF25
:10EC0000FFFFFFFFFFFFFFFFFFFFFFFFFFFFFFFF14
:10EC1000FFFFFFFFFFFFFFFFFFFFFFFFFFFFFFFF04
:10EC2000FFFFFFFFFFFFFFFFFFFFFFFFFFFFFFFFF4
:10EC3000FFFFFFFFFFFFFFFFFFFFFFFFFFFFFFFFE4
:10EC4000FFFFFFFFFFFFFFFFFFFFFFFFFFFFFFFFD4
:10EC5000FFFFFFFFFFFFFFFFFFFFFFFFFFFFFFFFC4
:10EC6000FFFFFFFFFFFFFFFFFFFFFFFFFFFFFFFFB4
:10EC7000FFFFFFFFFFFFFFFFFFFFFFFFFFFFFFFFA4
:10EC8000FFFFFFFFFFFFFFFFFFFFFFFFFFFFFFFF94
:10EC9000FFFFFFFFFFFFFFFFFFFFFFFFFFFFFFFF84
:10ECA000FFFFFFFFFFFFFFFFFFFFFFFFFFFFFFFF74
:10ECB000FFFFFFFFFFFFFFFFFFFFFFFFFFFFFFFF64
:10ECC000FFFFFFFFFFFFFFFFFFFFFFFFFFFFFFFF54
:10ECD000FFFFFFFFFFFFFFFFFFFFFFFFFFFFFFFF44
:10ECE000FFFFFFFFFFFFFFFFFFFFFFFFFFFFFFFF34
:10ECF000FFFFFFFFFFFFFFFFFFFFFFFFFFFFFFFF24
:10ED0000FFFFFFFFFFFFFFFFFFFFFFFFFFFFFFFF13
:10ED1000FFFFFFFFFFFFFFFFFFFFFFFFFFFFFFFF03
:10ED2000FFFFFFFFFFFFFFFFFFFFFFFFFFFFFFFFF3
:10ED3000FFFFFFFFFFFFFFFFFFFFFFFFFFFFFFFFE3
:10ED4000FFFFFFFFFFFFFFFFFFFFFFFFFFFFFFFFD3
:10ED5000FFFFFFFFFFFFFFFFFFFFFFFFFFFFFFFFC3
:10ED6000FFFFFFFFFFFFFFFFFFFFFFFFFFFFFFFFB3
:10ED7000FFFFFFFFFFFFFFFFFFFFFFFFFFFFFFFFA3
:10ED8000FFFFFFFFFFFFFFFFFFFFFFFFFFFFFFFF93
:10ED9000FFFFFFFFFFFFFFFFFFFFFFFFFFFFFFFF83
:10EDA000FFFFFFFFFFFFFFFFFFFFFFFFFFFFFFFF73
:10EDB000FFFFFFFFFFFFFFFFFFFFFFFFFFFFFFFF63
:10EDC000FFFFFFFFFFFFFFFFFFFFFFFFFFFFFFFF53
:10EDD000FFFFFFFFFFFFFFFFFFFFFFFFFFFFFFFF43
:10EDE000FFFFFFFFFFFFFFFFFFFFFFFFFFFFFFFF33
:10EDF000FFFFFFFFFFFFFFFFFFFFFFFFFFFFFFFF23
:10EE0000FFFFFFFFFFFFFFFFFFFFFFFFFFFFFFFF12
:10EE1000FFFFFFFFFFFFFFFFFFFFFFFFFFFFFFFF02
:10EE2000FFFFFFFFFFFFFFFFFFFFFFFFFFFFFFFFF2
:10EE3000FFFFFFFFFFFFFFFFFFFFFFFFFFFFFFFFE2
:10EE4000FFFFFFFFFFFFFFFFFFFFFFFFFFFFFFFFD2
:10EE5000FFFFFFFFFFFFFFFFFFFFFFFFFFFFFFFFC2
:10EE6000FFFFFFFFFFFFFFFFFFFFFFFFFFFFFFFFB2
:10EE7000FFFFFFFFFFFFFFFFFFFFFFFFFFFFFFFFA2
:10EE8000FFFFFFFFFFFFFFFFFFFFFFFFFFFFFFFF92
:10EE9000FFFFFFFFFFFFFFFFFFFFFFFFFFFFFFFF82
:10EEA000FFFFFFFFFFFFFFFFFFFFFFFFFFFFFFFF72
:10EEB000FFFFFFFFFFFFFFFFFFFFFFFFFFFFFFFF62
:10EEC000FFFFFFFFFFFFFFFFFFFFFFFFFFFFFFFF52
:10EED000FFFFFFFFFFFFFFFFFFFFFFFFFFFFFFFF42
:10EEE000FFFFFFFFFFFFFFFFFFFFFFFFFFFFFFFF32
:10EEF000FFFFFFFFFFFFFFFFFFFFFFFFFFFFFFFF22
:10EF0000FFFFFFFFFFFFFFFFFFFFFFFFFFFFFFFF11
:10EF1000FFFFFFFFFFFFFFFFFFFFFFFFFFFFFFFF01
:10EF2000FFFFFFFFFFFFFFFFFFFFFFFFFFFFFFFFF1
:10EF3000FFFFFFFFFFFFFFFFFFFFFFFFFFFFFFFFE1
:10EF4000FFFFFFFFFFFFFFFFFFFFFFFFFFFFFFFFD1
:10EF5000FFFFFFFFFFFFFFFFFFFFFFFFFFFFFFFFC1
:10EF6000FFFFFFFFFFFFFFFFFFFFFFFFFFFFFFFFB1
:10EF7000FFFFFFFFFFFFFFFFFFFFFFFFFFFFFFFFA1
:10EF8000FFFFFFFFFFFFFFFFFFFFFFFFFFFFFFFF91
:10EF9000FFFFFFFFFFFFFFFFFFFFFFFFFFFFFFFF81
:10EFA000FFFFFFFFFFFFFFFFFFFFFFFFFFFFFFFF71
:10EFB000FFFFFFFFFFFFFFFFFFFFFFFFFFFFFFFF61
:10EFC000FFFFFFFFFFFFFFFFFFFFFFFFFFFFFFFF51
:10EFD000FFFFFFFFFFFFFFFFFFFFFFFFFFFFFFFF41
:10EFE000FFFFFFFFFFFFFFFFFFFFFFFFFFFFFFFF31
:10EFF000FFFFFFFFFFFFFFFFFFFFFFFFFFFFFFFF21
:10F00000FFFFFFFFFFFFFFFFFFFFFFFFFFFFFFFF10
:10F01000FFFFFFFFFFFFFFFFFFFFFFFFFFFFFFFF00
:10F02000FFFFFFFFFFFFFFFFFFFFFFFFFFFFFFFFF0
:10F03000FFFFFFFFFFFFFFFFFFFFFFFFFFFFFFFFE0
:10F04000FFFFFFFFFFFFFFFFFFFFFFFFFFFFFFFFD0
:10F05000FFFFFFFFFFFFFFFFFFFFFFFFFFFFFFFFC0
:10F06000FFFFFFFFFFFFFFFFFFFFFFFFFFFFFFFFB0
:10F07000FFFFFFFFFFFFFFFFFFFFFFFFFFFFFFFFA0
:10F08000FFFFFFFFFFFFFFFFFFFFFFFFFFFFFFFF90
:10F09000FFFFFFFFFFFFFFFFFFFFFFFFFFFFFFFF80
:10F0A000FFFFFFFFFFFFFFFFFFFFFFFFFFFFFFFF70
:10F0B000FFFFFFFFFFFFFFFFFFFFFFFFFFFFFFFF60
:10F0C000FFFFFFFFFFFFFFFFFFFFFFFFFFFFFFFF50
:10F0D000FFFFFFFFFFFFFFFFFFFFFFFFFFFFFFFF40
:10F0E000FFFFFFFFFFFFFFFFFFFFFFFFFFFFFFFF30
:10F0F000FFFFFFFFFFFFFFFFFFFFFFFFFFFFFFFF20
:10F10000FFFFFFFFFFFFFFFFFFFFFFFFFFFFFFFF0F
:10F11000FFFFFFFFFFFFFFFFFFFFFFFFFFFFFFFFFF
:10F12000FFFFFFFFFFFFFFFFFFFFFFFFFFFFFFFFEF
:10F13000FFFFFFFFFFFFFFFFFFFFFFFFFFFFFFFFDF
:10F14000FFFFFFFFFFFFFFFFFFFFFFFFFFFFFFFFCF
:10F15000FFFFFFFFFFFFFFFFFFFFFFFFFFFFFFFFBF
:10F16000FFFFFFFFFFFFFFFFFFFFFFFFFFFFFFFFAF
:10F17000FFFFFFFFFFFFFFFFFFFFFFFFFFFFFFFF9F
:10F18000FFFFFFFFFFFFFFFFFFFFFFFFFFFFFFFF8F
:10F19000FFFFFFFFFFFFFFFFFFFFFFFFFFFFFFFF7F
:10F1A000FFFFFFFFFFFFFFFFFFFFFFFFFFFFFFFF6F
:10F1B000FFFFFFFFFFFFFFFFFFFFFFFFFFFFFFFF5F
:10F1C000FFFFFFFFFFFFFFFFFFFFFFFFFFFFFFFF4F
:10F1D000FFFFFFFFFFFFFFFFFFFFFFFFFFFFFFFF3F
:10F1E000FFFFFFFFFFFFFFFFFFFFFFFFFFFFFFFF2F
:10F1F000FFFFFFFFFFFFFFFFFFFFFFFFFFFFFFFF1F
:10F20000FFFFFFFFFFFFFFFFFFFFFFFFFFFFFFFF0E
:10F21000FFFFFFFFFFFFFFFFFFFFFFFFFFFFFFFFFE
:10F22000FFFFFFFFFFFFFFFFFFFFFFFFFFFFFFFFEE
:10F23000FFFFFFFFFFFFFFFFFFFFFFFFFFFFFFFFDE
:10F24000FFFFFFFFFFFFFFFFFFFFFFFFFFFFFFFFCE
:10F25000FFFFFFFFFFFFFFFFFFFFFFFFFFFFFFFFBE
:10F26000FFFFFFFFFFFFFFFFFFFFFFFFFFFFFFFFAE
:10F27000FFFFFFFFFFFFFFFFFFFFFFFFFFFFFFFF9E
:10F28000FFFFFFFFFFFFFFFFFFFFFFFFFFFFFFFF8E
:10F29000FFFFFFFFFFFFFFFFFFFFFFFFFFFFFFFF7E
:10F2A000FFFFFFFFFFFFFFFFFFFFFFFFFFFFFFFF6E
:10F2B000FFFFFFFFFFFFFFFFFFFFFFFFFFFFFFFF5E
:10F2C000FFFFFFFFFFFFFFFFFFFFFFFFFFFFFFFF4E
:10F2D000FFFFFFFFFFFFFFFFFFFFFFFFFFFFFFFF3E
:10F2E000FFFFFFFFFFFFFFFFFFFFFFFFFFFFFFFF2E
:10F2F000FFFFFFFFFFFFFFFFFFFFFFFFFFFFFFFF1E
:10F30000FFFFFFFFFFFFFFFFFFFFFFFFFFFFFFFF0D
:10F31000FFFFFFFFFFFFFFFFFFFFFFFFFFFFFFFFFD
:10F32000FFFFFFFFFFFFFFFFFFFFFFFFFFFFFFFFED
:10F33000FFFFFFFFFFFFFFFFFFFFFFFFFFFFFFFFDD
:10F34000FFFFFFFFFFFFFFFFFFFFFFFFFFFFFFFFCD
:10F35000FFFFFFFFFFFFFFFFFFFFFFFFFFFFFFFFBD
:10F36000FFFFFFFFFFFFFFFFFFFFFFFFFFFFFFFFAD
:10F37000FFFFFFFFFFFFFFFFFFFFFFFFFFFFFFFF9D
:10F38000FFFFFFFFFFFFFFFFFFFFFFFFFFFFFFFF8D
:10F39000FFFFFFFFFFFFFFFFFFFFFFFFFFFFFFFF7D
:10F3A000FFFFFFFFFFFFFFFFFFFFFFFFFFFFFFFF6D
:10F3B000FFFFFFFFFFFFFFFFFFFFFFFFFFFFFFFF5D
:10F3C000FFFFFFFFFFFFFFFFFFFFFFFFFFFFFFFF4D
:10F3D000FFFFFFFFFFFFFFFFFFFFFFFFFFFFFFFF3D
:10F3E000FFFFFFFFFFFFFFFFFFFFFFFFFFFFFFFF2D
:10F3F000FFFFFFFFFFFFFFFFFFFFFFFFFFFFFFFF1D
:10F40000FFFFFFFFFFFFFFFFFFFFFFFFFFFFFFFF0C
:10F41000FFFFFFFFFFFFFFFFFFFFFFFFFFFFFFFFFC
:10F42000FFFFFFFFFFFFFFFFFFFFFFFFFFFFFFFFEC
:10F43000FFFFFFFFFFFFFFFFFFFFFFFFFFFFFFFFDC
:10F44000FFFFFFFFFFFFFFFFFFFFFFFFFFFFFFFFCC
:10F45000FFFFFFFFFFFFFFFFFFFFFFFFFFFFFFFFBC
:10F46000FFFFFFFFFFFFFFFFFFFFFFFFFFFFFFFFAC
:10F47000FFFFFFFFFFFFFFFFFFFFFFFFFFFFFFFF9C
:10F48000FFFFFFFFFFFFFFFFFFFFFFFFFFFFFFFF8C
:10F49000FFFFFFFFFFFFFFFFFFFFFFFFFFFFFFFF7C
:10F4A000FFFFFFFFFFFFFFFFFFFFFFFFFFFFFFFF6C
:10F4B000FFFFFFFFFFFFFFFFFFFFFFFFFFFFFFFF5C
:10F4C000FFFFFFFFFFFFFFFFFFFFFFFFFFFFFFFF4C
:10F4D000FFFFFFFFFFFFFFFFFFFFFFFFFFFFFFFF3C
:10F4E000FFFFFFFFFFFFFFFFFFFFFFFFFFFFFFFF2C
:10F4F000FFFFFFFFFFFFFFFFFFFFFFFFFFFFFFFF1C
:10F50000FFFFFFFFFFFFFFFFFFFFFFFFFFFFFFFF0B
:10F51000FFFFFFFFFFFFFFFFFFFFFFFFFFFFFFFFFB
:10F52000FFFFFFFFFFFFFFFFFFFFFFFFFFFFFFFFEB
:10F53000FFFFFFFFFFFFFFFFFFFFFFFFFFFFFFFFDB
:10F54000FFFFFFFFFFFFFFFFFFFFFFFFFFFFFFFFCB
:10F55000FFFFFFFFFFFFFFFFFFFFFFFFFFFFFFFFBB
:10F56000FFFFFFFFFFFFFFFFFFFFFFFFFFFFFFFFAB
:10F57000FFFFFFFFFFFFFFFFFFFFFFFFFFFFFFFF9B
:10F58000FFFFFFFFFFFFFFFFFFFFFFFFFFFFFFFF8B
:10F59000FFFFFFFFFFFFFFFFFFFFFFFFFFFFFFFF7B
:10F5A000FFFFFFFFFFFFFFFFFFFFFFFFFFFFFFFF6B
:10F5B000FFFFFFFFFFFFFFFFFFFFFFFFFFFFFFFF5B
:10F5C000FFFFFFFFFFFFFFFFFFFFFFFFFFFFFFFF4B
:10F5D000FFFFFFFFFFFFFFFFFFFFFFFFFFFFFFFF3B
:10F5E000FFFFFFFFFFFFFFFFFFFFFFFFFFFFFFFF2B
:10F5F000FFFFFFFFFFFFFFFFFFFFFFFFFFFFFFFF1B
:10F60000FFFFFFFFFFFFFFFFFFFFFFFFFFFFFFFF0A
:10F61000FFFFFFFFFFFFFFFFFFFFFFFFFFFFFFFFFA
:10F62000FFFFFFFFFFFFFFFFFFFFFFFFFFFFFFFFEA
:10F63000FFFFFFFFFFFFFFFFFFFFFFFFFFFFFFFFDA
:10F64000FFFFFFFFFFFFFFFFFFFFFFFFFFFFFFFFCA
:10F65000FFFFFFFFFFFFFFFFFFFFFFFFFFFFFFFFBA
:10F66000FFFFFFFFFFFFFFFFFFFFFFFFFFFFFFFFAA
:10F67000FFFFFFFFFFFFFFFFFFFFFFFFFFFFFFFF9A
:10F68000FFFFFFFFFFFFFFFFFFFFFFFFFFFFFFFF8A
:10F69000FFFFFFFFFFFFFFFFFFFFFFFFFFFFFFFF7A
:10F6A000FFFFFFFFFFFFFFFFFFFFFFFFFFFFFFFF6A
:10F6B000FFFFFFFFFFFFFFFFFFFFFFFFFFFFFFFF5A
:10F6C000FFFFFFFFFFFFFFFFFFFFFFFFFFFFFFFF4A
:10F6D000FFFFFFFFFFFFFFFFFFFFFFFFFFFFFFFF3A
:10F6E000FFFFFFFFFFFFFFFFFFFFFFFFFFFFFFFF2A
:10F6F000FFFFFFFFFFFFFFFFFFFFFFFFFFFFFFFF1A
:10F70000FFFFFFFFFFFFFFFFFFFFFFFFFFFFFFFF09
:10F71000FFFFFFFFFFFFFFFFFFFFFFFFFFFFFFFFF9
:10F72000FFFFFFFFFFFFFFFFFFFFFFFFFFFFFFFFE9
:10F73000FFFFFFFFFFFFFFFFFFFFFFFFFFFFFFFFD9
:10F74000FFFFFFFFFFFFFFFFFFFFFFFFFFFFFFFFC9
:10F75000FFFFFFFFFFFFFFFFFFFFFFFFFFFFFFFFB9
:10F76000FFFFFFFFFFFFFFFFFFFFFFFFFFFFFFFFA9
:10F77000FFFFFFFFFFFFFFFFFFFFFFFFFFFFFFFF99
:10F78000FFFFFFFFFFFFFFFFFFFFFFFFFFFFFFFF89
:10F79000FFFFFFFFFFFFFFFFFFFFFFFFFFFFFFFF79
:10F7A000FFFFFFFFFFFFFFFFFFFFFFFFFFFFFFFF69
:10F7B000FFFFFFFFFFFFFFFFFFFFFFFFFFFFFFFF59
:10F7C000FFFFFFFFFFFFFFFFFFFFFFFFFFFFFFFF49
:10F7D000FFFFFFFFFFFFFFFFFFFFFFFFFFFFFFFF39
:10F7E000FFFFFFFFFFFFFFFFFFFFFFFFFFFFFFFF29
:10F7F000FFFFFFFFFFFFFFFFFFFFFFFFFFFFFFFF19
:10F80000FFFFFFFFFFFFFFFFFFFFFFFFFFFFFFFF08
:10F81000FFFFFFFFFFFFFFFFFFFFFFFFFFFFFFFFF8
:10F82000FFFFFFFFFFFFFFFFFFFFFFFFFFFFFFFFE8
:10F83000FFFFFFFFFFFFFFFFFFFFFFFFFFFFFFFFD8
:10F84000FFFFFFFFFFFFFFFFFFFFFFFFFFFFFFFFC8
:10F85000FFFFFFFFFFFFFFFFFFFFFFFFFFFFFFFFB8
:10F86000FFFFFFFFFFFFFFFFFFFFFFFFFFFFFFFFA8
:10F87000FFFFFFFFFFFFFFFFFFFFFFFFFFFFFFFF98
:10F88000FFFFFFFFFFFFFFFFFFFFFFFFFFFFFFFF88
:10F89000FFFFFFFFFFFFFFFFFFFFFFFFFFFFFFFF78
:10F8A000FFFFFFFFFFFFFFFFFFFFFFFFFFFFFFFF68
:10F8B000FFFFFFFFFFFFFFFFFFFFFFFFFFFFFFFF58
:10F8C000FFFFFFFFFFFFFFFFFFFFFFFFFFFFFFFF48
:10F8D000FFFFFFFFFFFFFFFFFFFFFFFFFFFFFFFF38
:10F8E000FFFFFFFFFFFFFFFFFFFFFFFFFFFFFFFF28
:10F8F000FFFFFFFFFFFFFFFFFFFFFFFFFFFFFFFF18
:10F90000FFFFFFFFFFFFFFFFFFFFFFFFFFFFFFFF07
:10F91000FFFFFFFFFFFFFFFFFFFFFFFFFFFFFFFFF7
:10F92000FFFFFFFFFFFFFFFFFFFFFFFFFFFFFFFFE7
:10F93000FFFFFFFFFFFFFFFFFFFFFFFFFFFFFFFFD7
:10F94000FFFFFFFFFFFFFFFFFFFFFFFFFFFFFFFFC7
:10F95000FFFFFFFFFFFFFFFFFFFFFFFFFFFFFFFFB7
:10F96000FFFFFFFFFFFFFFFFFFFFFFFFFFFFFFFFA7
:10F97000FFFFFFFFFFFFFFFFFFFFFFFFFFFFFFFF97
:10F98000FFFFFFFFFFFFFFFFFFFFFFFFFFFFFFFF87
:10F99000FFFFFFFFFFFFFFFFFFFFFFFFFFFFFFFF77
:10F9A000FFFFFFFFFFFFFFFFFFFFFFFFFFFFFFFF67
:10F9B000FFFFFFFFFFFFFFFFFFFFFFFFFFFFFFFF57
:10F9C000FFFFFFFFFFFFFFFFFFFFFFFFFFFFFFFF47
:10F9D000FFFFFFFFFFFFFFFFFFFFFFFFFFFFFFFF37
:10F9E000FFFFFFFFFFFFFFFFFFFFFFFFFFFFFFFF27
:10F9F000FFFFFFFFFFFFFFFFFFFFFFFFFFFFFFFF17
:10FA0000FFFFFFFFFFFFFFFFFFFFFFFFFFFFFFFF06
:10FA1000FFFFFFFFFFFFFFFFFFFFFFFFFFFFFFFFF6
:10FA2000FFFFFFFFFFFFFFFFFFFFFFFFFFFFFFFFE6
:10FA3000FFFFFFFFFFFFFFFFFFFFFFFFFFFFFFFFD6
:10FA4000FFFFFFFFFFFFFFFFFFFFFFFFFFFFFFFFC6
:10FA5000FFFFFFFFFFFFFFFFFFFFFFFFFFFFFFFFB6
:10FA6000FFFFFFFFFFFFFFFFFFFFFFFFFFFFFFFFA6
:10FA7000FFFFFFFFFFFFFFFFFFFFFFFFFFFFFFFF96
:10FA8000FFFFFFFFFFFFFFFFFFFFFFFFFFFFFFFF86
:10FA9000FFFFFFFFFFFFFFFFFFFFFFFFFFFFFFFF76
:10FAA000FFFFFFFFFFFFFFFFFFFFFFFFFFFFFFFF66
:10FAB000FFFFFFFFFFFFFFFFFFFFFFFFFFFFFFFF56
:10FAC000FFFFFFFFFFFFFFFFFFFFFFFFFFFFFFFF46
:10FAD000FFFFFFFFFFFFFFFFFFFFFFFFFFFFFFFF36
:10FAE000FFFFFFFFFFFFFFFFFFFFFFFFFFFFFFFF26
:10FAF000FFFFFFFFFFFFFFFFFFFFFFFFFFFFFFFF16
:10FB0000FFFFFFFFFFFFFFFFFFFFFFFFFFFFFFFF05
:10FB1000FFFFFFFFFFFFFFFFFFFFFFFFFFFFFFFFF5
:10FB2000FFFFFFFFFFFFFFFFFFFFFFFFFFFFFFFFE5
:10FB3000FFFFFFFFFFFFFFFFFFFFFFFFFFFFFFFFD5
:10FB4000FFFFFFFFFFFFFFFFFFFFFFFFFFFFFFFFC5
:10FB5000FFFFFFFFFFFFFFFFFFFFFFFFFFFFFFFFB5
:10FB6000FFFFFFFFFFFFFFFFFFFFFFFFFFFFFFFFA5
:10FB7000FFFFFFFFFFFFFFFFFFFFFFFFFFFFFFFF95
:10FB8000FFFFFFFFFFFFFFFFFFFFFFFFFFFFFFFF85
:10FB9000FFFFFFFFFFFFFFFFFFFFFFFFFFFFFFFF75
:10FBA000FFFFFFFFFFFFFFFFFFFFFFFFFFFFFFFF65
:10FBB000FFFFFFFFFFFFFFFFFFFFFFFFFFFFFFFF55
:10FBC000FFFFFFFFFFFFFFFFFFFFFFFFFFFFFFFF45
:10FBD000FFFFFFFFFFFFFFFFFFFFFFFFFFFFFFFF35
:10FBE000FFFFFFFFFFFFFFFFFFFFFFFFFFFFFFFF25
:10FBF000FFFFFFFFFFFFFFFFFFFFFFFFFFFFFFFF15
:10FC0000FFFFFFFFFFFFFFFFFFFFFFFFFFFFFFFF04
:10FC1000FFFFFFFFFFFFFFFFFFFFFFFFFFFFFFFFF4
:10FC2000FFFFFFFFFFFFFFFFFFFFFFFFFFFFFFFFE4
:10FC3000FFFFFFFFFFFFFFFFFFFFFFFFFFFFFFFFD4
:10FC4000FFFFFFFFFFFFFFFFFFFFFFFFFFFFFFFFC4
:10FC5000FFFFFFFFFFFFFFFFFFFFFFFFFFFFFFFFB4
:10FC6000FFFFFFFFFFFFFFFFFFFFFFFFFFFFFFFFA4
:10FC7000FFFFFFFFFFFFFFFFFFFFFFFFFFFFFFFF94
:10FC8000FFFFFFFFFFFFFFFFFFFFFFFFFFFFFFFF84
:10FC9000FFFFFFFFFFFFFFFFFFFFFFFFFFFFFFFF74
:10FCA000FFFFFFFFFFFFFFFFFFFFFFFFFFFFFFFF64
:10FCB000FFFFFFFFFFFFFFFFFFFFFFFFFFFFFFFF54
:10FCC000FFFFFFFFFFFFFFFFFFFFFFFFFFFFFFFF44
:10FCD000FFFFFFFFFFFFFFFFFFFFFFFFFFFFFFFF34
:10FCE000FFFFFFFFFFFFFFFFFFFFFFFFFFFFFFFF24
:10FCF000FFFFFFFFFFFFFFFFFFFFFFFFFFFFFFFF14
:10FD0000FFFFFFFFFFFFFFFFFFFFFFFFFFFFFFFF03
:10FD1000FFFFFFFFFFFFFFFFFFFFFFFFFFFFFFFFF3
:10FD2000FFFFFFFFFFFFFFFFFFFFFFFFFFFFFFFFE3
:10FD3000FFFFFFFFFFFFFFFFFFFFFFFFFFFFFFFFD3
:10FD4000FFFFFFFFFFFFFFFFFFFFFFFFFFFFFFFFC3
:10FD5000FFFFFFFFFFFFFFFFFFFFFFFFFFFFFFFFB3
:10FD6000FFFFFFFFFFFFFFFFFFFFFFFFFFFFFFFFA3
:10FD7000FFFFFFFFFFFFFFFFFFFFFFFFFFFFFFFF93
:10FD8000FFFFFFFFFFFFFFFFFFFFFFFFFFFFFFFF83
:10FD9000FFFFFFFFFFFFFFFFFFFFFFFFFFFFFFFF73
:10FDA000FFFFFFFFFFFFFFFFFFFFFFFFFFFFFFFF63
:10FDB000FFFFFFFFFFFFFFFFFFFFFFFFFFFFFFFF53
:10FDC000FFFFFFFFFFFFFFFFFFFFFFFFFFFFFFFF43
:10FDD000FFFFFFFFFFFFFFFFFFFFFFFFFFFFFFFF33
:10FDE000FFFFFFFFFFFFFFFFFFFFFFFFFFFFFFFF23
:10FDF000FFFFFFFFFFFFFFFFFFFFFFFFFFFFFFFF13
:10FE0000FFFFFFFFFFFFFFFFFFFFFFFFFFFFFFFF02
:10FE1000FFFFFFFFFFFFFFFFFFFFFFFFFFFFFFFFF2
:10FE2000FFFFFFFFFFFFFFFFFFFFFFFFFFFFFFFFE2
:10FE3000FFFFFFFFFFFFFFFFFFFFFFFFFFFFFFFFD2
:10FE4000FFFFFFFFFFFFFFFFFFFFFFFFFFFFFFFFC2
:10FE5000FFFFFFFFFFFFFFFFFFFFFFFFFFFFFFFFB2
:10FE6000FFFFFFFFFFFFFFFFFFFFFFFFFFFFFFFFA2
:10FE7000FFFFFFFFFFFFFFFFFFFFFFFFFFFFFFFF92
:10FE8000FFFFFFFFFFFFFFFFFFFFFFFFFFFFFFFF82
:10FE9000FFFFFFFFFFFFFFFFFFFFFFFFFFFFFFFF72
:10FEA000FFFFFFFFFFFFFFFFFFFFFFFFFFFFFFFF62
:10FEB000FFFFFFFFFFFFFFFFFFFFFFFFFFFFFFFF52
:10FEC000FFFFFFFFFFFFFFFFFFFFFFFFFFFFFFFF42
:10FED000FFFFFFFFFFFFFFFFFFFFFFFFFFFFFFFF32
:10FEE000FFFFFFFFFFFFFFFFFFFFFFFFFFFFFFFF22
:10FEF000FFFFFFFFFFFFFFFFFFFFFFFFFFFFFFFF12
:10FF0000FFFFFFFFFFFFFFFFFFFFFFFFFFFFFFFF01
:10FF1000FFFFFFFFFFFFFFFFFFFFFFFFFFFFFFFFF1
:10FF2000FFFFFFFFFFFFFFFFFFFFFFFFFFFFFFFFE1
:10FF3000FFFFFFFFFFFFFFFFFFFFFFFFFFFFFFFFD1
:10FF4000FFFFFFFFFFFFFFFFFFFFFFFFFFFFFFFFC1
:10FF5000FFFFFFFFFFFFFFFFFFFFFFFFFFFFFFFFB1
:10FF6000FFFFFFFFFFFFFFFFFFFFFFFFFFFFFFFFA1
:10FF7000FFFFFFFFFFFFFFFFFFFFFFFFFFFFFFFF91
:10FF8000FFFFFFFFFFFFFFFFFFFFFFFFFFFFFFFF81
:10FF9000FFFFFFFFFFFFFFFFFFFFFFFFFFFFFFFF71
:10FFA000FFFFFFFFFFFFFFFFFFFFFFFFFFFFFFFF61
:10FFB000FFFFFFFFFFFFFFFFFFFFFFFFFFFFFFFF51
:10FFC000FFFFFFFFFFFFFFFFFFFFFFFFFFFFFFFF41
:10FFD000FFFFFFFFFFFFFFFFFFFFFFFFFFFFFFFF31
:10FFE000FFFFFFFFFFFFFFFFFFFFFFFFFFFFFFFF21
:10FFF00010002DE15D29410B8D77679C110F1F8A41
:00000001FF
